﻿FechaTxt,Codigo_Cliente,Cliente,EntDir,Codigo_Articulo,Vendedor,cantidad,Mts3,Mts2,Rollos,Importe_Bruto,Importe_Neto,Dto_Contado,Dto_Flete,Dto_Especial,Bonificacion,Desc_Adicional,cantidad_elaborada,m2_ocupados,costo_unitario,costo_total_stock,Costo_de_venta,comp,C_Construccion,nomdoc
20171107,07002605,Lascalea Javier Agustin,Independencia 45,01552A,Meier,10,2,200,10,6054.92,7326.44,0,0,0,21,12,0,0,0,0,2221.2,002200008346,S,Factura de Venta
20171107,07002605,Lascalea Javier Agustin,Independencia 45,06C001CO,Meier,2,0,0,2,0.2,0.24,0,0,0,0,0,0,0,0,0,0,002200008346,S,Factura de Venta
20171107,24005843,Grupo Cis SRL,Castro Barro 5144,01558EC,Diego Fani,15,3,300,15,7639.63,9243.95,0,0,0,30,12,0,0,0,0,6117.9,001400000811,N,Factura de Venta
20171107,24005843,Grupo Cis SRL,Castro Barro 5144,01557AR,Diego Fani,141,28.2,2820,141,48743.59,58979.74,0,0,0,30,12,0,0,0,0,33425.46,001400000811,N,Factura de Venta
20171107,04004334,Fapex SA,Rio Potrero 175 (Esq. Rio de Rey) Barrio CinaCina,01557ARF,Isolant SI,290,58,5800,290,79236.7,95876.41,0,0,0,0,0,0,0,0,0,68747.4,002200008347,N,Factura de Venta
20171107,24005520,Nocelli Ariel Jesus,,04C00291,Isolant SA,1,0,0,1,28193.98,28193.98,0,0,0,0,0,0,0,0,0,0,001300001645,,Débito de Venta
20171107,07000012,Natali Plasticos SRL,Alvear 1475,01555EC,Isolant SA,110,11,2200,110,24111,29174.31,0,3,0,0,0,0,0,0,0,17499.9,002200008365,N,Factura de Venta
20171107,07000012,Natali Plasticos SRL,Alvear 1475,01550A,Isolant SA,30,1.2,600,30,4618.14,5587.95,0,3,0,32.5,12,0,0,0,0,2048.1,002200008365,N,Factura de Venta
20171107,02001281,Maderera Llavallol SA,Camino De Cintura 490,01555M,Hector Collia,20,3,400,20,23314.01,28209.95,0,0,0,21,0,0,0,0,0,11083.2,002200008354,N,Factura de Venta
20171107,22004717,Materiales Orlando SRL,San Luis y Alte. Brown,01555A,Leandro Diaz,25,2.5,500,25,11706.66,14165.06,0,0,0,21,4,0,0,0,0,4174.75,002200008359,N,Factura de Venta
20171107,22004717,Materiales Orlando SRL,San Luis y Alte. Brown,01557A,Leandro Diaz,25,5,500,25,17877.19,21631.41,0,0,0,21,4,0,0,0,0,6765.25,002200008359,N,Factura de Venta
20171107,07000012,Natali Plasticos SRL,Alvear 1475,01557AR,Isolant SA,100,20,2000,100,28775.05,34817.81,0,3,0,0,0,0,0,0,0,23706,002200008363,N,Factura de Venta
20171107,07000012,Natali Plasticos SRL,Alvear 1475,01514Q,Isolant SA,750,3.75,750,750,5456.25,6602.06,0,3,0,0,0,0,0,0,0,2178.6,002200008363,N,Factura de Venta
20171107,07000012,Natali Plasticos SRL,Alvear 1475,01557A,Isolant SA,60,12,1200,60,32596.46,39441.72,0,3,0,32.5,12,0,0,0,0,16236.6,002200008364,N,Factura de Venta
20171107,01003621,Gontel SACIF,Av. Warnes 975,01854B,Levy,5,1.25,125,5,7133.46,8631.49,0,0,0,21,0,0,0,0,0,2585.6,002200008348,N,Factura de Venta
20171107,16003448,Tapicenter SA,Gobernador Videla 801,01524GC,Leandro Diaz,250,2.5,250,0,6403.5,7748.24,0,0,0,40,0,0,0,0,0,2675,002200008349,N,Factura de Venta
20171107,16003448,Tapicenter SA,Gobernador Videla 801,01650DC,Leandro Diaz,250,2.5,250,0,11388,13779.48,0,0,0,40,0,0,0,0,0,3930,002200008349,N,Factura de Venta
20171107,16003448,Tapicenter SA,Gobernador Videla 801,01652AC,Leandro Diaz,100,1.5,100,0,6454.2,7809.58,0,0,0,40,0,0,0,0,0,1969,002200008349,N,Factura de Venta
20171107,04000640,Hernic SA,Sudamerica 1676,01666ACP,Esteban Bergamaschi,100,5,100,0,23475.2,28404.99,0,0,0,30,0,0,0,0,0,5663,002200008350,N,Factura de Venta
20171107,02001281,Maderera Llavallol SA,Camino De Cintura 490,01557A,Hector Collia,25,5,500,25,18622.08,22532.71,0,0,0,21,0,0,0,0,0,6765.25,002200008354,N,Factura de Venta
20171107,27003323,Bercovich SACIFIA,Centro Dist. Lastenia - Km 1296 (frente a Arco),01558BC,Pedro Cocaña,175,35,3500,175,122291.29,147972.47,0,3,0,25,0,0,0,0,0,97826.75,002200008357,N,Factura de Venta
20171107,22003435,Sidermet San Luis SA,Ruta 3 Km 1 Extremo Sur,01555A,Leandro Diaz,50,5,1000,50,21462.21,25969.28,0,0,0,21,12,0,0,0,0,8349.5,002200008360,N,Factura de Venta
20171107,22003435,Sidermet San Luis SA,Ruta 3 Km 1 Extremo Sur,01557A,Leandro Diaz,100,20,2000,100,65549.71,79315.15,0,0,0,21,12,0,0,0,0,27061,002200008360,N,Factura de Venta
20171107,09002438,Suc De Gustavo Lagerheim SA,Ruta Nacional 11 Km.1005,01558BC,Victor Casañas,15,3,300,15,14523.57,17573.52,0,3,0,32.5,0,0,0,0,0,8385.15,002200008345,N,Factura de Venta
20171107,29004625,Rionda Hnos SRL,,04C00291,Hector Collia,1,0,0,1,3500,3500,0,0,0,0,0,0,0,0,0,0,001300001646,,Débito de Venta
20171107,01003621,Gontel SACIF,Av. Warnes 975,01654AC,Levy,50,1,50,0,5557.65,6724.76,0,0,0,21,0,0,0,0,0,1232,002200008348,N,Factura de Venta
20171107,16005618,Termo Obras S.A,Bandera de los Andes 1831,01552I,Leandro Diaz,30,6,1200,30,11027.82,13343.66,0,0,0,21,12,0,0,0,0,5974.8,002200008362,N,Factura de Venta
20171107,24004815,Budassi German Federico,,04C00291,Diego Fani,1,0,0,1,62469.33,62469.33,0,0,0,0,0,0,0,0,0,0,001300001647,,Débito de Venta
20171107,07000012,Natali Plasticos SRL,,04C00291,Isolant SA,1,0,0,1,5111,5111,0,0,0,0,0,0,0,0,0,0,001300001648,,Débito de Venta
20171107,27003323,Bercovich SACIFIA,Centro Dist. Lastenia - Km 1296 (frente a Arco),06C001CO,Pedro Cocaña,1,0,0,1,0.1,0.12,0,3,0,0,0,0,0,0,0,0,002200008357,N,Factura de Venta
20171107,27003323,Bercovich SACIFIA,Centro Dist. Lastenia - Km 1296 (frente a Arco),06C001PI,Pedro Cocaña,1,0,0,1,0.1,0.12,0,3,0,0,0,0,0,0,0,0,002200008357,N,Factura de Venta
20171107,27003323,Bercovich SACIFIA,Centro Dist. Lastenia - Km 1296 (frente a Arco),06C001CS,Pedro Cocaña,1,0,0,1,0.1,0.12,0,3,0,0,0,0,0,0,0,0,002200008357,N,Factura de Venta
20171107,27003323,Bercovich SACIFIA,Centro Dist. Lastenia - Km 1296 (frente a Arco),01557A,Pedro Cocaña,35,7,700,35,10759.54,13019.05,0,3,10.9,25,12,0,0,0,0,9471.35,002200008358,N,Factura de Venta
20171107,04004334,Fapex SA,Rio Potrero 175 (Esq. Rio de Rey) Barrio CinaCina,01557ARF,Isolant SI,300,60,6000,300,81969,99182.49,0,0,0,0,0,0,0,0,0,71118,002200008338,N,Factura de Venta
20171107,03005965,Ferrozinc SA,Lavalle 1705,01557AR,Mariano Martinez,150,30,3000,150,44442.29,53775.17,0,0,20,25,12,0,0,0,0,35559,002200008339,N,Factura de Venta
20171107,03005965,Ferrozinc SA,Lavalle 1705,01555AR,Mariano Martinez,50,5,1000,50,9631.51,11654.13,0,0,20,25,12,0,0,0,0,6770.5,002200008339,N,Factura de Venta
20171107,03005965,Ferrozinc SA,Lavalle 1705,01557AR,Mariano Martinez,100,20,2000,100,29628.19,35850.11,0,0,20,25,12,0,0,0,0,23706,002200008339,N,Factura de Venta
20171107,03005965,Ferrozinc SA,Lavalle 1705,01555AR,Mariano Martinez,50,5,1000,50,9631.51,11654.13,0,0,20,25,12,0,0,0,0,6770.5,002200008339,N,Factura de Venta
20171107,09002438,Suc De Gustavo Lagerheim SA,Ruta Nacional 11 Km.1005,01557AR,Victor Casañas,44,8.8,880,44,12771.05,15452.97,0,3,0,32.5,21,0,0,0,0,10430.64,002200008341,N,Factura de Venta
20171107,09002438,Suc De Gustavo Lagerheim SA,Ruta Nacional 11 Km.1005,01551A,Victor Casañas,20,2,400,20,6006.68,7268.08,0,3,0,32.5,12,0,0,0,0,2412,002200008341,N,Factura de Venta
20171107,09002438,Suc De Gustavo Lagerheim SA,Ruta Nacional 11 Km.1005,01558BC,Victor Casañas,25,5,500,25,24205.94,29289.19,0,3,0,32.5,0,0,0,0,0,13975.25,002200008342,N,Factura de Venta
20171107,09002438,Suc De Gustavo Lagerheim SA,Ruta Nacional 11 Km.1005,01555AR,Victor Casañas,200,20,4000,200,37741.85,45667.63,0,3,0,32.5,21,0,0,0,0,27082,002200008342,N,Factura de Venta
20171107,03000023,Industrias Saladillo SA,IS.SA. Planta Pilar,01779BA,Isolant SI,67,2.16611,0,67,20820.92,25193.31,0,0,0,0,0,0,0,0,0,10992.02,002200008344,N,Factura de Venta
20171107,31005663,Rubber King SA,Av. Monteverde 4170,01524GC,Hector Collia,150,1.5,150,0,8964.9,10847.52,0,0,0,30,0,0,0,0,0,1605,002200008353,S,Factura de Venta
20171107,29002098,Cisilotto Hnos SACIFEI,,04C00291,Hector Collia,1,0,0,1,9600,9600,0,0,0,0,0,0,0,0,0,0,001300001649,,Débito de Venta
20171107,29003289,Industrial Maderera Kopruch SA,Ciudadela 3450,01555M,Hector Collia,20,3,400,20,19477.52,23567.8,0,0,0,25,12,0,0,0,0,11083.2,002200008351,N,Factura de Venta
20171107,29003289,Industrial Maderera Kopruch SA,Ciudadela 3450,01555AR,Hector Collia,50,5,1000,50,12039.39,14567.66,0,0,0,25,12,0,0,0,0,6770.5,002200008351,N,Factura de Venta
20171107,29003289,Industrial Maderera Kopruch SA,Ciudadela 3450,01557AR,Hector Collia,50,10,1000,50,18517.62,22406.32,0,0,0,25,12,0,0,0,0,11853,002200008351,N,Factura de Venta
20171107,09002438,Suc De Gustavo Lagerheim SA,Ruta Nacional 11 Km.1005,01555ED,Victor Casañas,33,3.3,660,33,10882.89,13168.3,0,3,0,32.5,21,0,0,0,0,10555.05,002200008340,N,Factura de Venta
20171107,09002438,Suc De Gustavo Lagerheim SA,Ruta Nacional 11 Km.1005,01551A,Victor Casañas,30,3,600,30,9010.01,10902.12,0,3,0,32.5,12,0,0,0,0,3618,002200008340,N,Factura de Venta
20171107,03000023,Industrias Saladillo SA,IS.SA. Planta Pilar,01525AHC,Isolant SI,300,3,300,300,4887,5913.27,0,0,0,0,0,0,0,0,0,465.38,002200008352,N,Factura de Venta
20171107,07002605,Lascalea Javier Agustin,Independencia 45,01555AA,Meier,500,2.5,500,25,10733.88,12988,0,0,0,21,12,0,0,0,0,565.79,002200008346,S,Factura de Venta
20171107,07002605,Lascalea Javier Agustin,Independencia 45,01555C,Meier,3,0.3,60,3,0.3,0.36,0,0,0,0,0,0,0,0,0,67.9,002200008346,S,Factura de Venta
20171107,22003435,Sidermet San Luis SA,Ruta 3 Km 1 Extremo Sur,01555C,Leandro Diaz,6,0.6,120,6,0.6,0.73,0,0,0,0,0,0,0,0,0,135.79,002200008360,N,Factura de Venta
20171107,22004717,Materiales Orlando SRL,San Luis y Alte. Brown,01555C,Leandro Diaz,3,0.3,60,3,0.3,0.36,0,0,0,0,0,0,0,0,0,67.9,002200008359,N,Factura de Venta
20171107,29003289,Industrial Maderera Kopruch SA,Ciudadela 3450,01555MA,Hector Collia,2,0.3,40,2,0.2,0.24,0,0,0,0,0,0,0,0,0,1041.96,002200008351,N,Factura de Venta
20171107,16003993,Femaco Sociedad Anonima,W. Nuñez 936,01555MC,Leandro Diaz,200,1.5,200,10,9744.24,11790.54,0,0,0,25,12,0,0,0,0,5209.78,002200008361,S,Factura de Venta
20171107,16003993,Femaco Sociedad Anonima,W. Nuñez 936,01555MA,Leandro Diaz,1,0.15,20,1,0.1,0.12,0,0,0,0,0,0,0,0,0,520.98,002200008361,S,Factura de Venta
20171107,02005125,Pablo Nicolas Sesma,A. Rojas 630,01555MC,Hector Collia,200,1.5,200,10,11073,13398.32,0,0,0,25,0,0,0,0,0,5209.78,002200008355,S,Factura de Venta
20171107,02005125,Pablo Nicolas Sesma,A. Rojas 630,01555MA,Hector Collia,1,0.15,20,1,0.1,0.12,0,0,0,0,0,0,0,0,0,520.98,002200008355,S,Factura de Venta
20171107,02001281,Maderera Llavallol SA,Camino De Cintura 490,01555MA,Hector Collia,2,0.3,40,2,0.2,0.24,0,0,0,0,0,0,0,0,0,1041.96,002200008354,N,Factura de Venta
20171107,07002605,Lascalea Javier Agustin,Independencia 45,01559AA,Meier,2000,20,2000,100,65543.46,79307.58,0,0,0,21,12,0,0,0,0,3107.03,002200008346,S,Factura de Venta
20171107,07002605,Lascalea Javier Agustin,Independencia 45,01557C,Meier,12,2.4,240,12,1.2,1.46,0,0,0,0,0,0,0,0,0,372.84,002200008346,S,Factura de Venta
20171107,22003435,Sidermet San Luis SA,Ruta 3 Km 1 Extremo Sur,01557C,Leandro Diaz,12,2.4,240,12,1.2,1.45,0,0,0,0,0,0,0,0,0,372.84,002200008360,N,Factura de Venta
20171107,02001281,Maderera Llavallol SA,Camino De Cintura 490,01557C,Hector Collia,3,0.6,60,3,0.3,0.36,0,0,0,0,0,0,0,0,0,93.21,002200008354,N,Factura de Venta
20171107,02003403,Vetra SA,Av. M. Castex 1230 (Ex Ruta 52),01559AA,Hector Collia,200,2,200,10,7071,8555.9,0,0,0,25,0,0,0,0,0,310.7,002200008356,S,Factura de Venta
20171107,02003403,Vetra SA,Av. M. Castex 1230 (Ex Ruta 52),01557C,Hector Collia,3,0.6,60,3,0.3,0.36,0,0,0,0,0,0,0,0,0,93.21,002200008356,S,Factura de Venta
20171107,22004717,Materiales Orlando SRL,San Luis y Alte. Brown,01557C,Leandro Diaz,3,0.6,60,3,0.3,0.36,0,0,0,0,0,0,0,0,0,93.21,002200008359,N,Factura de Venta
20171107,07000012,Natali Plasticos SRL,Alvear 1475,01557C,Isolant SA,15,3,300,15,1.46,1.76,0,3,0,0,0,0,0,0,0,466.05,002200008364,N,Factura de Venta
20171107,31005663,Rubber King SA,Av. Monteverde 4170,01557ARC,Hector Collia,20,0.2,20,1,392.84,475.34,0,0,0,30,0,0,0,0,0,27.66,002200008353,S,Factura de Venta
20171107,24002684,Centro De Chapas Rosario SA,Bv. Oroño 4190,01557ARC,Diego Fani,-2820,-28.2,-2820,-141,-44391.48,-53713.7,0,0,15,25,12,0,0,0,0,3899.58,001400008120,S,Crédito de Venta
20171107,24002684,Centro De Chapas Rosario SA,Bv. Oroño 4190,01558ECC,Diego Fani,-300,-3,-300,-15,-6957.52,-8418.6,0,0,15,25,12,0,0,0,0,5858.13,001400008120,S,Crédito de Venta
20171107,02003403,Vetra SA,,04C00898,Hector Collia,1,0,0,1,0.02,0.02,0,0,0,0,0,0,0,0,0,,000000011301,,Débito (Ajustes)
20171107,24005520,Nocelli Ariel Jesus,,04C00205,Isolant SA,1,0,0,1,12,14.52,0,0,0,0,0,0,0,0,0,,001300001645,,Débito de Venta
20171107,29002098,Cisilotto Hnos SACIFEI,,04C00205,Hector Collia,1,0,0,1,12,14.52,0,0,0,0,0,0,0,0,0,,001300001649,,Débito de Venta
20171107,01002325,Centro Sec SRL,,04C00677,Hector Collia,-1,0,0,-1,-161.52,-161.52,0,0,0,0,0,0,0,0,0,,000000011296,,Crédito (Ajustes)
20171107,01002325,Centro Sec SRL,,04C00898,Hector Collia,1,0,0,1,161.52,161.52,0,0,0,0,0,0,0,0,0,,000000011297,,Débito (Ajustes)
20171107,03000023,Industrias Saladillo SA,IS.SA. Planta Pilar,01777BA,Isolant SI,112,2.9908032,0,112,19463.36,23550.67,0,0,0,0,0,0,0,0,0,11683.84,002200008344,N,Factura de Venta
20171107,24005520,Nocelli Ariel Jesus,,04C00898,Isolant SA,1,0,0,1,1.74,1.74,0,0,0,0,0,0,0,0,0,,000000011302,,Débito (Ajustes)
20171107,03000023,Industrias Saladillo SA,,04C00898,Isolant SI,1,0,0,1,0.17,0.17,0,0,0,0,0,0,0,0,0,,000000011303,,Débito (Ajustes)
20171107,02000130,Telas Plasticas Miliavaca SA,,04C00898,Hector Collia,1,0,0,1,2.5,2.5,0,0,0,0,0,0,0,0,0,,000000011300,,Débito (Ajustes)
20171107,01002325,Centro Sec SRL,,04C00677,Hector Collia,-1,0,0,-1,-161.52,-161.52,0,0,0,0,0,0,0,0,0,,000000011298,,Crédito (Ajustes)
20171107,04002644,Materiales Nuciari S R L,,04C00898,Hector Collia,1,0,0,1,161.52,161.52,0,0,0,0,0,0,0,0,0,,000000011299,,Débito (Ajustes)
20171107,28002335,TUBACERO S.A.,,04C00624,Fernando Palmas,1,0,0,1,9260.94,9260.94,0,0,0,0,0,0,0,0,0,,000000000956,,Dif. Cambio (+)
20171107,29004625,Rionda Hnos SRL,,04C00205,Hector Collia,1,0,0,1,12,14.52,0,0,0,0,0,0,0,0,0,,001300001646,,Débito de Venta
20171107,16003448,Tapicenter SA,Gobernador Videla 801,01658D,Leandro Diaz,100,3,100,0,12322.2,14909.86,0,0,0,40,0,0,0,0,0,4050,002200008349,N,Factura de Venta
20171107,16003448,Tapicenter SA,Gobernador Videla 801,01662DQ,Leandro Diaz,100,4,100,0,16215.6,19620.88,0,0,0,40,0,0,0,0,0,5102,002200008349,N,Factura de Venta
20171107,03000023,Industrias Saladillo SA,IS.SA. Planta Pilar,01778BA,Isolant SI,68,1.666306,0,68,12552.12,15188.07,0,0,0,0,0,0,0,0,0,6300.2,002200008344,N,Factura de Venta
20171107,31005663,Rubber King SA,Av. Monteverde 4170,01658DC,Hector Collia,10,0.3,10,0,1437.52,1739.4,0,0,0,30,0,0,0,0,0,405,002200008353,S,Factura de Venta
20171107,13005695,Hiperplaca SRL,,04C00898,Pedro Cocaña,1,0,0,1,134.99,134.99,0,0,0,0,0,0,0,0,0,,000000011295,,Débito (Ajustes)
20171107,03000023,Industrias Saladillo SA,IS.SA. Planta Pilar,01779BB,Isolant SI,30,1.28931264,0,30,9366.6,11333.59,0,0,0,0,0,0,0,0,0,4862.7,002200008343,N,Factura de Venta
20171107,24004815,Budassi German Federico,,04C00205,Diego Fani,1,0,0,1,12,14.52,0,0,0,0,0,0,0,0,0,,001300001647,,Débito de Venta
20171107,07000012,Natali Plasticos SRL,,04C00205,Isolant SA,1,0,0,1,12,14.52,0,0,0,0,0,0,0,0,0,,001300001648,,Débito de Venta

