﻿FechaTxt,Codigo_Cliente,Cliente,EntDir,Codigo_Articulo,Vendedor,cantidad,Mts3,Mts2,Rollos,Importe_Bruto,Importe_Neto,Dto_Contado,Dto_Flete,Dto_Especial,Bonificacion,Desc_Adicional,cantidad_elaborada,m2_ocupados,costo_unitario,costo_total_stock,Costo_de_venta
20170308,07000012,Natali Plasticos SRL,Alvear 1475,01557AR,Isolant SA,50,10,1000,50,13968.48,16901.87,0,3,0,0,0,0,0,0,0,0
20170308,07000012,Natali Plasticos SRL,Alvear 1475,01555EC,Isolant SA,60,6,1200,60,12768.5,15449.88,0,3,0,0,0,0,0,0,0,0
20170308,07000012,Natali Plasticos SRL,Alvear 1475,01558ES,Isolant SA,60,12,1200,60,18706.64,22635.04,0,3,0,0,0,0,0,0,0,0
20170308,07000012,Natali Plasticos SRL,Alvear 1475,01558EC,Isolant SA,60,12,1200,60,24706.48,29894.84,0,3,0,0,0,0,0,0,0,0
20170308,07000012,Natali Plasticos SRL,Alvear 1475,01555AK,Isolant SA,50,2.25,750,50,6810.85,8241.13,0,3,0,0,0,0,0,0,0,0
20170308,07000012,Natali Plasticos SRL,Alvear 1475,01555AR,Isolant SA,50,5,1000,50,9081.63,10988.77,0,3,0,0,0,0,0,0,0,0
20170308,03000023,Industrias Saladillo SA,IS.SA. Planta Pilar,01777B,Isolant SI,298,7.9566,0,298,32315.12,39101.3,0,0,0,0,0,0,0,0,0,0
20170308,11004861,Dekko Gualeguaychu SRL,Primera Junta 340,01957AA,Levy,1,0,0,1,0.1,0.12,0,0,0,0,0,0,0,0,0,0
20170308,11004861,Dekko Gualeguaychu SRL,Primera Junta 340,01603B,Levy,10,0.5,250,10,1982.82,2399.21,0,0,0,30,0,0,0,0,0,0
20170308,11004861,Dekko Gualeguaychu SRL,Primera Junta 340,01603AC,Levy,20,1,500,20,5247.76,6349.79,0,0,0,30,0,0,0,0,0,0
20170308,24001396,Fabbri Angel Antonio,Belgrano 1054,01558ES,Diego Fani,15,3,300,15,7204.8,8717.81,0,0,0,21,0,0,0,0,0,0
20170308,24001396,Fabbri Angel Antonio,Belgrano 1054,01558EC,Diego Fani,6,1.2,120,6,3806.22,4605.53,0,0,0,21,0,0,0,0,0,0
20170308,24001396,Fabbri Angel Antonio,Belgrano 1054,01654ON,Diego Fani,12,0.168,12,0,502.44,607.95,0,0,0,21,0,0,0,0,0,0
20170308,24001396,Fabbri Angel Antonio,Belgrano 1054,01655ON,Diego Fani,48,0.672,48,0,2388.96,2890.64,0,0,0,21,0,0,0,0,0,0
20170308,24001396,Fabbri Angel Antonio,Belgrano 1054,01603AC,Diego Fani,10,0.5,250,10,2961.24,3583.1,0,0,0,21,0,0,0,0,0,0
20170308,24001396,Fabbri Angel Antonio,Belgrano 1054,01960DA,Diego Fani,1,0,0,1,2645.94,3201.59,0,0,0,21,0,0,0,0,0,0
20170308,02004723,Garcia Matias Emanuel,Gral. Acha 1229,01514PC,Hector Collia,50,0.25,50,0,985.53,1192.49,0,0,0,21,0,0,0,0,0,0
20170308,02004723,Garcia Matias Emanuel,Gral. Acha 1229,01524GC,Hector Collia,75,0.75,75,0,2386,2887.06,0,0,0,21,0,0,0,0,0,0
20170308,02004723,Garcia Matias Emanuel,Gral. Acha 1229,01658AC,Hector Collia,10,0.3,10,0,1575.18,1905.97,0,0,0,21,0,0,0,0,0,0
20170308,02004723,Garcia Matias Emanuel,Gral. Acha 1229,01662ACP,Hector Collia,20,0.8,20,0,4145.76,5016.37,0,0,0,21,0,0,0,0,0,0
20170308,04004740,Tarlon Juan Pablo,Av. San Martin 1550,01772A,Hector Collia,2,0.37888,0,2,2918.08,3530.88,0,0,0,30,0,0,0,0,0,0
20170308,04004740,Tarlon Juan Pablo,Av. San Martin 1550,01772AB,Hector Collia,2,0.37888,0,2,2918.08,3530.88,0,0,0,30,0,0,0,0,0,0
20170308,04004740,Tarlon Juan Pablo,Av. San Martin 1550,01772AC,Hector Collia,2,0.37888,0,2,2918.08,3530.88,0,0,0,30,0,0,0,0,0,0
20170308,04004740,Tarlon Juan Pablo,Av. San Martin 1550,01772AD,Hector Collia,2,0.37888,0,2,2918.08,3530.88,0,0,0,30,0,0,0,0,0,0
20170308,04005689,Polifoam SRL,Alte. Brown 3985,01525C,Isolant SI,1625,16.25,1625,0,53088.75,64237.39,0,0,0,0,0,0,0,0,0,0
20170308,04005689,Polifoam SRL,Alte. Brown 3985,01769A,Isolant SI,14,0.466214,0,14,2051.14,2481.88,0,0,0,0,0,0,0,0,0,0
20170308,24002752,Rusma SRL,Crespo y Bv Segui,01700AC,Diego Fani,6,0.72,0,6,3379.46,4089.15,0,0,0,21,12,0,0,0,0,0
20170308,24002752,Rusma SRL,Eva Peron (Ex Cordoba) nº 8730,01559AA,Diego Fani,500,5,500,25,14817,17928.56,0,0,0,25,12,0,0,0,0,0
20170308,24002752,Rusma SRL,Eva Peron (Ex Cordoba) nº 8730,01557C,Diego Fani,3,0.6,60,3,0.3,0.36,0,0,0,0,0,0,0,0,0,0
20170308,01004664,Construccion de Estructuras SRL,Guannahanni Nro.322,01568B,Ventas Buenos Aires,1170,11.7,1170,58.5,44635.5,54008.96,0,0,0,0,0,0,0,0,0,0
20170308,01005860,DLM Construcciones SRL,Av. Pinedo 850 Galpon 2 Puerta 27,01700A,Luis Ramirez,60,7.2,0,60,35646.89,43132.74,0,3,0,25,4,0,0,0,0,0
20170308,07000012,Natali Plasticos SRL,Alvear 1475,01957AA,Isolant SA,1,0,0,1,0.1,0.12,0,3,0,0,0,0,0,0,0,0
20170308,07000012,Natali Plasticos SRL,Alvear 1475,01558ES,Isolant SA,50,10,1000,50,15588.87,18862.53,0,3,0,0,0,0,0,0,0,0
20170308,07000012,Natali Plasticos SRL,Alvear 1475,01750A,Isolant SA,5,0,0,5,2737.94,3312.9,0,3,0,32.5,0,0,0,0,0,0
20170308,07000012,Natali Plasticos SRL,Alvear 1475,01654ON,Isolant SA,48,0.672,48,0,1665.68,2015.48,0,3,0,32.5,0,0,0,0,0,0
20170308,01005292,Adamant SRL,Paysandu 923 (entre Crisologo Larralde y Lucena),01514DA,Isolant SI,1000,5,1000,1000,7790,9425.9,0,0,0,0,0,0,0,0,0,0
20170308,01005292,Adamant SRL,Paysandu 923 (entre Crisologo Larralde y Lucena),01500ASA,Isolant SI,13600,6.8,13600,0,20264,24519.44,0,0,0,0,0,0,0,0,0,0
20170308,01005292,Adamant SRL,Paysandu 923 (entre Crisologo Larralde y Lucena),01514DA,Isolant SI,800,4,800,800,6232,7540.72,0,0,0,0,0,0,0,0,0,0
20170308,01005292,Adamant SRL,Paysandu 923 (entre Crisologo Larralde y Lucena),01504BC,Isolant SI,4800,4.8,4800,0,10320,12487.2,0,0,0,0,0,0,0,0,0,0
20170308,01005292,Adamant SRL,Paysandu 923 (entre Crisologo Larralde y Lucena),01508BA,Isolant SI,7200,14.4,7200,0,24264,29359.44,0,0,0,0,0,0,0,0,0,0
20170308,01005292,Adamant SRL,Paysandu 923 (entre Crisologo Larralde y Lucena),01514DA,Isolant SI,1300,6.5,1300,1300,10127,12253.67,0,0,0,0,0,0,0,0,0,0
20170308,24002752,Rusma SRL,Crespo y Bv Segui,01957A,Diego Fani,1,0,0,1,0.1,0.12,0,0,0,0,0,0,0,0,0,0
20170308,24002752,Rusma SRL,Crespo y Bv Segui,01555MC,Diego Fani,800,6,800,40,37963.48,45935.82,0,0,0,21,12,0,0,0,0,0
20170308,24002752,Rusma SRL,Crespo y Bv Segui,01555MA,Diego Fani,4,0.6,80,4,0.4,0.48,0,0,0,0,0,0,0,0,0,0
20170308,24002752,Rusma SRL,Crespo y Bv Segui,01559AA,Diego Fani,1000,10,1000,50,31214.48,37769.52,0,0,0,21,12,0,0,0,0,0
20170308,24002752,Rusma SRL,Crespo y Bv Segui,01557C,Diego Fani,6,1.2,120,6,0.6,0.72,0,0,0,0,0,0,0,0,0,0
20170308,24002752,Rusma SRL,Crespo y Bv Segui,01552AA,Diego Fani,500,5,500,25,15134.5,18312.74,0,0,0,21,12,0,0,0,0,0
20170308,24002752,Rusma SRL,Crespo y Bv Segui,01603AD,Diego Fani,250,0.5,250,10,1564.2,1892.68,0,0,0,21,12,0,0,0,0,0
20170308,24002752,Rusma SRL,Eva Peron (Ex Cordoba) nº 8730,01603AD,Diego Fani,250,0.5,250,10,1564.2,1892.68,0,0,0,21,12,0,0,0,0,0
20170308,24002752,Rusma SRL,Eva Peron (Ex Cordoba) nº 8730,01559AA,Diego Fani,500,5,500,25,15607.24,18884.76,0,0,0,21,12,0,0,0,0,0
20170308,24002752,Rusma SRL,Eva Peron (Ex Cordoba) nº 8730,01555AA,Diego Fani,500,2.5,500,25,10219.44,12365.52,0,0,0,21,12,0,0,0,0,0
20170308,24002752,Rusma SRL,Eva Peron (Ex Cordoba) nº 8730,01555MC,Diego Fani,800,6,800,40,37963.48,45935.82,0,0,0,21,12,0,0,0,0,0
20170308,24002752,Rusma SRL,Eva Peron (Ex Cordoba) nº 8730,01555MA,Diego Fani,4,0.6,80,4,0.4,0.48,0,0,0,0,0,0,0,0,0,0
20170308,24002752,Rusma SRL,Eva Peron (Ex Cordoba) nº 8730,01557C,Diego Fani,3,0.6,60,3,0.3,0.36,0,0,0,0,0,0,0,0,0,0
20170308,24002752,Rusma SRL,Eva Peron (Ex Cordoba) nº 8730,01555C,Diego Fani,3,0.3,60,3,0.3,0.36,0,0,0,0,0,0,0,0,0,0
20170308,01004209,Brifitel SRL,Pasteur 677,01658DQ,Hector Collia,100,3,100,0,12561.57,15199.5,0,0,0,30,10,0,0,0,0,0
20170308,01004209,Brifitel SRL,Pasteur 677,01524GC,Hector Collia,875,8.75,875,0,22198.84,26860.59,0,0,0,30,10,0,0,0,0,0
20170308,01004209,Brifitel SRL,Pasteur 677,01514DB,Hector Collia,375,1.875,375,375,5894.44,7132.27,0,0,0,30,10,0,0,0,0,0
20170308,01001234,Indian Carpet SA,Yerbal 1440,01700A,Luis Ramirez,50,6,0,50,29773.8,36026.3,0,0,0,30,0,0,0,0,0,0
20170308,01004664,Construccion de Estructuras SRL,Guannahanni Nro.322,01568B,Ventas Buenos Aires,1017.5,10.175,1017.5,50.875,38817.63,46969.33,0,0,0,0,0,0,0,0,0,0
20170308,16004146,Ingenieros Consultores Asociados SA,Beltran 1684,01552I,Leandro Diaz,50,10,2000,50,19466.61,23554.6,0,0,0,21,4,0,0,0,0,0
20170308,20000029,Tubonor SA,España 2369,01555A,Isolant SA,100,10,2000,100,38501.92,46587.32,0,3,0,32.5,0,0,0,0,0,0
20170308,20000029,Tubonor SA,España 2369,01555C,Isolant SA,12,1.2,240,12,1.16,1.41,0,3,0,0,0,0,0,0,0,0
20170308,20000029,Tubonor SA,España 2369,01557A,Isolant SA,50,10,1000,50,29397.95,35571.52,0,3,0,32.5,0,0,0,0,0,0
20170308,20000029,Tubonor SA,España 2369,01557C,Isolant SA,6,1.2,120,6,0.58,0.7,0,3,0,0,0,0,0,0,0,0
20170308,02001731,Garcia Quilmes SRL,Entre Rios 401,01654D,Hector Collia,100.5,2.01,100.5,0,9609.8,11627.88,0,0,0,30,0,0,0,0,0,0
20170308,02001731,Garcia Quilmes SRL,Entre Rios 401,01658DC,Hector Collia,50,1.5,50,0,6979,8444.6,0,0,0,30,0,0,0,0,0,0
20170308,24005843,Grupo Cis SRL,Castro Barro 5144,01550I,Diego Fani,15,0.6,300,15,1340.64,1622.17,0,0,0,30,4,0,0,0,0,0
20170308,24005843,Grupo Cis SRL,Castro Barro 5144,01551I,Diego Fani,5,0.5,100,5,862.85,1044.05,0,0,0,30,4,0,0,0,0,0
20170308,24005843,Grupo Cis SRL,Castro Barro 5144,01557AR,Diego Fani,20,4,400,20,7322.11,8859.76,0,0,0,30,4,0,0,0,0,0
20170308,24005843,Grupo Cis SRL,Castro Barro 5144,01558ES,Diego Fani,10,2,200,10,4085.76,4943.77,0,0,0,30,4,0,0,0,0,0
20170308,16004335,Alvarez Victor Horacio,Domingo Mateu 1715,01658DC,Leandro Diaz,50,1.5,50,0,4984.75,6031.55,0,0,0,50,0,0,0,0,0,0
20170308,17004188,Grama Sociedad Anonima,Yrigoyen 500,01555AR,Disapla,20,2,400,20,5596.36,6771.6,0,0,0,21,0,0,0,0,0,0
20170308,19002241,Carlos Isla y Cia. SA,Tucuman 225,01557A,Latyn-Valle y Cordillera,50,10,1000,50,26005,31466.05,0,0,0,0,0,0,0,0,0,0
20170308,19002241,Carlos Isla y Cia. SA,Tucuman 225,01555A,Latyn-Valle y Cordillera,210,21,4200,210,71523.9,86543.92,0,0,0,0,0,0,0,0,0,0
20170308,19002241,Carlos Isla y Cia. SA,Tucuman 225,01555A,Latyn-Valle y Cordillera,100,10,2000,100,34059,41211.39,0,0,0,0,0,0,0,0,0,0
20170308,29001833,La Estefania SA,Calle 44 nº 246,01555A,Disapla,25,2.5,500,25,11149.24,13490.58,0,0,0,21,4,0,0,0,0,0
20170308,29001833,La Estefania SA,Calle 44 nº 246,01555C,Disapla,3,0.3,60,3,0.3,0.36,0,0,0,0,0,0,0,0,0,0
20170308,29001833,La Estefania SA,Calle 44 nº 246,01557A,Disapla,25,5,500,25,17025.89,20601.33,0,0,0,21,4,0,0,0,0,0
20170308,29001833,La Estefania SA,Calle 44 nº 246,01557C,Disapla,3,0.6,60,3,0.3,0.36,0,0,0,0,0,0,0,0,0,0
20170308,03000023,Industrias Saladillo SA,IS.SA. Planta Pilar,01778B,Isolant SI,20,0.49009,0,20,2241.8,2712.58,0,0,0,0,0,0,0,0,0,0
20170308,03000023,Industrias Saladillo SA,IS.SA. Planta Pilar,01784B,Isolant SI,16,0.4224,0,16,1215.36,1470.59,0,0,0,0,0,0,0,0,0,0
20170308,03000023,Industrias Saladillo SA,IS.SA. Planta Pilar,01788BA,Isolant SI,4,0.09424,0,4,660.32,798.99,0,0,0,0,0,0,0,0,0,0
20170308,03000023,Industrias Saladillo SA,IS.SA. Planta Pilar,01778BA,Isolant SI,50,1.225225,0,50,8534,10326.14,0,0,0,0,0,0,0,0,0,0
20170308,03000023,Industrias Saladillo SA,IS.SA. Planta Pilar,01779BA,Isolant SI,17,0.54961,0,17,4884.78,5910.58,0,0,0,0,0,0,0,0,0,0
20170308,01000313,Montagne Outdoors SACIFIA,"Godoy Cruz 1360 - ""No enviar Semis""",01514PC,Fernando Palmas,650,3.25,650,0,8099,9799.79,0,0,0,0,0,0,0,0,0,0
20170308,24003816,La Valenziana SRL,25 de Mayo 592,01500D,Diego Fani,4320,2.16,4320,0,6289.8,7610.64,0,3,0,21,0,0,0,0,0,0
20170308,07002155,Blussand Roberto Enrique,Tomás de Archondo 2553,01512D,Meier,500,2,500,0,8078,9774.38,0,0,0,30,0,0,0,0,0,0
20170308,01005292,Adamant SRL,Paysandu 923 (entre Crisologo Larralde y Lucena),01500D,Isolant SI,900,0.45,900,0,1341,1622.61,0,0,0,0,0,0,0,0,0,0

