﻿FechaTxt,Codigo_Cliente,Cliente,EntDir,Codigo_Articulo,Vendedor,cantidad,Mts3,Mts2,Rollos,Importe_Bruto,Importe_Neto,Dto_Contado,Dto_Flete,Dto_Especial,Bonificacion,Desc_Adicional,cantidad_elaborada,m2_ocupados,costo_unitario,costo_total_stock,Costo_de_venta,comp,C_Construccion,nomdoc
20170913,07005106,Espa SA,Bv. de los Alemanes 3312,01551I,Meier,30,3,600,30,3434.53,4155.79,0,5,10,0,0,0,0,0,0,2335.8,002200007246,N,Factura de Venta
20170913,07005106,Espa SA,Bv. de los Alemanes 3312,01558EC,Meier,50,10,1000,50,20343.01,24615.05,0,5,10,0,0,0,0,0,0,19855,002200007246,N,Factura de Venta
20170913,07005106,Espa SA,Bv. de los Alemanes 3312,01960DA,Meier,20,0,0,20,47808.52,57848.31,0,5,0,32.5,0,0,0,0,0,21700,002200007247,N,Factura de Venta
20170913,16000158,Valerio Oliva SACIA,Rodriguez Peña 2250,01555M,Leandro Diaz,20,3,400,20,22381.45,27081.55,0,0,0,21,4,0,0,0,0,10891.6,002200007251,N,Factura de Venta
20170913,16000158,Valerio Oliva SACIA,Rodriguez Peña 2250,01557A,Leandro Diaz,30,6,600,30,21452.63,25957.69,0,0,0,21,4,0,0,0,0,7774.8,002200007251,N,Factura de Venta
20170913,07005106,Espa SA,Bv. de los Alemanes 3312,01557A,Meier,50,10,1000,50,23943.28,28971.37,0,5,10,32.5,12,0,0,0,0,12958,002200007248,N,Factura de Venta
20170913,03005223,Tubo Center SA,Av. Jose E.Uriburu 930 (ex Ruta 8) Pilar,01558ES,Levy,10,2,200,10,5091.39,6160.58,0,0,0,21,0,0,0,0,0,2505,002200007219,N,Factura de Venta
20170913,03005223,Tubo Center SA,Av. Jose E.Uriburu 930 (ex Ruta 8) Pilar,01558EC,Levy,10,2,200,10,6534.01,7906.15,0,0,0,21,0,0,0,0,0,3971,002200007219,N,Factura de Venta
20170913,01004029,Sologoma SRL,Av Boedo 1900 - Esquina Barrio,01654AC,Hector Collia,10,0.2,10,0,1111.53,1344.95,0,0,0,21,0,0,0,0,0,237.6,002200007220,N,Factura de Venta
20170913,01004029,Sologoma SRL,Av Boedo 1900 - Esquina Barrio,01854A,Hector Collia,1,0.25,25,1,1267.39,1533.54,0,0,0,21,0,0,0,0,0,402.65,002200007220,N,Factura de Venta
20170913,04005689,Polifoam SRL,Alte. Brown 3985,01666DAP,Isolant SI,90,4.5,90,0,17146.8,20747.63,0,0,0,45,0,0,0,0,0,5754.6,002200007224,N,Factura de Venta
20170913,04005689,Polifoam SRL,Alte. Brown 3985,01666DAP,Isolant SI,15,0.75,15,0,2857.8,3457.94,0,0,0,45,0,0,0,0,0,959.1,002200007225,N,Factura de Venta
20170913,07003238,Cooperativa de Provision de Servicios para Comerciantes,Casa Central - Ruta 9 Sur Km 689,01557AK,Meier,10,1.05,150,10,2347.64,2840.65,0,0,14.5,25,20,0,0,0,0,1796.7,002200007213,N,Factura de Venta
20170913,07003238,Cooperativa de Provision de Servicios para Comerciantes,Casa Central - Ruta 9 Sur Km 689,01555AK,Meier,10,0.45,150,10,1526.33,1846.86,0,0,14.5,25,20,0,0,0,0,1021.1,002200007213,N,Factura de Venta
20170913,07003238,Cooperativa de Provision de Servicios para Comerciantes,Casa Central - Ruta 9 Sur Km 689,01557A,Meier,6,1.2,120,6,3192.44,3862.85,0,0,14.5,25,12,0,0,0,0,1554.96,002200007213,N,Factura de Venta
20170913,07003238,Cooperativa de Provision de Servicios para Comerciantes,Casa Central - Ruta 9 Sur Km 689,01555A,Meier,6,0.6,120,6,2090.53,2529.54,0,0,14.5,25,12,0,0,0,0,952.26,002200007213,N,Factura de Venta
20170913,07003238,Cooperativa de Provision de Servicios para Comerciantes,Casa Central - Ruta 9 Sur Km 689,01603B,Meier,4,0.2,100,4,626.58,758.16,0,0,14.5,30,12,0,0,0,0,338.04,002200007210,N,Factura de Venta
20170913,03000023,Industrias Saladillo SA,IS.SA. Planta Pilar,01788BB,Isolant SI,51,4.03767,0,51,20854.41,25233.84,0,0,0,0,0,0,0,0,0,13668,002200007218,N,Factura de Venta
20170913,07003238,Cooperativa de Provision de Servicios para Comerciantes,Casa Central - Ruta 9 Sur Km 689,01557AK,Meier,10,1.05,150,10,2347.64,2840.65,0,0,14.5,25,20,0,0,0,0,1796.7,002200007209,N,Factura de Venta
20170913,07003238,Cooperativa de Provision de Servicios para Comerciantes,Casa Central - Ruta 9 Sur Km 689,01557A,Meier,6,1.2,120,6,3192.44,3862.85,0,0,14.5,25,12,0,0,0,0,1554.96,002200007209,N,Factura de Venta
20170913,07003238,Cooperativa de Provision de Servicios para Comerciantes,Casa Central - Ruta 9 Sur Km 689,01550A,Meier,6,0.24,120,6,904.58,1094.55,0,0,14.5,25,12,0,0,0,0,398.34,002200007211,N,Factura de Venta
20170913,07003238,Cooperativa de Provision de Servicios para Comerciantes,Casa Central - Ruta 9 Sur Km 689,01557AK,Meier,15,1.575,225,15,3521.46,4260.97,0,0,14.5,25,20,0,0,0,0,2695.05,002200007212,N,Factura de Venta
20170913,07003238,Cooperativa de Provision de Servicios para Comerciantes,Casa Central - Ruta 9 Sur Km 689,01558ES,Meier,15,3,300,15,4959.27,6000.72,0,0,14.5,25,20,0,0,0,0,3757.5,002200007212,N,Factura de Venta
20170913,07003238,Cooperativa de Provision de Servicios para Comerciantes,Casa Central - Ruta 9 Sur Km 689,06C001CO,Meier,1,0,0,1,0.09,0.1,0,0,14.5,0,0,0,0,0,0,0,002200007212,N,Factura de Venta
20170913,07002231,Acerco SA,Bv. Domingo Zipoli Nº 440,01558AL,Meier,50,10,2000,50,42713.55,51683.4,0,0,0,25,12,0,0,0,0,16134.5,002200007206,N,Factura de Venta
20170913,07002231,Acerco SA,Bv. Domingo Zipoli Nº 440,01960DC,Meier,10,0,0,10,14390.02,17411.93,0,0,0,25,0,0,0,0,0,10850,002200007206,N,Factura de Venta
20170913,07002231,Acerco SA,Bv. Domingo Zipoli Nº 440,01555A,Meier,75,7.5,1500,75,30563.28,36981.57,0,0,0,25,12,0,0,0,0,11903.25,002200007206,N,Factura de Venta
20170913,07002231,Acerco SA,Bv. Domingo Zipoli Nº 440,01557A,Meier,100,20,2000,100,62230.74,75299.2,0,0,0,25,12,0,0,0,0,25916,002200007206,N,Factura de Venta
20170913,07003238,Cooperativa de Provision de Servicios para Comerciantes,Casa Central - Ruta 9 Sur Km 689,01550A,Meier,4,0.16,80,4,603.06,729.7,0,0,14.5,25,12,0,0,0,0,265.56,002200007207,N,Factura de Venta
20170913,07003238,Cooperativa de Provision de Servicios para Comerciantes,Calle nº122 Esquina nº13-Gral Pico,01558EC,Meier,8,1.6,160,8,3394.38,4107.2,0,0,14.5,25,20,0,0,0,0,3176.8,002200007208,N,Factura de Venta
20170913,01002018,Zanet SA,Erezcano 3021/35,01508F,Fernando Palmas,3500,7,3500,0,25235,30534.35,0,0,0,0,0,0,0,0,0,10192.25,002200007205,N,Factura de Venta
20170913,19002241,Carlos Isla y Cia. SA,Suc. Neuquen: Teodoro Plan 5055,01552A,Latyn-Valle y Cordillera,10,2,200,10,4007.85,4849.49,0,3,0,0,0,0,0,0,0,2117.4,002200007238,N,Factura de Venta
20170913,19002241,Carlos Isla y Cia. SA,Suc. Cipolletti: Ruta 151 y Calle Rural A-1,01557AR,Latyn-Valle y Cordillera,50,10,1000,50,15250,18452.5,0,0,0,0,0,0,0,0,0,11233,002200007239,N,Factura de Venta
20170913,19002241,Carlos Isla y Cia. SA,Suc. Gral Roca: San Juan 198,01558BC,Latyn-Valle y Cordillera,20,4,400,20,15254.28,18457.68,0,0,10,0,0,0,0,0,0,11019.2,002200007242,N,Factura de Venta
20170913,24005052,Cinter SRL,Parque Industrial Sauce Viejo,01558BC,Diego Fani,78,15.6,1560,78,74092.01,89651.33,3,3,4,21,4.5,0,0,0,0,42974.88,002200007245,N,Factura de Venta
20170913,24005052,Cinter SRL,Parque Industrial Sauce Viejo,01568B,Diego Fani,3780,37.8,3780,189,179543.52,217247.66,3,3,4,21,4.5,0,0,0,0,2082628.8,002200007245,N,Factura de Venta
20170913,07005677,Iron Pack SRL,Montecatini 3158,01662ACP,Meier,240,9.6,240,0,15768.48,19079.86,5,5,0,0,0,0,0,0,0,10807.2,002200007244,S,Factura de Venta
20170913,03000023,Industrias Saladillo SA,IS.SA. Planta Pilar,01777B,Isolant SI,81,2.1627,0,81,9222.66,11159.42,0,0,0,0,0,0,0,0,0,3713.04,002200007203,N,Factura de Venta
20170913,03000023,Industrias Saladillo SA,IS.SA. Planta Pilar,01788BA,Isolant SI,16,0.37696,0,16,2939.68,3557.01,0,0,0,0,0,0,0,0,0,1980.32,002200007204,N,Factura de Venta
20170913,19002241,Carlos Isla y Cia. SA,Suc. Neuquen: Teodoro Plan 5055,01554BC,Latyn-Valle y Cordillera,20,2,400,20,11981.88,14498.07,0,0,10,0,0,0,0,0,0,7891.6,002200007237,N,Factura de Venta
20170913,07005106,Espa SA,Bv. de los Alemanes 3312,01960DA,Meier,20,0,0,20,47808.52,57848.31,0,5,0,32.5,0,0,0,0,0,21700,002200007249,N,Factura de Venta
20170913,03000023,Industrias Saladillo SA,IS.SA. Planta Pilar,01777B,Isolant SI,224,5.9808,0,224,25504.64,30860.61,0,0,0,0,0,0,0,0,0,10268.16,002200007202,N,Factura de Venta
20170913,03004731,Ferrara SA,Av. del Libertador 124,01558EC,Levy,15,3,300,15,9408.98,11384.86,0,0,0,21,4,0,0,0,0,5956.5,002200007201,N,Factura de Venta
20170913,03004731,Ferrara SA,Av. del Libertador 124,01558ES,Levy,20,4,400,20,9775.47,11828.32,0,0,0,21,4,0,0,0,0,5010,002200007201,N,Factura de Venta
20170913,19002241,Carlos Isla y Cia. SA,Suc. Neuquen: Teodoro Plan 5055,01771C,Latyn-Valle y Cordillera,4,0.19,0,4,2535.59,3068.06,0,3,10,21,0,0,0,0,0,487.6,002200007236,N,Factura de Venta
20170913,19002241,Carlos Isla y Cia. SA,Suc. Neuquen: Teodoro Plan 5055,01765C,Latyn-Valle y Cordillera,1,0.05881,0,1,862.82,1044.01,0,3,10,21,0,0,0,0,0,204.06,002200007236,N,Factura de Venta
20170913,19002241,Carlos Isla y Cia. SA,Suc. Gral Roca: San Juan 198,01771C,Latyn-Valle y Cordillera,2,0.095,0,2,1267.79,1534.03,0,3,10,21,0,0,0,0,0,243.8,002200007240,N,Factura de Venta
20170913,19002241,Carlos Isla y Cia. SA,Suc. Neuquen: Teodoro Plan 5055,01555A,Latyn-Valle y Cordillera,100,10,2000,100,30653.1,37090.25,0,0,10,0,0,0,0,0,0,15871,002200007241,N,Factura de Venta
20170913,03004499,Australtub S.A.,Panamericana Km 47.500 Colectora Oeste,01797B,Esteban Bergamaschi,40,0.7854,0,40,16174.8,19571.51,0,0,0,0,0,0,0,0,0,1285.8,002200007229,N,Factura de Venta
20170913,03004731,Ferrara SA,Av. del Libertador 124,01558EC,Levy,15,3,300,15,9408.98,11384.86,0,0,0,21,4,0,0,0,0,5956.5,002200007230,N,Factura de Venta
20170913,03003975,Alfombras Martinez SRL,Colectora Panamericana 981,01603AC,Ventas Buenos Aires,20,1,500,20,5510.12,6667.25,0,0,0,30,0,0,0,0,0,2455.2,002200007232,N,Factura de Venta
20170913,03003975,Alfombras Martinez SRL,Colectora Panamericana 981,01603B,Ventas Buenos Aires,30,1.5,750,30,6245.82,7557.44,0,0,0,30,0,0,0,0,0,2535.3,002200007232,N,Factura de Venta
20170913,03004746,Das Dach S.A.,,04C01203 ,Isolant SA,1,0,0,1,16000,17680,0,0,0,0,0,0,0,0,0,0,001400000788,N,Factura de Venta
20170913,02005702,Caps Ram,J. Díaz Solís 3535,01510D,Levy,4000,12,4000,4000,46050,55720.5,0,0,0,25,0,0,0,0,0,14720,002200007200,N,Factura de Venta
20170913,03003069,Marclima SRL,Capital Rosales 4267,01850A,Levy,3,0.375,75,3,1762.95,2133.17,0,0,0,21,0,0,0,0,0,366.93,002200007222,N,Factura de Venta
20170913,01005926,Tukan Products SRL,Edison 2786,01603AC,Levy,20,1,500,20,5510.12,6667.25,0,0,0,30,0,0,0,0,0,2455.2,002200007231,N,Factura de Venta
20170913,03001796,Hoffman Ernesto Guillermo,Av. de Mayo 865,01603AC,Levy,4,0.2,100,4,939.84,1137.22,0,0,0,21,0,0,0,0,0,491.04,002200007234,S,Factura de Venta
20170913,03004746,Das Dach S.A.,,04C01203,Isolant SA,1,0,0,1,16500,18232.5,0,0,0,0,0,0,0,0,0,0,001400000789,N,Factura de Venta
20170913,04005689,Polifoam SRL,Alte. Brown 3985,01666DAP,Isolant SI,90,4.5,90,0,17146.8,20747.63,0,0,0,45,0,0,0,0,0,5754.6,002200007226,N,Factura de Venta
20170913,04005689,Polifoam SRL,Alte. Brown 3985,01769A,Isolant SI,14,0.4662,0,14,2215.22,2680.42,0,0,0,0,0,0,0,0,0,574.56,002200007227,N,Factura de Venta
20170913,07005106,Espa SA,Bv. de los Alemanes 3312,01557AK,Meier,20,2.1,300,20,4648.33,5624.48,0,5,10,32.5,12,0,0,0,0,3593.4,002200007248,N,Factura de Venta
20170913,07005106,Espa SA,Bv. de los Alemanes 3312,01557AR,Meier,70,14,1400,70,19110.1,23123.23,0,5,10,0,0,0,0,0,0,15726.2,002200007248,N,Factura de Venta
20170913,31000903,De Vito y Cia SA,Del Pejerrey 1560,06C001CO,Ventas Buenos Aires,1,0,0,1,0.1,0.12,0,0,0,0,0,0,0,0,0,0,002200007221,N,Factura de Venta
20170913,31000903,De Vito y Cia SA,Del Pejerrey 1560,01552A,Ventas Buenos Aires,75,15,1500,75,47476.03,57446,0,0,0,21,8,0,0,0,0,15880.5,002200007221,N,Factura de Venta
20170913,31000903,De Vito y Cia SA,Del Pejerrey 1560,01555A,Ventas Buenos Aires,25,2.5,500,25,11218.88,13574.85,0,0,0,21,8,0,0,0,0,3967.75,002200007221,N,Factura de Venta
20170913,03003069,Marclima SRL,Capital Rosales 4267,01853A,Levy,10,1.25,250,10,8754.38,10592.81,0,0,0,21,0,0,0,0,0,1840.6,002200007222,N,Factura de Venta
20170913,04004740,Tarlon Juan Pablo,Av. San Martin 1550,01551IC,Hector Collia,4000,20,4000,200,26800,32428,0,0,0,0,0,0,0,0,0,16325.18,002200007228,S,Factura de Venta
20170913,04004740,Tarlon Juan Pablo,Av. San Martin 1550,01552IC,Hector Collia,4000,40,4000,200,53600,64856,0,0,0,0,0,0,0,0,0,16596.26,002200007228,S,Factura de Venta
20170913,31000903,De Vito y Cia SA,Del Pejerrey 1560,01555C,Ventas Buenos Aires,3,0.3,60,3,0.3,0.36,0,0,0,0,0,0,0,0,0,83.45,002200007221,N,Factura de Venta
20170913,07002231,Acerco SA,Bv. Domingo Zipoli Nº 440,01555C,Meier,9,0.9,180,9,0.9,1.09,0,0,0,0,0,0,0,0,0,250.36,002200007206,N,Factura de Venta
20170913,16000158,Valerio Oliva SACIA,Rodriguez Peña 2250,01555MA,Leandro Diaz,2,0.3,40,2,0.2,0.24,0,0,0,0,0,0,0,0,0,982.34,002200007251,N,Factura de Venta
20170913,03004764,Gutkoski Antenor Jose,Av. Juan M. Rosas 2034,01555MC,Levy,600,4.5,600,30,34990.68,42338.72,0,0,0,21,0,0,0,0,0,14735.14,002200007223,S,Factura de Venta
20170913,03004764,Gutkoski Antenor Jose,Av. Juan M. Rosas 2034,01555MA,Levy,3,0.45,60,3,0.3,0.36,0,0,0,0,0,0,0,0,0,1473.51,002200007223,S,Factura de Venta
20170913,16000158,Valerio Oliva SACIA,Rodriguez Peña 2250,01557C,Leandro Diaz,3,0.6,60,3,0.3,0.36,0,0,0,0,0,0,0,0,0,92.21,002200007251,N,Factura de Venta
20170913,07005106,Espa SA,Bv. de los Alemanes 3312,01557C,Meier,6,1.2,120,6,0.51,0.62,0,5,10,0,0,0,0,0,0,184.42,002200007248,N,Factura de Venta
20170913,07002231,Acerco SA,Bv. Domingo Zipoli Nº 440,01557C,Meier,12,2.4,240,12,1.2,1.45,0,0,0,0,0,0,0,0,0,368.84,002200007206,N,Factura de Venta
20170913,16005687,Plafal SRL,Manuel A. Saenz y Acceso Norte,01557ARC,Leandro Diaz,300,3,300,15,4714.08,5704.04,0,0,0,30,20,0,0,0,0,450.7,002200007250,S,Factura de Venta
20170913,07002231,Acerco SA,Bv. Domingo Zipoli Nº 440,01558ALP,Meier,5,1,200,5,0.5,0.61,0,0,0,0,0,0,0,0,0,1680.75,002200007206,N,Factura de Venta
20170913,16005687,Plafal SRL,Manuel A. Saenz y Acceso Norte,01558ECC,Leandro Diaz,800,8,800,40,18520.32,22409.58,0,0,0,30,20,0,0,0,0,15697.04,002200007250,S,Factura de Venta
20170913,03001796,Hoffman Ernesto Guillermo,Av. de Mayo 865,01558ECC,Levy,40,0.4,40,2,1306.34,1580.68,0,0,0,21,0,0,0,0,0,784.85,002200007233,S,Factura de Venta
20170913,03001796,Hoffman Ernesto Guillermo,Av. de Mayo 865,01558ESC,Levy,140,1.4,140,7,3563.54,4311.88,0,0,0,21,0,0,0,0,0,204.33,002200007233,S,Factura de Venta
20170913,03005646,Lobeca SA,"Estanislao Lopez Km 55,400",01504CC,Fernando Palmas,900,0.9,900,0,5238,6337.98,0,0,0,0,0,0,0,0,0,1377,002200007235,N,Factura de Venta
20170913,07005677,Iron Pack SRL,Montecatini 3158,01654D,Meier,500,10,500,0,16858.7,20399.02,0,5,5,0,0,0,0,0,0,12915,002200007243,S,Factura de Venta
20170913,07005677,Iron Pack SRL,Montecatini 3158,01658D,Meier,500,15,500,0,25310.62,30625.84,5,5,0,0,0,0,0,0,0,19590,002200007244,S,Factura de Venta
20170913,14003511,Ojeda Mariano Antonio,,04C00898,Disapla,1,0,0,1,0.08,0.08,0,0,0,0,0,0,0,0,0,,000000011119,,Débito (Ajustes)
20170913,03000023,Industrias Saladillo SA,IS.SA. Planta Pilar,01776B,Isolant SI,156,4.4108064,0,156,19412.64,23489.29,0,0,0,0,0,0,0,0,0,8129.16,002200007203,N,Factura de Venta
20170913,03005896,Cela Ricardo,,04C00898,Fernando Palmas,1,0,0,1,1.54,1.54,0,0,0,0,0,0,0,0,0,,000000011120,,Débito (Ajustes)
20170913,03000023,Industrias Saladillo SA,IS.SA. Planta Pilar,01777BA,Isolant SI,7,0.1869252,0,7,1181.04,1429.06,0,0,0,0,0,0,0,0,0,728.98,002200007215,N,Factura de Venta
20170913,03000023,Industrias Saladillo SA,IS.SA. Planta Pilar,01777BB,Isolant SI,2,0.132701184,0,2,886.7,1072.91,0,0,0,0,0,0,0,0,0,511.66,002200007215,N,Factura de Venta
20170913,01004029,Sologoma SRL,Av Boedo 1900 - Esquina Barrio,01654DC,Hector Collia,20,0.4,20,0,2223.06,2689.9,0,0,0,21,0,0,0,0,0,516.6,002200007220,N,Factura de Venta
20170913,01004029,Sologoma SRL,Av Boedo 1900 - Esquina Barrio,01658DC,Hector Collia,10,0.3,10,0,1622.42,1963.13,0,0,0,21,0,0,0,0,0,391.8,002200007220,N,Factura de Venta
20170913,07000012,Natali Plasticos SRL,,04C00898,Isolant SA,1,0,0,1,0.02,0.02,0,0,0,0,0,0,0,0,0,,000000011122,,Débito (Ajustes)
20170913,24002752,Rusma SRL,,01IN,Diego Fani,-1,0,0,-1,-702.81,-850.4,0,0,0,0,0,0,0,0,0,,001300000318,,Crédito de Venta
20170913,24002752,Rusma SRL,,01IN,Diego Fani,-1,0,0,-1,-855.67,-1035.37,0,0,0,0,0,0,0,0,0,,001300000319,,Crédito de Venta
20170913,03000023,Industrias Saladillo SA,IS.SA. Planta Pilar,01778BA,Isolant SI,8,0.196036,0,8,1433.68,1734.75,0,0,0,0,0,0,0,0,0,738.4,002200007214,N,Factura de Venta
20170913,03000023,Industrias Saladillo SA,IS.SA. Planta Pilar,01776BA,Isolant SI,124,3.5060256,0,124,23537.68,28480.59,0,0,0,0,0,0,0,0,0,14106.24,002200007216,N,Factura de Venta
20170913,03000023,Industrias Saladillo SA,IS.SA. Planta Pilar,01776B,Isolant SI,68,1.9226592,0,68,8461.92,10238.92,0,0,0,0,0,0,0,0,0,3543.48,002200007217,N,Factura de Venta
20170913,03000023,Industrias Saladillo SA,IS.SA. Planta Pilar,01777BA,Isolant SI,4,0.1068144,0,4,674.88,816.6,0,0,0,0,0,0,0,0,0,416.56,002200007218,N,Factura de Venta
20170913,05003822,Tapitel SA,,01IN,Ventas Buenos Aires,-1,0,0,-1,-304.44,-368.37,0,0,0,0,0,0,0,0,0,,001300000313,,Crédito de Venta
20170913,07003238,Cooperativa de Provision de Servicios para Comerciantes,,04C00898,Meier,1,0,0,1,0.83,0.83,0,0,0,0,0,0,0,0,0,,000000011121,,Débito (Ajustes)
20170913,07000012,Natali Plasticos SRL,,01IN,Isolant SA,-1,0,0,-1,-10961.79,-13263.77,0,0,0,0,0,0,0,0,0,,001300000314,N,Crédito de Venta
20170913,24002089,AD Interiores De Puccinelli Daniel y Helu Alicia,,01IN,Meier,-1,0,0,-1,-715.12,-865.3,0,0,0,0,0,0,0,0,0,,001300000315,N,Crédito de Venta
20170913,24002089,AD Interiores De Puccinelli Daniel y Helu Alicia,,01IN,Meier,-1,0,0,-1,-281.36,-340.45,0,0,0,0,0,0,0,0,0,,001300000316,,Crédito de Venta
20170913,29002554,Perkusic Hnos SRL,,01IN,Hector Collia,-1,0,0,-1,-831.81,-1006.49,0,0,0,0,0,0,0,0,0,,001300000317,,Crédito de Venta

