﻿FechaTxt,Codigo_Cliente,Cliente,EntDir,Codigo_Articulo,Vendedor,cantidad,Mts3,Mts2,Rollos,Importe_Bruto,Importe_Neto,Dto_Contado,Dto_Flete,Dto_Especial,Bonificacion,Desc_Adicional,cantidad_elaborada,m2_ocupados,costo_unitario,costo_total_stock,Costo_de_venta,comp,C_Construccion,nomdoc
20170906,29005567,Maderas Milanese S.A.,Colectora Panizza de Gomez y R. Hernández,01603B,Hector Collia,30,1.5,750,30,7048.85,8529.11,0,0,0,21,0,0,0,0,0,2541,002200007019,N,Factura de Venta
20170906,29005567,Maderas Milanese S.A.,Colectora Panizza de Gomez y R. Hernández,01555A,Hector Collia,5,0.5,100,5,2438.89,2951.05,0,0,0,21,0,0,0,0,0,796.85,002200007019,N,Factura de Venta
20170906,16005311,Manrique Margarita Rosa,Buenos Aires 555,01524GC,Leandro Diaz,250,2.5,250,0,8431.28,10201.84,0,0,0,21,0,0,0,0,0,2485,002200007023,N,Factura de Venta
20170906,03000357,Laboratorios Valmax SA,Sub Perdomo 1619,01507VK,Isolant SI,1080,1.62,1080,0,5994,7252.74,0,0,0,0,0,0,0,0,0,3348,002200007030,N,Factura de Venta
20170906,04005689,Polifoam SRL,Alte. Brown 3985,01558ES,Isolant SI,3,0.6,60,3,1148.46,1389.64,0,0,0,32.5,12,0,0,0,0,759.33,002200007036,N,Factura de Venta
20170906,03000023,Industrias Saladillo SA,IS.SA. Planta Pilar,01525AH,Isolant SI,900,9,900,0,13581,16433.01,0,0,0,0,0,0,0,0,0,9144,002200007038,N,Factura de Venta
20170906,04004334,Fapex SA,Rio Potrero 175 (Esq. Rio de Rey) Barrio CinaCina,01557ARF,Isolant SI,281,56.2,5620,281,80902.71,97892.28,0,0,0,0,0,0,0,0,0,63463.85,002200007046,N,Factura de Venta
20170906,11002822,A Ropelato SRL,9 de Julio 1324,01555AR,Victor Casañas,275,27.5,5500,275,52800,63888,0,0,0,0,0,0,0,0,0,35552,002200007049,N,Factura de Venta
20170906,11002822,A Ropelato SRL,9 de Julio 1324,01557AR,Victor Casañas,150,30,3000,150,44250,53542.5,0,0,0,0,0,0,0,0,0,33877.5,002200007049,N,Factura de Venta
20170906,04004334,Fapex SA,Rio Potrero 175 (Esq. Rio de Rey) Barrio CinaCina,01555ARF,Isolant SI,549,54.9,10980,549,91820.25,111102.5,0,0,0,0,0,0,0,0,0,70974.72,002200007017,N,Factura de Venta
20170906,04005401,Interlicchia Felix Salvador,Avenida Pedro Diaz 2865,06C001CO,Esteban Bergamaschi,1,0,0,1,0.1,0.1,0,0,10,0,0,0,0,0,0,0,002200007029,S,Factura de Venta
20170906,04005689,Polifoam SRL,Alte. Brown 3985,01772AB,Isolant SI,3,0.56832,0,3,3353.55,4057.8,0,0,0,0,0,0,0,0,0,929.01,002200007031,N,Factura de Venta
20170906,04005689,Polifoam SRL,Alte. Brown 3985,01772AB,Isolant SI,3,0.56832,0,3,3353.55,4057.8,0,0,0,0,0,0,0,0,0,929.01,002200007032,N,Factura de Venta
20170906,04005689,Polifoam SRL,Alte. Brown 3985,01764C,Isolant SI,3,0.19791,0,3,1550.82,1876.49,0,0,0,0,0,0,0,0,0,761.82,002200007033,N,Factura de Venta
20170906,04005689,Polifoam SRL,Alte. Brown 3985,01769A,Isolant SI,7,0.2331,0,7,1107.61,1340.21,0,0,0,0,0,0,0,0,0,286.65,002200007034,N,Factura de Venta
20170906,04005689,Polifoam SRL,Alte. Brown 3985,01769A,Isolant SI,14,0.4662,0,14,2215.22,2680.42,0,0,0,0,0,0,0,0,0,573.3,002200007035,N,Factura de Venta
20170906,31005663,Rubber King SA,Av. Monteverde 4170,01524GC,Hector Collia,225,2.25,225,0,6722.1,8133.74,0,0,0,30,0,0,0,0,0,2236.5,002200007040,S,Factura de Venta
20170906,10003287,Neomat SA,Retira de Fabrica,01557AR,Norberto Oppezzo,24,4.8,480,24,7490.01,9062.91,0,0,20,21,12,0,0,0,0,5420.4,002200007044,N,Factura de Venta
20170906,03000023,Industrias Saladillo SA,IS.SA. Planta Pilar,01525AH,Isolant SI,2160,21.6,2160,0,32594.4,39439.22,0,0,0,0,0,0,0,0,0,21945.6,002200007045,N,Factura de Venta
20170906,04004334,Fapex SA,Rio Potrero 175 (Esq. Rio de Rey) Barrio CinaCina,01555ARF,Isolant SI,15,1.5,300,15,2508.75,3035.59,0,0,0,0,0,0,0,0,0,1939.2,002200007018,N,Factura de Venta
20170906,06005917,Carpinteria Vargas SRL,"Hilarion Furque 300-398, Esq Herrera",01555AR,Pedro Cocaña,40,4,800,40,10145.19,12275.68,0,0,0,21,12,0,0,0,0,5171.2,002200007024,N,Factura de Venta
20170906,06005917,Carpinteria Vargas SRL,"Hilarion Furque 300-398, Esq Herrera",01557AR,Pedro Cocaña,10,2,200,10,3901.05,4720.26,0,0,0,21,12,0,0,0,0,2258.5,002200007024,N,Factura de Venta
20170906,01005292,Adamant SRL,Paysandu 923 (entre Crisologo Larralde y Lucena),01500CC,Isolant SI,9000,4.5,9000,0,14580,17641.8,0,0,0,0,0,0,0,0,0,12240,002200007037,N,Factura de Venta
20170906,02003841,Ricardo Ospital SA,Av. Hipolito Irigoyen 13536,06C001CO,Ventas Buenos Aires,1,0,0,1,0.1,0.12,0,0,0,0,0,0,0,0,0,0,002200007039,N,Factura de Venta
20170906,02003841,Ricardo Ospital SA,Av. Hipolito Irigoyen 13536,01603B,Ventas Buenos Aires,50,2.5,1250,50,11748.09,14215.19,0,0,0,21,0,0,0,0,0,4235,002200007039,N,Factura de Venta
20170906,02003841,Ricardo Ospital SA,Av. Hipolito Irigoyen 13536,01763C,Ventas Buenos Aires,2,0.12064,0,2,1981.78,2397.95,0,0,0,21,0,0,0,0,0,479.68,002200007039,N,Factura de Venta
20170906,02003841,Ricardo Ospital SA,Av. Hipolito Irigoyen 13536,01765C,Ventas Buenos Aires,2,0.11762,0,2,1976.67,2391.78,0,0,0,21,0,0,0,0,0,423.08,002200007039,N,Factura de Venta
20170906,31005663,Rubber King SA,Av. Monteverde 4170,01854A,Hector Collia,1,0.25,25,1,1123,1358.82,0,0,0,30,0,0,0,0,0,402.68,002200007040,S,Factura de Venta
20170906,01005292,Adamant SRL,Paysandu 923 (entre Crisologo Larralde y Lucena),01508BA,Isolant SI,1440,2.88,1440,0,5241.6,6342.34,0,0,0,0,0,0,0,0,0,3456,002200007037,N,Factura de Venta
20170906,01005292,Adamant SRL,Paysandu 923 (entre Crisologo Larralde y Lucena),01652AC,Isolant SI,200,3,200,0,6178.2,7475.62,0,0,0,30,0,0,0,0,0,3824,002200007037,N,Factura de Venta
20170906,01005292,Adamant SRL,Paysandu 923 (entre Crisologo Larralde y Lucena),01654AC,Isolant SI,70,1.4,70,0,3046.33,3686.06,0,0,0,30,0,0,0,0,0,1662.5,002200007037,N,Factura de Venta
20170906,01005292,Adamant SRL,Paysandu 923 (entre Crisologo Larralde y Lucena),01552I,Isolant SI,100,20,4000,100,27000,32670,0,0,0,0,0,0,0,0,0,19029,002200007037,N,Factura de Venta
20170906,01005292,Adamant SRL,Paysandu 923 (entre Crisologo Larralde y Lucena),01656AC,Isolant SI,140,3.5,140,0,7450.94,9015.64,0,0,0,30,0,0,0,0,0,4095,002200007037,N,Factura de Venta
20170906,01005292,Adamant SRL,Paysandu 923 (entre Crisologo Larralde y Lucena),01500ASA,Isolant SI,12200,6.1,12200,0,19764,23914.44,0,0,0,0,0,0,0,0,0,15128,002200007037,N,Factura de Venta
20170906,07000012,Natali Plasticos SRL,Alvear 1475,01557A,Isolant SA,29,5.8,580,29,14179.46,17157.15,0,3,10,32.5,12,0,0,0,0,7433.86,002200007028,N,Factura de Venta
20170906,07000012,Natali Plasticos SRL,Alvear 1475,01603A,Isolant SA,30,1.5,750,30,4182.14,5060.39,0,3,10,32.5,0,0,0,0,0,1563.9,002200007028,N,Factura de Venta
20170906,07000012,Natali Plasticos SRL,Alvear 1475,01555EC,Isolant SA,150,15,3000,150,29590.77,35804.83,0,3,10,0,0,0,0,0,0,23514,002200007028,N,Factura de Venta
20170906,07000012,Natali Plasticos SRL,Alvear 1475,01558ES,Isolant SA,100,20,2000,100,29743.98,35990.22,0,3,10,0,0,0,0,0,0,25311,002200007028,N,Factura de Venta
20170906,07000012,Natali Plasticos SRL,Alvear 1475,01555ED,Isolant SA,50,5,1000,50,14712.67,17802.33,0,3,10,0,0,0,0,0,0,14859,002200007028,N,Factura de Venta
20170906,01005292,Adamant SRL,Paysandu 923 (entre Crisologo Larralde y Lucena),01666ACP,Isolant SI,110,5.5,110,0,10752.28,13010.26,0,0,0,30,0,0,0,0,0,5955.4,002200007037,N,Factura de Venta
20170906,30000177,Guerra Alfredo Felix,Lavalle 20,06C001CO,Disapla,1,0,0,1,0.1,0.12,0,0,0,0,0,0,0,0,0,0,002200007021,N,Factura de Venta
20170906,30000177,Guerra Alfredo Felix,Lavalle 20,01558ES,Disapla,30,6,600,30,15274.18,18481.75,0,0,0,21,0,0,0,0,0,7593.3,002200007021,N,Factura de Venta
20170906,29003023,Fiol S R L,Ruta 205 Km 182 N°2144,01960DA,Hector Collia,10,0,0,10,29449.3,35633.66,0,0,0,21,0,0,0,0,0,11067,002200007022,N,Factura de Venta
20170906,29002098,Cisilotto Hnos SACIFEI,Colectora Gaona y Ruta 5,01557A,Hector Collia,100,20,2000,100,56007.67,67769.28,0,0,10,25,12,0,0,0,0,25634,002200007026,N,Factura de Venta
20170906,29002098,Cisilotto Hnos SACIFEI,Colectora Gaona y Ruta 5,01558BC,Hector Collia,2,0.4,40,2,1996.37,2415.6,0,0,10,25,0,0,0,0,0,1074.18,002200007026,N,Factura de Venta
20170906,07000012,Natali Plasticos SRL,Alvear 1475,01555A,Isolant SA,50,5,1000,50,16009.05,19370.95,0,3,10,32.5,12,0,0,0,0,7968.5,002200007028,N,Factura de Venta
20170906,28003683,SIKA BOLIVIA S.A.,Carretera Cotoca km 11 - Zona Industrial Guapilo,01900A,Fernando Palmas,35,2.639,0,35,68052.6,68052.6,0,0,0,0,0,0,0,0,0,42645.05,001500000675,,Factura Exterior
20170906,28003683,SIKA BOLIVIA S.A.,Carretera Cotoca km 11 - Zona Industrial Guapilo,01903A,Fernando Palmas,30,2.2797,0,30,27292.16,27292.16,0,0,0,0,0,0,0,0,0,19465.5,001500000675,,Factura Exterior
20170906,28003683,SIKA BOLIVIA S.A.,Carretera Cotoca km 11 - Zona Industrial Guapilo,0402GTOSCONSO,Fernando Palmas,1,0,0,1,14461.9,14461.9,0,0,0,0,0,0,0,0,0,0,001500000675,,Factura Exterior
20170906,29002098,Cisilotto Hnos SACIFEI,Colectora Gaona y Ruta 5,01557A,Hector Collia,50,10,1000,50,28003.83,33884.64,0,0,10,25,12,0,0,0,0,12817,002200007048,N,Factura de Venta
20170906,29002098,Cisilotto Hnos SACIFEI,Colectora Gaona y Ruta 5,01558BC,Hector Collia,28,5.6,560,28,27949.13,33818.45,0,0,10,25,0,0,0,0,0,15038.52,002200007048,N,Factura de Venta
20170906,29002554,Perkusic Hnos SRL,Rivadavia 1327,01960DA ,Hector Collia,20,0,0,20,53679.74,64952.5,0,0,4,25,0,0,0,0,0,22134,002200007020,S,Factura de Venta
20170906,02005827,A.D.Barbieri S.A,Luis Maria Drago 1382 Parque Industrial Almirante Brown,01753AD,Isolant SA,48,1.8,0,48,22886.4,27692.54,0,0,0,0,0,0,0,0,0,20456.64,002200007041,N,Factura de Venta
20170906,10005925,Neomat De La Patagonia S.A,Paseo de los arrieros 2622 E/ Balbin y Los Sauces,01551I,Norberto Oppezzo,150,15,3000,150,27582.06,33374.29,0,0,0,21,12,0,0,0,0,11664,002200007043,N,Factura de Venta
20170906,10005925,Neomat De La Patagonia S.A,Paseo de los arrieros 2622 E/ Balbin y Los Sauces,01555AR,Norberto Oppezzo,320,32,6400,320,81161.54,98205.46,0,0,0,21,12,0,0,0,0,41369.6,002200007043,N,Factura de Venta
20170906,10005925,Neomat De La Patagonia S.A,Paseo de los arrieros 2622 E/ Balbin y Los Sauces,01557AR,Norberto Oppezzo,40,8,800,40,15604.18,18881.06,0,0,0,21,12,0,0,0,0,9034,002200007043,N,Factura de Venta
20170906,07005932,Fluidos SA,Los Piamonteses 1160,01557AR,Meier,197,39.4,3940,197,53781.3,65075.37,0,5,10,0,0,0,0,0,0,44492.45,002200007047,N,Factura de Venta
20170906,27004790,Luciano Pablo Nestor,Camino del Peru 2150 (esq. Pje Roca),06C001CO,Pedro Cocaña,1,0,0,1,0.06,0.08,3,0,28,0,0,0,0,0,0,0,002200007050,S,Factura de Venta
20170906,01004400,Sider Group SA,Av. Champagnat 1255,01555AA,Ventas Buenos Aires,600,3,600,30,12880.66,15585.6,0,0,0,21,12,0,0,0,0,834.53,002200007025,S,Factura de Venta
20170906,01004400,Sider Group SA,Av. Champagnat 1255,01555C,Ventas Buenos Aires,3,0.3,60,3,0.3,0.36,0,0,0,0,0,0,0,0,0,83.45,002200007025,S,Factura de Venta
20170906,04005401,Interlicchia Felix Salvador,Avenida Pedro Diaz 2865,01555AKC,Esteban Bergamaschi,750,22.5,750,50,9300.74,11253.88,0,0,10,21,12,0,0,0,0,2407.35,002200007029,S,Factura de Venta
20170906,27004790,Luciano Pablo Nestor,Camino del Peru 2150 (esq. Pje Roca),01555ARC,Pedro Cocaña,2000,10,2000,100,16833.68,20368.74,3,0,28,25,12,0,0,0,0,3114.34,002200007050,S,Factura de Venta
20170906,01004400,Sider Group SA,Av. Champagnat 1255,01555ECC,Ventas Buenos Aires,100,0.5,100,5,1484.94,1796.78,0,0,0,21,12,0,0,0,0,118.61,002200007025,S,Factura de Venta
20170906,01004400,Sider Group SA,Av. Champagnat 1255,01555ECC,Ventas Buenos Aires,1000,5,1000,50,14849.48,17967.86,0,0,0,21,12,0,0,0,0,1186.15,002200007025,S,Factura de Venta
20170906,04005401,Interlicchia Felix Salvador,Avenida Pedro Diaz 2865,01555ECC,Esteban Bergamaschi,400,2,400,20,5345.8,6468.44,0,0,10,21,12,0,0,0,0,474.46,002200007029,S,Factura de Venta
20170906,27004790,Luciano Pablo Nestor,Camino del Peru 2150 (esq. Pje Roca),01555EDC,Pedro Cocaña,1000,5,1000,50,16317.42,19744.08,0,3,20,25,12,0,0,0,0,14567.84,002200007051,S,Factura de Venta
20170906,29002098,Cisilotto Hnos SACIFEI,Colectora Gaona y Ruta 5,01557C,Hector Collia,14,2.8,280,14,1.26,1.52,0,0,10,0,0,0,0,0,0,430.31,002200007048,N,Factura de Venta
20170906,29002098,Cisilotto Hnos SACIFEI,Colectora Gaona y Ruta 5,01557C,Hector Collia,4,0.8,80,4,0.36,0.44,0,0,10,0,0,0,0,0,0,122.95,002200007026,N,Factura de Venta
20170906,01004400,Sider Group SA,Av. Champagnat 1255,01559AA,Ventas Buenos Aires,1500,15,1500,75,49157.6,59480.68,0,0,0,21,12,0,0,0,0,2305.24,002200007025,S,Factura de Venta
20170906,01004400,Sider Group SA,Av. Champagnat 1255,01557C,Ventas Buenos Aires,9,1.8,180,9,0.9,1.08,0,0,0,0,0,0,0,0,0,276.63,002200007025,S,Factura de Venta
20170906,04005401,Interlicchia Felix Salvador,Avenida Pedro Diaz 2865,01557AKC,Esteban Bergamaschi,750,5.25,750,50,14312.44,17318.04,0,0,10,21,12,0,0,0,0,1701.77,002200007029,S,Factura de Venta
20170906,27004790,Luciano Pablo Nestor,Camino del Peru 2150 (esq. Pje Roca),01557ARC,Pedro Cocaña,500,5,500,25,5761.8,6971.78,0,3,10,0,0,0,0,0,0,751.17,002200007052,S,Factura de Venta
20170906,01004400,Sider Group SA,Av. Champagnat 1255,01568BC,Ventas Buenos Aires,1280,12.8,1280,64,74768.12,90469.44,0,0,0,21,0,0,0,0,0,28031.53,002200007025,S,Factura de Venta
20170906,27004790,Luciano Pablo Nestor,Camino del Peru 2150 (esq. Pje Roca),01558ECC,Pedro Cocaña,1000,10,1000,50,19055.42,23057.06,3,0,28,25,12,0,0,0,0,19621.3,002200007050,S,Factura de Venta
20170906,04005401,Interlicchia Felix Salvador,Avenida Pedro Diaz 2865,01558ECC,Esteban Bergamaschi,200,2,200,10,5173.12,6259.48,0,0,10,21,12,0,0,0,0,3924.26,002200007029,S,Factura de Venta
20170906,01004400,Sider Group SA,Av. Champagnat 1255,01558ESC,Ventas Buenos Aires,1600,16,1600,80,35838.96,43365.12,0,0,0,21,12,0,0,0,0,2335.24,002200007025,S,Factura de Venta
20170906,04005401,Interlicchia Felix Salvador,Avenida Pedro Diaz 2865,01558ESC,Esteban Bergamaschi,400,4,400,20,8063.76,9757.16,0,0,10,21,12,0,0,0,0,583.81,002200007029,S,Factura de Venta
20170906,27004790,Luciano Pablo Nestor,Camino del Peru 2150 (esq. Pje Roca),01654ONC,Pedro Cocaña,5,0.84,5,0,2198.7,2660.44,0,3,0,25,12,0,0,0,0,0,002200007053,S,Factura de Venta
20170906,27004790,Luciano Pablo Nestor,Camino del Peru 2150 (esq. Pje Roca),01655ONC,Pedro Cocaña,5,0.84,5,0,2661.96,3220.96,0,3,0,25,12,0,0,0,0,0,002200007053,S,Factura de Venta
20170906,16005311,Manrique Margarita Rosa,Buenos Aires 555,01654DC,Leandro Diaz,30,0.6,30,0,3334.59,4034.85,0,0,0,21,0,0,0,0,0,775.2,002200007023,N,Factura de Venta
20170906,16005311,Manrique Margarita Rosa,Buenos Aires 555,01514PC,Leandro Diaz,125,0.625,125,0,2611.94,3160.44,0,0,0,21,0,0,0,0,0,860,002200007023,N,Factura de Venta
20170906,01001234,Indian Carpet SA,,04C00898,Luis Ramirez,1,0,0,1,0.08,0.08,0,0,0,0,0,0,0,0,0,,000000011109,,Débito (Ajustes)
20170906,01002323,Raciti Juan D. Raciti Gustavo J. Raciti de Cela Ana M.,,04C00898,Luis Ramirez,1,0,0,1,228.09,228.09,0,0,0,0,0,0,0,0,0,,000000011107,,Débito (Ajustes)
20170906,01003523,Outside Mountain Equipment SRL,,04C00898,Luis Ramirez,1,0,0,1,37.61,37.61,0,0,0,0,0,0,0,0,0,,000000011110,,Débito (Ajustes)
20170906,01004791,Aplimas SA,,04C00898,Luis Ramirez,1,0,0,1,55.43,55.43,0,0,0,0,0,0,0,0,0,,000000011111,,Débito (Ajustes)
20170906,01005062,Gijugo Norte S.A.,,04C00898,Luis Ramirez,1,0,0,1,469.6,469.6,0,0,0,0,0,0,0,0,0,,000000011112,,Débito (Ajustes)
20170906,27005760,Amado Cesar Adad e Hijos SRL,,04C00898,Pedro Cocaña,1,0,0,1,1.89,1.89,0,0,0,0,0,0,0,0,0,,000000011106,,Débito (Ajustes)
20170906,01001234,Indian Carpet SA,,04C00898,Luis Ramirez,1,0,0,1,389.74,389.74,0,0,0,0,0,0,0,0,0,,000000011108,,Débito (Ajustes)
20170906,03000023,Industrias Saladillo SA,IS.SA. Planta Pilar,01776B,Isolant SI,244,6.8989536,0,244,30363.36,36739.67,0,0,0,0,0,0,0,0,0,12595.28,002200007027,N,Factura de Venta
20170906,03000023,Industrias Saladillo SA,IS.SA. Planta Pilar,01778B,Isolant SI,205,5.0234225,0,205,24126.45,29193,0,0,0,0,0,0,0,0,0,9669.85,002200007042,N,Factura de Venta

