﻿FechaTxt,Codigo_Cliente,Cliente,EntDir,Codigo_Articulo,Vendedor,cantidad,Mts3,Mts2,Rollos,Importe_Bruto,Importe_Neto,Dto_Contado,Dto_Flete,Dto_Especial,Bonificacion,Desc_Adicional,cantidad_elaborada,m2_ocupados,costo_unitario,costo_total_stock,Costo_de_venta,comp,C_Construccion,nomdoc
20170801,01002325,Centro Sec SRL,Av. Cordoba 5625,01557A,Hector Collia,40,8,800,40,24892.3,30119.68,0,0,0,25,12,0,0,0,0,1150.83,002200006344,N,Factura de Venta
20170801,01002325,Centro Sec SRL,Av. Cordoba 5625,01555M,Hector Collia,50,7.5,1000,50,48693.81,58919.51,0,0,0,25,12,0,0,0,0,23796.13,002200006344,N,Factura de Venta
20170801,01005292,Adamant SRL,Paysandu 923 (entre Crisologo Larralde y Lucena),01500D,Isolant SI,4050,2.025,4050,0,6196.5,7497.76,0,0,0,0,0,0,0,0,0,5917.35,002200006336,N,Factura de Venta
20170801,01005292,Adamant SRL,Paysandu 923 (entre Crisologo Larralde y Lucena),01500D,Isolant SI,450,0.225,450,0,688.5,833.08,0,0,0,0,0,0,0,0,0,657.48,002200006336,N,Factura de Venta
20170801,01005292,Adamant SRL,Paysandu 923 (entre Crisologo Larralde y Lucena),01508BA,Isolant SI,960,1.92,960,0,3235.2,3914.59,0,0,0,0,0,0,0,0,0,2159.97,002200006336,N,Factura de Venta
20170801,01005292,Adamant SRL,Paysandu 923 (entre Crisologo Larralde y Lucena),01500ASA,Isolant SI,1800,0.9,1800,0,2754,3332.34,0,0,0,0,0,0,0,0,0,1977.08,002200006336,N,Factura de Venta
20170801,07005677,Iron Pack SRL,Montecatini 3158,01901A,Meier,3,0.23562,0,3,4611.2,5579.56,0,5,5,40,0,0,0,0,0,1522.65,002200006362,S,Factura de Venta
20170801,07005677,Iron Pack SRL,Montecatini 3158,01903A,Meier,5,0.37995,0,5,5027.4,6083.14,0,5,5,40,0,0,0,0,0,2039.96,002200006362,S,Factura de Venta
20170801,07005677,Iron Pack SRL,Montecatini 3158,01905A,Meier,6,0.42708,0,6,3635.76,4399.28,0,5,5,40,0,0,0,0,0,1385.75,002200006362,S,Factura de Venta
20170801,03003751,Indupoles Argentina SA,Parque Ind. Campana - Km70 de Panamericana - Lote 12,01508D,Isolant SI,1500,3,1500,1500,5400,6534,0,0,0,0,0,0,0,0,0,4222.67,002200006350,N,Factura de Venta
20170801,03003751,Indupoles Argentina SA,Parque Ind. Campana - Km70 de Panamericana - Lote 12,01500AIN,Isolant SI,40500,20.25,40500,40500,61560,74487.6,0,0,0,0,0,0,0,0,0,48188.68,002200006350,N,Factura de Venta
20170801,03003751,Indupoles Argentina SA,Parque Ind. Campana - Km70 de Panamericana - Lote 12,01510D,Isolant SI,1440,4.32,1440,1440,7171.2,8677.15,0,0,0,0,0,0,0,0,0,8472.19,002200006350,N,Factura de Venta
20170801,03003751,Indupoles Argentina SA,Parque Ind. Campana - Km70 de Panamericana - Lote 12,01508D,Isolant SI,3750,7.5,3750,3750,13500,16335,0,0,0,0,0,0,0,0,0,10556.67,002200006350,N,Factura de Venta
20170801,03003751,Indupoles Argentina SA,Parque Ind. Campana - Km70 de Panamericana - Lote 12,01500BIN,Isolant SI,7800,3.9,7800,7800,11856,14345.76,0,0,0,0,0,0,0,0,0,7296.9,002200006350,N,Factura de Venta
20170801,07005677,Iron Pack SRL,Montecatini 3158,01900A,Meier,6,0.4524,0,6,11446.48,13850.24,0,5,5,40,0,0,0,0,0,3654.22,002200006362,S,Factura de Venta
20170801,28004489,COMERCIAL E INVERSIONES CROSUR LTDA.,"Av. Principal sitio 26 Mz.11, Zona Franca, Punta Arenas",01765A,Isolant SI,25,1.1625,0,25,6635.18,6635.18,0,0,0,0,0,0,0,0,0,662.93,001500000670,,Factura Exterior
20170801,28004489,COMERCIAL E INVERSIONES CROSUR LTDA.,"Av. Principal sitio 26 Mz.11, Zona Franca, Punta Arenas",01767A,Isolant SI,50,2.1205,0,50,13270.36,13270.36,0,0,0,0,0,0,0,0,0,1637.35,001500000670,,Factura Exterior
20170801,28004489,COMERCIAL E INVERSIONES CROSUR LTDA.,"Av. Principal sitio 26 Mz.11, Zona Franca, Punta Arenas",0402GTOSCONSO,Isolant SI,1,0,0,1,16172.7,16172.7,0,0,0,0,0,0,0,0,0,0,001500000670,,Factura Exterior
20170801,01002325,Centro Sec SRL,Av. Cordoba 5625,01557A,Hector Collia,60,12,1200,60,37338.44,45179.52,0,0,0,25,12,0,0,0,0,1726.24,002200006345,N,Factura de Venta
20170801,24003365,MC M S.A.,Moreno 1325,01603B,Diego Fani,25,1.25,625,25,5576.62,6747.72,0,0,0,25,0,0,0,0,0,912.74,002200006346,N,Factura de Venta
20170801,29002213,Genoud Hnos SA,Ruta 8 Y Bcs Del Parana,01555M,Disapla,10,1.5,200,10,11657,14104.97,0,0,0,21,0,0,0,0,0,4759.23,002200006348,N,Factura de Venta
20170801,16002850,Mafra Distribuidora SA,Iaccarini 50,01558EC,Leandro Diaz,100,20,2000,100,40740,49295.4,0,3,0,0,0,0,0,0,0,38481.64,002200006356,N,Factura de Venta
20170801,29002225,Marotta Ricardo Americo,Calle 49 entre 13 y 14,01555M,Disapla,20,3,400,20,24199.35,29281.21,0,0,0,18,0,0,0,0,0,9518.45,002200006353,N,Factura de Venta
20170801,29002225,Marotta Ricardo Americo,Calle 49 entre 13 y 14,01750A,Disapla,3,0,0,3,2160.25,2613.9,0,0,0,18,0,0,0,0,0,0,002200006353,N,Factura de Venta
20170801,28004489,COMERCIAL E INVERSIONES CROSUR LTDA.,"Av. Principal sitio 26 Mz.11, Zona Franca, Punta Arenas",01603A,Isolant SI,350,17.5,8750,350,48771.62,48771.62,0,0,0,0,0,0,0,0,0,9399.93,001500000670,,Factura Exterior
20170801,28004489,COMERCIAL E INVERSIONES CROSUR LTDA.,"Av. Principal sitio 26 Mz.11, Zona Franca, Punta Arenas",01762A,Isolant SI,4,0.20356,0,4,1013.37,1013.37,0,0,0,0,0,0,0,0,0,0,001500000670,,Factura Exterior
20170801,28004489,COMERCIAL E INVERSIONES CROSUR LTDA.,"Av. Principal sitio 26 Mz.11, Zona Franca, Punta Arenas",01792AA,Isolant SI,34,1.70918,0,34,10842.88,10842.88,0,0,0,0,0,0,0,0,0,1930.43,001500000670,,Factura Exterior
20170801,07005106,Espa SA,Bv. de los Alemanes 3312,01555AR,Meier,50,5,1000,50,10274.25,12431.84,0,5,0,0,0,0,0,0,0,1632.27,002200006354,N,Factura de Venta
20170801,07005106,Espa SA,Bv. de los Alemanes 3312,01557AR,Meier,50,10,1000,50,15166.75,18351.77,0,5,0,0,0,0,0,0,0,1375.57,002200006354,N,Factura de Venta
20170801,07005106,Espa SA,Bv. de los Alemanes 3312,01557AK,Meier,25,2.625,375,25,5764.32,6974.83,0,5,0,32.5,12,0,0,0,0,712.83,002200006355,N,Factura de Venta
20170801,07005106,Espa SA,Bv. de los Alemanes 3312,01550I,Meier,10,0.4,200,10,708.7,857.53,0,5,0,0,0,0,0,0,0,318.05,002200006355,N,Factura de Venta
20170801,07005106,Espa SA,Bv. de los Alemanes 3312,01551I,Meier,20,2,400,20,2470,2988.7,0,5,0,0,0,0,0,0,0,1552.6,002200006355,N,Factura de Venta
20170801,16002850,Mafra Distribuidora SA,Iaccarini 50,01558ES,Leandro Diaz,110,22,2200,110,33973.28,41107.67,0,3,0,0,0,0,0,0,0,3180.17,002200006356,N,Factura de Venta
20170801,01004209,Brifitel SRL,Pasteur 677,01524GC,Hector Collia,500,5,500,0,12685.05,15348.91,0,0,0,30,10,0,0,0,0,4097.39,002200006352,N,Factura de Venta
20170801,31004346,Fauszleger Sociedad Anonima,Av. Jara 3063,01557A,Ventas Buenos Aires,100,20,2000,100,62428.26,75538.2,0,0,0,21,12,0,0,0,0,2877.07,002200006341,N,Factura de Venta
20170801,31004346,Fauszleger Sociedad Anonima,Av. Jara 3063,01555M,Ventas Buenos Aires,50,7.5,1000,50,48848.23,59106.36,0,0,0,21,12,0,0,0,0,23796.13,002200006341,N,Factura de Venta
20170801,31004346,Fauszleger Sociedad Anonima,Av. Jara 3063,01558EC,Ventas Buenos Aires,40,8,800,40,22329.82,27019.09,0,0,0,21,12,0,0,0,0,15392.66,002200006341,N,Factura de Venta
20170801,31004346,Fauszleger Sociedad Anonima,Av. Jara 3063,01557AR,Ventas Buenos Aires,60,12,1200,60,22724.7,27496.88,0,0,0,21,12,0,0,0,0,1650.68,002200006341,N,Factura de Venta
20170801,07005106,Espa SA,Bv. de los Alemanes 3312,01555AK,Meier,60,2.7,900,60,10073.77,12189.26,0,5,0,32.5,12,0,0,0,0,7239.57,002200006354,N,Factura de Venta
20170801,03003751,Indupoles Argentina SA,Parque Ind. Campana - Km70 de Panamericana - Lote 12,01515B,Isolant SI,1400,7,1400,0,14000,16940,0,0,0,0,0,0,0,0,0,7295.49,002200006337,N,Factura de Venta
20170801,22003435,Sidermet San Luis SA,Ruta 3 Km 1 Extremo Sur,01555A,Leandro Diaz,50,5,1000,50,20440.27,24732.73,0,0,0,21,12,0,0,0,0,1285.38,002200006342,N,Factura de Venta
20170801,22003435,Sidermet San Luis SA,Ruta 3 Km 1 Extremo Sur,01557A,Leandro Diaz,40,8,800,40,24971.31,30215.28,0,0,0,21,12,0,0,0,0,1150.83,002200006342,N,Factura de Venta
20170801,22003435,Sidermet San Luis SA,Ruta 3 Km 1 Extremo Sur,01558BC,Leandro Diaz,20,4,400,20,22684.38,27448.09,0,0,0,21,0,0,0,0,0,8275.78,002200006342,N,Factura de Venta
20170801,16002012,Zapata Goma Sociedad Anonima,Salta 745,01666ACP,Leandro Diaz,10,0.5,10,0,2347.52,2840.5,0,0,0,30,0,0,0,0,0,611.01,002200006347,N,Factura de Venta
20170801,01005292,Adamant SRL,Paysandu 923 (entre Crisologo Larralde y Lucena),01766A,Isolant SI,30,1.1874,0,30,4851.6,5870.44,0,0,0,0,0,0,0,0,0,1988.45,002200006349,N,Factura de Venta
20170801,07005677,Iron Pack SRL,Monseñor Marcon 3976 (Ex Pichincha),01666ACP,Meier,100,5,100,0,7840.92,9487.52,0,5,5,0,0,0,0,0,0,6110.05,002200006363,S,Factura de Venta
20170801,07005677,Iron Pack SRL,Monseñor Marcon 3976 (Ex Pichincha),01654ACP,Meier,100,2,100,0,3372.64,4080.9,0,5,5,0,0,0,0,0,0,2970.36,002200006363,S,Factura de Venta
20170801,03003751,Indupoles Argentina SA,Parque Ind. Campana - Km70 de Panamericana - Lote 12,01508D,Isolant SI,3750,7.5,3750,3750,13500,16335,0,0,0,0,0,0,0,0,0,10556.67,002200006337,N,Factura de Venta
20170801,03003751,Indupoles Argentina SA,Parque Ind. Campana - Km70 de Panamericana - Lote 12,01500AIN,Isolant SI,19500,9.75,19500,19500,29640,35864.4,0,0,0,0,0,0,0,0,0,23201.96,002200006337,N,Factura de Venta
20170801,03003751,Indupoles Argentina SA,Parque Ind. Campana - Km70 de Panamericana - Lote 12,01500BIN,Isolant SI,21000,10.5,21000,21000,31920,38623.2,0,0,0,0,0,0,0,0,0,19645.51,002200006337,N,Factura de Venta
20170801,03003751,Indupoles Argentina SA,Parque Ind. Campana - Km70 de Panamericana - Lote 12,01515BE,Isolant SI,750,3.75,750,0,7500,9075,0,0,0,0,0,0,0,0,0,7739.06,002200006337,N,Factura de Venta
20170801,02003841,Ricardo Ospital SA,Av. Hipolito Irigoyen 13536,01603B,Ventas Buenos Aires,30,1.5,750,30,6713.26,8123.05,0,0,0,21,0,0,0,0,0,1095.29,002200006351,N,Factura de Venta
20170801,02003841,Ricardo Ospital SA,Av. Hipolito Irigoyen 13536,01763C,Ventas Buenos Aires,1,0.06032,0,1,917.49,1110.16,0,0,0,21,0,0,0,0,0,352.3,002200006351,N,Factura de Venta
20170801,02003841,Ricardo Ospital SA,Av. Hipolito Irigoyen 13536,01765C,Ventas Buenos Aires,1,0.05881,0,1,915.13,1107.31,0,0,0,21,0,0,0,0,0,214.14,002200006351,N,Factura de Venta
20170801,07005677,Iron Pack SRL,Montecatini 3158,01905A,Meier,5,0.3559,0,5,2634.62,3187.88,0,5,5,40,0,0,0,0,0,1154.79,002200006361,S,Factura de Venta
20170801,07005677,Iron Pack SRL,Montecatini 3158,01903A,Meier,4,0.30396,0,4,3656.3,4424.12,0,5,5,40,0,0,0,0,0,1631.97,002200006361,S,Factura de Venta
20170801,07005677,Iron Pack SRL,Montecatini 3158,01852AA,Meier,4,2,100,4,5585.2,6758.1,0,5,5,40,0,0,0,0,0,2747.56,002200006361,S,Factura de Venta
20170801,01005292,Adamant SRL,Paysandu 923 (entre Crisologo Larralde y Lucena),01500ASA,Isolant SI,18200,9.1,18200,0,27846,33693.66,0,0,0,0,0,0,0,0,0,19990.51,002200006336,N,Factura de Venta
20170801,01005292,Adamant SRL,Paysandu 923 (entre Crisologo Larralde y Lucena),01552I,Isolant SI,18,3.6,720,18,4860,5880.6,0,0,0,0,0,0,0,0,0,1500.16,002200006336,N,Factura de Venta
20170801,07002155,Blussand Roberto Enrique,Tomás de Archondo 2553,01504AC,Meier,1200,1.2,1200,0,11440.8,13843.36,0,0,0,30,0,0,0,0,0,1261.37,002200006338,S,Factura de Venta
20170801,03005896,Cela Ricardo,Jose Hernández 6136,01654DCP,Fernando Palmas,10,0.2,10,0,399.3,483.15,0,0,0,0,0,0,0,0,0,36.29,002200006339,N,Factura de Venta
20170801,07005677,Iron Pack SRL,Montecatini 3158,01900A,Meier,9,0.6786,0,9,17169.74,20775.38,0,5,5,40,0,0,0,0,0,5481.33,002200006360,S,Factura de Venta
20170801,07005677,Iron Pack SRL,Montecatini 3158,01901A,Meier,4,0.31416,0,4,5589.32,6763.08,0,5,5,40,0,0,0,0,0,2030.2,002200006360,S,Factura de Venta
20170801,03000023,Industrias Saladillo SA,IS.SA. Planta Pilar,01525AHC,Isolant SI,500,5,500,500,8145,9855.45,0,0,0,0,0,0,0,0,0,828.81,002200006340,N,Factura de Venta
20170801,07004297,Mendio S.A.,Malvinas 865,01550IC,Meier,2000,4,2000,100,7674.48,9286.12,0,0,15,25,12,0,0,0,0,3180.46,002200006358,S,Factura de Venta
20170801,01002303,Alcantara Jorge Damaso Hector,Zarraga 3561,01551IC,Levy,1000,5,1000,50,8926.36,10800.9,0,0,0,21,12,0,0,0,0,3881.51,002200006343,S,Factura de Venta
20170801,07005677,Iron Pack SRL,Montecatini 3158,01552IC,Meier,2000,20,2000,100,30592.58,37017.02,0,5,5,25,12,0,0,0,0,8334.24,002200006359,S,Factura de Venta
20170801,22003435,Sidermet San Luis SA,Ruta 3 Km 1 Extremo Sur,01555C,Leandro Diaz,6,0.6,120,6,0.6,0.73,0,0,0,0,0,0,0,0,0,154.25,002200006342,N,Factura de Venta
20170801,01002325,Centro Sec SRL,Av. Cordoba 5625,01555MA,Hector Collia,5,0.75,100,5,0.5,0.61,0,0,0,0,0,0,0,0,0,2379.61,002200006344,N,Factura de Venta
20170801,31004346,Fauszleger Sociedad Anonima,Av. Jara 3063,01555MA,Ventas Buenos Aires,5,0.75,100,5,0.5,0.61,0,0,0,0,0,0,0,0,0,2379.61,002200006341,N,Factura de Venta
20170801,29002225,Marotta Ricardo Americo,Calle 49 entre 13 y 14,01555MA,Disapla,2,0.3,40,2,0.2,0.24,0,0,0,0,0,0,0,0,0,951.85,002200006353,N,Factura de Venta
20170801,29002213,Genoud Hnos SA,Ruta 8 Y Bcs Del Parana,01555MA,Disapla,1,0.15,20,1,0.1,0.12,0,0,0,0,0,0,0,0,0,475.92,002200006348,N,Factura de Venta
20170801,01002325,Centro Sec SRL,Av. Cordoba 5625,01557C,Hector Collia,5,1,100,5,0.5,0.61,0,0,0,0,0,0,0,0,0,143.85,002200006344,N,Factura de Venta
20170801,22003435,Sidermet San Luis SA,Ruta 3 Km 1 Extremo Sur,01557C,Leandro Diaz,4,0.8,80,4,0.4,0.48,0,0,0,0,0,0,0,0,0,115.08,002200006342,N,Factura de Venta
20170801,31004346,Fauszleger Sociedad Anonima,Av. Jara 3063,01557C,Ventas Buenos Aires,12,2.4,240,12,1.2,1.45,0,0,0,0,0,0,0,0,0,345.25,002200006341,N,Factura de Venta
20170801,01002325,Centro Sec SRL,Av. Cordoba 5625,01557C,Hector Collia,7,1.4,140,7,0.7,0.85,0,0,0,0,0,0,0,0,0,201.39,002200006345,N,Factura de Venta
20170801,07003893,Torres Carlos Hector,Juan B. Justo 3595,01558ECC,Meier,2000,20,2000,100,46384.22,56124.9,5,3,5,25,12,0,0,0,0,38481.64,002200006357,S,Factura de Venta
20170801,01005292,Adamant SRL,Paysandu 923 (entre Crisologo Larralde y Lucena),01514DB,Isolant SI,2400,12,2400,2400,18696,22622.16,0,0,0,0,0,0,0,0,0,5100.02,002200006336,N,Factura de Venta
20170801,03005896,Cela Ricardo,Jose Hernández 6136,01654DC,Fernando Palmas,500,10,500,0,19965,24157.65,0,0,0,0,0,0,0,0,0,11988.86,002200006339,N,Factura de Venta
20170801,03005896,Cela Ricardo,Jose Hernández 6136,01658DC,Fernando Palmas,50,1.5,50,0,3051.5,3692.32,0,0,0,0,0,0,0,0,0,1828.64,002200006339,N,Factura de Venta
20170801,03005896,Cela Ricardo,Jose Hernández 6136,01662DA,Fernando Palmas,50,2,50,0,3890.5,4707.51,0,0,0,0,0,0,0,0,0,3876.17,002200006339,N,Factura de Venta
20170801,03005896,Cela Ricardo,Jose Hernández 6136,01662DCP,Fernando Palmas,20,0.8,20,0,1556.2,1883,0,0,0,0,0,0,0,0,0,912.11,002200006339,N,Factura de Venta
20170801,03005896,Cela Ricardo,Jose Hernández 6136,01666DA,Fernando Palmas,20,1,20,0,1857.4,2247.45,0,0,0,0,0,0,0,0,0,1456.34,002200006339,N,Factura de Venta
20170801,27002322,Rio Azul Ingenieria SRL,,04C00898,Pedro Cocaña,1,0,0,1,0.12,0.12,0,0,0,0,0,0,0,0,0,,000000011001,,Débito (Ajustes)
20170801,31003010,Lago Sociedad Anonima,,04C00898,Norberto Oppezzo,1,0,0,1,1.74,1.74,0,0,0,0,0,0,0,0,0,,000000011004,,Débito (Ajustes)
20170801,29002554,Perkusic Hnos SRL,,04C00898,Hector Collia,1,0,0,1,0.01,0.01,0,0,0,0,0,0,0,0,0,,000000011002,,Débito (Ajustes)
20170801,31003010,Lago Sociedad Anonima,,01IN,Norberto Oppezzo,-1,0,0,-1,-712.74,-862.42,0,0,0,0,0,0,0,0,0,,001300000250,,Crédito de Venta
20170801,16002012,Zapata Goma Sociedad Anonima,Salta 745,01654DC,Leandro Diaz,40,0.8,40,0,3939.6,4766.92,0,0,0,30,0,0,0,0,0,959.11,002200006347,N,Factura de Venta
20170801,16002012,Zapata Goma Sociedad Anonima,Salta 745,01658DC,Leandro Diaz,30,0.9,30,0,4312.77,5218.45,0,0,0,30,0,0,0,0,0,1097.19,002200006347,N,Factura de Venta
20170801,31003010,Lago Sociedad Anonima,,04C00898,Norberto Oppezzo,1,0,0,1,0.19,0.19,0,0,0,0,0,0,0,0,0,,000000011003,,Débito (Ajustes)
20170801,28000201,CASARINO S.R.L.,,04C00624,Fernando Palmas,1,0,0,1,21546.62,21546.62,0,0,0,0,0,0,0,0,0,,000000000941,,Dif. Cambio (+)

