﻿FechaTxt,Codigo_Cliente,Cliente,EntDir,Codigo_Articulo,Vendedor,cantidad,Mts3,Mts2,Rollos,Importe_Bruto,Importe_Neto,Dto_Contado,Dto_Flete,Dto_Especial,Bonificacion,Desc_Adicional,cantidad_elaborada,m2_ocupados,costo_unitario,costo_total_stock,Costo_de_venta
20170215,16005810,Percal S.A,,04C00898,Leandro Diaz,1,0,0,1,0.01,0.01,0,0,0,0,0,0,0,0,0,0
20170215,02000130,Telas Plasticas Miliavaca SA,,01552IC,Hector Collia,400,4,400,20,7004,8474.84,0,0,0,0,0,0,0,0,0,0
20170215,03004075,Comercial CMP SA,Ruta Panamericana Km. 39.5 Nº1166,01557A,Hector Collia,90,18,1800,90,53340.61,64542.13,0,0,0,25,12,0,0,0,0,0
20170215,03004075,Comercial CMP SA,Ruta Panamericana Km. 39.5 Nº1166,01557C,Hector Collia,10,2,200,10,1,1.21,0,0,0,0,0,0,0,0,0,0
20170215,11003629,Heinze Gabriel Esteban,Av. Alem 1915,01957AA,Natali Plasticos (Vta Directa),1,0,0,1,0.1,0.12,0,0,0,0,0,0,0,0,0,0
20170215,11003629,Heinze Gabriel Esteban,Av. Alem 1915,01960FC,Natali Plasticos (Vta Directa),3,0,0,3,6974.1,8438.66,0,0,0,21,0,0,0,0,0,0
20170215,03003751,Indupoles Argentina SA,Parque Ind. Campana - Km70 de Panamericana - Lote 12,01773AB,Isolant SI,1,0.163,0,1,745.1,901.57,0,0,0,0,0,0,0,0,0,0
20170215,03003751,Indupoles Argentina SA,Parque Ind. Campana - Km70 de Panamericana - Lote 12,01766E,Isolant SI,1,0.21112,0,1,948.46,1147.64,0,0,0,0,0,0,0,0,0,0
20170215,03003751,Indupoles Argentina SA,Parque Ind. Campana - Km70 de Panamericana - Lote 12,01912A,Isolant SI,10,3.6,0,10,12292.3,14873.68,0,0,0,0,0,0,0,0,0,0
20170215,03003751,Indupoles Argentina SA,Parque Ind. Campana - Km70 de Panamericana - Lote 12,01511BD,Isolant SI,700,2.1,700,0,7623,9223.83,0,0,0,0,0,0,0,0,0,0
20170215,03003751,Indupoles Argentina SA,Parque Ind. Campana - Km70 de Panamericana - Lote 12,01511BE,Isolant SI,2250,6.75,2250,0,24502.5,29648.02,0,0,0,0,0,0,0,0,0,0
20170215,03003751,Indupoles Argentina SA,Parque Ind. Campana - Km70 de Panamericana - Lote 12,01507BB,Isolant SI,3600,5.4,3600,0,15480,18730.8,0,0,0,0,0,0,0,0,0,0
20170215,03003751,Indupoles Argentina SA,Parque Ind. Campana - Km70 de Panamericana - Lote 12,01662ACP,Isolant SI,180,7.2,180,0,12362.4,14958.5,0,0,0,0,0,0,0,0,0,0
20170215,02005702,Caps Ram,,04ANTICIPOS,Levy,1,0,0,1,86880,105124.8,0,0,0,0,0,0,0,0,0,0
20170215,30005166,Martino Fernando Alfedro,,01555AA,Hector Collia,1000,5,1000,50,22296.96,26979.32,0,0,0,21,4,0,0,0,0,0
20170215,30005166,Martino Fernando Alfedro,,01555C,Hector Collia,6,0.6,120,6,0.6,0.72,0,0,0,0,0,0,0,0,0,0
20170215,30005166,Martino Fernando Alfedro,,01559AA,Hector Collia,500,5,500,25,17026.08,20601.56,0,0,0,21,4,0,0,0,0,0
20170215,30005166,Martino Fernando Alfedro,,01557C,Hector Collia,3,0.6,60,3,0.3,0.36,0,0,0,0,0,0,0,0,0,0
20170215,30005166,Martino Fernando Alfedro,,01960DA,Hector Collia,4,0,0,4,10583.72,12806.3,0,0,0,21,0,0,0,0,0,0
20170215,02004019,Fallesen Juan Carlos,,01555MC,Hector Collia,200,1.5,200,10,10785.08,13049.94,0,0,0,21,0,0,0,0,0,0
20170215,02004019,Fallesen Juan Carlos,,01555MA,Hector Collia,1,0.15,20,1,0.1,0.12,0,0,0,0,0,0,0,0,0,0
20170215,24002684,Centro De Chapas Rosario SA,,01557ARC,Diego Fani,2000,20,2000,100,35956.8,43507.72,0,0,0,25,12,0,0,0,0,0
20170215,03000023,Industrias Saladillo SA,IS.SA. Planta Pilar,01781BB,Isolant SI,2,0.0784,0,2,557.56,674.65,0,0,0,0,0,0,0,0,0,0
20170215,03000023,Industrias Saladillo SA,IS.SA. Planta Pilar,01776BA,Isolant SI,167,4.7218248,0,167,30190.26,36530.21,0,0,0,0,0,0,0,0,0,0
20170215,03000023,Industrias Saladillo SA,IS.SA. Planta Pilar,01778B,Isolant SI,23,0.5636035,0,23,2578.07,3119.46,0,0,0,0,0,0,0,0,0,0
20170215,03000023,Industrias Saladillo SA,IS.SA. Planta Pilar,01781BB,Isolant SI,41,1.6072,0,41,11429.98,13830.28,0,0,0,0,0,0,0,0,0,0
20170215,03000023,Industrias Saladillo SA,IS.SA. Planta Pilar,01776BB,Isolant SI,7,0.51459408,0,7,3397.24,4110.66,0,0,0,0,0,0,0,0,0,0
20170215,03000023,Industrias Saladillo SA,IS.SA. Planta Pilar,01779BB,Isolant SI,6,0.257862528,0,6,1699.14,2055.96,0,0,0,0,0,0,0,0,0,0
20170215,03000023,Industrias Saladillo SA,IS.SA. Planta Pilar,01780BB,Isolant SI,1,0.0475,0,1,304.74,368.74,0,0,0,0,0,0,0,0,0,0
20170215,24003891,Construcciones Metalurgicas ZIZI SRL,Ruta 11 3639,01554BC,Ind Saladillo Chaco,32,3.2,640,32,26422.66,31971.41,0,0,0,21,0,0,0,0,0,0
20170215,04005689,Polifoam SRL,Alte. Brown 3985,01900A,Isolant SI,1,0.0754,0,1,1754.84,2123.35,0,0,0,30,0,0,0,0,0,0
20170215,04005689,Polifoam SRL,Alte. Brown 3985,01788A,Isolant SI,20,1.0682,0,20,4751.6,5749.44,0,0,0,0,0,0,0,0,0,0
20170215,07002231,Acerco SA,Av La Voz del Interior y Av. Japon,01558BC,Meier,100,20,2000,100,104542.5,126496.43,0,0,0,25,0,0,0,0,0,0
20170215,07005677,Iron Pack SRL,Montecatini 3158,01524DC,Meier,500,5,500,0,8070.26,9765,0,5,0,0,0,0,0,0,0,0
20170215,03002437,Quaglia SA,Florentino Ameghino 1451,01510AC,Esteban Bergamaschi,200,0.6,200,200,2287.84,2768.29,0,0,0,21,0,0,0,0,0,0
20170215,03002437,Quaglia SA,Florentino Ameghino 1451,01514PC,Esteban Bergamaschi,75,0.375,75,0,1478.29,1788.73,0,0,0,21,0,0,0,0,0,0
20170215,03002437,Quaglia SA,Florentino Ameghino 1451,01650DC,Esteban Bergamaschi,50,0.5,50,0,2911.55,3522.97,0,0,0,21,0,0,0,0,0,0
20170215,29002213,Genoud Hnos SA,Ruta 8 Y Bcs Del Parana,01555M,Disapla,10,1.5,200,10,10778.52,13042.01,0,0,0,21,0,0,0,0,0,0
20170215,29002213,Genoud Hnos SA,Ruta 8 Y Bcs Del Parana,01555MA,Disapla,1,0.15,20,1,0.1,0.12,0,0,0,0,0,0,0,0,0,0
20170215,29002213,Genoud Hnos SA,Ruta 8 Y Bcs Del Parana,01557A,Disapla,5,1,100,5,3547.06,4291.94,0,0,0,21,0,0,0,0,0,0
20170215,29002213,Genoud Hnos SA,Ruta 8 Y Bcs Del Parana,01957A,Disapla,1,0,0,1,0.1,0.12,0,0,0,0,0,0,0,0,0,0
20170215,03000741,Maderera Newton Sociedad Anonima,Acceso Norte 3085 (ramal Campana) y Haití- Frente la Ford,01654ONC,Esteban Bergamaschi,252,3.528,252,0,10551.24,12767,0,0,0,21,0,0,0,0,0,0
20170215,20003188,Emprendimiento Metalurgico Industrial SRL,ROCA - Av. Roca 324,01555AK,Pedro Cocaña,20,0.9,300,20,2671.38,3232.37,0,3,0,0,0,0,0,0,0,0
20170215,20003188,Emprendimiento Metalurgico Industrial SRL,LOS VALLISTOS - Ruta 9 Km 128 - Acc Norte,01557AR,Pedro Cocaña,95,19,1900,95,24327.6,29436.4,0,3,0,0,0,0,0,0,0,0
20170215,27004063,Giacosa Elio Enzo H,Suipacha 482,01557A,Pedro Cocaña,58,11.6,1160,58,33343.81,40346,0,3,0,25,12,0,0,0,0,0
20170215,27004063,Giacosa Elio Enzo H,Suipacha 482,01557C,Pedro Cocaña,27,5.4,540,27,2.62,3.17,0,3,0,0,0,0,0,0,0,0
20170215,03004729,Teknobayres S.A.,Av. Santa Fe 1546,01904A,Levy,1,0.06283,0,1,721.15,872.59,0,3,0,21,0,0,0,0,0,0
20170215,03004075,Comercial CMP SA,Ruta Panamericana Km. 39.5 Nº1166,01557A,Hector Collia,10,2,200,10,5926.73,7171.35,0,0,0,25,12,0,0,0,0,0
20170215,03004075,Comercial CMP SA,Ruta Panamericana Km. 39.5 Nº1166,01557C,Hector Collia,2,0.4,40,2,0.2,0.24,0,0,0,0,0,0,0,0,0,0
20170215,01002018,Zanet SA,Erezcano 3021/35,01504BCC,Fernando Palmas,11520,11.52,11520,0,48499.2,58684.03,0,0,0,0,0,0,0,0,0,0
20170215,10002673,Moreira Juan Carlos,H Yrigoyen y M Fierrro - Deposito Ruta 7,01960F,Guillermo Ghiretti,7,0,0,7,14320.21,17327.45,0,0,0,21,12,0,0,0,0,0
20170215,03000023,Industrias Saladillo SA,IS.SA. Planta Pilar,01525AH,Isolant SI,1600,16,1600,0,25216,30511.36,0,0,0,0,0,0,0,0,0,0
20170215,07002231,Acerco SA,Bv. Domingo Zipoli Nº 440,01960F,Meier,4,0,0,4,8828.01,10681.89,0,0,0,25,0,0,0,0,0,0
20170215,07005677,Iron Pack SRL,Montecatini 3158,01524DC,Meier,1125,11.25,1125,0,18158.06,21971.26,0,5,0,0,0,0,0,0,0,0
20170215,07002231,Acerco SA,Av La Voz del Interior y Av. Japon,01558AL,Meier,15,3,600,15,12203.83,14766.63,0,0,0,25,12,0,0,0,0,0
20170215,07002231,Acerco SA,Av La Voz del Interior y Av. Japon,01558ALP,Meier,5,1,200,5,0.5,0.61,0,0,0,0,0,0,0,0,0,0
20170215,07002231,Acerco SA,Av La Voz del Interior y Av. Japon,01960F,Meier,7,0,0,7,13595.14,16450.11,0,0,0,25,12,0,0,0,0,0
20170215,07002231,Acerco SA,Av La Voz del Interior y Av. Japon,01569BC,Meier,15,4.5,300,15,19326.04,23384.51,0,0,0,25,0,0,0,0,0,0
20170215,07002231,Acerco SA,Av La Voz del Interior y Av. Japon,01960DC,Meier,10,0,0,10,12929.1,15644.21,0,0,0,25,0,0,0,0,0,0
20170215,07005677,Iron Pack SRL,Montecatini 3158,01524DC,Meier,975,9.75,975,0,15736.98,19041.76,0,5,0,0,0,0,0,0,0,0
20170215,20003188,Emprendimiento Metalurgico Industrial SRL,Av. Kirchner 3980 (ex Av. Roca),01555A,Pedro Cocaña,60,6,1200,60,21458.4,25964.67,0,3,5,25,12,0,0,0,0,0
20170215,20003188,Emprendimiento Metalurgico Industrial SRL,Av. Kirchner 3980 (ex Av. Roca),01555C,Pedro Cocaña,15,1.5,300,15,1.38,1.67,0,3,5,0,0,0,0,0,0,0
20170215,20003188,Emprendimiento Metalurgico Industrial SRL,Av. Kirchner 3980 (ex Av. Roca),01557A,Pedro Cocaña,60,12,1200,60,32768.91,39650.38,0,3,5,25,12,0,0,0,0,0
20170215,20003188,Emprendimiento Metalurgico Industrial SRL,Av. Kirchner 3980 (ex Av. Roca),01557C,Pedro Cocaña,15,3,300,15,1.38,1.67,0,3,5,0,0,0,0,0,0,0
20170215,20003188,Emprendimiento Metalurgico Industrial SRL,Av. Kirchner 3980 (ex Av. Roca),01558BC,Pedro Cocaña,40,8,800,40,38534.37,46626.58,0,3,5,25,0,0,0,0,0,0
20170215,26004390,Oliva Gerli Carlos Gustavo,Primer Argentino 221,01603B,Guillermo Ghiretti,50,2.5,1250,50,11188.77,11188.77,0,0,0,21,0,0,0,0,0,0
20170215,11005568,Sucesión de Viola Edilio Armando,Entre Rios 578,01957A,Disapla,1,0,0,1,0.1,0.12,0,0,0,0,0,0,0,0,0,0
20170215,11005568,Sucesión de Viola Edilio Armando,Entre Rios 578,01557AK,Disapla,30,3.15,450,30,9683.82,11717.42,0,0,0,21,0,0,0,0,0,0
20170215,01003118,Caputo Marcelo Claudio,Acevedo 65,01551I,Luis Ramirez,20,2,400,20,4057.44,4909.5,0,0,0,21,0,0,0,0,0,0
20170215,01003118,Caputo Marcelo Claudio,Acevedo 65,01700A,Luis Ramirez,10,1.2,0,10,5954.76,7205.26,0,0,0,30,0,0,0,0,0,0
20170215,01003118,Caputo Marcelo Claudio,Acevedo 65,01658ACP,Luis Ramirez,50,1.5,50,0,5981.7,7237.86,0,0,0,40,0,0,0,0,0,0
20170215,03004729,Teknobayres S.A.,Av. Santa Fe 1546,01906A,Levy,1,0.07775,0,1,698.06,844.65,0,3,0,21,0,0,0,0,0,0
20170215,03004729,Teknobayres S.A.,Av. Santa Fe 1546,01907A,Levy,1,0.1885,0,1,1438.62,1740.73,0,3,0,21,0,0,0,0,0,0
20170215,31002803,Oliver SA,Av. Roca 44,01960DA,Disapla,7,0,0,7,19224.92,23262.16,0,0,0,18,0,0,0,0,0,0
20170215,03000741,Maderera Newton Sociedad Anonima,,01555MC,Esteban Bergamaschi,40,0.3,40,2,1898.18,2296.8,0,0,0,21,12,0,0,0,0,0
20170215,03003069,Marclima SRL,Capital Rosales 4267,01853B,Levy,10,1.25,250,10,10308.7,12473.53,0,0,0,21,4,0,0,0,0,0
20170215,07004480,Herrera Ricardo Cesar,Av. Sagrada Familia 1178 L 3 y 4,01700A,Meier,12,1.44,0,12,7145.71,8646.31,0,0,0,30,0,0,0,0,0,0
20170215,11004080,Corralon El Solar SRL,Av Pte Peron 1052,01957A,Natali Plasticos (Vta Directa),1,0,0,1,0.1,0.12,0,3,0,0,0,0,0,0,0,0
20170215,11004080,Corralon El Solar SRL,Av Pte Peron 1052,01555AA,Natali Plasticos (Vta Directa),1200,6,1200,60,25953.66,31403.94,0,3,0,21,4,0,0,0,0,0
20170215,11004080,Corralon El Solar SRL,Av Pte Peron 1052,01555C,Natali Plasticos (Vta Directa),6,0.6,120,6,0.58,0.7,0,3,0,0,0,0,0,0,0,0
20170215,20000029,Tubonor SA,España 2369,01551A,Isolant SA,50,5,1000,50,16251.88,19664.77,0,3,0,32.5,0,0,0,0,0,0
20170215,20000029,Tubonor SA,España 2369,01750A,Isolant SA,80,0,0,80,43806.97,53006.43,0,3,0,32.5,0,0,0,0,0,0
20170215,27003323,Bercovich SACIFIA,Centro Dist. Lastenia - Km 1296 (frente a Arco),01557AK,Pedro Cocaña,15,1.575,225,15,3139.03,3798.22,0,3,20,25,12,0,0,0,0,0
20170215,27003323,Bercovich SACIFIA,Suc. El Amigo - Ruta 38 Km 1541,01557A,Pedro Cocaña,125,25,2500,125,68268.57,82604.97,0,3,5,25,12,0,0,0,0,0
20170215,27003323,Bercovich SACIFIA,Suc. El Amigo - Ruta 38 Km 1541,01557C,Pedro Cocaña,15,3,300,15,1.38,1.67,0,3,5,0,0,0,0,0,0,0
20170215,27001542,Rosso Hnos. de Alvaro S. Rosso y Raul E. Rosso,Suc.05 - 25 DE MAYO 69,01555AA,Pedro Cocaña,1000,5,1000,50,18821.88,22774.48,0,3,0,25,12,0,0,0,0,0
20170215,27001542,Rosso Hnos. de Alvaro S. Rosso y Raul E. Rosso,Suc.05 - 25 DE MAYO 69,01555C,Pedro Cocaña,6,0.6,120,6,0.58,0.7,0,3,0,0,0,0,0,0,0,0
20170215,27001542,Rosso Hnos. de Alvaro S. Rosso y Raul E. Rosso,Suc.05 - 25 DE MAYO 69,01559AA,Pedro Cocaña,1000,10,1000,50,28744.98,34781.42,0,3,0,25,12,0,0,0,0,0
20170215,27001542,Rosso Hnos. de Alvaro S. Rosso y Raul E. Rosso,Suc.05 - 25 DE MAYO 69,01557C,Pedro Cocaña,6,1.2,120,6,0.58,0.7,0,3,0,0,0,0,0,0,0,0
20170215,27001542,Rosso Hnos. de Alvaro S. Rosso y Raul E. Rosso,Suc.07 - A. DEL VALLE 44,01559AA,Pedro Cocaña,200,2,200,10,5749,6956.28,0,3,0,25,12,0,0,0,0,0
20170215,27001542,Rosso Hnos. de Alvaro S. Rosso y Raul E. Rosso,Suc. 09- Ruta 301 (ex38) Km 1541,01559AA,Pedro Cocaña,1000,10,1000,50,28744.98,34781.42,0,3,0,25,12,0,0,0,0,0
20170215,27001542,Rosso Hnos. de Alvaro S. Rosso y Raul E. Rosso,Suc. 09- Ruta 301 (ex38) Km 1541,01557C,Pedro Cocaña,6,1.2,120,6,0.58,0.7,0,3,0,0,0,0,0,0,0,0

