﻿FechaTxt,Codigo_Cliente,Cliente,EntDir,Codigo_Articulo,Vendedor,cantidad,Mts3,Mts2,Rollos,Importe_Bruto,Importe_Neto,Dto_Contado,Dto_Flete,Dto_Especial,Bonificacion,Desc_Adicional,cantidad_elaborada,m2_ocupados,costo_unitario,costo_total_stock,Costo_de_venta,comp,C_Construccion,nomdoc
20171113,03005965,Ferrozinc SA,Lavalle 1705,01558ET,Mariano Martinez,-50,-10,-1000,-50,-18205.18,-22028.26,0,0,20,25,12,0,0,0,0,12655.5,002200000008,N,Crédito de Venta
20171113,03005965,Ferrozinc SA,Lavalle 1705,01558EC,Mariano Martinez,-50,-10,-1000,-50,-21835.18,-26420.56,0,0,20,25,12,0,0,0,0,21323.5,002200000008,N,Crédito de Venta
20171113,03005965,Ferrozinc SA,Lavalle 1705,01558ET,Mariano Martinez,-141,-28.2,-2820,-141,-51338.6,-62119.7,0,0,20,25,12,0,0,0,0,35688.51,002200000009,N,Crédito de Venta
20171113,03005965,Ferrozinc SA,Lavalle 1705,01558EC,Mariano Martinez,-50,-10,-1000,-50,-21835.18,-26420.56,0,0,20,25,12,0,0,0,0,21323.5,002200000009,N,Crédito de Venta
20171113,03005965,Ferrozinc SA,Lavalle 1705,01558ET,Mariano Martinez,141,28.2,2820,141,51338.6,62119.7,0,0,20,25,12,0,0,0,0,35688.51,002200008480,N,Factura de Venta
20171113,03005965,Ferrozinc SA,Lavalle 1705,01558EC,Mariano Martinez,50,10,1000,50,21835.18,26420.56,0,0,20,25,12,0,0,0,0,21323.5,002200008480,N,Factura de Venta
20171113,04000938,Ferrocement SA,Av. Pte. Peron 9430,01901A,Hector Collia,3,0.23562,0,3,7238.28,8758.32,0,0,0,15,0,0,0,0,0,2709.03,002200008491,N,Factura de Venta
20171113,04000938,Ferrocement SA,Av. Pte. Peron 9430,01905A,Hector Collia,4,0.28472,0,4,3804.77,4603.77,0,0,0,15,0,0,0,0,0,1620.76,002200008491,N,Factura de Venta
20171113,04005689,Polifoam SRL,Alte. Brown 3985,01654DAP,Isolant SI,100,2,100,0,7436.55,8998.23,0,0,0,45,0,0,0,0,0,2882,002200008492,N,Factura de Venta
20171113,04005689,Polifoam SRL,Alte. Brown 3985,01666DAP,Isolant SI,90,4.5,90,0,17146.8,20747.63,0,0,0,45,0,0,0,0,0,6033.6,002200008492,N,Factura de Venta
20171113,04005689,Polifoam SRL,Alte. Brown 3985,01662AP,Isolant SI,100,4,100,0,15361.5,18587.42,0,0,0,45,0,0,0,0,0,5390,002200008494,N,Factura de Venta
20171113,04005689,Polifoam SRL,Alte. Brown 3985,01654DAP,Isolant SI,200,4,200,0,14873.1,17996.45,0,0,0,45,0,0,0,0,0,5764,002200008496,N,Factura de Venta
20171113,03003751,Indupoles Argentina SA,Parque Ind. Campana - Km70 de Panamericana - Lote 12,01506CIN,Isolant SI,8100,12.15,8100,8100,26163,31657.23,0,0,0,0,0,0,0,0,0,15228,002200008473,N,Factura de Venta
20171113,03003751,Indupoles Argentina SA,Parque Ind. Campana - Km70 de Panamericana - Lote 12,01773AB,Isolant SI,7,1.141,0,7,5632.97,6815.89,0,0,0,0,0,0,0,0,0,2549.4,002200008474,N,Factura de Venta
20171113,03003751,Indupoles Argentina SA,Parque Ind. Campana - Km70 de Panamericana - Lote 12,01912A,Isolant SI,10,3.6,0,10,13521.5,16361.01,0,0,0,0,0,0,0,0,0,5002.6,002200008474,N,Factura de Venta
20171113,03003751,Indupoles Argentina SA,Parque Ind. Campana - Km70 de Panamericana - Lote 12,01766E,Isolant SI,10,2.1112,0,10,10243.4,12394.51,0,0,0,0,0,0,0,0,0,2570.1,002200008474,N,Factura de Venta
20171113,03003751,Indupoles Argentina SA,Parque Ind. Campana - Km70 de Panamericana - Lote 12,01912A,Isolant SI,10,3.6,0,10,13521.5,16361.01,0,0,0,0,0,0,0,0,0,5002.6,002200008474,N,Factura de Venta
20171113,04000938,Ferrocement SA,Av. Pte. Peron 9430,01900A,Hector Collia,10,0.754,0,10,32940.73,39858.28,0,0,0,15,0,0,0,0,0,11969.6,002200008491,N,Factura de Venta
20171113,24005975,Reggen S.R.L,Ruta 178 Nº 305,01557A,Diego Fani,25,5,500,25,18681.67,22604.82,0,0,0,21,4,0,0,0,0,6893.25,002200008482,N,Factura de Venta
20171113,14001329,Materiales Centro SA,Calle 20 nº 842,01960DC,Disapla,5,0,0,5,7578.75,9170.28,0,0,0,21,0,0,0,0,0,5176.5,002200008489,N,Factura de Venta
20171113,03003751,Indupoles Argentina SA,Parque Ind. Campana - Km70 de Panamericana - Lote 12,01506BIN,Isolant SI,360,0.54,360,360,1033.2,1250.17,0,0,0,0,0,0,0,0,0,709.2,002200008473,N,Factura de Venta
20171113,03003751,Indupoles Argentina SA,Parque Ind. Campana - Km70 de Panamericana - Lote 12,01500CIN,Isolant SI,1800,0.9,1800,1800,2952,3571.92,0,0,0,0,0,0,0,0,0,1998,002200008473,N,Factura de Venta
20171113,03003751,Indupoles Argentina SA,Parque Ind. Campana - Km70 de Panamericana - Lote 12,01511BE,Isolant SI,3750,11.25,3750,0,35625,43106.25,0,0,0,0,0,0,0,0,0,18818.55,002200008473,N,Factura de Venta
20171113,03003751,Indupoles Argentina SA,Parque Ind. Campana - Km70 de Panamericana - Lote 12,01500AIN,Isolant SI,1000,0.5,1000,1000,1640,1984.4,0,0,0,0,0,0,0,0,0,1250,002200008473,N,Factura de Venta
20171113,03003751,Indupoles Argentina SA,Parque Ind. Campana - Km70 de Panamericana - Lote 12,01500CIN,Isolant SI,16200,8.1,16200,16200,26568,32147.28,0,0,0,0,0,0,0,0,0,17982,002200008477,N,Factura de Venta
20171113,29000133,El Emporio Del Terciado S A,Calle 72 entre 14 y 15,01603AC,Ventas Buenos Aires,24,1.2,600,24,5639.08,6823.29,0,0,0,21,0,0,0,0,0,3052.56,002200008472,N,Factura de Venta
20171113,03000023,Industrias Saladillo SA,IS.SA. Planta Pilar,01777B,Isolant SI,301,8.0367,0,301,34271.86,41468.95,0,0,0,0,0,0,0,0,0,18875.71,002200008478,N,Factura de Venta
20171113,03005965,Ferrozinc SA,Lavalle 1705,01558ET,Mariano Martinez,50,10,1000,50,18205.18,22028.26,0,0,20,25,12,0,0,0,0,12655.5,002200008479,N,Factura de Venta
20171113,03005965,Ferrozinc SA,Lavalle 1705,01558EC,Mariano Martinez,50,10,1000,50,21835.18,26420.56,0,0,20,25,12,0,0,0,0,21323.5,002200008479,N,Factura de Venta
20171113,24005975,Reggen S.R.L,Ruta 178 Nº 305,01555A,Diego Fani,25,2.5,500,25,12233.37,14802.38,0,0,0,21,4,0,0,0,0,4261.5,002200008482,N,Factura de Venta
20171113,24001793,Amiano S.A.,Av. San Martin 4349,01558ET,Diego Fani,40,8,800,40,19176.12,23203.1,0,0,0,21,12,0,0,0,0,10124.4,002200008484,N,Factura de Venta
20171113,28005957,SOCIEDAD SYNERGY LTDA,,01558BR,Fernando Palmas,1,0.2,20,1,1243.08,1243.08,0,0,0,0,0,0,0,0,0,610.32,001500000691,,Factura Exterior
20171113,28005957,SOCIEDAD SYNERGY LTDA,,01555ED,Fernando Palmas,1,0.1,20,1,433.63,433.63,0,0,0,0,0,0,0,0,0,323.59,001500000691,,Factura Exterior
20171113,28005957,SOCIEDAD SYNERGY LTDA,,01654ON,Fernando Palmas,1,0.168,0,1,415.87,415.87,0,0,0,0,0,0,0,0,0,296.75,001500000691,,Factura Exterior
20171113,28005957,SOCIEDAD SYNERGY LTDA,,01604A,Fernando Palmas,1,0.1,0,1,614.92,614.92,0,0,0,0,0,0,0,0,0,667.33,001500000691,,Factura Exterior
20171113,24002156,Tinglados Maciel SRL,Martin Fierro 88,01570BR,Diego Fani,1504.2,22.563,1504.2,75.21,89164.01,107888.45,0,3,3,0,0,0,0,0,0,1108144.14,002200008476,N,Factura de Venta
20171113,02005900,Prata Leonel Martin,Av. Sixto Rodriguez 470,06X002AF,Norberto Oppezzo,1,0,0,1,0,0,0,0,10,0,0,0,0,0,0,0,002200000044,N,Factura de Venta
20171113,02005900,Prata Leonel Martin,Av. Sixto Rodriguez 470,06X001AF,Norberto Oppezzo,1,0,0,1,0,0,0,0,10,0,0,0,0,0,0,0,002200000044,N,Factura de Venta
20171113,02005900,Prata Leonel Martin,Av. Sixto Rodriguez 470,01555AR,Norberto Oppezzo,20,2,400,20,4770.81,5772.68,0,0,10,21,12,0,0,0,0,2760.6,002200000044,N,Factura de Venta
20171113,02005900,Prata Leonel Martin,Av. Sixto Rodriguez 470,06X002QS,Norberto Oppezzo,1,0,0,1,0,0,0,0,10,21,0,0,0,0,0,0,002200000044,N,Factura de Venta
20171113,24001793,Amiano S.A.,Av. San Martin 4349,01557A,Diego Fani,100,20,2000,100,65549.71,79315.15,0,0,0,21,12,0,0,0,0,27573,002200008484,N,Factura de Venta
20171113,24001793,Amiano S.A.,Av. San Martin 4349,01555M,Diego Fani,50,7.5,1000,50,51290.81,62061.88,0,0,0,21,12,0,0,0,0,28123,002200008484,N,Factura de Venta
20171113,22003272,Placas y Macizas SRL,25 de Mayo 1121,01960DC,Leandro Diaz,5,0,0,5,7578.75,9170.28,0,0,0,21,0,0,0,0,0,5176.5,002200008487,N,Factura de Venta
20171113,22003272,Placas y Macizas SRL,25 de Mayo 1121,01557A,Leandro Diaz,15,3,300,15,11173.25,13519.63,0,0,0,21,0,0,0,0,0,4135.95,002200008487,N,Factura de Venta
20171113,07003238,Cooperativa de Provision de Servicios para Comerciantes,Santiago Marzo 1816-Santa Rosa,01960DC,Meier,8,0,0,8,10936.4,13233.04,0,0,5,0,0,0,0,0,0,8282.4,002200008490,N,Factura de Venta
20171113,24002895,Gani Sociedad Anonima,Parque Industrial Sauce Viejo - Lote 83,01658ACP,Victor Casañas,500,15,500,0,48240,58370.4,0,0,0,0,0,0,0,0,0,19050,002200008481,N,Factura de Venta
20171113,02005900,Prata Leonel Martin,Av. Sixto Rodriguez 470,06X002QS,Norberto Oppezzo,1,0,0,1,0,0,0,0,10,21,0,0,0,0,0,0,002200000044,N,Factura de Venta
20171113,02005900,Prata Leonel Martin,Av. Sixto Rodriguez 470,06X002MT,Norberto Oppezzo,1,0,0,1,0,0,0,0,10,21,0,0,0,0,0,0,002200000044,N,Factura de Venta
20171113,01001558,Decor Papel SRL,Jorge Newery 3056,06C001PI,Mariano Martinez,1,0,0,1,0.1,0.12,0,0,0,0,0,0,0,0,0,0,002200008485,N,Factura de Venta
20171113,01001558,Decor Papel SRL,Jorge Newery 3056,01603A,Mariano Martinez,30,1.5,750,30,5859.11,7089.53,0,0,0,21,0,0,0,0,0,1642.8,002200008485,N,Factura de Venta
20171113,01001558,Decor Papel SRL,Jorge Newery 3056,01603AC,Mariano Martinez,6,0.3,150,6,1473.19,1782.56,0,0,0,21,0,0,0,0,0,763.14,002200008485,N,Factura de Venta
20171113,14003511,Ojeda Mariano Antonio,Retira del transporte- Trenque Lauquen,01558EC,Disapla,25,5,500,25,16335.03,19765.38,0,0,0,21,0,0,0,0,0,10661.75,002200008488,N,Factura de Venta
20171113,22003272,Placas y Macizas SRL,25 de Mayo 1121,06C001CO,Leandro Diaz,1,0,0,1,0.1,0.12,0,0,0,0,0,0,0,0,0,0,002200008487,N,Factura de Venta
20171113,22003272,Placas y Macizas SRL,25 de Mayo 1121,01558BC,Leandro Diaz,5,1,100,5,5841.22,7067.88,0,0,0,21,0,0,0,0,0,2793,002200008487,N,Factura de Venta
20171113,07003238,Cooperativa de Provision de Servicios para Comerciantes,J. Sapene 336,01552IC,Meier,200,2,200,10,3013.4,3646.22,0,0,5,0,0,0,0,0,0,476.93,002200008486,S,Factura de Venta
20171113,02003885,Isomad SA,Av. 122 y 41,01555AA,Ventas Buenos Aires,6000,30,6000,300,128806.66,155856.06,0,0,0,21,12,0,0,0,0,6789.54,002200008470,S,Factura de Venta
20171113,02003885,Isomad SA,Av. 122 y 41,01555C,Ventas Buenos Aires,114,11.4,2280,114,11.4,13.8,0,0,0,0,0,0,0,0,0,2580.02,002200008470,S,Factura de Venta
20171113,31003218,Empresa Guanzetti SA,Calle 65 1457,01555AA,Ventas Buenos Aires,500,2.5,500,25,11221.8,13578.36,0,0,0,21,8,0,0,0,0,565.79,002200008471,S,Factura de Venta
20171113,31003218,Empresa Guanzetti SA,Calle 65 1457,01555C,Ventas Buenos Aires,3,0.3,60,3,0.3,0.36,0,0,0,0,0,0,0,0,0,67.9,002200008471,S,Factura de Venta
20171113,24005975,Reggen S.R.L,Ruta 178 Nº 305,01555C,Diego Fani,3,0.3,60,3,0.3,0.36,0,0,0,0,0,0,0,0,0,67.9,002200008482,N,Factura de Venta
20171113,11005824,Directo Srl,Luis Noaco 123,01555ARC,Victor Casañas,1760,8.8,1760,88,15781.58,19095.7,0,3,0,32.5,25,0,0,0,0,1916.77,002200008497,S,Factura de Venta
20171113,31003218,Empresa Guanzetti SA,Calle 65 1457,01555ARC,Ventas Buenos Aires,500,2.5,500,25,6635.68,8029.18,0,0,0,21,8,0,0,0,0,544.54,002200008471,S,Factura de Venta
20171113,31005972,Lamisafe SRL,Junin 1451/1477,01555ARC,Fernando Palmas,4000,20,4000,200,39520,47819.2,0,0,0,0,0,0,0,0,0,4356.29,002200008475,S,Factura de Venta
20171113,24001793,Amiano S.A.,Av. San Martin 4349,01555MA,Diego Fani,5,0.75,100,5,0.5,0.61,0,0,0,0,0,0,0,0,0,2604.89,002200008484,N,Factura de Venta
20171113,24001793,Amiano S.A.,Av. San Martin 4349,01557C,Diego Fani,12,2.4,240,12,1.2,1.45,0,0,0,0,0,0,0,0,0,372.84,002200008484,N,Factura de Venta
20171113,31003218,Empresa Guanzetti SA,Calle 65 1457,01559AA,Ventas Buenos Aires,500,5,500,25,17130.68,20728.12,0,0,0,21,8,0,0,0,0,776.76,002200008471,S,Factura de Venta
20171113,31003218,Empresa Guanzetti SA,Calle 65 1457,01557C,Ventas Buenos Aires,3,0.6,60,3,0.3,0.36,0,0,0,0,0,0,0,0,0,93.21,002200008471,S,Factura de Venta
20171113,24005975,Reggen S.R.L,Ruta 178 Nº 305,01557C,Diego Fani,3,0.6,60,3,0.3,0.36,0,0,0,0,0,0,0,0,0,93.21,002200008482,N,Factura de Venta
20171113,11005824,Directo Srl,Luis Noaco 123,01557ARC,Victor Casañas,2000,20,2000,100,27558.42,33345.7,0,3,0,32.5,25,0,0,0,0,2765.66,002200008497,S,Factura de Venta
20171113,31003218,Empresa Guanzetti SA,Calle 65 1457,01557ARC,Ventas Buenos Aires,500,5,500,25,10197,12338.38,0,0,0,21,8,0,0,0,0,691.42,002200008471,S,Factura de Venta
20171113,31005972,Lamisafe SRL,Junin 1451/1477,01557ARC,Fernando Palmas,3000,30,3000,150,45480,55030.8,0,0,0,0,0,0,0,0,0,4148.49,002200008475,S,Factura de Venta
20171113,24002684,Centro De Chapas Rosario SA,Bv. Oroño 4190,01557ARC,Diego Fani,3000,30,3000,150,50002.92,60503.54,0,0,10,25,12,0,0,0,0,4148.49,002200008483,S,Factura de Venta
20171113,31005972,Lamisafe SRL,Junin 1451/1477,01558ECC,Fernando Palmas,1000,10,1000,50,22340,27031.4,0,0,0,0,0,0,0,0,0,19527.09,002200008475,S,Factura de Venta
20171113,07003238,Cooperativa de Provision de Servicios para Comerciantes,J. Sapene 336,01558ETC,Meier,500,5,500,25,9177,11104.18,0,0,5,0,0,0,0,0,0,883.06,002200008486,S,Factura de Venta
20171113,07002231,Acerco SA,,01IN,Meier,-1,0,0,-1,-1018.84,-1232.79,0,0,0,0,0,0,0,0,0,,001300000431,,Crédito de Venta
20171113,07002231,Acerco SA,,01IN,Meier,-1,0,0,-1,-15890.71,-19227.76,0,0,0,0,0,0,0,0,0,,001300000432,,Crédito de Venta
20171113,24002752,Rusma SRL,,01IN,Diego Fani,-1,0,0,-1,-730.83,-884.3,0,0,0,0,0,0,0,0,0,,001300000433,,Crédito de Venta
20171113,22003435,Sidermet San Luis SA,,04C00898,Leandro Diaz,1,0,0,1,2.13,2.13,0,0,0,0,0,0,0,0,0,,000000011317,,Débito (Ajustes)
20171113,25004564,Lo Bruno Sociedad Anonima,,04C00898,Pedro Cocaña,1,0,0,1,7.64,7.64,0,0,0,0,0,0,0,0,0,,000000011319,,Débito (Ajustes)
20171113,03003751,Indupoles Argentina SA,Parque Ind. Campana - Km70 de Panamericana - Lote 12,01511BD,Isolant SI,100,0.3,100,0,950,1149.5,0,0,0,0,0,0,0,0,0,197.09,002200008477,N,Factura de Venta
20171113,04005689,Polifoam SRL,Alte. Brown 3985,01652DA,Isolant SI,210,3.15,210,0,10941.32,13238.99,0,0,0,45,0,0,0,0,0,3828.99,002200008493,N,Factura de Venta
20171113,04005689,Polifoam SRL,Alte. Brown 3985,01504D,Isolant SI,2160,2.16,2160,0,7646.4,9252.14,0,0,0,0,0,0,0,0,0,5227.2,002200008495,N,Factura de Venta
20171113,07002231,Acerco SA,,01IN,Meier,-1,0,0,-1,-698.95,-845.74,0,0,0,0,0,0,0,0,0,,001300000430,,Crédito de Venta
20171113,24004809,Bonadeo Raul Leonel,,04C00898,Meier,1,0,0,1,3.5,3.5,0,0,0,0,0,0,0,0,0,,000000011315,,Débito (Ajustes)
20171113,31000873,Tellechea Juan Carlos,,04C00898,Disapla,1,0,0,1,6.62,6.62,0,0,0,0,0,0,0,0,0,,000000011316,,Débito (Ajustes)
20171113,02004723,Garcia Matias Emanuel,,01IN,Hector Collia,-1,0,0,-1,-435.63,-527.11,0,0,0,0,0,0,0,0,0,,001300000428,,Crédito de Venta
20171113,24003365,MC M S.A.,,01IN,Diego Fani,-1,0,0,-1,-200.76,-242.92,0,0,0,0,0,0,0,0,0,,001300000429,,Crédito de Venta
20171113,04000007,Disapla S.A.,,04C00898,Isolant SA,1,0,0,1,0.05,0.05,0,0,0,0,0,0,0,0,0,,000000011318,,Débito (Ajustes)
20171113,03003751,Indupoles Argentina SA,Parque Ind. Campana - Km70 de Panamericana - Lote 12,01511BD,Isolant SI,100,0.3,100,0,950,1149.5,0,0,0,0,0,0,0,0,0,197.09,002200008473,N,Factura de Venta

