﻿FechaTxt,Codigo_Cliente,Cliente,EntDir,Codigo_Articulo,Vendedor,cantidad,Mts3,Mts2,Rollos,Importe_Bruto,Importe_Neto,Dto_Contado,Dto_Flete,Dto_Especial,Bonificacion,Desc_Adicional,cantidad_elaborada,m2_ocupados,costo_unitario,costo_total_stock,Costo_de_venta,comp
20170411,29004635,Laurito Sergio Ricardo,,04VARIOS,Hector Collia,-1,0,0,-1,-5648.76,-6835,0,0,0,0,0,0,0,0,0,0,001400007624
20170411,29002191,Maderera Don Fioravanti SRL,,04VARIOS,Esteban Bergamaschi,-1,0,0,-1,-359.5,-435,0,0,0,0,0,0,0,0,0,0,001400007625
20170411,24000215,Emcisa SRL,,04VARIOS,Meier,-1,0,0,-1,-15355.37,-18580,0,0,0,0,0,0,0,0,0,0,001400007626
20170411,07002231,Acerco SA,,01IN,Meier,-1,0,0,-1,-8571.26,-10371.22,0,0,0,0,0,0,0,0,0,0,001400007627
20170411,01003705,Rosenblatt Daniel y Rosenblatt Carlos S.H.,Av. Forest 540,01603B,Hector Collia,26,1.3,650,26,5155.33,6237.95,0,0,0,30,0,0,0,0,0,0,002200004168
20170411,24004680,Montarfe S R L,Hipólito Irigoyen 890,01555A,Diego Fani,50,5,1000,50,21369.37,25856.94,0,0,0,21,8,0,0,0,0,0,002200004169
20170411,24004680,Montarfe S R L,Hipólito Irigoyen 890,01555C,Diego Fani,12,1.2,240,12,1.2,1.45,0,0,0,0,0,0,0,0,0,0,002200004169
20170411,24004680,Montarfe S R L,Hipólito Irigoyen 890,01557A,Diego Fani,50,10,1000,50,32632.96,39485.88,0,0,0,21,8,0,0,0,0,0,002200004169
20170411,24004680,Montarfe S R L,Hipólito Irigoyen 890,01557C,Diego Fani,12,2.4,240,12,1.2,1.45,0,0,0,0,0,0,0,0,0,0,002200004169
20170411,30003635,Campot Eduardo Conrado,L. N. Alem 275,01957A,Esteban Bergamaschi,1,0,0,1,0.1,0.12,0,0,0,0,0,0,0,0,0,0,002200004170
20170411,30003635,Campot Eduardo Conrado,L. N. Alem 275,01960DA,Esteban Bergamaschi,2,0,0,2,5291.88,6403.17,0,0,0,21,0,0,0,0,0,0,002200004170
20170411,29001247,Salazar Wilchelm Juan Carlos,Calle 5 Nº1998 (Esq. 512),01514DC,Fernando Palmas,2520,12.6,2520,2520,24292.8,29394.29,0,0,0,0,0,0,0,0,0,0,002200004173
20170411,28000201,CASARINO S.R.L.,"Eusebio Ayala 4165 Km 4,5",01550A,Fernando Palmas,60,2.4,1200,60,8658,8658,0,0,0,0,0,0,0,0,0,0,001500000649
20170411,28000201,CASARINO S.R.L.,"Eusebio Ayala 4165 Km 4,5",01555A,Fernando Palmas,40,4,800,40,14136,14136,0,0,0,0,0,0,0,0,0,0,001500000649
20170411,28000201,CASARINO S.R.L.,"Eusebio Ayala 4165 Km 4,5",01555EC,Fernando Palmas,100,10,2000,100,30000,30000,0,0,0,0,0,0,0,0,0,0,001500000649
20170411,28000201,CASARINO S.R.L.,"Eusebio Ayala 4165 Km 4,5",01558ES,Fernando Palmas,100,20,2000,100,45600,45600,0,0,0,0,0,0,0,0,0,0,001500000649
20170411,28000201,CASARINO S.R.L.,"Eusebio Ayala 4165 Km 4,5",01555AR,Fernando Palmas,50,5,1000,50,10350,10350,0,0,0,0,0,0,0,0,0,0,001500000649
20170411,28000201,CASARINO S.R.L.,"Eusebio Ayala 4165 Km 4,5",01557AR,Fernando Palmas,50,10,1000,50,16050,16050,0,0,0,0,0,0,0,0,0,0,001500000649
20170411,28000201,CASARINO S.R.L.,"Eusebio Ayala 4165 Km 4,5",01558BC,Fernando Palmas,40,8,800,40,35388,35388,0,0,0,0,0,0,0,0,0,0,001500000649
20170411,28000201,CASARINO S.R.L.,"Eusebio Ayala 4165 Km 4,5",01569BC,Fernando Palmas,10,3,200,10,10761,10761,0,0,0,0,0,0,0,0,0,0,001500000649
20170411,28000201,CASARINO S.R.L.,"Eusebio Ayala 4165 Km 4,5",01555AK,Fernando Palmas,35,1.575,525,35,6142.5,6142.5,0,0,0,0,0,0,0,0,0,0,001500000649
20170411,29004635,Laurito Sergio Ricardo,,04C00898,Hector Collia,1,0,0,1,8.59,8.59,0,0,0,0,0,0,0,0,0,0,000000010749
20170411,01005812,Danko Materiales Srl,Mercedes 3951 3B,01753A,Victor Casañas,5,0.1875,0,5,4099.7,4960.64,0,3,0,21,0,0,0,0,0,0,002200004143
20170411,01000165,Macroplast SA,,04C01237,Isolant SA,1,0,0,1,61225.49,77756.37,0,0,0,0,0,0,0,0,0,0,001300001536
20170411,01000165,Macroplast SA,,04C01237,Isolant SA,1,0,0,1,4326.43,4326.43,0,0,0,0,0,0,0,0,0,0,001300001536
20170411,03004729,Teknobayres S.A.,Av. Santa Fe 1546,01852AA,Levy,35,17.5,875,35,58838.04,71194.03,0,0,0,21,15,0,0,0,0,0,002200004148
20170411,31004346,Fauszleger Sociedad Anonima,Av. Jara 3063,01957A,Ventas Buenos Aires,1,0,0,1,0.1,0.12,0,0,0,0,0,0,0,0,0,0,002200004150
20170411,31004346,Fauszleger Sociedad Anonima,Av. Jara 3063,01551A,Ventas Buenos Aires,40,4,800,40,13804.73,16703.72,0,0,0,21,12,0,0,0,0,0,002200004150
20170411,31004346,Fauszleger Sociedad Anonima,Av. Jara 3063,01557AK,Ventas Buenos Aires,50,5.25,750,50,14202.94,17185.55,0,0,0,21,12,0,0,0,0,0,002200004150
20170411,31004346,Fauszleger Sociedad Anonima,Av. Jara 3063,01557A,Ventas Buenos Aires,75,15,1500,75,46821.2,56653.65,0,0,0,21,12,0,0,0,0,0,002200004150
20170411,31004346,Fauszleger Sociedad Anonima,Av. Jara 3063,01557C,Ventas Buenos Aires,9,1.8,180,9,0.9,1.09,0,0,0,0,0,0,0,0,0,0,002200004150
20170411,31004346,Fauszleger Sociedad Anonima,Av. Jara 3063,01558AL,Ventas Buenos Aires,50,10,2000,50,42849,51847.29,0,0,0,21,12,0,0,0,0,0,002200004150
20170411,31004346,Fauszleger Sociedad Anonima,Av. Jara 3063,01558ALP,Ventas Buenos Aires,5,1,200,5,0.5,0.61,0,0,0,0,0,0,0,0,0,0,002200004150
20170411,31004346,Fauszleger Sociedad Anonima,Av. Jara 3063,01555ED,Ventas Buenos Aires,41,4.1,820,41,17643.48,21348.61,0,0,0,21,12,0,0,0,0,0,002200004151
20170411,31004346,Fauszleger Sociedad Anonima,Av. Jara 3063,01558EC,Ventas Buenos Aires,30,6,600,30,16747.37,20264.32,0,0,0,21,12,0,0,0,0,0,002200004151
20170411,31004346,Fauszleger Sociedad Anonima,Av. Jara 3063,01555M,Ventas Buenos Aires,20,3,400,20,18970.2,22953.94,0,0,0,21,12,0,0,0,0,0,002200004151
20170411,31004346,Fauszleger Sociedad Anonima,Av. Jara 3063,01555MA,Ventas Buenos Aires,2,0.3,40,2,0.2,0.24,0,0,0,0,0,0,0,0,0,0,002200004151
20170411,03000023,Industrias Saladillo SA,IS.SA. Planta Pilar,01525AH,Isolant SI,1460,14.6,1460,0,24396.6,29519.89,0,0,0,0,0,0,0,0,0,0,002200004145
20170411,01001928,Karavell SA,Santiago del Estero 453,01700AC,Levy,42,5.04,0,42,23105,27957.05,0,3,0,30,0,0,0,0,0,0,002200004152
20170411,01001928,Karavell SA,Santiago del Estero 453,01700AC,Levy,22,2.64,0,22,12102.62,14644.17,0,3,0,30,0,0,0,0,0,0,002200004152
20170411,31002445,Bupa SRL,,04C00898,Esteban Bergamaschi,1,0,0,1,0.75,0.75,0,0,0,0,0,0,0,0,0,0,000000010748
20170411,03000023,Industrias Saladillo SA,IS.SA. Planta Pilar,01784B,Isolant SI,21,0.5544,0,21,1595.16,1930.14,0,0,0,0,0,0,0,0,0,0,002200004155
20170411,03000023,Industrias Saladillo SA,IS.SA. Planta Pilar,01777BA,Isolant SI,141,3.7652076,0,141,22657.29,27415.32,0,0,0,0,0,0,0,0,0,0,002200004155
20170411,03000023,Industrias Saladillo SA,IS.SA. Planta Pilar,01778BA,Isolant SI,10,0.245045,0,10,1706.8,2065.23,0,0,0,0,0,0,0,0,0,0,002200004155
20170411,30005659,Tripodi Jorge Enrique,Av. Falucho 1140,01555EDC,Esteban Bergamaschi,2140,10.7,2140,107,43699.66,52876.58,0,0,0,25,12,0,0,0,0,0,002200004157
20170411,30005659,Tripodi Jorge Enrique,Av. Falucho 1140,01555AA,Esteban Bergamaschi,3000,15,3000,150,58212,70436.52,0,0,0,25,12,0,0,0,0,0,002200004157
20170411,30005659,Tripodi Jorge Enrique,Av. Falucho 1140,01555C,Esteban Bergamaschi,36,3.6,720,36,3.6,4.36,0,0,0,0,0,0,0,0,0,0,002200004157
20170411,30005659,Tripodi Jorge Enrique,Av. Falucho 1140,01559AA,Esteban Bergamaschi,2000,20,2000,100,59268,71714.28,0,0,0,25,12,0,0,0,0,0,002200004157
20170411,30005659,Tripodi Jorge Enrique,Av. Falucho 1140,01557C,Esteban Bergamaschi,24,4.8,480,24,2.4,2.9,0,0,0,0,0,0,0,0,0,0,002200004157
20170411,30005659,Tripodi Jorge Enrique,Av. Falucho 1140,01960DA,Esteban Bergamaschi,40,0,0,40,100478.4,121578.86,0,0,0,25,0,0,0,0,0,0,002200004157
20170411,30005659,Tripodi Jorge Enrique,Av. Falucho 1140,01555EDC,Esteban Bergamaschi,260,1.3,260,13,4778.38,5781.84,0,0,12,25,10,0,0,0,0,0,002200004158
20170411,01002825,Iel SRL,Palestina 631 (Ex Rawson),01905A,Levy,70,4.9826,0,70,39012.18,47204.74,0,0,10,30,0,0,0,0,0,0,002200004164
20170411,01005812,Danko Materiales Srl,Mercedes 3951 3B,01957A,Victor Casañas,1,0,0,1,0.1,0.12,0,3,0,0,0,0,0,0,0,0,002200004142
20170411,01005812,Danko Materiales Srl,Mercedes 3951 3B,01550I,Victor Casañas,15,0.6,300,15,1406.47,1701.83,0,3,0,21,8,0,0,0,0,0,002200004142
20170411,01005812,Danko Materiales Srl,Mercedes 3951 3B,01551I,Victor Casañas,20,2,400,20,3620.86,4381.24,0,3,0,21,8,0,0,0,0,0,002200004142
20170411,01005812,Danko Materiales Srl,Mercedes 3951 3B,01555AR,Victor Casañas,60,6,1200,60,14982.57,18128.92,0,3,0,21,8,0,0,0,0,0,002200004142
20170411,01005812,Danko Materiales Srl,Mercedes 3951 3B,01557AR,Victor Casañas,40,8,800,40,15363.27,18589.56,0,3,0,21,8,0,0,0,0,0,002200004142
20170411,19002241,Carlos Isla y Cia. SA,San Juan 198,01557A,Latyn-Valle y Cordillera,170,34,3400,170,88417,106984.57,0,0,0,0,0,0,0,0,0,0,002200004144
20170411,19002241,Carlos Isla y Cia. SA,San Juan 198,01555A,Latyn-Valle y Cordillera,10,1,200,10,3405.9,4121.14,0,0,0,0,0,0,0,0,0,0,002200004144
20170411,01000165,Macroplast SA,,04C01237,Isolant SA,-1,0,0,-1,-47225.9,-59976.89,0,0,0,0,0,0,0,0,0,0,001400007622
20170411,01000165,Macroplast SA,,04C01237,Isolant SA,-1,0,0,-1,-3337.17,-3337.17,0,0,0,0,0,0,0,0,0,0,001400007622
20170411,09002438,Suc De Gustavo Lagerheim SA,Ruta Nacional 11 Km.1005,01557A,Isolant SA,18,3.6,360,18,10474.16,12673.73,0,0,0,32.5,4,0,0,0,0,0,002200004146
20170411,09002438,Suc De Gustavo Lagerheim SA,Ruta Nacional 11 Km.1005,01558ES,Isolant SA,20,4,400,20,7223.04,8739.88,0,0,0,32.5,12,0,0,0,0,0,002200004147
20170411,09002438,Suc De Gustavo Lagerheim SA,Ruta Nacional 11 Km.1005,01557AR,Isolant SA,70,14,1400,70,22652.78,27409.87,0,0,0,32.5,12,0,0,0,0,0,002200004147
20170411,09002438,Suc De Gustavo Lagerheim SA,Ruta Nacional 11 Km.1005,01558EC,Isolant SA,30,6,600,30,14309.46,17314.45,0,0,0,32.5,12,0,0,0,0,0,002200004147
20170411,09002438,Suc De Gustavo Lagerheim SA,Ruta Nacional 11 Km.1005,01557A,Isolant SA,40,8,800,40,24245.73,29337.33,0,0,0,32.5,0,0,0,0,0,0,002200004147
20170411,09002438,Suc De Gustavo Lagerheim SA,Ruta Nacional 11 Km.1005,01557C,Isolant SA,12,2.4,240,12,1.2,1.45,0,0,0,0,0,0,0,0,0,0,002200004147
20170411,03000023,Industrias Saladillo SA,IS.SA. Planta Pilar,01525AH,Isolant SI,640,6.4,640,0,10694.4,12940.22,0,0,0,0,0,0,0,0,0,0,002200004149
20170411,03000023,Industrias Saladillo SA,IS.SA. Planta Pilar,01525AH,Isolant SI,1120,11.2,1120,0,18715.2,22645.39,0,0,0,0,0,0,0,0,0,0,002200004149
20170411,03003349,Homps Jorge Eduardo,Monteagudo 2865,01524DC,Esteban Bergamaschi,100,1,100,0,2818.9,3410.87,0,0,0,30,0,0,0,0,0,0,002200000028
20170411,03003349,Homps Jorge Eduardo,Monteagudo 2865,01654AC,Esteban Bergamaschi,20,0.4,20,0,1912.4,2314,0,0,0,30,0,0,0,0,0,0,002200000028
20170411,29002213,Genoud Hnos SA,Ruta 8 Y Bcs Del Parana,01555M,Disapla,5,0.75,100,5,5389.26,6521.01,0,0,0,21,0,0,0,0,0,0,002200004160
20170411,29002213,Genoud Hnos SA,Ruta 8 Y Bcs Del Parana,01603B,Disapla,15,0.75,375,15,3356.63,4061.52,0,0,0,21,0,0,0,0,0,0,002200004160
20170411,16004704,Cimet S.A.,Perito Moreno 640,01558ES,Leandro Diaz,9,1.8,180,9,4322.88,5230.68,0,0,0,21,0,0,0,0,0,0,002200004161
20170411,31004474,Polyfrio S.A.,Av. Polonia 1038,01507E,Fernando Palmas,4000,6,4000,0,33000,39930,0,0,0,0,0,0,0,0,0,0,002200004166
20170411,04000857,Aserradero Teco SA,Aquilino Colombo 1947,01559AA,Levy,200,2,200,10,7094.2,8583.98,0,0,0,21,0,0,0,0,0,0,002200004167
20170411,04000857,Aserradero Teco SA,Aquilino Colombo 1947,01558ESC,Levy,200,2,200,10,4803.2,5811.88,0,0,0,21,0,0,0,0,0,0,002200004167
20170411,04000857,Aserradero Teco SA,Aquilino Colombo 1947,01557AKC,Levy,150,1.05,150,10,3227.94,3905.8,0,0,0,21,0,0,0,0,0,0,002200004167
20170411,01005121,Molysil Argentina S.A.,Catamarca 1856,01904A,Levy,4,0.25132,0,4,2973.81,3598.31,0,0,0,21,0,0,0,0,0,0,002200004171
20170411,01005121,Molysil Argentina S.A.,Catamarca 1856,01905A,Levy,4,0.28472,0,4,2795.43,3382.47,0,0,0,21,0,0,0,0,0,0,002200004171
20170411,01005121,Molysil Argentina S.A.,Catamarca 1856,01906A,Levy,1,0.07775,0,1,719.65,870.78,0,0,0,21,0,0,0,0,0,0,002200004171
20170411,01005121,Molysil Argentina S.A.,Catamarca 1856,01907A,Levy,1,0.1885,0,1,1483.11,1794.57,0,0,0,21,0,0,0,0,0,0,002200004171
20170411,01005857,Empiro Sociedad Anonima,Bemberg y Calle 146,01558EC,Ventas Buenos Aires,50,10,1000,50,27912.28,33773.86,0,0,0,21,12,0,0,0,0,0,002200004172
20170411,03000023,Industrias Saladillo SA,IS.SA. Planta Pilar,01781BB,Isolant SI,50,1.96,0,50,13939,16866.19,0,0,0,0,0,0,0,0,0,0,002200004153
20170411,03000023,Industrias Saladillo SA,IS.SA. Planta Pilar,01781BA,Isolant SI,28,1.0976,0,28,4510.8,5458.07,0,0,0,0,0,0,0,0,0,0,002200004154
20170411,03000023,Industrias Saladillo SA,IS.SA. Planta Pilar,01781BB,Isolant SI,2,0.0784,0,2,557.56,674.65,0,0,0,0,0,0,0,0,0,0,002200004156
20170411,01003103,Abuye Jorge Oscar,La Pampa 4965,01654DC,Luis Ramirez,10,0.2,10,0,956.2,1157,0,0,0,30,0,0,0,0,0,0,002200004159
20170411,01003103,Abuye Jorge Oscar,La Pampa 4965,01658DC,Luis Ramirez,10,0.3,10,0,1395.73,1688.83,0,0,0,30,0,0,0,0,0,0,002200004159
20170411,01003103,Abuye Jorge Oscar,La Pampa 4965,01666ACP,Luis Ramirez,40,2,40,0,9116.52,11030.99,0,0,0,30,0,0,0,0,0,0,002200004159
20170411,16005442,LAFE SRL,Av. Gobernador Videla 1657,01852AA,Leandro Diaz,5,2.5,125,5,9888.75,11965.38,0,0,0,21,0,0,0,0,0,0,002200004162
20170411,16005442,LAFE SRL,Av. Gobernador Videla 1657,01772A,Leandro Diaz,1,0.18944,0,1,1646.63,1992.42,0,0,0,21,0,0,0,0,0,0,002200004162
20170411,25004459,Miguel R Mukdise y Hnos Soc Com Col,25 de Mayo Nº76,01957A,Pedro Cocaña,1,0,0,1,0.1,0.12,0,0,0,0,0,0,0,0,0,0,002200004163
20170411,25004459,Miguel R Mukdise y Hnos Soc Com Col,25 de Mayo Nº76,01555A,Pedro Cocaña,25,2.5,500,25,11149.24,13490.58,0,0,0,21,4,0,0,0,0,0,002200004163
20170411,25004459,Miguel R Mukdise y Hnos Soc Com Col,25 de Mayo Nº76,01555C,Pedro Cocaña,6,0.6,120,6,0.6,0.73,0,0,0,0,0,0,0,0,0,0,002200004163
20170411,25004459,Miguel R Mukdise y Hnos Soc Com Col,25 de Mayo Nº76,01557A,Pedro Cocaña,30,6,600,30,20431.07,24721.59,0,0,0,21,4,0,0,0,0,0,002200004163
20170411,25004459,Miguel R Mukdise y Hnos Soc Com Col,25 de Mayo Nº76,01557C,Pedro Cocaña,6,1.2,120,6,0.6,0.73,0,0,0,0,0,0,0,0,0,0,002200004163
20170411,30004285,A P Argentina SA,Camusso 366,01789A,Fernando Palmas,3,0.2226609,0,3,1404.66,1699.64,0,0,0,0,0,0,0,0,0,0,002200004165
20170411,03003300,Aserradero Vagol SRL,,04VARIOS,Esteban Bergamaschi,-1,0,0,-1,-3210.74,-3885,0,0,0,0,0,0,0,0,0,0,001400007623

