﻿FechaTxt,Codigo_Cliente,Cliente,EntDir,Codigo_Articulo,Vendedor,cantidad,Mts3,Mts2,Rollos,Importe_Bruto,Importe_Neto,Dto_Contado,Dto_Flete,Dto_Especial,Bonificacion,Desc_Adicional,cantidad_elaborada,m2_ocupados,costo_unitario,costo_total_stock,Costo_de_venta,comp,C_Construccion,nomdoc
20171101,07001181,Ayassa Fombella y Cia SRL,Antonio Giardi 3320 B,01558BC,Meier,34,6.8,680,34,39720.3,48061.56,0,0,0,21,0,0,0,0,0,19006.34,002200008227,N,Factura de Venta
20171101,01004791,Aplimas SA,Honduras 5455,01901A,Mariano Martinez,1,0.07854,0,1,2838.54,3434.63,0,0,0,0,0,0,0,0,0,894.5,002200008233,N,Factura de Venta
20171101,01004791,Aplimas SA,Honduras 5455,01900A,Mariano Martinez,2,0.1508,0,2,7750.76,9378.42,0,0,0,0,0,0,0,0,0,2380.78,002200008233,N,Factura de Venta
20171101,01005670,Jomaf S.A.,Simbron 3719,01771A,Levy,5,0.19165,0,5,1621.13,1961.57,0,0,0,30,0,0,0,0,0,198.9,002200008234,N,Factura de Venta
20171101,24005811,Levato Leonardo Daniel,Eva Peron 8520,01950D,Victor Casañas,70,16.002,0,70,47880,57934.8,0,0,0,0,0,0,0,0,0,22313.2,002200008235,S,Factura de Venta
20171101,07003238,Cooperativa de Provision de Servicios para Comerciantes,Bv. Rivadavia 200,01554BR,Meier,3,0.36,60,3,3499.57,4234.48,0,0,5,0,0,0,0,0,0,1366.56,002200008236,N,Factura de Venta
20171101,24005722,Mathilde SRL,Suipacha 2258,01555AR,Meier,5,0.5,100,5,1441.08,1743.7,0,0,0,21,0,0,0,0,0,677.05,002200008229,N,Factura de Venta
20171101,24005722,Mathilde SRL,Suipacha 2258,01551I,Meier,10,1,200,10,2089.55,2528.36,0,0,0,21,0,0,0,0,0,810.2,002200008229,N,Factura de Venta
20171101,24005722,Mathilde SRL,Suipacha 2258,01552I,Meier,10,2,400,10,4177.2,5054.42,0,0,0,21,0,0,0,0,0,1991.6,002200008229,N,Factura de Venta
20171101,24005722,Mathilde SRL,Suipacha 2258,01557AR,Meier,5,1,100,5,2216.5,2681.97,0,0,0,21,0,0,0,0,0,1185.3,002200008229,N,Factura de Venta
20171101,31000402,Codimat SA,Don Bosco 1495,01557A,Norberto Oppezzo,130,26,2600,130,83860.49,101471.19,3,4,7,21,0,0,0,0,0,35179.3,002200008251,N,Factura de Venta
20171101,24005969,Albanese Vanina Eugenia,Av. Francia 3371,01666ACP,Victor Casañas,10,0.5,10,0,2515.2,3043.4,0,0,0,25,0,0,0,0,0,566.3,002200008228,S,Factura de Venta
20171101,24005969,Albanese Vanina Eugenia,Av. Francia 3371,01772A,Victor Casañas,1,0.18944,0,1,1688.3,2042.86,0,0,0,25,0,0,0,0,0,324.11,002200008228,S,Factura de Venta
20171101,24005969,Albanese Vanina Eugenia,Av. Francia 3371,01772AC,Victor Casañas,1,0.18944,0,1,1688.3,2042.86,0,0,0,25,0,0,0,0,0,324.11,002200008228,S,Factura de Venta
20171101,24005969,Albanese Vanina Eugenia,Av. Francia 3371,01772AD,Victor Casañas,1,0.18944,0,1,1688.3,2042.86,0,0,0,25,0,0,0,0,0,324.11,002200008228,S,Factura de Venta
20171101,24005969,Albanese Vanina Eugenia,Av. Francia 3371,01950D,Victor Casañas,1,0.2286,0,1,612,740.52,0,0,0,0,0,0,0,0,0,318.76,002200008228,S,Factura de Venta
20171101,24005722,Mathilde SRL,Suipacha 2258,01550I,Meier,5,0.35,175,5,541.11,654.74,0,0,0,21,0,0,0,0,0,212.85,002200008229,N,Factura de Venta
20171101,31000402,Codimat SA,Don Bosco 1495,01557A,Norberto Oppezzo,100,20,2000,100,64508.07,78054.76,3,4,7,21,0,0,0,0,0,27061,002200008252,N,Factura de Venta
20171101,01004688,Studio TG S.R.L.,Senillosa 1596,01700A,Levy,15,1.8,0,15,10584.54,12807.29,0,0,0,21,0,0,0,0,0,4007.1,002200008226,N,Factura de Venta
20171101,01004688,Studio TG S.R.L.,Senillosa 1596,01603A,Levy,15,0.75,375,15,2803.35,3392.06,0,0,0,21,0,0,0,0,0,810.9,002200008226,N,Factura de Venta
20171101,24005969,Albanese Vanina Eugenia,Av. Francia 3371,01654ACP,Victor Casañas,10,0.2,10,0,1055.26,1276.86,0,0,0,25,0,0,0,0,0,246.4,002200008228,S,Factura de Venta
20171101,24005969,Albanese Vanina Eugenia,Av. Francia 3371,01658ACP,Victor Casañas,20,0.6,20,0,3080.4,3727.28,0,0,0,25,0,0,0,0,0,751,002200008228,S,Factura de Venta
20171101,24005969,Albanese Vanina Eugenia,Av. Francia 3371,01662ACP,Victor Casañas,10,0.4,10,0,2026.94,2452.6,0,0,0,25,0,0,0,0,0,470.9,002200008228,S,Factura de Venta
20171101,27004790,Luciano Pablo Nestor,Camino del Peru 2150 (esq. Pje Roca),06X002VI,Pedro Cocaña,1,0,0,1,0.1,0.12,0,3,0,0,0,0,0,0,0,0,002200008243,S,Factura de Venta
20171101,24004809,Bonadeo Raul Leonel,San Luis 3069,01762A,Meier,1,0.05089,0,1,417.86,505.62,0,0,0,30,0,0,0,0,0,75.87,002200008238,N,Factura de Venta
20171101,24004200,Mariutti Hnos SH,Francia 2399,01901A,Meier,2,0.15708,0,2,4484.89,5426.72,0,0,0,21,0,0,0,0,0,1789,002200008247,N,Factura de Venta
20171101,04005689,Polifoam SRL,Alte. Brown 3985,01650DC,Isolant SI,250,2.5,250,0,10038.88,12147.04,0,0,0,45,0,0,0,0,0,3930,002200008248,N,Factura de Venta
20171101,04005689,Polifoam SRL,Alte. Brown 3985,01788AD,Isolant SI,3,0.76908,0,3,3700.8,4477.97,0,0,0,0,0,0,0,0,0,1816.63,002200008249,N,Factura de Venta
20171101,31000402,Codimat SA,Don Bosco 1495,01558BC,Norberto Oppezzo,10,2,200,10,10117.18,12241.79,3,4,7,21,0,0,0,0,0,5590.1,002200008252,N,Factura de Venta
20171101,27004790,Luciano Pablo Nestor,Camino del Peru 2150 (esq. Pje Roca),01557A,Pedro Cocaña,50,10,1000,50,30181.91,36520.11,0,3,0,25,12,0,0,0,0,13530.5,002200008250,N,Factura de Venta
20171101,27004790,Luciano Pablo Nestor,Camino del Peru 2150 (esq. Pje Roca),01558BC,Pedro Cocaña,10,2,200,10,10758.2,13017.42,0,3,0,25,0,0,0,0,0,5590.1,002200008250,N,Factura de Venta
20171101,01002018,Zanet SA,,04C00291,Fernando Palmas,1,0,0,1,10960,10960,0,0,0,0,0,0,0,0,0,0,001300001644,,Débito de Venta
20171101,07005943,Mar Plast SA,Av. O´Higgins 3151,01950D,Fernando Palmas,260,59.436,0,260,115128,139304.88,0,0,0,0,0,0,0,0,0,82877.6,002200008225,N,Factura de Venta
20171101,27004790,Luciano Pablo Nestor,Camino del Peru 2150 (esq. Pje Roca),06X002MT,Pedro Cocaña,1,0,0,1,0.1,0.12,0,3,0,0,0,0,0,0,0,0,002200008243,S,Factura de Venta
20171101,27004790,Luciano Pablo Nestor,Camino del Peru 2150 (esq. Pje Roca),06X002AF,Pedro Cocaña,1,0,0,1,0.1,0.12,0,3,0,0,0,0,0,0,0,0,002200008243,S,Factura de Venta
20171101,24002397,Trobbiani Daniel Ramon,27 De Febrero 2439,01853B,Diego Fani,2,0.25,50,2,2344.8,2837.21,0,0,0,21,0,0,0,0,0,857.1,002200008242,N,Factura de Venta
20171101,24002397,Trobbiani Daniel Ramon,27 De Febrero 2439,01761C,Diego Fani,1,0.08482,0,1,822.85,995.64,0,0,0,40,0,0,0,0,0,388.92,002200008242,N,Factura de Venta
20171101,24002397,Trobbiani Daniel Ramon,27 De Febrero 2439,01763C,Diego Fani,2,0.12064,0,2,1505.15,1821.23,0,0,0,40,0,0,0,0,0,479.6,002200008242,N,Factura de Venta
20171101,24002397,Trobbiani Daniel Ramon,27 De Febrero 2439,01764C,Diego Fani,4,0.26388,0,4,3391.92,4104.22,0,0,0,40,0,0,0,0,0,983.44,002200008242,N,Factura de Venta
20171101,24002397,Trobbiani Daniel Ramon,27 De Febrero 2439,01765C,Diego Fani,3,0.17643,0,3,2251.91,2724.81,0,0,0,40,0,0,0,0,0,616.35,002200008242,N,Factura de Venta
20171101,24002397,Trobbiani Daniel Ramon,27 De Febrero 2439,01766C,Diego Fani,2,0.09952,0,2,1213.07,1467.81,0,0,0,40,0,0,0,0,0,321.26,002200008242,N,Factura de Venta
20171101,24000215,Emcisa SRL,Pte. Roca 3108,01524DC,Meier,450,4.5,450,0,13447.35,16271.29,0,0,0,30,0,0,0,0,0,4590,002200008237,N,Factura de Venta
20171101,03004075,Comercial CMP SA,Ruta Panamericana Km. 39.5 Nº1166,01555M,Hector Collia,50,7.5,1000,50,48693.81,58919.51,0,0,0,25,12,0,0,0,0,27708,002200008239,N,Factura de Venta
20171101,03003751,Indupoles Argentina SA,Parque Ind. Campana - Km70 de Panamericana - Lote 12,01515BE,Isolant SI,7500,37.5,7500,0,75000,90750,0,0,0,0,0,0,0,0,0,69750,002200008224,N,Factura de Venta
20171101,03003751,Indupoles Argentina SA,Parque Ind. Campana - Km70 de Panamericana - Lote 12,01515BE,Isolant SI,1350,6.75,1350,0,13500,16335,0,0,0,0,0,0,0,0,0,12555,002200008224,N,Factura de Venta
20171101,24002397,Trobbiani Daniel Ramon,27 De Febrero 2439,01850A,Diego Fani,2,0.25,50,2,1175.3,1422.11,0,0,0,21,0,0,0,0,0,254.74,002200008242,N,Factura de Venta
20171101,24002397,Trobbiani Daniel Ramon,27 De Febrero 2439,01851A,Diego Fani,4,1,100,4,3523.65,4263.62,0,0,0,21,0,0,0,0,0,1374.32,002200008242,N,Factura de Venta
20171101,03000023,Industrias Saladillo SA,IS.SA. Planta Pilar,01525AHC,Isolant SI,600,6,600,600,9774,11826.54,0,0,0,0,0,0,0,0,0,930.76,002200008240,N,Factura de Venta
20171101,03000023,Industrias Saladillo SA,IS.SA. Planta Pilar,01525AHC,Isolant SI,1540,15.4,1540,1540,25086.6,30354.79,0,0,0,0,0,0,0,0,0,2388.95,002200008246,N,Factura de Venta
20171101,03004075,Comercial CMP SA,Ruta Panamericana Km. 39.5 Nº1166,01555MA,Hector Collia,5,0.75,100,5,0.5,0.61,0,0,0,0,0,0,0,0,0,2604.89,002200008239,N,Factura de Venta
20171101,27004790,Luciano Pablo Nestor,Camino del Peru 2150 (esq. Pje Roca),01559AA,Pedro Cocaña,1000,10,1000,50,26889.52,32536.32,0,3,10.9,25,12,0,0,0,0,1553.51,002200008245,S,Factura de Venta
20171101,27004790,Luciano Pablo Nestor,Camino del Peru 2150 (esq. Pje Roca),01557C,Pedro Cocaña,6,1.2,120,6,0.58,0.7,0,3,0,0,0,0,0,0,0,186.42,002200008250,N,Factura de Venta
20171101,31000402,Codimat SA,Don Bosco 1495,01557C,Norberto Oppezzo,12,2.4,240,12,1.04,1.26,3,4,7,0,0,0,0,0,0,372.84,002200008252,N,Factura de Venta
20171101,31000402,Codimat SA,Don Bosco 1495,01557C,Norberto Oppezzo,12,2.4,240,12,1.04,1.26,3,4,7,0,0,0,0,0,0,372.84,002200008251,N,Factura de Venta
20171101,27004790,Luciano Pablo Nestor,Camino del Peru 2150 (esq. Pje Roca),01557ARC,Pedro Cocaña,1300,13,1300,65,16645.2,20140.7,0,3,0,0,0,0,0,0,0,1797.68,002200008231,S,Factura de Venta
20171101,27004790,Luciano Pablo Nestor,Camino del Peru 2150 (esq. Pje Roca),01557ARC,Pedro Cocaña,1300,13,1300,65,16645.2,20140.7,0,3,0,0,0,0,0,0,0,1797.68,002200008230,S,Factura de Venta
20171101,27004790,Luciano Pablo Nestor,Camino del Peru 2150 (esq. Pje Roca),01557ARC,Pedro Cocaña,2200,22,2200,110,28168.8,34084.24,0,3,0,0,0,0,0,0,0,3042.23,002200008244,S,Factura de Venta
20171101,27004790,Luciano Pablo Nestor,Camino del Peru 2150 (esq. Pje Roca),01558BRC,Pedro Cocaña,480,4.8,480,24,32321.96,39109.56,0,3,0,25,0,0,0,0,0,15361.67,002200008232,S,Factura de Venta
20171101,24002037,Gilli Faudin Luis Vicente,,01IN,Meier,-1,0,0,-1,-1513.97,-1831.91,0,0,0,0,0,0,0,0,0,,001300000418,,Crédito de Venta
20171101,01002018,Zanet SA,,04C00205,Fernando Palmas,1,0,0,1,170,205.7,0,0,0,0,0,0,0,0,0,,001300001644,,Débito de Venta
20171101,16005637,Rios del Oeste SA,Felix Olazabal 780,01505C,Fernando Palmas,2160,2.16,2160,0,15768,19079.28,0,0,0,0,0,0,0,0,0,22719.45,002200008241,S,Factura de Venta
20171101,11002802,Casa Schanton SA,,04C00898,Victor Casañas,1,0,0,1,2.64,2.64,0,0,0,0,0,0,0,0,0,,000000011274,,Débito (Ajustes)
20171101,30005659,Tripodi Jorge Enrique,,01IN,Esteban Bergamaschi,-1,0,0,-1,-191.01,-231.12,0,0,0,0,0,0,0,0,0,,001300000419,N,Crédito de Venta
20171101,03000023,Industrias Saladillo SA,,04C00898,Isolant SI,1,0,0,1,0.01,0.01,0,0,0,0,0,0,0,0,0,,000000011272,,Débito (Ajustes)
20171101,04005689,Polifoam SRL,Alte. Brown 3985,01514PC,Isolant SI,250,1.25,250,0,3220,3896.2,0,0,0,0,0,0,0,0,0,1797.5,002200008248,N,Factura de Venta
20171101,24005722,Mathilde SRL,Suipacha 2258,01514DB,Meier,225,1.125,225,225,4701.49,5688.8,0,0,0,21,0,0,0,0,0,1120.5,002200008229,N,Factura de Venta
20171101,19002677,Juanma SRL,,04C00898,Isolant SA,1,0,0,1,5.2,5.2,0,0,0,0,0,0,0,0,0,,000000011273,,Débito (Ajustes)
20171101,03003300,Aserradero Vagol SRL,,04C00898,Esteban Bergamaschi,1,0,0,1,1.73,1.73,0,0,0,0,0,0,0,0,0,,000000011275,,Débito (Ajustes)

