﻿FechaTxt,Codigo_Cliente,Cliente,EntDir,Codigo_Articulo,Vendedor,cantidad,Mts3,Mts2,Rollos,Importe_Bruto,Importe_Neto,Dto_Contado,Dto_Flete,Dto_Especial,Bonificacion,Desc_Adicional,cantidad_elaborada,m2_ocupados,costo_unitario,costo_total_stock,Costo_de_venta,comp
20170523,04004334,Fapex SA,Rio Potrero 175 (Esq. Rio de Rey) Barrio CinaCina,01524AF,Isolant SI,4770,47.7,4770,0,44170.2,53445.94,0,0,0,0,0,0,0,0,0,0,002200004858
20170523,03000023,Industrias Saladillo SA,IS.SA. Planta Pilar,01777BA,Isolant SI,257,6.8628252,0,257,41297.33,49969.77,0,0,0,0,0,0,0,0,0,0,002200004859
20170523,04005650,Gafa Mora SA,Ruta Panamericana KM40,01568BC,Esteban Bergamaschi,40,0.4,40,2,2200.2,2662.24,0,3,0,21,0,0,0,0,0,0,002200004862
20170523,04005650,Gafa Mora SA,Ruta Panamericana KM40,01555AA,Esteban Bergamaschi,200,1,200,10,4505.84,5452.08,0,3,0,21,0,0,0,0,0,0,002200004862
20170523,07003238,Cooperativa de Provision de Servicios para Comerciantes,Santiago Marzo 1816-Santa Rosa,01960DA,Meier,2,0,0,2,5011.37,6063.76,0,0,5,25,0,0,0,0,0,0,002200004867
20170523,07003238,Cooperativa de Provision de Servicios para Comerciantes,Santiago Marzo 1816-Santa Rosa,01558ES,Meier,20,4,400,20,6931.2,8386.75,0,0,5,25,20,0,0,0,0,0,002200004867
20170523,07003238,Cooperativa de Provision de Servicios para Comerciantes,Santiago Marzo 1816-Santa Rosa,01555EC,Meier,25,2.5,500,25,5913.75,7155.64,0,0,5,25,20,0,0,0,0,0,002200004867
20170523,07003238,Cooperativa de Provision de Servicios para Comerciantes,Santiago Marzo 1816-Santa Rosa,01957A,Meier,2,0,0,2,0.19,0.23,0,0,5,0,0,0,0,0,0,0,002200004867
20170523,30004712,Agrupacion de Corralones Organizados Argentinos,Necochea 345,01960DA,Disapla,3,0,0,3,8334.7,10084.98,0,0,0,21,0,0,0,0,0,0,002200004868
20170523,04005888,Lozano Facundo,Santa Rosa 2283-Castelar,01570BD,Hector Collia,300,4.5,300,15,20965.02,25367.68,0,0,0,21,0,0,0,0,0,0,002200004860
20170523,04005888,Lozano Facundo,Santa Rosa 2283-Castelar,01559AA,Hector Collia,20,0.2,20,1,709.42,858.4,0,0,0,21,0,0,0,0,0,0,002200004860
20170523,04005888,Lozano Facundo,Santa Rosa 2283-Castelar,01554BRC,Hector Collia,20,0.12,20,1,1540.5,1864,0,0,0,21,0,0,0,0,0,0,002200004860
20170523,03000357,Laboratorios Valmax SA,Sub Perdomo 1619,01507VJ,Isolant SI,1200,1.8,1200,0,6288,7608.48,0,0,0,0,0,0,0,0,0,0,002200004861
20170523,03000023,Industrias Saladillo SA,IS.SA. Planta Pilar,01779B,Isolant SI,34,1.0991214,0,34,4853.84,5873.15,0,0,0,0,0,0,0,0,0,0,002200004863
20170523,03000023,Industrias Saladillo SA,IS.SA. Planta Pilar,01779B,Isolant SI,134,4.3318314,0,134,19129.84,23147.11,0,0,0,0,0,0,0,0,0,0,002200004864
20170523,03000519,Fontana Eva Angelica,Av. Rolon 901,01558ES,Levy,12,2.4,240,12,5763.84,6974.25,0,0,0,21,0,0,0,0,0,0,002200004865
20170523,04002052,Disapla SA (Cipo),Estado de Israel 85,01957A,Isolant SA,1,0,0,1,0.1,0.12,0,0,0,0,0,0,0,0,0,0,002200004866
20170523,04002052,Disapla SA (Cipo),Estado de Israel 85,01767C,Isolant SA,2,0.10632,0,2,1331.01,1610.52,0,0,0,32.5,0,0,0,0,0,0,002200004866
20170523,04002052,Disapla SA (Cipo),Estado de Israel 85,01550A,Isolant SA,25,1,500,25,4508.49,5455.28,0,0,0,32.5,0,0,0,0,0,0,002200004866
20170523,07004833,Budimir Andres Maximo y Budimir Juan Mateo S.H.,Jeronimo Cortez 1244,01524DC,Meier,-1250,-12.5,-1250,0,-28699.5,-34726.4,0,0,5,40,0,0,0,0,0,0,001400007756
20170523,04005689,Polifoam SRL,Alte. Brown 3985,01666DAP,Isolant SI,105,5.25,105,0,18872.12,22835.27,0,0,0,45,0,0,0,0,0,0,002200004874
20170523,04005689,Polifoam SRL,Alte. Brown 3985,01514DB,Isolant SI,900,4.5,900,900,11052,13372.92,0,0,0,0,0,0,0,0,0,0,002200004875
20170523,04005689,Polifoam SRL,Alte. Brown 3985,01650DC,Isolant SI,250,2.5,250,0,8680.38,10503.25,0,0,0,45,0,0,0,0,0,0,002200004878
20170523,29000753,Casa Boggio SA,Saavedra 512,01957A,Ventas Buenos Aires,1,0,0,1,0.1,0.12,0,0,0,0,0,0,0,0,0,0,002200004869
20170523,29000753,Casa Boggio SA,Saavedra 512,01555A,Ventas Buenos Aires,25,2.5,500,25,11613.79,14052.69,0,0,0,21,0,0,0,0,0,0,002200004869
20170523,29000753,Casa Boggio SA,Saavedra 512,01960DA,Ventas Buenos Aires,2,0,0,2,5556.47,6723.32,0,0,0,21,0,0,0,0,0,0,002200004869
20170523,29000753,Casa Boggio SA,Saavedra 512,01555C,Ventas Buenos Aires,3,0.3,60,3,0.3,0.36,0,0,0,0,0,0,0,0,0,0,002200004869
20170523,03003069,Marclima SRL,Capital Rosales 4267,01853B,Levy,10,1.25,250,10,11060.4,13383.08,0,0,0,21,0,0,0,0,0,0,002200004871
20170523,29002237,Freixas Marcos Ignacio,General Guido 1277,01851A,Esteban Bergamaschi,9,2.25,225,9,7479.44,9050.12,0,0,0,21,0,0,0,0,0,0,002200004872
20170523,04005689,Polifoam SRL,Alte. Brown 3985,01655AA,Isolant SI,100,2,100,0,7571,9160.91,0,0,0,0,0,0,0,0,0,0,002200004873
20170523,31000152,Cerrosud SA,Av Juan b. Justo 2751,01603B,Ventas Buenos Aires,80,4,2000,80,17902.03,21661.46,0,0,0,21,0,0,0,0,0,0,002200004870
20170523,31000152,Cerrosud SA,Av Juan b. Justo 2751,01700A,Ventas Buenos Aires,6,0.72,0,6,4032.22,4878.99,0,0,0,21,0,0,0,0,0,0,002200004870
20170523,03000023,Industrias Saladillo SA,IS.SA. Planta Pilar,01776B,Isolant SI,30,0.848232,0,30,3555.3,4301.91,0,0,0,0,0,0,0,0,0,0,002200004881
20170523,03000023,Industrias Saladillo SA,IS.SA. Planta Pilar,01779B,Isolant SI,81,2.6184951,0,81,11563.56,13991.91,0,0,0,0,0,0,0,0,0,0,002200004881
20170523,03000023,Industrias Saladillo SA,IS.SA. Planta Pilar,01777B,Isolant SI,175,4.6725,0,175,18977,22962.17,0,0,0,0,0,0,0,0,0,0,002200004884
20170523,03000023,Industrias Saladillo SA,IS.SA. Planta Pilar,01776B,Isolant SI,36,1.0178784,0,36,4266.36,5162.3,0,0,0,0,0,0,0,0,0,0,002200004885
20170523,03000023,Industrias Saladillo SA,IS.SA. Planta Pilar,01777B,Isolant SI,5,0.1335,0,5,542.2,656.06,0,0,0,0,0,0,0,0,0,0,002200004885
20170523,04005014,Creativ SRL,,04C00898,Hector Collia,1,0,0,1,45.73,45.73,0,0,0,0,0,0,0,0,0,0,000000010829
20170523,03005021,Zavala Maria Lucrecia,Jose Rodo 1353 (esquina Tomkinson),01524GC,Fernando Palmas,25,0.25,25,0,855.74,1035.44,0,0,0,15,0,0,0,0,0,0,002200004891
20170523,04005689,Polifoam SRL,Alte. Brown 3985,01654DAP,Isolant SI,100,2,100,0,7015.8,8489.12,0,0,0,45,0,0,0,0,0,0,002200004876
20170523,04005689,Polifoam SRL,Alte. Brown 3985,01654AP,Isolant SI,100,2,100,0,7015.8,8489.12,0,0,0,45,0,0,0,0,0,0,002200004876
20170523,04005689,Polifoam SRL,Alte. Brown 3985,01662AP,Isolant SI,100,4,100,0,14491.95,17535.26,0,0,0,45,0,0,0,0,0,0,002200004877
20170523,03000023,Industrias Saladillo SA,IS.SA. Planta Pilar,01776BB,Isolant SI,28,2.05837632,0,28,13588.96,16442.64,0,0,0,0,0,0,0,0,0,0,002200004880
20170523,03000023,Industrias Saladillo SA,IS.SA. Planta Pilar,01765AS,Isolant SI,50,2.325,0,50,5901,7140.21,0,0,0,0,0,0,0,0,0,0,002200004882
20170523,11004428,Prades Sociedad Anonima,,04C00898,Victor Casañas,1,0,0,1,309.36,309.36,0,0,0,0,0,0,0,0,0,0,000000010827
20170523,31005663,Rubber King SA,Av. Monteverde 4170,01854A,Hector Collia,2,0.5,50,2,2118.88,2563.84,0,0,0,30,0,0,0,0,0,0,002200004886
20170523,31005663,Rubber King SA,Av. Monteverde 4170,01524GC,Hector Collia,200,2,200,0,5639.2,6823.44,0,0,0,30,0,0,0,0,0,0,002200004886
20170523,01005292,Adamant SRL,Paysandu 923 (entre Crisologo Larralde y Lucena),01650D,Isolant SI,250,2.5,250,0,7400,8954,0,0,0,0,0,0,0,0,0,0,002200004887
20170523,01005292,Adamant SRL,Paysandu 923 (entre Crisologo Larralde y Lucena),01904A,Isolant SI,20,1.2566,0,20,6921.4,8374.89,0,0,0,0,0,0,0,0,0,0,002200004887
20170523,02002202,Simmons De Argentina SAIC,Heredia 626,01907A,Isolant SI,40,7.54,0,40,30914.8,37406.91,0,0,0,0,0,0,0,0,0,0,002200004889
20170523,02003807,Paladino Ariel Julian,Av. San Martin 1536,01514DB,Ventas Buenos Aires,1500,7.5,1500,1500,26197.5,31698.97,0,0,0,30,0,0,0,0,0,0,002200004890
20170523,03000023,Industrias Saladillo SA,,01771AS,Isolant SI,30,1.1499,0,30,3798.9,4596.67,0,0,0,0,0,0,0,0,0,0,001400000701
20170523,03000023,Industrias Saladillo SA,IS.SA. Planta Pilar,01771AS,Isolant SI,-30,-1.1499,0,-30,-3798.9,-4596.67,0,0,0,0,0,0,0,0,0,0,001400007757
20170523,03000023,Industrias Saladillo SA,IS.SA. Planta Pilar,01771AS,Isolant SI,-30,-1.1499,0,-30,-3798.9,-4596.67,0,0,0,0,0,0,0,0,0,0,001400007757
20170523,03000023,Industrias Saladillo SA,IS.SA. Planta Pilar,01779B,Isolant SI,-147,-4.7520837,0,-147,-20985.72,-25392.72,0,0,0,0,0,0,0,0,0,0,001400007757
20170523,03000023,Industrias Saladillo SA,,01778BA,Isolant SI,90,2.205405,0,90,15361.2,18587.05,0,0,0,0,0,0,0,0,0,0,001400000704
20170523,11003504,Delaloye Luis Marcelo,,04C00898,Disapla,1,0,0,1,0.4,0.4,0,0,0,0,0,0,0,0,0,0,000000010828
20170523,02002202,Simmons De Argentina SAIC,Heredia 626,01907A,Isolant SI,10,1.885,0,10,7728.7,9351.73,0,0,0,0,0,0,0,0,0,0,002200004888
20170523,03000023,Industrias Saladillo SA,,01771AS,Isolant SI,30,1.1499,0,30,3798.9,4596.67,0,0,0,0,0,0,0,0,0,0,001400000700
20170523,03000023,Industrias Saladillo SA,,01779B,Isolant SI,147,4.7520837,0,147,20985.72,25392.72,0,0,0,0,0,0,0,0,0,0,001400000702
20170523,03000023,Industrias Saladillo SA,,01777B,Isolant SI,68,1.8156,0,68,7373.92,8922.44,0,0,0,0,0,0,0,0,0,0,001400000703
20170523,03000023,Industrias Saladillo SA,,01766AS,Isolant SI,20,0.7916,0,20,2045.4,2474.93,0,0,0,0,0,0,0,0,0,0,001400000708
20170523,03000023,Industrias Saladillo SA,,01782B,Isolant SI,9,0.279,0,9,880.92,1065.91,0,0,0,0,0,0,0,0,0,0,001400000708
20170523,03000023,Industrias Saladillo SA,,01788BA,Isolant SI,4,0.09424,0,4,660.32,798.99,0,0,0,0,0,0,0,0,0,0,001400000708
20170523,03000023,Industrias Saladillo SA,,01781BA,Isolant SI,29,1.1368,0,29,4407.42,5332.98,0,0,0,0,0,0,0,0,0,0,001400000708
20170523,03000023,Industrias Saladillo SA,,01788BA,Isolant SI,5,0.1178,0,5,825.4,998.73,0,0,0,0,0,0,0,0,0,0,001400000708
20170523,03000023,Industrias Saladillo SA,,01766AS,Isolant SI,20,0.7916,0,20,2045.4,2474.93,0,0,0,0,0,0,0,0,0,0,001400000708
20170523,11005824,Directo Srl,Luis Noaco 123,01557ARC,Victor Casañas,1200,12,1200,60,16051.86,19422.74,0,3,0,32.5,25,0,0,0,0,0,002200004900
20170523,03000023,Industrias Saladillo SA,IS.SA. Planta Pilar,01777BA,Isolant SI,24,0.6408864,0,24,3856.56,4666.44,0,0,0,0,0,0,0,0,0,0,002200004879
20170523,04004334,Fapex SA,Rio Potrero 175 (Esq. Rio de Rey) Barrio CinaCina,01524AF,Isolant SI,4464,44.64,4464,0,41336.64,50017.33,0,0,0,0,0,0,0,0,0,0,002200004883
20170523,01002811,Gonzalez Dario R Iglesias Nelida C SH,,04C00898,Levy,1,0,0,1,0.12,0.12,0,0,0,0,0,0,0,0,0,0,000000010830
20170523,31000402,Codimat SA,Don Bosco 1495,01765C,NN (Ex MDT),10,0.5881,0,10,7925.16,9589.44,3,4,7,21,0,0,0,0,0,0,002200004892
20170523,31000402,Codimat SA,Don Bosco 1495,01769D,NN (Ex MDT),3,0.12441,0,3,1674.68,2026.37,3,4,7,21,0,0,0,0,0,0,002200004892
20170523,31000402,Codimat SA,Don Bosco 1495,01750A,NN (Ex MDT),40,0,0,40,22887.1,27693.39,3,4,7,21,0,0,0,0,0,0,002200004892
20170523,03000023,Industrias Saladillo SA,,01776B,Isolant SI,121,3.4212024,0,121,14339.71,17351.05,0,0,0,0,0,0,0,0,0,0,001400000705
20170523,03000023,Industrias Saladillo SA,IS.SA. Planta Pilar,01777B,Isolant SI,-68,-1.8156,0,-68,-7373.92,-8922.44,0,0,0,0,0,0,0,0,0,0,001400007758
20170523,03000023,Industrias Saladillo SA,IS.SA. Planta Pilar,01778BA,Isolant SI,-90,-2.205405,0,-90,-15361.2,-18587.05,0,0,0,0,0,0,0,0,0,0,001400007758
20170523,03000023,Industrias Saladillo SA,IS.SA. Planta Pilar,01776B,Isolant SI,-121,-3.4212024,0,-121,-14339.71,-17351.05,0,0,0,0,0,0,0,0,0,0,001400007758
20170523,03000023,Industrias Saladillo SA,,01778B,Isolant SI,20,0.49009,0,20,2241.8,2712.58,0,0,0,0,0,0,0,0,0,0,001400000707
20170523,03000023,Industrias Saladillo SA,,01784B,Isolant SI,16,0.4224,0,16,1215.36,1470.59,0,0,0,0,0,0,0,0,0,0,001400000707
20170523,03000023,Industrias Saladillo SA,,01788BA,Isolant SI,4,0.09424,0,4,699.92,846.9,0,0,0,0,0,0,0,0,0,0,001400000707
20170523,03000023,Industrias Saladillo SA,,01778BA,Isolant SI,50,1.225225,0,50,8534,10326.14,0,0,0,0,0,0,0,0,0,0,001400000707
20170523,03000023,Industrias Saladillo SA,,01779BA,Isolant SI,17,0.54961,0,17,4884.78,5910.58,0,0,0,0,0,0,0,0,0,0,001400000707
20170523,31000402,Codimat SA,Don Bosco 1495,01568CB,Norberto Oppezzo,20,4,400,20,24283.18,29382.64,3,4,7,21,0,0,0,0,0,0,002200004894
20170523,31000402,Codimat SA,Don Bosco 1495,01557A,NN (Ex MDT),50,10,1000,50,30718.11,37168.91,3,4,7,21,0,0,0,0,0,0,002200004895
20170523,31000402,Codimat SA,Don Bosco 1495,01557C,NN (Ex MDT),10,2,200,10,0.87,1.05,3,4,7,0,0,0,0,0,0,0,002200004895
20170523,03000023,Industrias Saladillo SA,IS.SA. Planta Pilar,01766AS,Isolant SI,-20,-0.7916,0,-20,-1929.6,-2334.82,0,0,0,0,0,0,0,0,0,0,001400007761
20170523,03000023,Industrias Saladillo SA,IS.SA. Planta Pilar,01782B,Isolant SI,-9,-0.279,0,-9,-880.92,-1065.91,0,0,0,0,0,0,0,0,0,0,001400007761
20170523,03000023,Industrias Saladillo SA,IS.SA. Planta Pilar,01788BA,Isolant SI,-4,-0.09424,0,-4,-660.32,-798.99,0,0,0,0,0,0,0,0,0,0,001400007761
20170523,03000023,Industrias Saladillo SA,IS.SA. Planta Pilar,01788BA,Isolant SI,-5,-0.1178,0,-5,-825.4,-998.73,0,0,0,0,0,0,0,0,0,0,001400007761
20170523,03000023,Industrias Saladillo SA,IS.SA. Planta Pilar,01781BA,Isolant SI,-29,-1.1368,0,-29,-4407.42,-5332.98,0,0,0,0,0,0,0,0,0,0,001400007761
20170523,03000023,Industrias Saladillo SA,IS.SA. Planta Pilar,01766AS,Isolant SI,-20,-0.7916,0,-20,-1929.6,-2334.82,0,0,0,0,0,0,0,0,0,0,001400007761
20170523,11005824,Directo Srl,Luis Noaco 123,01555ARC,Victor Casañas,4000,20,4000,200,40839.64,49415.96,0,3,0,32.5,12,0,0,0,0,0,002200004898
20170523,11005824,Directo Srl,Luis Noaco 123,01557ARC,Victor Casañas,800,8,800,40,12556.12,15192.9,0,3,0,32.5,12,0,0,0,0,0,002200004898
20170523,11005824,Directo Srl,Luis Noaco 123,01551IC,Victor Casañas,1400,7,1400,70,8827.34,10681.08,0,3,0,32.5,25,0,0,0,0,0,002200004899
20170523,03000023,Industrias Saladillo SA,,01788BA,Isolant SI,2,0.04712,0,2,330.16,399.49,0,0,0,0,0,0,0,0,0,0,001400000706
20170523,03000023,Industrias Saladillo SA,,01760AS,Isolant SI,5,0.31415,0,5,832,1006.72,0,0,0,0,0,0,0,0,0,0,001400000706
20170523,03000023,Industrias Saladillo SA,,01776B,Isolant SI,144,4.0715136,0,144,17065.44,20649.18,0,0,0,0,0,0,0,0,0,0,001400000706
20170523,03000023,Industrias Saladillo SA,,01788BA,Isolant SI,3,0.07068,0,3,524.94,635.18,0,0,0,0,0,0,0,0,0,0,001400000706
20170523,03000023,Industrias Saladillo SA,,01776B,Isolant SI,12,0.3392928,0,12,1422.12,1720.77,0,0,0,0,0,0,0,0,0,0,001400000706
20170523,03000023,Industrias Saladillo SA,IS.SA. Planta Pilar,01788BA,Isolant SI,-2,-0.04712,0,-2,-330.16,-399.49,0,0,0,0,0,0,0,0,0,0,001400007759
20170523,03000023,Industrias Saladillo SA,IS.SA. Planta Pilar,01760AS,Isolant SI,-5,-0.31415,0,-5,-832,-1006.72,0,0,0,0,0,0,0,0,0,0,001400007759
20170523,03000023,Industrias Saladillo SA,IS.SA. Planta Pilar,01776B,Isolant SI,-144,-4.0715136,0,-144,-17065.44,-20649.18,0,0,0,0,0,0,0,0,0,0,001400007759
20170523,03000023,Industrias Saladillo SA,IS.SA. Planta Pilar,01788BA,Isolant SI,-3,-0.07068,0,-3,-497.4,-601.85,0,0,0,0,0,0,0,0,0,0,001400007759
20170523,03000023,Industrias Saladillo SA,IS.SA. Planta Pilar,01776B,Isolant SI,-12,-0.3392928,0,-12,-1422.12,-1720.77,0,0,0,0,0,0,0,0,0,0,001400007759
20170523,03000023,Industrias Saladillo SA,IS.SA. Planta Pilar,01778B,Isolant SI,-20,-0.49009,0,-20,-2241.8,-2712.58,0,0,0,0,0,0,0,0,0,0,001400007760
20170523,03000023,Industrias Saladillo SA,IS.SA. Planta Pilar,01784B,Isolant SI,-16,-0.4224,0,-16,-1215.36,-1470.59,0,0,0,0,0,0,0,0,0,0,001400007760
20170523,03000023,Industrias Saladillo SA,IS.SA. Planta Pilar,01788BA,Isolant SI,-4,-0.09424,0,-4,-660.32,-798.99,0,0,0,0,0,0,0,0,0,0,001400007760
20170523,03000023,Industrias Saladillo SA,IS.SA. Planta Pilar,01778BA,Isolant SI,-50,-1.225225,0,-50,-8534,-10326.14,0,0,0,0,0,0,0,0,0,0,001400007760
20170523,03000023,Industrias Saladillo SA,IS.SA. Planta Pilar,01779BA,Isolant SI,-17,-0.54961,0,-17,-4884.78,-5910.58,0,0,0,0,0,0,0,0,0,0,001400007760
20170523,31000402,Codimat SA,Don Bosco 1495,01851A,NN (Ex MDT),3,0.75,75,3,2057.19,2489.2,3,4,7,21,4.72,0,0,0,0,0,002200004893
20170523,31000402,Codimat SA,Don Bosco 1495,01557A,NN (Ex MDT),45,9,900,45,27646.3,33452.02,3,4,7,21,0,0,0,0,0,0,002200004896
20170523,31000402,Codimat SA,Don Bosco 1495,01557C,NN (Ex MDT),24,4.8,480,24,2.08,2.51,3,4,7,0,0,0,0,0,0,0,002200004896
20170523,31000402,Codimat SA,Don Bosco 1495,01557A,Norberto Oppezzo,170,34,3400,170,104441.58,126374.31,3,4,7,21,0,0,0,0,0,0,002200004897
20170523,31000402,Codimat SA,Don Bosco 1495,01557C,Norberto Oppezzo,18,3.6,360,18,1.56,1.89,3,4,7,0,0,0,0,0,0,0,002200004897
20170523,01005857,Empiro Sociedad Anonima,,04C00898,Ventas Buenos Aires,1,0,0,1,0.81,0.81,0,0,0,0,0,0,0,0,0,0,000000010831
20170523,03000023,Industrias Saladillo SA,,04C00898,Isolant SI,1,0,0,1,0.07,0.07,0,0,0,0,0,0,0,0,0,0,000000010832

