﻿FechaTxt,Codigo_Cliente,Cliente,EntDir,Codigo_Articulo,Vendedor,cantidad,Mts3,Mts2,Rollos,Importe_Bruto,Importe_Neto,Dto_Contado,Dto_Flete,Dto_Especial,Bonificacion,Desc_Adicional,cantidad_elaborada,m2_ocupados,costo_unitario,costo_total_stock,Costo_de_venta,comp,C_Construccion,nomdoc
20171204,02000150,Sempere SA,Centenario 3405,01654ACP,Levy,50,1,50,0,5807.69,7027.3,0,0,0,21,0,0,0,0,0,1250.5,002200008979,N,Factura de Venta
20171204,13005976,Klauk Diego Martín,Av. Corrientes 2842,01555EC,Pedro Cocaña,50,5,1000,50,12801.97,15490.38,0,3,15,21,12,0,0,0,0,8407,002200008981,N,Factura de Venta
20171204,13005976,Klauk Diego Martín,Av. Corrientes 2842,01558ET,Pedro Cocaña,50,10,1000,50,20652.7,24989.76,0,3,15,21,12,0,0,0,0,12655.5,002200008981,N,Factura de Venta
20171204,13005976,Klauk Diego Martín,Av. Corrientes 2842,01555ED,Pedro Cocaña,50,5,1000,50,19094.76,23104.66,0,3,15,21,12,0,0,0,0,16179.5,002200008981,N,Factura de Venta
20171204,13005976,Klauk Diego Martín,Av. Corrientes 2842,01558EC,Pedro Cocaña,50,10,1000,50,25363.48,30689.81,0,3,15,21,12,0,0,0,0,21323.5,002200008981,N,Factura de Venta
20171204,13004189,Tecnoshop SRL,Av Alte Brown 1340,01557AR,Pedro Cocaña,50,10,1000,50,16082.06,19459.29,0,3,15,21,12,0,0,0,0,12050,002200008982,N,Factura de Venta
20171204,11005824,Directo Srl,Luis Noaco 123,01514Q,Victor Casañas,2500,12.5,2500,2500,18187.5,22006.88,0,3,0,0,0,0,0,0,0,3936.26,002200008975,S,Factura de Venta
20171204,01004209,Brifitel SRL,Pasteur 677,01654AC,Hector Collia,40,0.8,40,0,3545.64,4290.22,0,0,0,30,10,0,0,0,0,1000.4,002200008978,N,Factura de Venta
20171204,01004209,Brifitel SRL,Pasteur 677,01524GC,Hector Collia,250,2.5,250,0,6723.68,8135.65,0,0,0,30,10,0,0,0,0,2652.5,002200008978,N,Factura de Venta
20171204,02005702,Caps Ram,J. Díaz Solís 3535,01510D,Levy,1400,4.2,1400,1400,16117.5,19502.18,0,0,0,25,0,0,0,0,0,5460,002200008980,N,Factura de Venta
20171204,11005824,Directo Srl,Luis Noaco 123,01764C,Victor Casañas,5,0.32985,0,5,2936.82,3553.54,0,3,0,59,0,0,0,0,0,1256.6,002200008972,S,Factura de Venta
20171204,11005824,Directo Srl,Luis Noaco 123,01765A,Victor Casañas,5,0.2325,0,5,1133.04,1370.98,0,3,0,59,0,0,0,0,0,274.85,002200008972,S,Factura de Venta
20171204,11005824,Directo Srl,Luis Noaco 123,01765C,Victor Casañas,5,0.29405,0,5,2599.68,3145.62,0,3,0,59,0,0,0,0,0,1021.55,002200008972,S,Factura de Venta
20171204,31001137,Rafael y Ruben O. Fabi SA,Av. San Martin y España,01765C,Ventas Buenos Aires,3,0.17643,0,3,3098.44,3749.12,0,0,0,21,0,0,0,0,0,612.93,002200008963,N,Factura de Venta
20171204,31001137,Rafael y Ruben O. Fabi SA,Av. San Martin y España,01767C,Ventas Buenos Aires,4,0.21264,0,4,3516.2,4254.6,0,0,0,21,0,0,0,0,0,683.96,002200008963,N,Factura de Venta
20171204,01002854,Merito SA I.C. Y F.,Calle 109 (Los Eucaliptus) 6620,01700A,Hector Collia,100,12,0,100,67924,82188.04,0,0,0,0,0,0,0,0,0,27160,002200008966,N,Factura de Venta
20171204,03003069,Marclima SRL,Capital Rosales 4267,01853A,Levy,15,1.875,375,15,13722.54,16604.27,0,0,0,21,0,0,0,0,0,2960.85,002200008969,N,Factura de Venta
20171204,04005689,Polifoam SRL,Alte. Brown 3985,01524GC,Isolant SI,100,1,100,0,2586,3129.06,0,0,0,0,0,0,0,0,0,1061,002200008970,N,Factura de Venta
20171204,01004209,Brifitel SRL,Pasteur 677,01524GC,Hector Collia,375,3.75,375,0,10539.11,12752.33,0,0,0,30,10,0,0,0,0,3978.75,002200008977,N,Factura de Venta
20171204,07003238,Cooperativa de Provision de Servicios para Comerciantes,Santiago Marzo 1816-Santa Rosa,01555AR,Meier,20,2,400,20,4346.25,5258.96,0,0,5,0,0,0,0,0,0,2760.6,002200008961,N,Factura de Venta
20171204,07003238,Cooperativa de Provision de Servicios para Comerciantes,Santiago Marzo 1816-Santa Rosa,01557AR,Meier,40,8,800,40,13369.54,16177.14,0,0,5,0,0,0,0,0,0,9640,002200008961,N,Factura de Venta
20171204,07003238,Cooperativa de Provision de Servicios para Comerciantes,Santiago Marzo 1816-Santa Rosa,01558EC,Meier,15,3,300,15,7566.61,9155.6,0,0,5,0,0,0,0,0,0,6397.05,002200008961,N,Factura de Venta
20171204,31003226,La Torre Juan,Av. del Valle 148,01555M,Ventas Buenos Aires,10,1.5,200,10,12181.56,14739.69,0,0,0,21,0,0,0,0,0,5624.6,002200008962,N,Factura de Venta
20171204,31003226,La Torre Juan,Av. del Valle 148,01555AR,Ventas Buenos Aires,20,2,400,20,6023.75,7288.74,0,0,0,21,0,0,0,0,0,2760.6,002200008962,N,Factura de Venta
20171204,31001137,Rafael y Ruben O. Fabi SA,Av. San Martin y España,01764C,Ventas Buenos Aires,4,0.26388,0,4,4667,5647.07,0,0,0,21,0,0,0,0,0,1005.28,002200008963,N,Factura de Venta
20171204,29000227,Moreno Alfredo German,Av. 44 nº 2721 entre 149/150,01765A,Isolant SA,20,0.93,0,20,4471.22,5410.16,0,0,0,59,0,0,0,0,0,1099.4,002200008953,S,Factura de Venta
20171204,03000023,Industrias Saladillo SA,IS.SA. Planta Pilar,01777B,Isolant SI,145,3.8715,0,145,16509.7,19976.74,0,0,0,0,0,0,0,0,0,9092.95,002200008954,N,Factura de Venta
20171204,03000023,Industrias Saladillo SA,IS.SA. Planta Pilar,01777B,Isolant SI,101,2.6967,0,101,11499.86,13914.83,0,0,0,0,0,0,0,0,0,6333.71,002200008955,N,Factura de Venta
20171204,03002706,Cantera Sander SA,"Ruta Panamericana y 197 (calle Italia) ""FOSCHIA""",01603AC,Esteban Bergamaschi,5,0.25,125,5,1227.66,1485.47,0,0,0,21,0,0,0,0,0,635.95,002200008959,N,Factura de Venta
20171204,03002706,Cantera Sander SA,"Ruta Panamericana y 197 (calle Italia) ""FOSCHIA""",01557A,Esteban Bergamaschi,5,1,100,5,3892.01,4709.34,0,0,0,21,0,0,0,0,0,1378.65,002200008959,N,Factura de Venta
20171204,03002706,Cantera Sander SA,"Ruta Panamericana y 197 (calle Italia) ""FOSCHIA""",01558BC,Esteban Bergamaschi,1,0.2,20,1,1220.82,1477.19,0,0,0,21,0,0,0,0,0,558.6,002200008959,N,Factura de Venta
20171204,08001970,Zenon Oscar Antonio,Ruta 12 Km 794,06X002MT,Victor Casañas,1,0,0,1,0.1,0.12,0,3,0,0,0,0,0,0,0,0,002200008965,S,Factura de Venta
20171204,08001970,Zenon Oscar Antonio,Ruta 12 Km 794,06C001MA,Victor Casañas,1,0,0,1,0.1,0.12,0,3,0,0,0,0,0,0,0,0,002200008965,S,Factura de Venta
20171204,29000227,Moreno Alfredo German,Av. 44 nº 2721 entre 149/150,01524HC,Isolant SA,975,9.75,975,0,13455,16280.54,0,0,0,0,0,0,0,0,0,11007.75,002200008953,S,Factura de Venta
20171204,29000227,Moreno Alfredo German,Av. 44 nº 2721 entre 149/150,01524GC,Isolant SA,100,1,100,0,2593.42,3138.04,0,0,0,32.5,10,0,0,0,0,1061,002200008953,S,Factura de Venta
20171204,29000227,Moreno Alfredo German,Av. 44 nº 2721 entre 149/150,01658ACP,Isolant SA,20,0.6,20,0,2495.24,3019.24,0,0,0,32.5,10,0,0,0,0,762,002200008953,S,Factura de Venta
20171204,29000227,Moreno Alfredo German,Av. 44 nº 2721 entre 149/150,01960DC,Isolant SA,10,0,0,10,12951.02,15670.74,0,0,0,32.5,0,0,0,0,0,10353,002200008953,S,Factura de Venta
20171204,31003228,Giliberto Hnos. SA,Av. 131 nº 385 (entre 39 y 40),01558EC,Ventas Buenos Aires,150,30,3000,150,86248.95,104361.22,0,0,0,21,12,0,0,0,0,63970.5,002200008952,N,Factura de Venta
20171204,04005905,Kaletra SRL,Francia 741,01654AC,Hector Collia,200,4,200,0,7000,8470,0,0,0,0,0,0,0,0,0,5002,002200008956,N,Factura de Venta
20171204,04004434,Rodriguez Javier Alejandro,Formosa Nº2105,01650DC,Ventas Buenos Aires,25,0.25,25,0,1233.7,1492.78,0,0,0,35,0,0,0,0,0,395.75,002200008957,S,Factura de Venta
20171204,03000023,Industrias Saladillo SA,IS.SA. Planta Pilar,01525AH,Isolant SI,300,3,300,0,4731,5724.51,0,0,0,0,0,0,0,0,0,3309,002200008958,N,Factura de Venta
20171204,01004760,Alfa y Omega Interiores S.R.L.,Diaz Velez 4201,01603AC,Mariano Martinez,10,0.5,250,10,2175.6,2632.48,0,0,0,30,0,0,0,0,0,1271.9,002200008960,N,Factura de Venta
20171204,08001970,Zenon Oscar Antonio,Ruta 12 Km 794,06X001MT,Victor Casañas,1,0,0,1,0.1,0.12,0,3,0,0,0,0,0,0,0,0,002200008965,S,Factura de Venta
20171204,24000215,Emcisa SRL,Pte. Roca 3108,01568CB,Meier,5,1,100,5,7371.83,8919.91,0,0,0,25,0,0,0,0,0,2765.3,002200008950,N,Factura de Venta
20171204,24000215,Emcisa SRL,Pte. Roca 3108,01557A,Meier,5,1,100,5,3694.95,4470.89,0,0,0,25,0,0,0,0,0,1378.65,002200008950,N,Factura de Venta
20171204,24000215,Emcisa SRL,Pte. Roca 3108,01903A,Meier,1,0.07599,0,1,1613.59,1952.44,0,0,0,21,0,0,0,0,0,655.86,002200008950,N,Factura de Venta
20171204,24000215,Emcisa SRL,Pte. Roca 3108,01904A,Meier,2,0.12566,0,2,2069.04,2503.54,0,0,0,21,0,0,0,0,0,1179.66,002200008950,N,Factura de Venta
20171204,24000215,Emcisa SRL,Pte. Roca 3108,06X001AF,Meier,1,0,0,1,0.1,0.12,0,0,0,0,0,0,0,0,0,0,002200008951,N,Factura de Venta
20171204,24000215,Emcisa SRL,Pte. Roca 3108,06X002MT,Meier,1,0,0,1,0.1,0.12,0,0,0,0,0,0,0,0,0,0,002200008951,N,Factura de Venta
20171204,07004833,Budimir Andres Maximo y Budimir Juan Mateo S.H.,Jeronimo Cortez 1244,01514DC,Meier,2280,11.4,2280,2280,35920.94,43464.34,0,0,0,40,5,0,0,0,0,12220.8,002200008947,S,Factura de Venta
20171204,22002136,Nicoletti Materiales SRL,Coronel Mercau 382,06C001CS,Meier,1,0,0,1,0.1,0.12,0,0,0,0,0,0,0,0,0,0,002200008948,S,Factura de Venta
20171204,03003751,Indupoles Argentina SA,Parque Ind. Campana - Km70 de Panamericana - Lote 12,01500AIN,Isolant SI,27500,13.75,27500,27500,45100,54571,0,0,0,0,0,0,0,0,0,34375,002200008944,N,Factura de Venta
20171204,03003751,Indupoles Argentina SA,Parque Ind. Campana - Km70 de Panamericana - Lote 12,01500BIN,Isolant SI,42600,21.3,42600,42600,69864,84535.44,0,0,0,0,0,0,0,0,0,49842,002200008944,N,Factura de Venta
20171204,03003751,Indupoles Argentina SA,Parque Ind. Campana - Km70 de Panamericana - Lote 12,01506CIN,Isolant SI,900,1.35,900,900,2907,3517.47,0,0,0,0,0,0,0,0,0,1692,002200008944,N,Factura de Venta
20171204,01002018,Zanet SA,Erezcano 3021/35,01504BCC,Fernando Palmas,5760,5.76,5760,0,26496,32060.16,0,0,0,0,0,0,0,0,0,9216,002200008949,N,Factura de Venta
20171204,13004189,Tecnoshop SRL,Av Alte Brown 1340,01555AR,Pedro Cocaña,150,15,3000,150,31367.67,37954.88,0,3,15,21,12,0,0,0,0,20704.5,002200008982,N,Factura de Venta
20171204,13004189,Tecnoshop SRL,Av Alte Brown 1340,01753B,Pedro Cocaña,10,0.525,0,10,10722.07,12973.7,0,3,0,21,12,0,0,0,0,7215.7,002200008983,N,Factura de Venta
20171204,13004189,Tecnoshop SRL,Av Alte Brown 1340,01960F,Pedro Cocaña,12,0,0,12,26377.1,31916.29,0,3,0,21,12,0,0,0,0,13006.2,002200008983,N,Factura de Venta
20171204,24005935,Construcompras Agrupacion De Colaboración,Balcarce 258,01555AR,Diego Fani,120,12,2400,120,25665.75,31055.56,0,0,15,25,12,0,0,0,0,16563.6,002200008945,N,Factura de Venta
20171204,24005935,Construcompras Agrupacion De Colaboración,Balcarce 258,01557AR,Diego Fani,150,30,3000,150,49344.72,59707.11,0,0,15,25,12,0,0,0,0,36150,002200008945,N,Factura de Venta
20171204,07003238,Cooperativa de Provision de Servicios para Comerciantes,Monferrand 555,01555M,Meier,20,3,400,20,17576.63,21267.73,0,0,5,0,0,0,0,0,0,11249.2,002200008946,N,Factura de Venta
20171204,08001970,Zenon Oscar Antonio,Ruta 12 Km 794,01551AA,Victor Casañas,1000,5,1000,50,16696.42,20202.66,0,3,0,25,12,0,0,0,0,1058.48,002200008965,S,Factura de Venta
20171204,29000227,Moreno Alfredo German,Av. 44 nº 2721 entre 149/150,01552IC,Isolant SA,600,6,600,30,8028.12,9714.02,0,0,0,32.5,25,0,0,0,0,1196.21,002200008953,S,Factura de Venta
20171204,08001970,Zenon Oscar Antonio,Ruta 12 Km 794,01555AA,Victor Casañas,2000,10,2000,100,39538.76,47841.88,0,3,0,25,12,0,0,0,0,2152.56,002200008964,S,Factura de Venta
20171204,08001970,Zenon Oscar Antonio,Ruta 12 Km 794,01555C,Victor Casañas,29,2.9,580,29,2.82,3.4,0,3,0,0,0,0,0,0,0,624.24,002200008964,S,Factura de Venta
20171204,08001970,Zenon Oscar Antonio,Ruta 12 Km 794,01555AA,Victor Casañas,1000,5,1000,50,20652.86,24989.96,0,3,0,25,12,0,0,0,0,1076.28,002200008971,S,Factura de Venta
20171204,08001970,Zenon Oscar Antonio,Ruta 12 Km 794,01555C,Victor Casañas,6,0.6,120,6,0.58,0.7,0,3,0,0,0,0,0,0,0,129.15,002200008971,S,Factura de Venta
20171204,29000227,Moreno Alfredo German,Av. 44 nº 2721 entre 149/150,01555ARC,Isolant SA,300,1.5,300,15,2770.2,3351.94,0,0,0,32.5,25,0,0,0,0,308.97,002200008953,S,Factura de Venta
20171204,04005401,Interlicchia Felix Salvador,Avenida Pedro Diaz 2865,01555ARC,Esteban Bergamaschi,1000,5,1000,50,11093.88,13423.58,0,0,8,21,20,0,0,0,0,1029.9,002200008967,S,Factura de Venta
20171204,29000227,Moreno Alfredo German,Av. 44 nº 2721 entre 149/150,01555ECC,Isolant SA,1000,5,1000,50,10818.56,13090.46,0,0,0,32.5,25,0,0,0,0,1168.35,002200008953,S,Factura de Venta
20171204,11005824,Directo Srl,Luis Noaco 123,01555ECC,Victor Casañas,2000,10,2000,100,21921.04,26524.44,0,3,0,32.5,25,0,0,0,0,2336.69,002200008974,S,Factura de Venta
20171204,22002136,Nicoletti Materiales SRL,Coronel Mercau 382,01555MC,Meier,1000,7.5,1000,50,58502.98,70788.6,0,0,0,21,4,0,0,0,0,25893.29,002200008948,S,Factura de Venta
20171204,22002136,Nicoletti Materiales SRL,Coronel Mercau 382,01555MA,Meier,5,0.75,100,5,0.5,0.6,0,0,0,0,0,0,0,0,0,2589.33,002200008948,S,Factura de Venta
20171204,31003226,La Torre Juan,Av. del Valle 148,01555MA,Ventas Buenos Aires,1,0.15,20,1,0.1,0.12,0,0,0,0,0,0,0,0,0,517.87,002200008962,N,Factura de Venta
20171204,04005401,Interlicchia Felix Salvador,Avenida Pedro Diaz 2865,01559AA,Esteban Bergamaschi,200,2,200,10,7160.44,8664.12,0,0,8,21,0,0,0,0,0,296.53,002200008967,S,Factura de Venta
20171204,08001970,Zenon Oscar Antonio,Ruta 12 Km 794,01559AA,Victor Casañas,3500,35,3500,175,105626.6,127808.18,0,3,0,25,12,0,0,0,0,5189.27,002200008964,S,Factura de Venta
20171204,08001970,Zenon Oscar Antonio,Ruta 12 Km 794,01557C,Victor Casañas,42,8.4,840,42,4.08,4.92,0,3,0,0,0,0,0,0,0,1245.42,002200008964,S,Factura de Venta
20171204,02000130,Telas Plasticas Miliavaca SA,Av. Hipolito Yrigoyen 11037,01559AA,Hector Collia,500,5,500,25,19457.7,23543.82,0,0,0,21,0,0,0,0,0,741.32,002200008976,S,Factura de Venta
20171204,02000130,Telas Plasticas Miliavaca SA,Av. Hipolito Yrigoyen 11037,01557C,Hector Collia,3,0.6,60,3,0.3,0.36,0,0,0,0,0,0,0,0,0,88.96,002200008976,S,Factura de Venta
20171204,04005888,Lozano Facundo,Santa Rosa 2283-Castelar,01568BC,Hector Collia,40,0.4,40,2,2441.42,2954.12,0,0,0,21,0,0,0,0,0,1051.21,002200008968,S,Factura de Venta
20171204,11005824,Directo Srl,Luis Noaco 123,01558ETC,Victor Casañas,2000,20,2000,100,35376.14,42805.14,0,3,0,32.5,25,0,0,0,0,3397.86,002200008974,S,Factura de Venta
20171204,04005888,Lozano Facundo,Santa Rosa 2283-Castelar,01568CBC,Hector Collia,80,0.8,80,4,6211.3,7515.66,0,0,0,21,0,0,0,0,0,1427.57,002200008968,S,Factura de Venta
20171204,11005824,Directo Srl,Luis Noaco 123,01654ONC,Victor Casañas,6,1.008,6,0,5011.72,6064.18,0,3,0,50,0,0,0,0,0,0,002200008973,S,Factura de Venta
20171204,11005824,Directo Srl,Luis Noaco 123,01655ONC,Victor Casañas,6,0.084,6,0.5,6068.52,7342.9,0,3,0,50,0,0,0,0,0,235.63,002200008973,S,Factura de Venta
20171204,13004189,Tecnoshop SRL,Av Alte Brown 1340,01960FA,Pedro Cocaña,2,0,0,2,0.19,0.23,0,3,0,0,0,0,0,0,0,0,002200008983,N,Factura de Venta
20171204,24002684,Centro De Chapas Rosario SA,,04ANTICIPOS,Diego Fani,-1,0,0,-1,-33366.9,-40373.95,0,0,0,0,0,0,0,0,0,,001400008206,N,Crédito de Venta
20171204,29002246,Ungaro Leonardo Roberto,,04C00898,Hector Collia,1,0,0,1,0.25,0.25,0,0,0,0,0,0,0,0,0,,000000011374,,Débito (Ajustes)
20171204,03005896,Cela Ricardo,,04C00898,Fernando Palmas,1,0,0,1,10.35,10.35,0,0,0,0,0,0,0,0,0,,000000011375,,Débito (Ajustes)
20171204,29002554,Perkusic Hnos SRL,,01IN,Hector Collia,-1,0,0,-1,-125.12,-151.4,0,0,0,0,0,0,0,0,0,,001300000473,N,Crédito de Venta
20171204,04004434,Rodriguez Javier Alejandro,Formosa Nº2105,01654D,Ventas Buenos Aires,240,4.8,240,0,21949.2,26558.54,0,0,0,35,0,0,0,0,0,6470.4,002200008957,S,Factura de Venta
20171204,04004434,Rodriguez Javier Alejandro,Formosa Nº2105,01658D,Ventas Buenos Aires,100,3,100,0,13349.04,16152.36,0,0,0,35,0,0,0,0,0,4102,002200008957,S,Factura de Venta
20171204,29000227,Moreno Alfredo German,Av. 44 nº 2721 entre 149/150,01514PC,Isolant SA,100,0.5,100,0,1606.84,1944.28,0,0,0,32.5,10,0,0,0,0,720,002200008953,S,Factura de Venta
20171204,29002554,Perkusic Hnos SRL,,01IN,Hector Collia,-1,0,0,-1,-2520.32,-3049.59,0,0,0,0,0,0,0,0,0,,001300000472,,Crédito de Venta
20171204,07003238,Cooperativa de Provision de Servicios para Comerciantes,,04C00898,Meier,1,0,0,1,6.41,6.41,0,0,0,0,0,0,0,0,0,,000000011376,,Débito (Ajustes)
20171204,11005824,Directo Srl,Luis Noaco 123,01764A,Victor Casañas,5,0.259182,0,5,1251.8,1514.68,0,3,0,59,0,0,0,0,0,332.4,002200008972,S,Factura de Venta

