﻿FechaTxt,Codigo_Cliente,Cliente,EntDir,Codigo_Articulo,Vendedor,cantidad,Mts3,Mts2,Rollos,Importe_Bruto,Importe_Neto,Dto_Contado,Dto_Flete,Dto_Especial,Bonificacion,Desc_Adicional,cantidad_elaborada,m2_ocupados,costo_unitario,costo_total_stock,Costo_de_venta,comp,C_Construccion,nomdoc
20170817,04004334,Fapex SA,Rio Potrero 175 (Esq. Rio de Rey) Barrio CinaCina,01765CF,Isolant SI,12,0.70572,0,12,3479.28,4209.93,0,0,0,0,0,0,0,0,0,2538.48,002200006657,N,Factura de Venta
20170817,10003287,Neomat SA,Retira de Fabrica,01550I,Norberto Oppezzo,160,6.4,3200,160,12190.14,14750.07,0,0,20,21,12,0,0,0,0,6561.6,002200006658,N,Factura de Venta
20170817,10003287,Neomat SA,Retira de Fabrica,01551I,Norberto Oppezzo,100,10,2000,100,14710.43,17799.62,0,0,20,21,12,0,0,0,0,7776,002200006658,N,Factura de Venta
20170817,10003287,Neomat SA,Retira de Fabrica,01555AR,Norberto Oppezzo,380,38,7600,380,77103.46,93295.19,0,0,20,21,12,0,0,0,0,49126.4,002200006658,N,Factura de Venta
20170817,10003287,Neomat SA,Retira de Fabrica,01557AR,Norberto Oppezzo,20,4,400,20,6241.67,7552.42,0,0,20,21,12,0,0,0,0,4517,002200006658,N,Factura de Venta
20170817,04005918,Gran Marc S.R.L,Churruca 9631,01904A,Fernando Palmas,2,0.12566,0,2,1880.94,2275.94,0,0,0,0,0,0,0,0,0,1132.38,002200006661,N,Factura de Venta
20170817,07005677,Iron Pack SRL,Montecatini 3158,01514DC,Meier,1560,7.8,1560,1560,13332.82,16132.7,0,5,5,0,0,0,0,0,0,7909.2,002200006687,S,Factura de Venta
20170817,07003893,Torres Carlos Hector,Juan B. Justo 3595,06C001CO,Meier,1,0,0,1,0.1,0.12,0,3,5,0,0,0,0,0,0,0,002200006685,S,Factura de Venta
20170817,04004334,Fapex SA,Rio Potrero 175 (Esq. Rio de Rey) Barrio CinaCina,01514AF,Isolant SI,1356,6.78,1356,0,7308.84,8843.7,0,0,0,0,0,0,0,0,0,5708.76,002200006664,N,Factura de Venta
20170817,04004334,Fapex SA,Rio Potrero 175 (Esq. Rio de Rey) Barrio CinaCina,01765CF,Isolant SI,60,3.5286,0,60,17396.4,21049.64,0,0,0,0,0,0,0,0,0,12692.4,002200006666,N,Factura de Venta
20170817,22003435,Sidermet San Luis SA,Ruta 3 Km 1 Extremo Sur,01558BC,Leandro Diaz,30,6,600,30,35047.32,42407.26,0,0,0,21,0,0,0,0,0,16112.7,002200006669,N,Factura de Venta
20170817,01005913,Crespo Fernandez Manuel,Coronel Brandsen 5337,01550I,Hector Collia,400,16,8000,400,43288.84,52379.5,0,0,0,21,0,0,0,0,0,16404,002200006672,N,Factura de Venta
20170817,07005677,Iron Pack SRL,Monseñor Marcon 3976 (Ex Pichincha),01514DA,Meier,1000,5,1000,1000,8970.86,10854.72,0,5,5,0,0,0,0,0,0,4660,002200006679,S,Factura de Venta
20170817,29002237,Freixas Marcos Ignacio,General Guido 1277,01767A,Esteban Bergamaschi,2,0.08482,0,2,762.38,922.48,0,0,0,21,0,0,0,0,0,104.6,002200006674,N,Factura de Venta
20170817,31004474,Polyfrio S.A.,Av. Polonia 1038,01515B,Fernando Palmas,1500,7.5,1500,0,17175,20781.75,0,0,0,0,0,0,0,0,0,11220,002200006675,N,Factura de Venta
20170817,31004474,Polyfrio S.A.,Av. Polonia 1038,01515B,Fernando Palmas,500,2.5,500,0,5725,6927.25,0,0,0,0,0,0,0,0,0,3740,002200006676,N,Factura de Venta
20170817,07005677,Iron Pack SRL,Montecatini 3158,01514DC,Meier,4440,22.2,4440,4440,37947.24,45916.16,0,5,5,0,0,0,0,0,0,22510.8,002200006678,S,Factura de Venta
20170817,07005677,Iron Pack SRL,Montecatini 3158,01904A,Meier,3,0.18849,0,3,1681.68,2034.84,0,5,5,40,0,0,0,0,0,1698.57,002200006681,S,Factura de Venta
20170817,04000091,Allekotte Roberto,Primera Junta 3369,01550A,Esteban Bergamaschi,4,0.16,80,4,844.26,1021.55,0,0,0,21,0,0,0,0,0,252,002200006682,N,Factura de Venta
20170817,07003238,Cooperativa de Provision de Servicios para Comerciantes,Larraechea 238,01555A,Meier,50,5,1000,50,19356.74,23421.66,0,0,5,25,12,0,0,0,0,7968.5,002200006673,N,Factura de Venta
20170817,07003238,Cooperativa de Provision de Servicios para Comerciantes,Larraechea 238,06C001CO,Meier,2,0,0,2,0.19,0.23,0,0,5,0,0,0,0,0,0,0,002200006673,N,Factura de Venta
20170817,29002237,Freixas Marcos Ignacio,General Guido 1277,01851A,Esteban Bergamaschi,3,0.75,75,3,2642.74,3197.71,0,0,0,21,0,0,0,0,0,995.94,002200006674,N,Factura de Venta
20170817,29002237,Freixas Marcos Ignacio,General Guido 1277,01765A,Esteban Bergamaschi,2,0.093,0,2,861.53,1042.45,0,0,0,21,0,0,0,0,0,130.16,002200006674,N,Factura de Venta
20170817,29002237,Freixas Marcos Ignacio,General Guido 1277,01766A,Esteban Bergamaschi,4,0.15832,0,4,1471.07,1780,0,0,0,21,0,0,0,0,0,180.4,002200006674,N,Factura de Venta
20170817,29002237,Freixas Marcos Ignacio,General Guido 1277,01771A,Esteban Bergamaschi,1,0.03833,0,1,365.91,442.75,0,0,0,21,0,0,0,0,0,56.67,002200006674,N,Factura de Venta
20170817,22003435,Sidermet San Luis SA,Ruta 3 Km 1 Extremo Sur,01555A,Leandro Diaz,50,5,1000,50,21462.21,25969.28,0,0,0,21,12,0,0,0,0,7968.5,002200006670,N,Factura de Venta
20170817,22003435,Sidermet San Luis SA,Ruta 3 Km 1 Extremo Sur,01557A,Leandro Diaz,25,5,500,25,16387.43,19828.79,0,0,0,21,12,0,0,0,0,6408.5,002200006670,N,Factura de Venta
20170817,04004334,Fapex SA,Rio Potrero 175 (Esq. Rio de Rey) Barrio CinaCina,01508AF,Isolant SI,7344,14.688,7344,7344,18580.32,22482.19,0,0,0,0,0,0,0,0,0,14467.68,002200006656,N,Factura de Venta
20170817,04004334,Fapex SA,Rio Potrero 175 (Esq. Rio de Rey) Barrio CinaCina,01514AF,Isolant SI,4520,22.6,4520,0,24362.8,29478.99,0,0,0,0,0,0,0,0,0,19029.2,002200006656,N,Factura de Venta
20170817,16000917,Ramon Sanchez e Hijos SRL,Av Mitre 282,01558ES,Leandro Diaz,32,6.4,640,32,10798.08,13065.68,0,0,0,0,0,0,0,0,0,8099.52,002200006671,N,Factura de Venta
20170817,07003238,Cooperativa de Provision de Servicios para Comerciantes,Larraechea 238,01550A,Meier,10,0.4,200,10,1675.16,2026.94,0,0,5,25,12,0,0,0,0,630,002200006673,N,Factura de Venta
20170817,03003751,Indupoles Argentina SA,Parque Ind. Campana - Km70 de Panamericana - Lote 12,01500AIN,Isolant SI,53000,26.5,53000,53000,83740,101325.4,0,0,0,0,0,0,0,0,0,63070,002200006653,N,Factura de Venta
20170817,03003751,Indupoles Argentina SA,Parque Ind. Campana - Km70 de Panamericana - Lote 12,01515BE,Isolant SI,2925,14.625,2925,0,29250,35392.5,0,0,0,0,0,0,0,0,0,26003.25,002200006654,N,Factura de Venta
20170817,03003751,Indupoles Argentina SA,Parque Ind. Campana - Km70 de Panamericana - Lote 12,01500BIN,Isolant SI,48600,24.3,48600,48600,76788,92913.48,0,0,0,0,0,0,0,0,0,53460,002200006655,N,Factura de Venta
20170817,04004334,Fapex SA,Rio Potrero 175 (Esq. Rio de Rey) Barrio CinaCina,01524AF,Isolant SI,4240,42.4,4240,0,46809.6,56639.62,0,0,0,0,0,0,0,0,0,36972.8,002200006665,N,Factura de Venta
20170817,16005799,Tintaya Inversiones SA,Bandera de los Andes 3508,01552I,Leandro Diaz,100,20,4000,100,38430.28,46500.63,0,0,0,21,8,0,0,0,0,19029,002200006667,N,Factura de Venta
20170817,07003238,Cooperativa de Provision de Servicios para Comerciantes,Santiago Marzo 1816-Santa Rosa,01555AR,Meier,30,3,600,30,6238.59,7548.7,0,0,5,25,20,0,0,0,0,3878.4,002200006668,N,Factura de Venta
20170817,03000023,Industrias Saladillo SA,IS.SA. Planta Pilar,01525AHC,Isolant SI,340,3.4,340,340,5273.4,6380.81,0,0,0,0,0,0,0,0,0,563.59,002200006677,N,Factura de Venta
20170817,07005677,Iron Pack SRL,Monseñor Marcon 3976 (Ex Pichincha),01552IC,Meier,200,2,200,10,3152.18,3814.14,0,5,5,25,12,0,0,0,0,833.42,002200006688,S,Factura de Venta
20170817,22003435,Sidermet San Luis SA,Ruta 3 Km 1 Extremo Sur,01555C,Leandro Diaz,6,0.6,120,6,0.6,0.73,0,0,0,0,0,0,0,0,0,154.25,002200006670,N,Factura de Venta
20170817,07003238,Cooperativa de Provision de Servicios para Comerciantes,Larraechea 238,01555C,Meier,6,0.6,120,6,0.57,0.69,0,0,5,0,0,0,0,0,0,154.25,002200006673,N,Factura de Venta
20170817,22003435,Sidermet San Luis SA,Ruta 3 Km 1 Extremo Sur,01557C,Leandro Diaz,4,0.8,80,4,0.4,0.48,0,0,0,0,0,0,0,0,0,115.08,002200006670,N,Factura de Venta
20170817,07005677,Iron Pack SRL,Montecatini 3158,01558ECC,Meier,600,6,600,30,16789.2,20314.94,0,5,5,25,0,0,0,0,0,11544.49,002200006686,S,Factura de Venta
20170817,07005677,Iron Pack SRL,Montecatini 3158,01558ESC,Meier,300,3,300,15,5757.56,6966.64,0,5,5,25,12,0,0,0,0,433.66,002200006683,S,Factura de Venta
20170817,07005677,Iron Pack SRL,Monseñor Marcon 3976 (Ex Pichincha),01603BD,Meier,750,1.5,750,30,5307.24,6421.76,0,5,5,25,12,0,0,0,0,1095.29,002200006684,S,Factura de Venta
20170817,07003893,Torres Carlos Hector,Juan B. Justo 3595,01655ONC,Meier,7,0.098,7,0.583333333333333,4023.18,4868.04,0,3,5,25,0,0,0,0,0,239.4,002200006685,S,Factura de Venta
20170817,07005677,Iron Pack SRL,Montecatini 3158,01700AD,Meier,200,1.2,200,10.9090909090909,5322.72,6440.5,0,5,5,25,12,0,0,0,0,2752.41,002200006683,S,Factura de Venta
20170817,01005292,Adamant SRL,,04C00898,Isolant SI,1,0,0,1,0.05,0.05,0,0,0,0,0,0,0,0,0,,000000011060,,Débito (Ajustes)
20170817,03000023,Industrias Saladillo SA,IS.SA. Planta Pilar,01778B,Isolant SI,45,1.1027025,0,45,5296.05,6408.22,0,0,0,0,0,0,0,0,0,2122.65,002200006660,N,Factura de Venta
20170817,04003368,Degacor SA,,04C00898,Hector Collia,1,0,0,1,0.73,0.73,0,0,0,0,0,0,0,0,0,,000000011059,,Débito (Ajustes)
20170817,24001069,Renk Gerardo Augusto,,04C00898,Diego Fani,1,0,0,1,0.01,0.01,0,0,0,0,0,0,0,0,0,,000000011062,,Débito (Ajustes)
20170817,03000023,Industrias Saladillo SA,IS.SA. Planta Pilar,01778B,Isolant SI,185,4.5333325,0,185,20736.65,25091.35,0,0,0,0,0,0,0,0,0,8726.45,002200006659,N,Factura de Venta
20170817,27004309,Scopel Sergio,,04C00898,Pedro Cocaña,1,0,0,1,1.4,1.4,0,0,0,0,0,0,0,0,0,,000000011063,,Débito (Ajustes)
20170817,03004075,Comercial CMP SA,,04C00898,Hector Collia,1,0,0,1,0.96,0.96,0,0,0,0,0,0,0,0,0,,000000011067,,Débito (Ajustes)
20170817,16002240,Diaz Jorge Vidal,,04C00898,Leandro Diaz,1,0,0,1,0.4,0.4,0,0,0,0,0,0,0,0,0,,000000011066,,Débito (Ajustes)
20170817,03000023,Industrias Saladillo SA,IS.SA. Planta Pilar,01777BA,Isolant SI,130,3.471468,0,130,20889.7,25276.54,0,0,0,0,0,0,0,0,0,13046.8,002200006663,N,Factura de Venta
20170817,03000023,Industrias Saladillo SA,IS.SA. Planta Pilar,01778BA,Isolant SI,109,2.6709905,0,109,18604.12,22510.99,0,0,0,0,0,0,0,0,0,10098.85,002200006663,N,Factura de Venta
20170817,27004403,Perez Jose Luis,,04C00898,Pedro Cocaña,1,0,0,1,0.56,0.56,0,0,0,0,0,0,0,0,0,,000000011064,,Débito (Ajustes)
20170817,24005924,Nuñez S.A,,04ANTICIPOS,Diego Fani,1,0,0,1,22572,27312.12,0,0,0,0,0,0,0,0,0,,001400000773,S,Factura de Venta
20170817,16003379,Dry Wall SA,,04C00898,Leandro Diaz,1,0,0,1,0.33,0.33,0,0,0,0,0,0,0,0,0,,000000011065,,Débito (Ajustes)
20170817,04003978,Maderas El Aleman de General Rodriguez SRL,,04C00898,Hector Collia,1,0,0,1,0.3,0.3,0,0,0,0,0,0,0,0,0,,000000011061,,Débito (Ajustes)
20170817,29002237,Freixas Marcos Ignacio,General Guido 1277,01763A,Esteban Bergamaschi,2,0.094248,0,2,866.35,1048.28,0,0,0,21,0,0,0,0,0,132.44,002200006674,N,Factura de Venta
20170817,07005677,Iron Pack SRL,Montecatini 3158,01658DC,Meier,50,1.5,50,0,4633.44,5606.46,0,5,5,50,0,0,0,0,0,1963,002200006680,S,Factura de Venta
20170817,02003203,Maderera La Loma SA,,04C00898,Ventas Buenos Aires,1,0,0,1,0.82,0.82,0,0,0,0,0,0,0,0,0,,000000011068,,Débito (Ajustes)
20170817,29004604,Deposito San Martin S.R.L.,,04C00898,Ventas Buenos Aires,1,0,0,1,1.99,1.99,0,0,0,0,0,0,0,0,0,,000000011069,,Débito (Ajustes)
20170817,03000023,Industrias Saladillo SA,IS.SA. Planta Pilar,01778B,Isolant SI,30,0.735135,0,30,3530.7,4272.15,0,0,0,0,0,0,0,0,0,1415.1,002200006662,N,Factura de Venta

