﻿FechaTxt,Codigo_Cliente,Cliente,EntDir,Codigo_Articulo,Vendedor,cantidad,Mts3,Mts2,Rollos,Importe_Bruto,Importe_Neto,Dto_Contado,Dto_Flete,Dto_Especial,Bonificacion,Desc_Adicional,cantidad_elaborada,m2_ocupados,costo_unitario,costo_total_stock,Costo_de_venta,comp,C_Construccion,nomdoc
20171026,04004334,Fapex SA,Rio Potrero 175 (Esq. Rio de Rey) Barrio CinaCina,01557ARF,Isolant SI,290,58,5800,290,83493.9,101027.62,0,0,0,0,0,0,0,0,0,68747.4,002200008112,N,Factura de Venta
20171026,04004334,Fapex SA,Rio Potrero 175 (Esq. Rio de Rey) Barrio CinaCina,01555ARF,Isolant SI,300,30,6000,300,50175,60711.75,0,0,0,0,0,0,0,0,0,40623,002200008107,N,Factura de Venta
20171026,04004334,Fapex SA,Rio Potrero 175 (Esq. Rio de Rey) Barrio CinaCina,01557ARF,Isolant SI,150,30,3000,150,43186.5,52255.66,0,0,0,0,0,0,0,0,0,35559,002200008107,N,Factura de Venta
20171026,19002241,Carlos Isla y Cia. SA,Suc. Neuquen: Teodoro Plan 5055,01557A,Latyn-Valle y Cordillera,100,20,2000,100,52010,62932.1,0,0,0,0,0,0,0,0,0,27061,002200008111,N,Factura de Venta
20171026,19002241,Carlos Isla y Cia. SA,Suc. Neuquen: Teodoro Plan 5055,01551A,Latyn-Valle y Cordillera,20,2,400,20,4978.4,6023.86,0,0,0,0,0,0,0,0,0,2412,002200008111,N,Factura de Venta
20171026,03003751,Indupoles Argentina SA,Parque Ind. Campana - Km70 de Panamericana - Lote 12,01515BG,Isolant SI,800,4,800,0,8000,9680,0,0,0,0,0,0,0,0,0,7440,002200008116,N,Factura de Venta
20171026,30003195,Mayor SA,Av. Jauregui 2270,01555A,Mariano Martinez,25,2.5,500,25,12194.44,14755.27,0,0,0,21,0,0,0,0,0,4174.75,002200008122,N,Factura de Venta
20171026,01001581,Reld SACIFIA,Av.Chiclana 3174,01762A,Levy,21,1.06869,0,21,4139.1,5008.31,0,0,10,0,0,0,0,0,0,1593.27,002200008123,N,Factura de Venta
20171026,01001581,Reld SACIFIA,Av.Chiclana 3174,01765A,Levy,5,0.2325,0,5,891,1078.11,0,0,10,0,0,0,0,0,0,297.6,002200008123,N,Factura de Venta
20171026,25004459,Miguel R Mukdise y Hnos Soc Com Col,25 de Mayo Nº76,06C001CO,Pedro Cocaña,1,0,0,1,0.1,0.12,0,0,0,0,0,0,0,0,0,0,002200008124,N,Factura de Venta
20171026,25004459,Miguel R Mukdise y Hnos Soc Com Col,25 de Mayo Nº76,01557A,Pedro Cocaña,50,10,1000,50,35754.39,43262.81,0,0,0,21,4,0,0,0,0,13530.5,002200008124,N,Factura de Venta
20171026,01005089,Homeclick S.A,Av. Centenario 1630 4To H,01551I,Isolant SA,2,0.2,40,2,346.36,419.1,0,3,0,32.5,0,0,0,0,0,162.04,002200008133,N,Factura de Venta
20171026,10003551,Garcia Feliciano Isidro,Rivadavia 360,01603A,Norberto Oppezzo,27,1.35,675,27,5046.04,6105.71,0,0,0,21,0,0,0,0,0,1459.62,002200008128,N,Factura de Venta
20171026,24003831,Motta Maderas y Decorac. SRL,Santa Fe 2066,01603A,Diego Fani,30,1.5,750,30,5606.71,6784.12,0,0,0,21,0,0,0,0,0,1621.8,002200008130,N,Factura de Venta
20171026,07003929,Daniel Hernandez e hijos SRL,Ruta A005 y Castelli 0,01557A,Meier,50,10,1000,50,34264.62,41460.19,0,0,0,21,8,0,0,0,0,13530.5,002200008131,N,Factura de Venta
20171026,07003929,Daniel Hernandez e hijos SRL,Ruta A005 y Castelli 0,01555A,Meier,50,5,1000,50,22437.77,27149.7,0,0,0,21,8,0,0,0,0,8349.5,002200008131,N,Factura de Venta
20171026,07003929,Daniel Hernandez e hijos SRL,Ruta A005 y Castelli 0,06C001CO,Meier,2,0,0,2,0.2,0.24,0,0,0,0,0,0,0,0,0,0,002200008131,N,Factura de Venta
20171026,30003195,Mayor SA,Av. Jauregui 2270,06C001CO,Mariano Martinez,1,0,0,1,0.1,0.12,0,0,0,0,0,0,0,0,0,0,002200008122,N,Factura de Venta
20171026,24005791,Castle SA,Av. Eva Peron 8853,01912B,Victor Casañas,8,1.68,0,8,11048.4,13368.56,0,0,0,0,0,0,0,0,0,2634.64,002200008121,N,Factura de Venta
20171026,24004809,Bonadeo Raul Leonel,San Luis 3069,01772AC,Meier,2,0.37888,0,2,3151.53,3813.35,0,0,0,30,0,0,0,0,0,648.22,002200008126,N,Factura de Venta
20171026,24004809,Bonadeo Raul Leonel,San Luis 3069,01654AC,Meier,20,0.4,20,0,2223.06,2689.9,0,0,0,21,0,0,0,0,0,492.8,002200008126,N,Factura de Venta
20171026,24004809,Bonadeo Raul Leonel,San Luis 3069,01761A,Meier,1,0.06503,0,1,536.47,649.13,0,0,0,30,0,0,0,0,0,90.11,002200008126,N,Factura de Venta
20171026,24004809,Bonadeo Raul Leonel,San Luis 3069,01771A,Meier,3,0.11499,0,3,972.68,1176.94,0,0,0,30,0,0,0,0,0,119.34,002200008126,N,Factura de Venta
20171026,24004809,Bonadeo Raul Leonel,San Luis 3069,01765A,Meier,1,0.0465,0,1,381.69,461.84,0,0,0,30,0,0,0,0,0,59.52,002200008126,N,Factura de Venta
20171026,03003751,Indupoles Argentina SA,Parque Ind. Campana - Km70 de Panamericana - Lote 12,01500BIN,Isolant SI,10800,5.4,10800,10800,17712,21431.52,0,0,0,0,0,0,0,0,0,12420,002200008117,N,Factura de Venta
20171026,01003526,D.G.A. SRL,Suarez 2737,01907A,Esteban Bergamaschi,20,3.77,0,20,31802.54,38481.07,0,0,0,30,0,0,0,0,0,6006.6,002200008119,N,Factura de Venta
20171026,01003526,D.G.A. SRL,Suarez 2737,01772A,Esteban Bergamaschi,3,0.56832,0,3,4727.29,5720.02,0,0,0,30,0,0,0,0,0,972.33,002200008120,N,Factura de Venta
20171026,01003526,D.G.A. SRL,Suarez 2737,01772AB,Esteban Bergamaschi,3,0.56832,0,3,4727.29,5720.02,0,0,0,30,0,0,0,0,0,972.33,002200008120,N,Factura de Venta
20171026,01003526,D.G.A. SRL,Suarez 2737,01772AC,Esteban Bergamaschi,2,0.37888,0,2,3151.53,3813.35,0,0,0,30,0,0,0,0,0,648.22,002200008120,N,Factura de Venta
20171026,01003526,D.G.A. SRL,Suarez 2737,01772AD,Esteban Bergamaschi,2,0.37888,0,2,3151.53,3813.35,0,0,0,30,0,0,0,0,0,648.22,002200008120,N,Factura de Venta
20171026,24000215,Emcisa SRL,Pte. Roca 3108,06T001BM,Meier,1,0,0,1,0.07,0.08,0,0,0,30,0,0,0,0,0,0,002200008125,N,Factura de Venta
20171026,24000215,Emcisa SRL,Pte. Roca 3108,06M001BA,Meier,1,0,0,1,0.07,0.08,0,0,0,30,0,0,0,0,0,0,002200008125,N,Factura de Venta
20171026,24000215,Emcisa SRL,Pte. Roca 3108,01558AL,Meier,10,2,400,10,8931.02,10806.53,0,0,0,25,8,0,0,0,0,3298.9,002200008125,N,Factura de Venta
20171026,24000215,Emcisa SRL,Pte. Roca 3108,01904A,Meier,2,0.12566,0,2,1880.94,2275.94,0,0,0,21,0,0,0,0,0,1179.52,002200008125,N,Factura de Venta
20171026,03003751,Indupoles Argentina SA,Parque Ind. Campana - Km70 de Panamericana - Lote 12,01511BE,Isolant SI,1500,4.5,1500,0,14250,17242.5,0,0,0,0,0,0,0,0,0,7527.42,002200008114,N,Factura de Venta
20171026,03003751,Indupoles Argentina SA,Parque Ind. Campana - Km70 de Panamericana - Lote 12,01500AIN,Isolant SI,37500,18.75,37500,37500,61500,74415,0,0,0,0,0,0,0,0,0,46125,002200008117,N,Factura de Venta
20171026,03000023,Industrias Saladillo SA,IS.SA. Planta Pilar,01525AHC,Isolant SI,2320,23.2,2320,2320,37792.8,45729.29,0,0,0,0,0,0,0,0,0,3598.94,002200008113,N,Factura de Venta
20171026,07003929,Daniel Hernandez e hijos SRL,Ruta A005 y Castelli 0,01555C,Meier,6,0.6,120,6,0.6,0.73,0,0,0,0,0,0,0,0,0,135.79,002200008131,N,Factura de Venta
20171026,30003195,Mayor SA,Av. Jauregui 2270,01555C,Mariano Martinez,3,0.3,60,3,0.3,0.36,0,0,0,0,0,0,0,0,0,67.9,002200008122,N,Factura de Venta
20171026,11005821,Bh Maderas SA,Ruta 18 Km 14.5,01555ARC,Victor Casañas,1400,7,1400,70,14729.46,17822.66,0,3,10,25,12,0,0,0,0,1524.7,002200008110,S,Factura de Venta
20171026,03001796,Hoffman Ernesto Guillermo,Av. de Mayo 865,01555MC,Levy,200,1.5,200,10,11663.56,14112.9,0,0,0,21,0,0,0,0,0,5209.78,002200008127,S,Factura de Venta
20171026,03001796,Hoffman Ernesto Guillermo,Av. de Mayo 865,01555MA,Levy,1,0.15,20,1,0.1,0.12,0,0,0,0,0,0,0,0,0,520.98,002200008127,S,Factura de Venta
20171026,11005821,Bh Maderas SA,Ruta 18 Km 14.5,01559AA,Victor Casañas,800,8,800,40,24143.22,29213.3,0,3,0,25,12,0,0,0,0,1242.81,002200008108,S,Factura de Venta
20171026,11005821,Bh Maderas SA,Ruta 18 Km 14.5,01557C,Victor Casañas,6,1.2,120,6,0.58,0.7,0,3,0,0,0,0,0,0,0,186.42,002200008108,S,Factura de Venta
20171026,11005821,Bh Maderas SA,Diamante 194,01559AA,Victor Casañas,500,5,500,25,14817,17928.56,0,0,0,25,12,0,0,0,0,776.76,002200008109,S,Factura de Venta
20171026,29001950,Demergasso Ruben Oscar,Calle 36 nº 804,01559AA,Hector Collia,200,2,200,10,7448.12,9012.22,0,0,0,21,0,0,0,0,0,310.7,002200008129,S,Factura de Venta
20171026,07003929,Daniel Hernandez e hijos SRL,Ruta A005 y Castelli 0,01557C,Meier,6,1.2,120,6,0.6,0.73,0,0,0,0,0,0,0,0,0,186.42,002200008131,N,Factura de Venta
20171026,25004459,Miguel R Mukdise y Hnos Soc Com Col,25 de Mayo Nº76,01557C,Pedro Cocaña,6,1.2,120,6,0.6,0.73,0,0,0,0,0,0,0,0,0,186.42,002200008124,N,Factura de Venta
20171026,24000215,Emcisa SRL,Pte. Roca 3108,01558ALP,Meier,1,0.2,40,1,0.1,0.12,0,0,0,0,0,0,0,0,0,364.29,002200008125,N,Factura de Venta
20171026,07005932,Fluidos SA,,04C00898,Meier,1,0,0,1,0.03,0.03,0,0,0,0,0,0,0,0,0,,000000011262,,Débito (Ajustes)
20171026,24000215,Emcisa SRL,Pte. Roca 3108,06M002PA,Meier,1,0,0,1,0.07,0.08,0,0,0,30,0,0,0,0,0,,002200008125,N,Factura de Venta
20171026,03003751,Indupoles Argentina SA,Parque Ind. Campana - Km70 de Panamericana - Lote 12,01511BD,Isolant SI,300,0.9,300,0,2850,3448.5,0,0,0,0,0,0,0,0,0,591.27,002200008114,N,Factura de Venta
20171026,03003751,Indupoles Argentina SA,Parque Ind. Campana - Km70 de Panamericana - Lote 12,01511BD,Isolant SI,400,1.2,400,0,3800,4598,0,0,0,0,0,0,0,0,0,788.35,002200008115,N,Factura de Venta
20171026,14005049,Zoppo Gustavo Marcelo y Zoppo Raul Horacio Sociedad de Hecho,,04C00898,Norberto Oppezzo,1,0,0,1,7.39,7.39,0,0,0,0,0,0,0,0,0,,000000011263,,Débito (Ajustes)
20171026,99001808,Estudio Wagg SA,Armenia 3263,01504CC,Esteban Bergamaschi,4500,4.5,4500,0,19494,23587.74,0,0,0,40,0,0,0,0,0,7020,002200008118,N,Factura de Venta
20171026,04002339,Refrigeracion Escobar SRL,,01IN,Levy,-1,0,0,-1,-176.16,-213.15,0,0,0,0,0,0,0,0,0,,001300000410,N,Crédito de Venta
20171026,24004809,Bonadeo Raul Leonel,San Luis 3069,01763A,Meier,1,0.047124,0,1,383.82,464.43,0,0,0,30,0,0,0,0,0,66.64,002200008126,N,Factura de Venta
20171026,24004809,Bonadeo Raul Leonel,San Luis 3069,01764A,Meier,1,0.0518364,0,1,421.69,510.24,0,0,0,30,0,0,0,0,0,65.37,002200008126,N,Factura de Venta
20171026,01001581,Reld SACIFIA,Av.Chiclana 3174,01763A,Levy,36,1.696464,0,36,6480,7840.8,0,0,10,0,0,0,0,0,0,2399.04,002200008123,N,Factura de Venta
20171026,29000683,Multicontrol SA,Austria Norte 1456,01650DY,Levy,375,3.75,375,0,17936.1,21702.68,0,0,0,37,0,0,0,0,0,5872.5,002200008132,N,Factura de Venta
20171026,01005292,Adamant SRL,,04C00898,Isolant SI,1,0,0,1,0.53,0.53,0,0,0,0,0,0,0,0,0,,000000011264,,Débito (Ajustes)

