﻿FechaTxt,Codigo_Cliente,Cliente,EntDir,Codigo_Articulo,Vendedor,cantidad,Mts3,Mts2,Rollos,Importe_Bruto,Importe_Neto,Dto_Contado,Dto_Flete,Dto_Especial,Bonificacion,Desc_Adicional,cantidad_elaborada,m2_ocupados,costo_unitario,costo_total_stock,Costo_de_venta
20170327,30005703,Embarcadero Servicios y Embalajes SRL,Chacabuco 96,01508D,Fernando Palmas,4000,8,4000,4000,28588,34591.48,0,0,0,30,0,0,0,0,0,0
20170327,07000012,Natali Plasticos SRL,Alvear 1475,01558ES,Isolant SA,20,4,400,20,6235.55,7545.01,0,3,0,0,0,0,0,0,0,0
20170327,24005722,Mathilde SRL,Suipacha 2258,01552I,Meier,6,1.2,240,6,2433.33,2944.32,0,0,0,21,0,0,0,0,0,0
20170327,24005722,Mathilde SRL,Suipacha 2258,01558ES,Meier,5,1,100,5,2401.6,2905.94,0,0,0,21,0,0,0,0,0,0
20170327,24005722,Mathilde SRL,Suipacha 2258,01666ACP,Meier,10,0.5,10,0,2572.16,3112.31,0,0,0,21,0,0,0,0,0,0
20170327,26000442,Materiales y Servicios Sevillano SRL,Aldecoa 661,01550A,Guillermo Ghiretti,100,4,2000,100,15674,15674,0,0,0,0,0,0,0,0,0,0
20170327,26000442,Materiales y Servicios Sevillano SRL,Aldecoa 661,01551A,Guillermo Ghiretti,25,2.5,500,25,7645,7645,0,0,0,0,0,0,0,0,0,0
20170327,03000357,Laboratorios Valmax SA,Sub Perdomo 1619,01507VA,Isolant SI,12720,19.08,12720,0,64744.8,78341.21,0,0,0,0,0,0,0,0,0,0
20170327,01001649,Triber SA,Av. Juan Bautista Alberdi 3766,01957AA,Luis Ramirez,1,0,0,1,0.1,0.12,0,0,0,0,0,0,0,0,0,0
20170327,01001649,Triber SA,Av. Juan Bautista Alberdi 3766,01603AC,Luis Ramirez,25,1.25,625,25,6559.7,7937.24,0,0,0,30,0,0,0,0,0,0
20170327,04005689,Polifoam SRL,Alte. Brown 3985,01654D,Isolant SI,100,2,100,0,6244.7,7556.09,0,0,0,45,0,0,0,0,0,0
20170327,04005689,Polifoam SRL,Alte. Brown 3985,01654DAP,Isolant SI,100,2,100,0,6811.2,8241.55,0,0,0,45,0,0,0,0,0,0
20170327,04005689,Polifoam SRL,Alte. Brown 3985,01771A,Isolant SI,20,0.76655,0,20,3011.2,3643.55,0,0,0,0,0,0,0,0,0,0
20170327,04005689,Polifoam SRL,Alte. Brown 3985,01766A,Isolant SI,6,0.23748,0,6,949.44,1148.82,0,0,0,0,0,0,0,0,0,0
20170327,04005689,Polifoam SRL,Alte. Brown 3985,01767A,Isolant SI,6,0.2544696,0,6,958.44,1159.71,0,0,0,0,0,0,0,0,0,0
20170327,04005689,Polifoam SRL,Alte. Brown 3985,01769A,Isolant SI,7,0.233107,0,7,1025.57,1240.94,0,0,0,0,0,0,0,0,0,0
20170327,04005689,Polifoam SRL,Alte. Brown 3985,01515B,Isolant SI,450,2.25,450,0,10075.5,12191.35,0,0,0,0,0,0,0,0,0,0
20170327,02002202,Simmons De Argentina SAIC,,04C00898,Isolant SI,1,0,0,1,0.01,0.01,0,0,0,0,0,0,0,0,0,0
20170327,02005702,Caps Ram,,04ANTICIPOS,Levy,-1,0,0,-1,-86880,-105124.8,0,0,0,0,0,0,0,0,0,0
20170327,07000012,Natali Plasticos SRL,Alvear 1475,01555M,Isolant SA,30,4.5,600,30,23583.68,28536.25,0,3,0,32.5,12,0,0,0,0,0
20170327,07000012,Natali Plasticos SRL,Alvear 1475,01552I,Isolant SA,30,6,1200,30,7581.55,9173.68,0,3,0,0,4,0,0,0,0,0
20170327,07000012,Natali Plasticos SRL,Alvear 1475,01558EC,Isolant SA,60,12,1200,60,23718.22,28699.05,0,3,0,0,4,0,0,0,0,0
20170327,07000012,Natali Plasticos SRL,Alvear 1475,01558BC,Isolant SA,25,5,500,25,22816.4,27607.84,0,3,0,32.5,0,0,0,0,0,0
20170327,07000012,Natali Plasticos SRL,Alvear 1475,01555MA,Isolant SA,3,0.45,60,3,0.29,0.35,0,3,0,0,0,0,0,0,0,0
20170327,03003751,Indupoles Argentina SA,Parque Ind. Campana - Km70 de Panamericana - Lote 12,01510CC,Isolant SI,1500,4.5,1500,1500,7185,8693.85,0,0,0,0,0,0,0,0,0,0
20170327,03003751,Indupoles Argentina SA,Parque Ind. Campana - Km70 de Panamericana - Lote 12,01504CC,Isolant SI,6000,6,6000,0,13560,16407.6,0,0,0,0,0,0,0,0,0,0
20170327,03003751,Indupoles Argentina SA,Parque Ind. Campana - Km70 de Panamericana - Lote 12,01500AIN,Isolant SI,61500,30.75,61500,61500,91020,110134.2,0,0,0,0,0,0,0,0,0,0
20170327,07005686,Fuace SA,Av. Pte Perón y Tronador,01666ACP,Meier,110,5.5,110,0,28293.77,34235.46,0,0,0,21,0,0,0,0,0,0
20170327,14004178,Corti Andrea y Corti Dillman Maria Cecilia SH,Rodriguez 252,01557A,Disapla,30,6,600,30,21282.36,25751.66,0,0,0,21,0,0,0,0,0,0
20170327,14004178,Corti Andrea y Corti Dillman Maria Cecilia SH,Rodriguez 252,01557C,Disapla,3,0.6,60,3,0.3,0.36,0,0,0,0,0,0,0,0,0,0
20170327,02003030,Curia SACI,,04C00898,Levy,1,0,0,1,0.15,0.15,0,0,0,0,0,0,0,0,0,0
20170327,06002190,Bizzotto e Hijos SRL,Prado 580,01555AK,Pedro Cocaña,6,0.27,90,6,1259.18,1523.61,0,0,0,21,0,0,0,0,0,0
20170327,06002190,Bizzotto e Hijos SRL,Prado 580,01557AK,Pedro Cocaña,6,0.63,90,6,1936.76,2343.48,0,0,0,21,0,0,0,0,0,0
20170327,06002190,Bizzotto e Hijos SRL,Prado 580,01555A,Pedro Cocaña,3,0.3,60,3,1393.65,1686.32,0,0,0,21,0,0,0,0,0,0
20170327,06002190,Bizzotto e Hijos SRL,Prado 580,01557A,Pedro Cocaña,3,0.6,60,3,2128.24,2575.17,0,0,0,21,0,0,0,0,0,0

