﻿FechaTxt,Codigo_Cliente,Cliente,EntDir,Codigo_Articulo,Vendedor,cantidad,Mts3,Mts2,Rollos,Importe_Bruto,Importe_Neto,Dto_Contado,Dto_Flete,Dto_Especial,Bonificacion,Desc_Adicional,cantidad_elaborada,m2_ocupados,costo_unitario,costo_total_stock,Costo_de_venta
20170209,03000488,Formicolor SA,Hip. Irigoyen 2421,01603A,Esteban Bergamaschi,40,2,1000,40,5947.92,7196.98,0,0,0,34,0,0,0,0,0,0
20170209,03000826,Sagradini SRL,Av. Santa Maria 3227,01957A,Esteban Bergamaschi,1,0,0,1,0.1,0.12,0,0,0,0,0,0,0,0,0,0
20170209,03000826,Sagradini SRL,Av. Santa Maria 3227,01555AK,Esteban Bergamaschi,6,0.27,90,6,1259.18,1523.61,0,0,0,21,0,0,0,0,0,0
20170209,03000826,Sagradini SRL,Av. Santa Maria 3227,01557AK,Esteban Bergamaschi,6,0.63,90,6,1936.76,2343.48,0,0,0,21,0,0,0,0,0,0
20170209,03000826,Sagradini SRL,Av. Santa Maria 3227,01555M,Esteban Bergamaschi,6,0.9,120,6,6467.11,7825.21,0,0,0,21,0,0,0,0,0,0
20170209,29002369,Cambiasso Pedro Raul,Av. Mitre 315,01558BC,Hector Collia,2,0.4,40,2,2202.36,2664.86,0,0,0,21,0,0,0,0,0,0
20170209,29002369,Cambiasso Pedro Raul,Av. Mitre 315,01555A,Hector Collia,3,0.3,60,3,1393.65,1686.32,0,0,0,21,0,0,0,0,0,0
20170209,29002369,Cambiasso Pedro Raul,Av. Mitre 315,01557A,Hector Collia,3,0.6,60,3,2128.24,2575.17,0,0,0,21,0,0,0,0,0,0
20170209,21005576,Alessi Martin Esteban SRL en formacion,Salta 732 Norte,01568BC,Leandro Diaz,2000,20,2000,100,102519.9,124049.08,0,3,0,21,4,0,0,0,0,0
20170209,21005576,Alessi Martin Esteban SRL en formacion,Salta 732 Norte,01552IC,Leandro Diaz,100,1,100,5,1967.86,2381.1,0,3,0,21,0,0,0,0,0,0
20170209,21005576,Alessi Martin Esteban SRL en formacion,Salta 732 Norte,01603AD,Leandro Diaz,250,0.5,250,10,1724.18,2086.26,0,3,0,21,0,0,0,0,0,0
20170209,29003543,Montani Hierros SA,Maipu 196,01957A,Disapla,1,0,0,1,0.1,0.12,0,0,0,0,0,0,0,0,0,0
20170209,29003543,Montani Hierros SA,Maipu 196,01558AL,Disapla,20,4,800,20,18697.75,22624.27,0,0,0,21,4,0,0,0,0,0
20170209,29003543,Montani Hierros SA,Maipu 196,01558ALP,Disapla,2,0.4,80,2,0.2,0.24,0,0,0,0,0,0,0,0,0,0
20170209,29003543,Montani Hierros SA,Maipu 196,01555A,Disapla,10,1,200,10,4459.7,5396.23,0,0,0,21,4,0,0,0,0,0
20170209,29003543,Montani Hierros SA,Maipu 196,01551A,Disapla,10,1,200,10,3764.93,4555.56,0,0,0,21,4,0,0,0,0,0
20170209,29003543,Montani Hierros SA,Maipu 196,01558BC,Disapla,10,2,200,10,11011.81,13324.29,0,0,0,21,0,0,0,0,0,0
20170209,11002933,La Agricola Regional Cooperativa Limitada,Moreno 1404,01558EC,Natali Plasticos (Vta Directa),20,4,400,20,11053.26,13374.45,0,0,1,21,12,0,0,0,0,0
20170209,11002933,La Agricola Regional Cooperativa Limitada,Moreno 1404,01557AR,Natali Plasticos (Vta Directa),30,6,600,30,11248.73,13610.96,0,0,1,21,12,0,0,0,0,0
20170209,11002933,La Agricola Regional Cooperativa Limitada,Moreno 1404,01555AR,Natali Plasticos (Vta Directa),40,4,800,40,9751.1,11798.83,0,0,1,21,12,0,0,0,0,0
20170209,01005203,"Salomon Chamma, Mauricio Chamma y Marcos E. Chama S.H.",Alberdi 5975,01550I,Luis Ramirez,27,1.08,540,27,2751.78,3329.66,3,0,0,21,0,0,0,0,0,0
20170209,01005203,"Salomon Chamma, Mauricio Chamma y Marcos E. Chama S.H.",Alberdi 5975,01551I,Luis Ramirez,12,1.2,240,12,2361.43,2857.33,3,0,0,21,0,0,0,0,0,0
20170209,24002856,Alonso Eduardo Oscar,Tucuman 1304,01654D,Victor Casañas,336,6.72,336,0,32128.32,38875.27,0,0,0,30,0,0,0,0,0,0
20170209,17004342,Surcan SA,Av. Polonia 610,01957A,Disapla,1,0,0,1,0.1,0.12,0,0,0,0,0,0,0,0,0,0
20170209,17004342,Surcan SA,Av. Polonia 610,01558BC,Disapla,15,3,300,15,16517.72,19986.44,0,0,0,21,0,0,0,0,0,0
20170209,20003188,Emprendimiento Metalurgico Industrial SRL,LOS VALLISTOS - Ruta 9 Km 128 - Acc Norte,01557A,Pedro Cocaña,86,17.2,1720,86,46968.77,56832.22,0,3,5,25,12,0,0,0,0,0
20170209,20003188,Emprendimiento Metalurgico Industrial SRL,LOS VALLISTOS - Ruta 9 Km 128 - Acc Norte,01557C,Pedro Cocaña,24,4.8,480,24,2.21,2.68,0,3,5,0,0,0,0,0,0,0
20170209,20003188,Emprendimiento Metalurgico Industrial SRL,LOS VALLISTOS - Ruta 9 Km 128 - Acc Norte,01558AL,Pedro Cocaña,20,4,800,20,14994.44,18143.27,0,3,5,25,12,0,0,0,0,0
20170209,20003188,Emprendimiento Metalurgico Industrial SRL,LOS VALLISTOS - Ruta 9 Km 128 - Acc Norte,01558ALP,Pedro Cocaña,2,0.4,80,2,0.18,0.22,0,3,5,0,0,0,0,0,0,0
20170209,20003188,Emprendimiento Metalurgico Industrial SRL,LOS VALLISTOS - Ruta 9 Km 128 - Acc Norte,01558BC,Pedro Cocaña,40,8,800,40,38534.37,46626.58,0,3,5,25,0,0,0,0,0,0
20170209,20003188,Emprendimiento Metalurgico Industrial SRL,LOS VALLISTOS - Ruta 9 Km 128 - Acc Norte,01557AR,Pedro Cocaña,155,31,3100,155,39692.4,48027.8,0,3,0,0,0,0,0,0,0,0
20170209,19002241,Carlos Isla y Cia. SA,Teodoro Plan 5055,01557A,Latyn-Valle y Cordillera,105,21,2100,105,54610.5,66078.71,0,0,0,0,0,0,0,0,0,0
20170209,19002241,Carlos Isla y Cia. SA,Teodoro Plan 5055,01654ON,Latyn-Valle y Cordillera,120,1.68,120,0,3949.2,4778.53,0,0,0,0,0,0,0,0,0,0
20170209,19002241,Carlos Isla y Cia. SA,Teodoro Plan 5055,01655ON,Latyn-Valle y Cordillera,108,1.512,108,0,4224.96,5112.2,0,0,0,0,0,0,0,0,0,0
20170209,01005292,Adamant SRL,Paysandu 923 (entre Crisologo Larralde y Lucena),01514DA,Isolant SI,850,4.25,850,850,6621.5,8012.01,0,0,0,0,0,0,0,0,0,0
20170209,01005292,Adamant SRL,Paysandu 923 (entre Crisologo Larralde y Lucena),01514DC,Isolant SI,1920,9.6,1920,1920,14956.8,18097.73,0,0,0,0,0,0,0,0,0,0
20170209,01005292,Adamant SRL,Paysandu 923 (entre Crisologo Larralde y Lucena),01666ACP,Isolant SI,80,4,80,0,7591.92,9186.22,0,0,0,30,0,0,0,0,0,0
20170209,01005292,Adamant SRL,Paysandu 923 (entre Crisologo Larralde y Lucena),01552I,Isolant SI,100,20,4000,100,24000,29040,0,0,0,0,0,0,0,0,0,0
20170209,01005292,Adamant SRL,Paysandu 923 (entre Crisologo Larralde y Lucena),01514DA,Isolant SI,950,4.75,950,950,7400.5,8954.6,0,0,0,0,0,0,0,0,0,0
20170209,01005292,Adamant SRL,Paysandu 923 (entre Crisologo Larralde y Lucena),01650D,Isolant SI,250,2.5,250,0,7400,8954,0,0,0,0,0,0,0,0,0,0
20170209,01005292,Adamant SRL,Paysandu 923 (entre Crisologo Larralde y Lucena),01654DC,Isolant SI,200,4,200,0,7971.6,9645.64,0,0,0,30,0,0,0,0,0,0
20170209,01005292,Adamant SRL,Paysandu 923 (entre Crisologo Larralde y Lucena),01654DC,Isolant SI,300,6,300,0,11957.4,14468.45,0,0,0,30,0,0,0,0,0,0
20170209,24001540,Aserraderos SRL,Santa Fe S/N- Puerto Santa Fe 0,01957AA,Meier,1,0,0,1,0.2,0.24,0,0,0,0,0,0,0,0,0,0
20170209,24001540,Aserraderos SRL,Santa Fe S/N- Puerto Santa Fe 0,01603AC,Meier,20,1,500,20,5922.48,7166.2,0,0,0,21,0,0,0,0,0,0
20170209,02004723,Garcia Matias Emanuel,Gral. Acha 1229,01514PC,Hector Collia,50,0.25,50,0,985.53,1192.49,0,0,0,21,0,0,0,0,0,0
20170209,02004723,Garcia Matias Emanuel,Gral. Acha 1229,01524GC,Hector Collia,75,0.75,75,0,2386,2887.06,0,0,0,21,0,0,0,0,0,0
20170209,02004723,Garcia Matias Emanuel,Gral. Acha 1229,01654DC,Hector Collia,10,0.2,10,0,1079.14,1305.76,0,0,0,21,0,0,0,0,0,0
20170209,02004723,Garcia Matias Emanuel,Gral. Acha 1229,01662ACP,Hector Collia,10,0.4,10,0,2072.88,2508.19,0,0,0,21,0,0,0,0,0,0

