﻿FechaTxt,Codigo_Cliente,Cliente,EntDir,Codigo_Articulo,Vendedor,cantidad,Mts3,Mts2,Rollos,Importe_Bruto,Importe_Neto,Dto_Contado,Dto_Flete,Dto_Especial,Bonificacion,Desc_Adicional,cantidad_elaborada,m2_ocupados,costo_unitario,costo_total_stock,Costo_de_venta,comp
20170404,03000023,Industrias Saladillo SA,IS.SA. Planta Pilar,01777BA,Isolant SI,311,8.3048196,0,311,49974.59,60469.25,0,0,0,0,0,0,0,0,0,0,002200004067
20170404,07004880,Agrochapaleufu SRL,Manuel Belgrano 647,01555M,Meier,13,1.95,260,13,13591.72,16445.98,0,3,0,21,0,0,0,0,0,0,002200004068
20170404,07004880,Agrochapaleufu SRL,Manuel Belgrano 647,01555MA,Meier,1,0.15,20,1,0.1,0.12,0,3,0,0,0,0,0,0,0,0,002200004068
20170404,07004880,Agrochapaleufu SRL,Manuel Belgrano 647,01960DA,Meier,1,0,0,1,2566.56,3105.54,0,3,0,21,0,0,0,0,0,0,002200004068
20170404,19002241,Carlos Isla y Cia. SA,Teodoro Plan 5055,01555A,Latyn-Valle y Cordillera,100,10,2000,100,34059,41211.39,0,0,0,0,0,0,0,0,0,0,002200004069
20170404,01001928,Karavell SA,Santiago del Estero 453,04ANTICIPOS,Levy,1,0,0,1,23105,27957.05,0,0,0,0,0,0,0,0,0,0,001400000677
20170404,16005773,Metales Dibo SA,Maza Norte 3536,01558ECC,Leandro Diaz,2100,21,2100,105,44100,53361,0,0,0,0,0,0,0,0,0,0,002200004063
20170404,03000023,Industrias Saladillo SA,IS.SA. Planta Pilar,01777B,Isolant SI,105,2.8035,0,105,11386.2,13777.3,0,0,0,0,0,0,0,0,0,0,002200004071
20170404,03000023,Industrias Saladillo SA,IS.SA. Planta Pilar,01777BA,Isolant SI,91,2.4300276,0,91,14622.79,17693.58,0,0,0,0,0,0,0,0,0,0,002200004071
20170404,01001558,Decor Papel SRL,Jorge Newery 3056,01603B,Luis Ramirez,35,1.75,875,35,7832.14,9476.89,0,0,0,21,0,0,0,0,0,0,002200004075
20170404,31004474,Polyfrio S.A.,Av. Polonia 1038,01510CC,Fernando Palmas,450,1.35,450,450,2745,3321.45,0,0,0,0,0,0,0,0,0,0,002200004076
20170404,31004474,Polyfrio S.A.,Av. Polonia 1038,01515B,Fernando Palmas,1050,5.25,1050,0,14721,17812.41,0,0,0,0,0,0,0,0,0,0,002200004076
20170404,24003921,Bevilacqua Oscar Emilio,Santa Fe 1699,01603B,Diego Fani,40,2,1000,40,8592.98,10397.5,0,0,0,21,4,0,0,0,0,0,002200004077
20170404,24003921,Bevilacqua Oscar Emilio,Santa Fe 1699,01603AC,Diego Fani,12,0.6,300,12,3411.34,4127.73,0,0,0,21,4,0,0,0,0,0,002200004077
20170404,24003921,Bevilacqua Oscar Emilio,Santa Fe 1699,01957AA,Diego Fani,1,0,0,1,0.1,0.12,0,0,0,0,0,0,0,0,0,0,002200004077
20170404,30005521,Construir America S.A.,Viamonte Nº450,01957A,Disapla,1,0,0,1,0.1,0.12,0,0,0,0,0,0,0,0,0,0,002200004078
20170404,30005521,Construir America S.A.,Viamonte Nº450,01555A,Disapla,50,5,1000,50,23227.58,28105.37,0,0,0,21,0,0,0,0,0,0,002200004078
20170404,30005521,Construir America S.A.,Viamonte Nº450,01555C,Disapla,12,1.2,240,12,1.2,1.45,0,0,0,0,0,0,0,0,0,0,002200004078
20170404,23005873,Mateos`SRL,Perito Moreno 358,01764A,Guillermo Ghiretti,1,0.0518364,0,1,390.45,472.45,0,0,0,30,0,0,0,0,0,0,002200004079
20170404,23005873,Mateos`SRL,Perito Moreno 358,01765A,Guillermo Ghiretti,3,0.1395,0,3,1060.25,1282.9,0,0,0,30,0,0,0,0,0,0,002200004079
20170404,23005873,Mateos`SRL,Perito Moreno 358,01767A,Guillermo Ghiretti,2,0.0848232,0,2,625.49,756.85,0,0,0,30,0,0,0,0,0,0,002200004079
20170404,23005873,Mateos`SRL,Perito Moreno 358,01764C,Guillermo Ghiretti,1,0.06597,0,1,916.03,1108.39,0,0,0,30,0,0,0,0,0,0,002200004079
20170404,23005873,Mateos`SRL,Perito Moreno 358,01765C,Guillermo Ghiretti,3,0.17643,0,3,2432.62,2943.47,0,0,0,30,0,0,0,0,0,0,002200004079
20170404,23005873,Mateos`SRL,Perito Moreno 358,01767C,Guillermo Ghiretti,2,0.10632,0,2,1380.3,1670.17,0,0,0,30,0,0,0,0,0,0,002200004079
20170404,03000023,Industrias Saladillo SA,IS.SA. Planta Pilar,01780BA,Isolant SI,16,0.4152,0,16,3324.16,4022.23,0,0,0,0,0,0,0,0,0,0,002200004070
20170404,03000023,Industrias Saladillo SA,IS.SA. Planta Pilar,01781BA,Isolant SI,103,4.0376,0,103,16593.3,20077.89,0,0,0,0,0,0,0,0,0,0,002200004070
20170404,22003435,Sidermet San Luis SA,Ruta 3 Km 1 Extremo Sur,01555A,Leandro Diaz,40,4,800,40,17838.78,21584.93,0,0,0,21,4,0,0,0,0,0,002200004072
20170404,22003435,Sidermet San Luis SA,Ruta 3 Km 1 Extremo Sur,01555C,Leandro Diaz,3,0.3,60,3,0.3,0.36,0,0,0,0,0,0,0,0,0,0,002200004072
20170404,22003435,Sidermet San Luis SA,Ruta 3 Km 1 Extremo Sur,01557A,Leandro Diaz,25,5,500,25,17025.89,20601.33,0,0,0,21,4,0,0,0,0,0,002200004072
20170404,22003435,Sidermet San Luis SA,Ruta 3 Km 1 Extremo Sur,01557C,Leandro Diaz,3,0.6,60,3,0.3,0.36,0,0,0,0,0,0,0,0,0,0,002200004072
20170404,16005773,Metales Dibo SA,Maza Norte 3536,01571EC,Leandro Diaz,44,17.6,880,44,41360,50045.6,0,0,0,0,0,0,0,0,0,0,002200004073
20170404,16005773,Metales Dibo SA,Maza Norte 3536,01558ECC,Leandro Diaz,700,7,700,35,14700,17787,0,0,0,0,0,0,0,0,0,0,002200004074
20170404,31000402,Codimat SA,Don Bosco 1495,01960DA,NN (Ex MDT),40,0,0,40,91657.02,110905,3,4,7,21,0,0,0,0,0,0,002200004080
20170404,31000402,Codimat SA,Don Bosco 1495,01558BC,NN (Ex MDT),100,20,2000,100,95364.04,115390.48,3,4,7,21,0,0,0,0,0,0,002200004080
20170404,31000402,Codimat SA,Don Bosco 1495,01557A,NN (Ex MDT),100,20,2000,100,61436.22,74337.83,3,4,7,21,0,0,0,0,0,0,002200004080
20170404,31000402,Codimat SA,Don Bosco 1495,01558AL,NN (Ex MDT),20,4,800,20,16867.24,20409.36,3,4,7,21,0,0,0,0,0,0,002200004080
20170404,31000402,Codimat SA,Don Bosco 1495,01557C,NN (Ex MDT),12,2.4,240,12,1.04,1.26,3,4,7,0,0,0,0,0,0,0,002200004080
20170404,31000402,Codimat SA,Don Bosco 1495,01558ALP,NN (Ex MDT),2,0.4,80,2,0.17,0.21,3,4,7,0,0,0,0,0,0,0,002200004080
20170404,03003751,Indupoles Argentina SA,Parque Ind. Campana - Km70 de Panamericana - Lote 12,01500AIN,Isolant SI,3500,1.75,3500,3500,5180,6267.8,0,0,0,0,0,0,0,0,0,0,002200004082
20170404,16005773,Metales Dibo SA,Maza Norte 3536,01571EC,Leandro Diaz,31,12.4,620,31,29140,35259.4,0,0,0,0,0,0,0,0,0,0,002200004083
20170404,03003751,Indupoles Argentina SA,Parque Ind. Campana - Km70 de Panamericana - Lote 12,01501IJE ,Isolant SI,600,0.3,600,0,1128,1364.88,0,0,0,0,0,0,0,0,0,0,002200004081
20170404,03003751,Indupoles Argentina SA,Parque Ind. Campana - Km70 de Panamericana - Lote 12,01508D,Isolant SI,4500,9,4500,4500,16200,19602,0,0,0,0,0,0,0,0,0,0,002200004081
20170404,03003751,Indupoles Argentina SA,Parque Ind. Campana - Km70 de Panamericana - Lote 12,01506CIN,Isolant SI,22550,33.825,22550,22550,62914.5,76126.54,0,0,0,0,0,0,0,0,0,0,002200004081
20170404,03003751,Indupoles Argentina SA,Parque Ind. Campana - Km70 de Panamericana - Lote 12,01500AIN,Isolant SI,4000,2,4000,4000,5920,7163.2,0,0,0,0,0,0,0,0,0,0,002200004081
20170404,22003435,Sidermet San Luis SA,Ruta 3 Km 1 Extremo Sur,01558BC,Leandro Diaz,30,6,600,30,33035.43,39972.87,0,0,0,21,0,0,0,0,0,0,002200004086
20170404,16005773,Metales Dibo SA,Maza Norte 3536,01558ECC,Leandro Diaz,1200,12,1200,60,25200,30492,0,0,0,0,0,0,0,0,0,0,002200004084
20170404,16005773,Metales Dibo SA,Maza Norte 3536,01900A,Leandro Diaz,2,0.1508,0,2,4804.18,5813.06,0,0,0,25,0,0,0,0,0,0,002200004085
20170404,16005773,Metales Dibo SA,Maza Norte 3536,01901A,Leandro Diaz,2,0.15708,0,2,3518.85,4257.81,0,0,0,25,0,0,0,0,0,0,002200004085
20170404,16005773,Metales Dibo SA,Maza Norte 3536,01902A,Leandro Diaz,2,0.17256,0,2,3022.5,3657.22,0,0,0,25,0,0,0,0,0,0,002200004085
20170404,03000023,Industrias Saladillo SA,IS.SA. Planta Pilar,01771AS,Isolant SI,20,0.7666,0,20,2532.6,3064.45,0,0,0,0,0,0,0,0,0,0,002200004064
20170404,03000023,Industrias Saladillo SA,IS.SA. Planta Pilar,01761AS,Isolant SI,7,0.45521,0,7,1086.4,1314.54,0,0,0,0,0,0,0,0,0,0,002200004065
20170404,03000023,Industrias Saladillo SA,IS.SA. Planta Pilar,01767AS,Isolant SI,7,0.29687,0,7,760.76,920.52,0,0,0,0,0,0,0,0,0,0,002200004065
20170404,03000023,Industrias Saladillo SA,IS.SA. Planta Pilar,01767AS,Isolant SI,7,0.29687,0,7,717.64,868.34,0,0,0,0,0,0,0,0,0,0,002200004066

