﻿FechaTxt,Codigo_Cliente,Cliente,EntDir,Codigo_Articulo,Vendedor,cantidad,Mts3,Mts2,Rollos,Importe_Bruto,Importe_Neto,Dto_Contado,Dto_Flete,Dto_Especial,Bonificacion,Desc_Adicional,cantidad_elaborada,m2_ocupados,costo_unitario,costo_total_stock,Costo_de_venta,comp,C_Construccion
20170601,29001927,Damioli Franca Amabile,Av. 520 nº 1681 e/11 Y 12,01656AC,NN (Ex MDT),60,1.5,60,0,7230.72,8749.17,0,0,0,30,0,0,0,0,0,2277.79,002200005084,N
20170601,01003347,Hormetal SA,Calle 2 de Abril 865 (E/J Hernandez y Eva Peron),01568B,Hector Collia,26,0.26,26,1.3,1083.16,1310.62,0,0,0,0,0,0,0,0,0,608.87,002200005090,N
20170601,01003347,Hormetal SA,Calle 2 de Abril 865 (E/J Hernandez y Eva Peron),01568B,Hector Collia,286,2.86,286,14.3,11914.76,14416.86,0,0,0,0,0,0,0,0,0,6697.56,002200005091,N
20170601,01003347,Hormetal SA,Calle 2 de Abril 865 (E/J Hernandez y Eva Peron),01568B,Hector Collia,2814,28.14,2814,140.7,117231.24,141849.8,0,0,0,0,0,0,0,0,0,65898.41,002200005092,N
20170601,04004334,Fapex SA,Rio Potrero 175 (Esq. Rio de Rey) Barrio CinaCina,01524AF,Isolant SI,424,4.24,424,0,3926.24,4750.75,0,0,0,0,0,0,0,0,0,1105.32,002200005095,N
20170601,01005748,Floor Heating SA,Calle Camino Real Moron (Lote 121 Nro.1550),01555AR,Levy,50,5,1000,50,11942.63,14450.59,0,3,0,21,12,0,0,0,0,2736.86,002200005097,N
20170601,03000023,Industrias Saladillo SA,IS.SA. Planta Pilar,01777B,Isolant SI,125,3.3375,0,125,13555,16401.55,0,0,0,0,0,0,0,0,0,5832.27,002200005116,N
20170601,17003534,Hartge Jose Noli,Av. Los Inmigrantes S/N,01554BC,Disapla,30,3,600,30,25514.47,30872.51,0,0,0,21,0,0,0,0,0,7987.28,002200005117,N
20170601,03003751,Indupoles Argentina SA,Parque Ind. Campana - Km70 de Panamericana - Lote 12,01500AIN,Isolant SI,31500,15.75,31500,31500,47880,57934.8,0,0,0,0,0,0,0,0,0,32367.12,002200005108,N
20170601,01003857,DAC Distr. Arg. de chapas SACI,Av 101 Ruta 8 3388,01603B,Levy,25,1.25,625,25,5594.39,6769.21,0,0,0,21,0,0,0,0,0,2421.28,002200005113,N
20170601,03003751,Indupoles Argentina SA,Parque Ind. Campana - Km70 de Panamericana - Lote 12,01658ACP,Isolant SI,500,15,500,0,27740,33565.4,0,0,0,0,0,0,0,0,0,21053.31,002200005109,N
20170601,17003214,SAC SA,Ruta Prov. 5,01551A,Disapla,15,1.5,300,15,6176.81,7473.94,0,0,0,21,0,0,0,0,0,2146.07,002200005118,N
20170601,27003323,Bercovich SACIFIA,Suc. El Amigo - Ruta 38 Km 1541,01555A,Pedro Cocaña,75,7.5,1500,75,28234.74,34164.04,0,3,0,25,12,0,0,0,0,6177.24,002200005103,N
20170601,27003323,Bercovich SACIFIA,Suc. El Amigo - Ruta 38 Km 1541,01557A,Pedro Cocaña,100,20,2000,100,57489.32,69562.08,0,3,0,25,12,0,0,0,0,17304.15,002200005103,N
20170601,27004403,Perez Jose Luis,Venezuela Nº943,01557AR,Pedro Cocaña,25,5,500,25,10019.53,12123.63,0,3,0,21,4,0,0,0,0,2867.27,002200005119,N
20170601,03003751,Indupoles Argentina SA,Parque Ind. Campana - Km70 de Panamericana - Lote 12,01511BE,Isolant SI,1650,4.95,1650,0,17968.5,21741.88,0,0,0,0,0,0,0,0,0,18922.61,002200005107,N
20170601,03003751,Indupoles Argentina SA,Parque Ind. Campana - Km70 de Panamericana - Lote 12,01662ACP,Isolant SI,120,4.8,120,0,8488.8,10271.45,0,0,0,0,0,0,0,0,0,5387.31,002200005110,N
20170601,03000023,Industrias Saladillo SA,IS.SA. Planta Pilar,01788B,Isolant SI,72,1.69632,0,72,6210.72,7514.97,0,0,0,0,0,0,0,0,0,4286.4,002200005116,N
20170601,20003188,Emprendimiento Metalurgico Industrial SRL,ROCA - Av. Roca 324,01753A,Pedro Cocaña,10,0.375,0,10,6850.14,8288.67,0,3,0,25,12,0,0,0,0,0,002200005101,N
20170601,20003188,Emprendimiento Metalurgico Industrial SRL,ROCA - Av. Roca 324,01753B,Pedro Cocaña,10,0.375,0,10,9603,11619.63,0,3,0,25,12,0,0,0,0,0,002200005101,N
20170601,20003188,Emprendimiento Metalurgico Industrial SRL,TARTAGAL - Av. Alverdi 1135,01557AR,Pedro Cocaña,55,11,1100,55,15346.36,18569.1,0,3,20,25,12,0,0,0,0,6307.99,002200005102,N
20170601,04004334,Fapex SA,Rio Potrero 175 (Esq. Rio de Rey) Barrio CinaCina,01524AF,Isolant SI,106,1.06,106,0,981.56,1187.69,0,0,0,0,0,0,0,0,0,276.33,002200005096,N
20170601,27003323,Bercovich SACIFIA,Centro Dist. Lastenia - Km 1296 (frente a Arco),01555AK,Pedro Cocaña,30,1.35,450,30,5102.07,6173.51,0,3,0,25,12,0,0,0,0,3619.78,002200005099,N
20170601,27003323,Bercovich SACIFIA,Centro Dist. Lastenia - Km 1296 (frente a Arco),01557AK,Pedro Cocaña,40,4.2,600,40,10463.43,12660.75,0,3,0,25,12,0,0,0,0,2417.91,002200005099,N
20170601,02004573,La Plata Ceramicos S A,Calle 12 y 125,01603B,Ventas Buenos Aires,50,2.5,1250,50,11188.77,13538.41,0,0,0,21,0,0,0,0,0,4842.57,002200005086,N
20170601,03003751,Indupoles Argentina SA,Parque Ind. Campana - Km70 de Panamericana - Lote 12,01510D,Isolant SI,900,2.7,900,900,4482,5423.22,0,0,0,0,0,0,0,0,0,3703.52,002200005105,N
20170601,03003751,Indupoles Argentina SA,Parque Ind. Campana - Km70 de Panamericana - Lote 12,01510D,Isolant SI,900,2.7,900,900,4482,5423.22,0,0,0,0,0,0,0,0,0,3703.52,002200005106,N
20170601,01004026,Osito Azul Sociedad Anonima,Martin Rodriguez 1433,01950F,Isolant SI,50,11.4299262,0,50,24660,29838.6,0,0,0,0,0,0,0,0,0,8316.68,002200005089,N
20170601,29004604,Deposito San Martin S.R.L.,San Martin 770,01960DA,Ventas Buenos Aires,20,0,0,20,55564.65,67233.23,0,0,0,21,0,0,0,0,0,18694.56,002200005094,N
20170601,29004604,Deposito San Martin S.R.L.,San Martin 770,01750A,Ventas Buenos Aires,5,0,0,5,3303.5,3997.24,0,0,0,21,0,0,0,0,0,0,002200005094,N
20170601,27005760,Amado Cesar Adad e Hijos SRL,Junin 284,01658ACP,Pedro Cocaña,20,0.6,20,0,3080.55,3727.47,0,0,0,25,0,0,0,0,0,842.13,002200005098,N
20170601,20003188,Emprendimiento Metalurgico Industrial SRL,ROCA - Av. Roca 324,01654ON,Pedro Cocaña,10,1.68,0,10,3460.92,4187.71,0,3,15,25,12,0,0,0,0,3367.68,002200005100,N
20170601,20003188,Emprendimiento Metalurgico Industrial SRL,ROCA - Av. Roca 324,01655ON,Pedro Cocaña,10,1.68,0,10,4113.93,4977.85,0,3,15,25,12,0,0,0,0,4714.23,002200005100,N
20170601,20003188,Emprendimiento Metalurgico Industrial SRL,ROCA - Av. Roca 324,01960F,Pedro Cocaña,10,0,0,10,16013.13,19375.88,0,3,15,25,12,0,0,0,0,0,002200005100,N
20170601,29001927,Damioli Franca Amabile,Av. 520 nº 1681 e/11 Y 12,01551A,NN (Ex MDT),10,1,200,10,3648.75,4414.99,0,0,0,30,0,0,0,0,0,1430.71,002200005083,N
20170601,29001927,Damioli Franca Amabile,Av. 520 nº 1681 e/11 Y 12,01960DA,NN (Ex MDT),6,0,0,6,14770.35,17872.12,0,0,0,30,0,0,0,0,0,5608.37,002200005083,N
20170601,29002191,Maderera Don Fioravanti SRL,Larrea 1460,01554BRC,Esteban Bergamaschi,400,2.4,400,20,25740,31145.4,0,0,0,25,12,0,0,0,0,7601.45,002200005112,S
20170601,29002191,Maderera Don Fioravanti SRL,Larrea 1460,01554BP,Esteban Bergamaschi,2,0.24,40,2,0.2,0.24,0,0,0,0,0,0,0,0,0,760.15,002200005112,S
20170601,27003323,Bercovich SACIFIA,Suc. El Amigo - Ruta 38 Km 1541,01555C,Pedro Cocaña,9,0.9,180,9,0.87,1.06,0,3,0,0,0,0,0,0,0,741.27,002200005103,N
20170601,17005892,Mas Maderas S.R.L,Martin Fierro y sargento Cabral,01555EDC,Pedro Cocaña,600,3,600,30,11892.6,14390.04,0,3,5,21,12,0,0,0,0,9689.14,002200005121,S
20170601,17005892,Mas Maderas S.R.L,Martin Fierro y sargento Cabral,01555MC,Pedro Cocaña,400,3,400,20,17476.3,21146.32,0,3,5,21,12,0,0,0,0,10019.04,002200005121,S
20170601,17005892,Mas Maderas S.R.L,Martin Fierro y sargento Cabral,01555MA,Pedro Cocaña,2,0.3,40,2,0.36,0.44,0,3,5,0,0,0,0,0,0,1001.9,002200005121,S
20170601,31003220,Aserradero Nelson SA,Av. 120 781,01555MC,Ventas Buenos Aires,400,3,400,20,18882.58,22847.92,0,0,15,21,0,0,0,0,0,10019.04,002200005085,S
20170601,31003220,Aserradero Nelson SA,Av. 120 781,01555MA,Ventas Buenos Aires,2,0.3,40,2,0.18,0.2,0,0,15,0,0,0,0,0,0,1001.9,002200005085,S
20170601,03001409,Luis Giardili SA,Juan Ramón Gimenez 1105,01559AA,Esteban Bergamaschi,60,0.6,60,3,1981.84,2398.02,0,3,0,21,4,0,0,0,0,519.12,002200005088,S
20170601,27003323,Bercovich SACIFIA,Suc. El Amigo - Ruta 38 Km 1541,01557C,Pedro Cocaña,12,2.4,240,12,1.16,1.41,0,3,0,0,0,0,0,0,0,2076.5,002200005103,N
20170601,29002191,Maderera Don Fioravanti SRL,Larrea 1460,01559AA,Esteban Bergamaschi,600,6,600,30,17780.4,21514.28,0,0,0,25,12,0,0,0,0,5191.25,002200005112,S
20170601,29002191,Maderera Don Fioravanti SRL,Larrea 1460,01557C,Esteban Bergamaschi,5,1,100,5,0.5,0.6,0,0,0,0,0,0,0,0,0,865.21,002200005112,S
20170601,27003964,Materiales Saavedra SRL,25 de Mayo 552,01557ARC,Pedro Cocaña,700,7,700,35,12858.4,15558.66,0,3,0,21,12,0,0,0,0,4014.18,002200005120,S
20170601,29004604,Deposito San Martin S.R.L.,San Martin 770,01558ALC,Ventas Buenos Aires,2000,20,2000,100,72824.98,88118.22,0,0,15,21,12,0,0,0,0,31741.32,002200005093,S
20170601,29004604,Deposito San Martin S.R.L.,San Martin 770,01558ALP,Ventas Buenos Aires,10,2,400,10,0.86,1.02,0,0,15,0,0,0,0,0,0,3174.13,002200005093,S
20170601,04005650,Gafa Mora SA,Ruta Panamericana KM40,01568BC,Esteban Bergamaschi,20,0.2,20,1,1134.12,1372.3,0,0,0,21,0,0,0,0,0,450.11,002200005111,S
20170601,17005892,Mas Maderas S.R.L,Martin Fierro y sargento Cabral,01558ECC,Pedro Cocaña,900,9,900,45,23143.28,28003.38,0,3,5,21,12,0,0,0,0,16543.92,002200005121,S
20170601,31003219,Montero Miguel Angel,CORRALON DE MATERIALES - Av. nº 32 (entre 26 y 27),01558ECC,Ventas Buenos Aires,1000,10,1000,50,27905.32,33765.44,0,0,0,21,12,0,0,0,0,18382.14,002200005082,S
20170601,29002191,Maderera Don Fioravanti SRL,Larrea 1460,01655ONC,Esteban Bergamaschi,36,0.504,36,3,21500.64,26015.78,0,0,0,21,0,0,0,0,0,1414.27,002200005114,S
20170601,03004281,Majara SRL,,04C00898,Hector Collia,1,0,0,1,3.56,3.56,0,0,0,0,0,0,0,0,0,,000000010854,
20170601,03000023,Industrias Saladillo SA,IS.SA. Planta Pilar,01778B,Isolant SI,117,2.8670265,0,117,13114.53,15868.58,0,0,0,0,0,0,0,0,0,4849.37,002200005087,N
20170601,03003751,Indupoles Argentina SA,Parque Ind. Campana - Km70 de Panamericana - Lote 12,01506D,Isolant SI,900,1.35,900,900,2511,3038.31,0,0,0,0,0,0,0,0,0,491.9,002200005104,N
20170601,03000023,Industrias Saladillo SA,IS.SA. Planta Pilar,01776BA,Isolant SI,99,2.7991656,0,99,17897.22,21655.64,0,0,0,0,0,0,0,0,0,8396.41,002200005115,N
20170601,31000402,Codimat SA,,04C00898,Norberto Oppezzo,1,0,0,1,0.2,0.2,0,0,0,0,0,0,0,0,0,,000000010852,
20170601,31003010,Lago Sociedad Anonima,,01IN,Norberto Oppezzo,-1,0,0,-1,-605.83,-733.06,0,0,0,0,0,0,0,0,0,,001400007829,N
20170601,31003010,Lago Sociedad Anonima,,01IN,Norberto Oppezzo,-1,0,0,-1,-176.12,-213.11,0,0,0,0,0,0,0,0,0,,001400007830,N
20170601,31005663,Rubber King SA,,04C00898,Hector Collia,1,0,0,1,1.69,1.69,0,0,0,0,0,0,0,0,0,,000000010853,
20170601,20004208,Reston Maderas SRL,,01IN,Pedro Cocaña,-1,0,0,-1,-226.03,-273.5,0,0,0,0,0,0,0,0,0,,001400007828,N

