﻿FechaTxt,Codigo_Cliente,Cliente,EntDir,Codigo_Articulo,Vendedor,cantidad,Mts3,Mts2,Rollos,Importe_Bruto,Importe_Neto,Dto_Contado,Dto_Flete,Dto_Especial,Bonificacion,Desc_Adicional,cantidad_elaborada,m2_ocupados,costo_unitario,costo_total_stock,Costo_de_venta,comp,C_Construccion,nomdoc
20170816,02000130,Telas Plasticas Miliavaca SA,Av. Hipolito Yrigoyen 11037,01772A,Hector Collia,2,0.37888,0,2,3151.52,3813.32,0,0,0,30,0,0,0,0,0,619.34,002200006647,S,Factura de Venta
20170816,02000130,Telas Plasticas Miliavaca SA,Av. Hipolito Yrigoyen 11037,01772AB,Hector Collia,2,0.37888,0,2,3151.52,3813.32,0,0,0,30,0,0,0,0,0,619.34,002200006647,S,Factura de Venta
20170816,02000130,Telas Plasticas Miliavaca SA,Av. Hipolito Yrigoyen 11037,01772AC,Hector Collia,2,0.37888,0,2,3151.52,3813.32,0,0,0,30,0,0,0,0,0,619.34,002200006647,S,Factura de Venta
20170816,02000130,Telas Plasticas Miliavaca SA,Av. Hipolito Yrigoyen 11037,01772AD,Hector Collia,2,0.37888,0,2,3151.52,3813.32,0,0,0,30,0,0,0,0,0,619.34,002200006647,S,Factura de Venta
20170816,02004723,Garcia Matias Emanuel,Gral. Acha 1229,01524GC,Hector Collia,25,0.25,25,0,843.13,1020.18,0,0,0,21,0,0,0,0,0,248.5,002200006649,N,Factura de Venta
20170816,02004723,Garcia Matias Emanuel,Gral. Acha 1229,01662ACP,Hector Collia,30,1.2,30,0,6405.16,7750.25,0,0,0,21,0,0,0,0,0,1354.2,002200006649,N,Factura de Venta
20170816,02005684,Quilbur S.A.,Hipolito Irigoyen 14981,01555M,Ventas Buenos Aires,20,3,400,20,23314.01,28209.95,0,0,0,21,0,0,0,0,0,10836.8,002200006646,N,Factura de Venta
20170816,07002231,Acerco SA,Av La Voz del Interior y Av. Japon,01558BC,Meier,100,20,2000,100,110909.25,134200.19,0,0,0,25,0,0,0,0,0,53709,002200006638,N,Factura de Venta
20170816,07002231,Acerco SA,Av La Voz del Interior y Av. Japon,01569BC,Meier,10,3,200,10,14066.78,17020.8,0,0,0,25,0,0,0,0,0,6306.7,002200006638,N,Factura de Venta
20170816,07002231,Acerco SA,Av La Voz del Interior y Av. Japon,01557A,Meier,50,10,1000,50,31115.37,37649.6,0,0,0,25,12,0,0,0,0,12817,002200006638,N,Factura de Venta
20170816,07002231,Acerco SA,Bv. Domingo Zipoli Nº 440,01558BC,Meier,20,4,400,20,22181.85,26840.04,0,0,0,25,0,0,0,0,0,10741.8,002200006639,N,Factura de Venta
20170816,04004334,Fapex SA,Rio Potrero 175 (Esq. Rio de Rey) Barrio CinaCina,01557ARF,Isolant SI,150,30,3000,150,43186.5,52255.66,0,0,0,0,0,0,0,0,0,33877.5,002200006643,N,Factura de Venta
20170816,02005684,Quilbur S.A.,Hipolito Irigoyen 14981,06C001CO,Ventas Buenos Aires,1,0,0,1,0.1,0.12,0,0,0,0,0,0,0,0,0,0,002200006646,N,Factura de Venta
20170816,21005576,Alessi Martin Esteban SRL en formacion,Salta 732 Norte,01666ACP,Leandro Diaz,10,0.5,10,0,2569.86,3109.54,0,3,0,21,0,0,0,0,0,541.4,002200006624,N,Factura de Venta
20170816,07002155,Blussand Roberto Enrique,,01504AC,Meier,3200,3.2,3200,0,15254.4,18457.82,0,0,0,30,0,0,0,0,0,5376,001400000772,S,Factura de Venta
20170816,02002202,Simmons De Argentina SAIC,Heredia 626,01907A,Isolant SI,40,7.54,0,40,34006.4,41147.74,0,0,0,0,0,0,0,0,0,12027.6,002200006637,N,Factura de Venta
20170816,07002231,Acerco SA,Av La Voz del Interior y Av. Japon,01558AL,Meier,93,18.6,3720,93,79447.2,96131.12,0,0,0,25,12,0,0,0,0,29632.59,002200006638,N,Factura de Venta
20170816,07002231,Acerco SA,Av La Voz del Interior y Av. Japon,01960F,Meier,7,0,0,7,14410.84,17437.12,0,0,0,25,12,0,0,0,0,7586.95,002200006638,N,Factura de Venta
20170816,07002231,Acerco SA,Av La Voz del Interior y Av. Japon,01554BC,Meier,10,1,200,10,8477.92,10258.29,0,0,0,25,0,0,0,0,0,3937.9,002200006638,N,Factura de Venta
20170816,03000023,Industrias Saladillo SA,IS.SA. Planta Pilar,01779BA,Isolant SI,36,1.16388,0,36,10344.24,12516.53,0,0,0,0,0,0,0,0,0,5897.16,002200006628,N,Factura de Venta
20170816,03000023,Industrias Saladillo SA,IS.SA. Planta Pilar,01784BA,Isolant SI,15,0.396,0,15,1583.85,1916.46,0,0,0,0,0,0,0,0,0,835.8,002200006629,N,Factura de Venta
20170816,03000023,Industrias Saladillo SA,IS.SA. Planta Pilar,01777B,Isolant SI,56,1.4952,0,56,6376.16,7715.15,0,0,0,0,0,0,0,0,0,2542.4,002200006631,N,Factura de Venta
20170816,03002103,Sistemas Integrales De Almacenaje,Parque Industrial Zarate,01558BRM,Esteban Bergamaschi,2560,25.6,2560,128,168473.6,203853.06,0,0,0,0,0,0,0,0,0,1374950.4,002200006620,N,Factura de Venta
20170816,04004334,Fapex SA,Rio Potrero 175 (Esq. Rio de Rey) Barrio CinaCina,01557ARF,Isolant SI,300,60,6000,300,86373,104511.33,0,0,0,0,0,0,0,0,0,67755,002200006623,N,Factura de Venta
20170816,03003751,Indupoles Argentina SA,Parque Ind. Campana - Km70 de Panamericana - Lote 12,01773AB,Isolant SI,30,4.89,0,30,24141.3,29210.97,0,0,0,0,0,0,0,0,0,10802.7,002200006619,N,Factura de Venta
20170816,04004334,Fapex SA,Rio Potrero 175 (Esq. Rio de Rey) Barrio CinaCina,01557ARF,Isolant SI,51,10.2,1020,51,14683.41,17766.93,0,0,0,0,0,0,0,0,0,11518.35,002200006642,N,Factura de Venta
20170816,04004334,Fapex SA,Rio Potrero 175 (Esq. Rio de Rey) Barrio CinaCina,01555ARF,Isolant SI,93,9.3,1860,93,15554.25,18820.64,0,0,0,0,0,0,0,0,0,12023.04,002200006642,N,Factura de Venta
20170816,07005106,Espa SA,Bv. de los Alemanes 3312,01555AR,Meier,150,15,3000,150,30822.75,37295.53,0,5,0,0,0,0,0,0,0,19392,002200006644,N,Factura de Venta
20170816,07005106,Espa SA,Bv. de los Alemanes 3312,01557AR,Meier,150,30,3000,150,45500.25,55055.3,0,5,0,0,0,0,0,0,0,33877.5,002200006644,N,Factura de Venta
20170816,07005106,Espa SA,Bv. de los Alemanes 3312,01550I,Meier,20,0.8,400,20,1459.96,1766.55,0,5,0,0,0,0,0,0,0,820.2,002200006644,N,Factura de Venta
20170816,07005106,Espa SA,Bv. de los Alemanes 3312,01552I,Meier,20,4,800,20,5068.63,6133.04,0,5,0,0,0,0,0,0,0,3805.8,002200006644,N,Factura de Venta
20170816,03003069,Marclima SRL,Capital Rosales 4267,01853B,Levy,15,1.875,375,15,17585.99,21279.05,0,0,0,21,0,0,0,0,0,6433.5,002200006615,N,Factura de Venta
20170816,04004740,Tarlon Juan Pablo,Av. San Martin 1550,06C001CO,Hector Collia,1,0,0,1,0.1,0.12,0,0,0,0,0,0,0,0,0,0,002200006616,S,Factura de Venta
20170816,03005223,Tubo Center SA,Av. Presidente Arturo Illia 6204,01558EC,Levy,15,3,300,15,9801.02,11859.23,0,0,0,21,0,0,0,0,0,5995.65,002200006617,N,Factura de Venta
20170816,07002180,Ferrocons SA,Av. Juan B. Justo 4000,01764C,Meier,4,0.26388,0,4,3957.24,4788.26,0,0,0,30,0,0,0,0,0,1015.76,002200006641,N,Factura de Venta
20170816,07002180,Ferrocons SA,Av. Juan B. Justo 4000,01765C,Meier,5,0.29405,0,5,4378.71,5298.24,0,0,0,30,0,0,0,0,0,1057.7,002200006641,N,Factura de Venta
20170816,07002180,Ferrocons SA,Av. Juan B. Justo 4000,01765A,Meier,25,1.1625,0,25,9542.23,11546.09,0,0,0,30,0,0,0,0,0,1627,002200006641,N,Factura de Venta
20170816,09002438,Suc De Gustavo Lagerheim SA,Ruta Nacional 11 Km.1005,01568CB,Victor Casañas,10,2,200,10,10838.93,13115.1,0,3,0,32.5,12,0,0,0,0,5013.8,002200006632,N,Factura de Venta
20170816,03005223,Tubo Center SA,Av. Jose E.Uriburu 930 (ex Ruta 8) Pilar,01558EC,Levy,15,3,300,15,9801.02,11859.23,0,0,0,21,0,0,0,0,0,5995.65,002200006633,N,Factura de Venta
20170816,01003705,Rosenblatt Daniel y Rosenblatt Carlos S.H.,Av. Forest 540,01603B,Hector Collia,30,1.5,750,30,6245.82,7557.44,0,0,0,30,0,0,0,0,0,2541,002200006634,N,Factura de Venta
20170816,11005927,Viola Julian Andres,Entre Rios,01557AR,Disapla,20,4,400,20,8866.01,10727.87,0,0,0,21,0,0,0,0,0,4517,002200006635,N,Factura de Venta
20170816,31001395,Climatec SRL,Santa Fe 345,01853A,Norberto Oppezzo,15,1.875,375,15,13131.58,15889.21,0,0,0,21,0,0,0,0,0,2760.15,002200006636,N,Factura de Venta
20170816,31001395,Climatec SRL,Santa Fe 345,01851A,Norberto Oppezzo,4,1,100,4,3523.65,4263.62,0,0,0,21,0,0,0,0,0,1327.92,002200006636,N,Factura de Venta
20170816,18005912,Materser SRL,Maestro Espinoza S/N /Ex Bodega La Falda),01550I,Norberto Oppezzo,60,2.4,1200,60,4266.11,5161.99,0,0,10,32.5,12,0,0,0,0,2460.6,002200006652,N,Factura de Venta
20170816,18005912,Materser SRL,Maestro Espinoza S/N /Ex Bodega La Falda),01551I,Norberto Oppezzo,20,2,400,20,2745.71,3322.3,0,0,10,32.5,12,0,0,0,0,1555.2,002200006652,N,Factura de Venta
20170816,03003751,Indupoles Argentina SA,Parque Ind. Campana - Km70 de Panamericana - Lote 12,01500AIN,Isolant SI,21500,10.75,21500,21500,33970,41103.7,0,0,0,0,0,0,0,0,0,25585,002200006621,N,Factura de Venta
20170816,21005576,Alessi Martin Esteban SRL en formacion,Salta 732 Norte,01852AA,Leandro Diaz,1,0.5,25,1,2037.08,2464.86,0,0,0,21,0,0,0,0,0,703.67,002200006626,S,Factura de Venta
20170816,03000023,Industrias Saladillo SA,IS.SA. Planta Pilar,01779BA,Isolant SI,5,0.16165,0,5,1508.55,1825.35,0,0,0,0,0,0,0,0,0,819.05,002200006627,N,Factura de Venta
20170816,09002438,Suc De Gustavo Lagerheim SA,Ruta Nacional 11 Km.1005,01558EC,Victor Casañas,5,1,100,5,2382.76,2883.14,0,3,0,32.5,12,0,0,0,0,1998.55,002200006632,N,Factura de Venta
20170816,18005912,Materser SRL,Maestro Espinoza S/N /Ex Bodega La Falda),01765C,Norberto Oppezzo,10,0.5881,0,10,6880.84,8325.81,0,0,0,32.5,12,0,0,0,0,2115.4,002200006651,N,Factura de Venta
20170816,18005912,Materser SRL,Maestro Espinoza S/N /Ex Bodega La Falda),01765A,Norberto Oppezzo,5,0.2325,0,5,1499.49,1814.39,0,0,0,32.5,12,0,0,0,0,325.4,002200006651,N,Factura de Venta
20170816,18005912,Materser SRL,Maestro Espinoza S/N /Ex Bodega La Falda),01558EC,Norberto Oppezzo,25,5,500,25,10732.09,12985.83,0,0,10,32.5,12,0,0,0,0,9992.75,002200006652,N,Factura de Venta
20170816,18005912,Materser SRL,Maestro Espinoza S/N /Ex Bodega La Falda),01555ED,Norberto Oppezzo,25,2.5,500,25,8272.93,10010.25,0,0,10,32.5,12,0,0,0,0,7429.5,002200006652,N,Factura de Venta
20170816,18005912,Materser SRL,Maestro Espinoza S/N /Ex Bodega La Falda),01557AR,Norberto Oppezzo,100,20,2000,100,29125.01,35241.26,0,0,10,32.5,12,0,0,0,0,22585,002200006652,N,Factura de Venta
20170816,18005912,Materser SRL,Maestro Espinoza S/N /Ex Bodega La Falda),01555AR,Norberto Oppezzo,100,10,2000,100,18935.53,22911.99,0,0,10,32.5,12,0,0,0,0,12928,002200006652,N,Factura de Venta
20170816,22003435,Sidermet San Luis SA,Ruta 3 Km 1 Extremo Sur,01557A,Leandro Diaz,10,2,200,10,6242.83,7553.82,0,0,0,21,12,0,0,0,0,2563.4,002200006650,N,Factura de Venta
20170816,22003435,Sidermet San Luis SA,Ruta 3 Km 1 Extremo Sur,01557A,Leandro Diaz,75,15,1500,75,49162.28,59486.36,0,0,0,21,12,0,0,0,0,19225.5,002200006650,N,Factura de Venta
20170816,18005912,Materser SRL,Maestro Espinoza S/N /Ex Bodega La Falda),01555A,Norberto Oppezzo,25,2.5,500,25,8732.39,10566.2,0,0,0,32.5,12,0,0,0,0,3984.25,002200006651,N,Factura de Venta
20170816,18005912,Materser SRL,Maestro Espinoza S/N /Ex Bodega La Falda),01557A,Norberto Oppezzo,25,5,500,25,13335.15,16135.53,0,0,0,32.5,12,0,0,0,0,6408.5,002200006651,N,Factura de Venta
20170816,18005912,Materser SRL,Maestro Espinoza S/N /Ex Bodega La Falda),01750A,Norberto Oppezzo,5,0,0,5,2483.9,3005.52,0,0,0,32.5,12,0,0,0,0,956.75,002200006651,N,Factura de Venta
20170816,18005912,Materser SRL,Maestro Espinoza S/N /Ex Bodega La Falda),01764C,Norberto Oppezzo,9,0.59373,0,9,6995.83,8464.95,0,0,0,32.5,12,0,0,0,0,2285.46,002200006651,N,Factura de Venta
20170816,03000023,Industrias Saladillo SA,IS.SA. Planta Pilar,01525AHC,Isolant SI,600,6,600,600,9306,11260.26,0,0,0,0,0,0,0,0,0,994.57,002200006648,N,Factura de Venta
20170816,03000023,Industrias Saladillo SA,IS.SA. Planta Pilar,01525AHC,Isolant SI,1780,17.8,1780,1780,27607.8,33405.44,0,0,0,0,0,0,0,0,0,2950.55,002200006640,N,Factura de Venta
20170816,21005576,Alessi Martin Esteban SRL en formacion,Salta 732 Norte,01552IC,Leandro Diaz,200,2,200,10,4055.26,4906.86,0,3,0,21,0,0,0,0,0,833.42,002200006625,S,Factura de Venta
20170816,18005912,Materser SRL,Maestro Espinoza S/N /Ex Bodega La Falda),01555C,Norberto Oppezzo,3,0.3,60,3,0.3,0.36,0,0,0,0,0,0,0,0,0,77.12,002200006651,N,Factura de Venta
20170816,02005684,Quilbur S.A.,Hipolito Irigoyen 14981,01555MA,Ventas Buenos Aires,2,0.3,40,2,0.2,0.24,0,0,0,0,0,0,0,0,0,951.85,002200006646,N,Factura de Venta
20170816,22003435,Sidermet San Luis SA,Ruta 3 Km 1 Extremo Sur,01557C,Leandro Diaz,8,1.6,160,8,0.8,0.97,0,0,0,0,0,0,0,0,0,230.17,002200006650,N,Factura de Venta
20170816,18005912,Materser SRL,Maestro Espinoza S/N /Ex Bodega La Falda),01557C,Norberto Oppezzo,3,0.6,60,3,0.3,0.36,0,0,0,0,0,0,0,0,0,86.31,002200006651,N,Factura de Venta
20170816,07002231,Acerco SA,Av La Voz del Interior y Av. Japon,01557C,Meier,6,1.2,120,6,0.6,0.73,0,0,0,0,0,0,0,0,0,172.62,002200006638,N,Factura de Venta
20170816,02005125,Pablo Nicolas Sesma,A. Rojas 630,01559AA,Hector Collia,500,5,500,25,17677.5,21389.78,0,0,0,25,0,0,0,0,0,719.27,002200006645,S,Factura de Venta
20170816,02005125,Pablo Nicolas Sesma,A. Rojas 630,01557C,Hector Collia,3,0.6,60,3,0.3,0.36,0,0,0,0,0,0,0,0,0,86.31,002200006645,S,Factura de Venta
20170816,04001988,Valentini Eduardo Hector,Bme. Mitre 1460,01557AKC,Hector Collia,1500,10.5,1500,100,36142.5,43732.42,0,0,0,21,0,0,0,0,0,2851.33,002200006618,S,Factura de Venta
20170816,01005909,Sanitarios Campana S.R.L,"Ruta 6 Km 5,5-Campana (Ent. Obra-Exepción)",01558ECC,Hector Collia,1140,11.4,1140,57,24161.06,29234.9,0,0,20,25,12,0,0,0,0,21934.53,002200006622,S,Factura de Venta
20170816,21005576,Alessi Martin Esteban SRL en formacion,Salta 732 Norte,01603AD,Leandro Diaz,625,1.25,625,25,4530.74,5482.2,0,3,0,21,0,0,0,0,0,671.42,002200006625,S,Factura de Venta
20170816,02004723,Garcia Matias Emanuel,Gral. Acha 1229,01654DC,Hector Collia,10,0.2,10,0,1111.53,1344.95,0,0,0,21,0,0,0,0,0,258.4,002200006649,N,Factura de Venta
20170816,01005909,Sanitarios Campana S.R.L,,04C00898,Hector Collia,1,0,0,1,1.93,1.93,0,0,0,0,0,0,0,0,0,,000000011057,,Débito (Ajustes)
20170816,18005912,Materser SRL,Maestro Espinoza S/N /Ex Bodega La Falda),01764A,Norberto Oppezzo,5,0.259182,0,5,1656.64,2004.53,0,0,0,32.5,12,0,0,0,0,363.85,002200006651,N,Factura de Venta
20170816,24002684,Centro De Chapas Rosario SA,,04C00898,Diego Fani,1,0,0,1,0.25,0.25,0,0,0,0,0,0,0,0,0,,000000011054,,Débito (Ajustes)
20170816,04004740,Tarlon Juan Pablo,Av. San Martin 1550,01654D,Hector Collia,100.5,2.01,100.5,0,9898.24,11976.88,0,0,0,30,0,0,0,0,0,2596.92,002200006616,S,Factura de Venta
20170816,30000891,Jose Luis Gonzalez SA,,04C00898,Esteban Bergamaschi,1,0,0,1,1.83,1.83,0,0,0,0,0,0,0,0,0,,000000011056,,Débito (Ajustes)
20170816,07002155,Blussand Roberto Enrique,,01508DB,Meier,400,0.8,400,0,2861.6,3462.54,0,0,0,30,0,0,0,0,0,1200,001400000772,S,Factura de Venta
20170816,03000023,Industrias Saladillo SA,IS.SA. Planta Pilar,01776BB,Isolant SI,40,2.9405376,0,40,20383.6,24664.16,0,0,0,0,0,0,0,0,0,12845.2,002200006629,N,Factura de Venta
20170816,03000023,Industrias Saladillo SA,IS.SA. Planta Pilar,01776BB,Isolant SI,40,2.9405376,0,40,19412.8,23489.49,0,0,0,0,0,0,0,0,0,12845.2,002200006630,N,Factura de Venta
20170816,03000023,Industrias Saladillo SA,IS.SA. Planta Pilar,01776B,Isolant SI,18,0.5089392,0,18,2239.92,2710.3,0,0,0,0,0,0,0,0,0,929.16,002200006631,N,Factura de Venta
20170816,31001533,Maderera La De Gajos SA,,04C00898,Natali Plasticos (Vta Directa),1,0,0,1,0.03,0.03,0,0,0,0,0,0,0,0,0,,000000011055,,Débito (Ajustes)
20170816,28002335,TUBACERO S.A.,,04C00624,Fernando Palmas,1,0,0,1,13754.68,13754.68,0,0,0,0,0,0,0,0,0,,000000000945,,Dif. Cambio (+)
20170816,24002397,Trobbiani Daniel Ramon,,04C00898,Diego Fani,1,0,0,1,0.47,0.47,0,0,0,0,0,0,0,0,0,,000000011053,,Débito (Ajustes)

