﻿FechaTxt,Codigo_Cliente,Cliente,EntDir,Codigo_Articulo,Vendedor,cantidad,Mts3,Mts2,Rollos,Importe_Bruto,Importe_Neto,Dto_Contado,Dto_Flete,Dto_Especial,Bonificacion,Desc_Adicional,cantidad_elaborada,m2_ocupados,costo_unitario,costo_total_stock,Costo_de_venta,comp,C_Construccion,nomdoc
20170714,03002148,Policemento SRL,Calle Rutherford 4709,01900A,Esteban Bergamaschi,15,1.131,0,15,47561.45,57549.35,0,0,0,10,0,0,0,0,0,9135.55,002200005998,N,Factura de Venta
20170714,04005650,Gafa Mora SA,Ruta Panamericana KM40,06C001CO,Esteban Bergamaschi,1,0,0,1,0.1,0.12,0,0,0,0,0,0,0,0,0,0,002200005999,S,Factura de Venta
20170714,04002052,Disapla SA (Cipo),Estado de Israel 85,01763C,Isolant SA,3,0.18096,0,3,2351.79,2845.67,0,0,0,32.5,0,0,0,0,0,1240.18,002200006003,N,Factura de Venta
20170714,04002052,Disapla SA (Cipo),Estado de Israel 85,01764C,Isolant SA,4,0.26388,0,4,3533.25,4275.23,0,0,0,32.5,0,0,0,0,0,1251.84,002200006003,N,Factura de Venta
20170714,04002052,Disapla SA (Cipo),Estado de Israel 85,01765C,Isolant SA,2,0.11762,0,2,1563.83,1892.23,0,0,0,32.5,0,0,0,0,0,398.03,002200006003,N,Factura de Venta
20170714,10000557,Gonzalez Orono Juan Carlos,Teniente Lavalle 305,01765C,Norberto Oppezzo,10,0.5881,0,10,9151.28,11073.05,0,0,0,21,0,0,0,0,0,1990.17,002200006004,N,Factura de Venta
20170714,30005231,Britos Delia Cristina,Regimiento 3 de caballeria 667,01854A,Hector Collia,10,2.5,250,10,11956.49,14467.36,0,0,0,21,0,0,0,0,0,3820.32,002200005995,N,Factura de Venta
20170714,20001733,Binda Victorio Ricardo,Belgrano 242,01851A,Pedro Cocaña,42,10.5,1050,42,28778.38,34821.83,0,3,0,21,15,0,0,0,0,9117.01,002200006008,N,Factura de Venta
20170714,20003188,Emprendimiento Metalurgico Industrial SRL,ROCA - Av. Roca 324,01557AR,Pedro Cocaña,80,16,1600,80,20486.4,24788.54,0,3,0,0,0,0,0,0,0,4781.4,002200006009,N,Factura de Venta
20170714,27001542,Rosso Hnos. de Alvaro S. Rosso y Raul E. Rosso,Suc.05 - 25 DE MAYO 69,01557A,Pedro Cocaña,8,1.6,160,8,4599.15,5564.97,0,3,0,25,12,0,0,0,0,579.63,002200006010,N,Factura de Venta
20170714,26002394,Casa Fuegia Sociedad de Responsabilidad Limitada,San Martin 1240,01603AC,Norberto Oppezzo,24,1.2,600,24,6297.36,6297.36,0,0,0,0,0,0,0,0,0,1664.85,002500000027,,Factura Exterior
20170714,26002394,Casa Fuegia Sociedad de Responsabilidad Limitada,San Martin 1240,01603B,Norberto Oppezzo,60,3,1500,60,11896.8,11896.8,0,0,0,0,0,0,0,0,0,4161.24,002500000027,,Factura Exterior
20170714,26002394,Casa Fuegia Sociedad de Responsabilidad Limitada,San Martin 1240,01765C,Norberto Oppezzo,1,0.05881,0,1,868.79,868.79,0,0,0,0,0,0,0,0,0,199.02,002500000027,,Factura Exterior
20170714,26002394,Casa Fuegia Sociedad de Responsabilidad Limitada,San Martin 1240,01766C,Norberto Oppezzo,3,0.14928,0,3,2106.03,2106.03,0,0,0,0,0,0,0,0,0,676.7,002500000027,,Factura Exterior
20170714,07003238,Cooperativa de Provision de Servicios para Comerciantes,Calle nº122 Esquina nº13-Gral Pico,01960DA,Meier,3,0,0,3,7517.05,9095.63,0,0,5,25,0,0,0,0,0,2484.6,002200005993,N,Factura de Venta
20170714,07003238,Cooperativa de Provision de Servicios para Comerciantes,Calle nº122 Esquina nº13-Gral Pico,01557AK,Meier,50,5.25,750,50,11645.1,14090.57,0,0,5,25,20,0,0,0,0,1560.66,002200005994,N,Factura de Venta
20170714,19002241,Carlos Isla y Cia. SA,Suc. Neuquen: Teodoro Plan 5055,01554BC,Latyn-Valle y Cordillera,20,2,400,20,13313.2,16108.97,0,0,0,0,0,0,0,0,0,5887.91,002200006007,N,Factura de Venta
20170714,29002369,Cambiasso Pedro Raul,Av. Mitre 315,01555A,Hector Collia,2,0.2,40,2,929.1,1124.21,0,0,0,21,0,0,0,0,0,89.67,002200005996,N,Factura de Venta
20170714,29002369,Cambiasso Pedro Raul,Av. Mitre 315,01557A,Hector Collia,2,0.4,40,2,1418.82,1716.78,0,0,0,21,0,0,0,0,0,144.91,002200005996,N,Factura de Venta
20170714,29002369,Cambiasso Pedro Raul,Av. Mitre 315,01524GC,Hector Collia,75,0.75,75,0,2386,2887.06,0,0,0,21,0,0,0,0,0,597.93,002200005996,N,Factura de Venta
20170714,29002369,Cambiasso Pedro Raul,Av. Mitre 315,01750A,Hector Collia,1,0,0,1,660.7,799.45,0,0,0,21,0,0,0,0,0,0,002200005996,N,Factura de Venta
20170714,26002394,Casa Fuegia Sociedad de Responsabilidad Limitada,San Martin 1240,01557A,Norberto Oppezzo,3,0.6,60,3,2020.47,2020.47,0,0,0,0,0,0,0,0,0,217.36,002500000027,,Factura Exterior
20170714,04002052,Disapla SA (Cipo),Estado de Israel 85,01555AK,Isolant SA,70,3.15,1050,70,11045.73,13365.33,0,0,0,32.5,12,0,0,0,0,8446.16,002200006002,N,Factura de Venta
20170714,23004427,El Fuerte SA,Corrientes Nº 287,01765A,Norberto Oppezzo,2,0.093,0,2,706.83,855.27,0,0,0,30,0,0,0,0,0,104.47,002200006005,N,Factura de Venta
20170714,23004427,El Fuerte SA,Corrientes Nº 287,01765C,Norberto Oppezzo,2,0.11762,0,2,1621.75,1962.31,0,0,0,30,0,0,0,0,0,398.03,002200006005,N,Factura de Venta
20170714,20003188,Emprendimiento Metalurgico Industrial SRL,LOS VALLISTOS - Ruta 9 Km 128 - Acc Norte,01557A,Pedro Cocaña,90,18,1800,90,46204.17,55907.04,0,3,10.7,25,12,0,0,0,0,6520.81,002200006006,N,Factura de Venta
20170714,19002241,Carlos Isla y Cia. SA,Suc. Neuquen: Teodoro Plan 5055,01557AR,Latyn-Valle y Cordillera,100,20,2000,100,30500,36905,0,0,0,0,0,0,0,0,0,5976.75,002200006007,N,Factura de Venta
20170714,19002241,Carlos Isla y Cia. SA,Suc. Neuquen: Teodoro Plan 5055,01557A,Latyn-Valle y Cordillera,125,25,2500,125,65012.5,78665.13,0,0,0,0,0,0,0,0,0,9056.68,002200006007,N,Factura de Venta
20170714,04002052,Disapla SA (Cipo),Estado de Israel 85,06C001CO,Isolant SA,1,0,0,1,0.1,0.12,0,0,0,0,0,0,0,0,0,0,002200006002,N,Factura de Venta
20170714,04002052,Disapla SA (Cipo),Estado de Israel 85,06C001PI,Isolant SA,1,0,0,1,0.1,0.12,0,0,0,0,0,0,0,0,0,0,002200006002,N,Factura de Venta
20170714,04002052,Disapla SA (Cipo),Estado de Israel 85,01769D,Isolant SA,2,0.08294,0,2,1101.52,1332.84,0,0,0,32.5,0,0,0,0,0,604.18,002200006002,N,Factura de Venta
20170714,04002052,Disapla SA (Cipo),Estado de Israel 85,01767C,Isolant SA,2,0.10632,0,2,1331.01,1610.52,0,0,0,32.5,0,0,0,0,0,460.3,002200006002,N,Factura de Venta
20170714,04002052,Disapla SA (Cipo),Estado de Israel 85,01552A,Isolant SA,20,4,400,20,10347,12519.88,0,0,0,32.5,12,0,0,0,0,2452.31,002200006002,N,Factura de Venta
20170714,04002052,Disapla SA (Cipo),Estado de Israel 85,01551A,Isolant SA,20,2,400,20,6192.45,7492.86,0,0,0,32.5,12,0,0,0,0,2861.42,002200006002,N,Factura de Venta
20170714,10000557,Gonzalez Orono Juan Carlos,Teniente Lavalle 305,01767C,Norberto Oppezzo,6,0.31896,0,6,4673.31,5654.7,0,0,0,21,0,0,0,0,0,1380.9,002200006004,N,Factura de Venta
20170714,10000557,Gonzalez Orono Juan Carlos,Teniente Lavalle 305,01768C,Norberto Oppezzo,1,0.05655,0,1,829.82,1004.09,0,0,0,21,0,0,0,0,0,99.92,002200006004,N,Factura de Venta
20170714,10000557,Gonzalez Orono Juan Carlos,Teniente Lavalle 305,01771C,Norberto Oppezzo,1,0.0475,0,1,672.33,813.52,0,0,0,21,0,0,0,0,0,249.93,002200006004,N,Factura de Venta
20170714,27003853,Arroyo Jose Cayetano,Marcelo T. de Alvear 676,06C001CO,Pedro Cocaña,1,0,0,1,0.1,0.12,0,3,0,0,0,0,0,0,0,0,002200006011,S,Factura de Venta
20170714,20003188,Emprendimiento Metalurgico Industrial SRL,LOS VALLISTOS - Ruta 9 Km 128 - Acc Norte,01555A,Pedro Cocaña,45,4.5,900,45,15128.17,18305.09,0,3,10.7,25,12,0,0,0,0,2017.49,002200006012,N,Factura de Venta
20170714,04000007,Disapla S.A.,Mercedes 2867,01765C,Isolant SA,3,0.17643,0,3,2345.74,2838.35,0,0,0,32.5,0,0,0,0,0,597.05,002200006000,N,Factura de Venta
20170714,04005650,Gafa Mora SA,Ruta Panamericana KM40,01555AKC,Esteban Bergamaschi,450,13.5,450,30,6292.36,7613.74,0,0,0,21,0,0,0,0,0,3619.78,002200005999,S,Factura de Venta
20170714,27003853,Arroyo Jose Cayetano,Marcelo T. de Alvear 676,01555ARC,Pedro Cocaña,500,2.5,500,25,6789.42,8215.2,0,3,0,21,0,0,0,0,0,1229.93,002200006011,S,Factura de Venta
20170714,16005773,Metales Dibo SA,Maza Norte 3536,01558ECC,Leandro Diaz,3100,31,3100,155,65100,78771,0,0,0,0,0,0,0,0,0,58470.53,002200006013,S,Factura de Venta
20170714,24002195,Prado Hector Roque,Prbo. Daniel Segundo 931,01558ESC,Diego Fani,800,8,800,40,16051.2,19421.96,0,0,0,25,12,0,0,0,0,3879.45,002200005997,S,Factura de Venta
20170714,05003080,Dominguez Martha Ofelia,Iturraspe 695,01654ONC,Levy,7,0.098,7,0.583333333333333,3517.08,4255.66,0,0,0,21,0,0,0,0,0,195.73,002200006001,S,Factura de Venta
20170714,05003080,Dominguez Martha Ofelia,Iturraspe 695,01655ONC,Levy,3,0.042,3,0.25,1791.72,2167.98,0,0,0,21,0,0,0,0,0,102.6,002200006001,S,Factura de Venta
20170714,04002052,Disapla SA (Cipo),Estado de Israel 85,01790A,Isolant SA,3,0.11875248,0,3,1702.9,2060.51,0,0,0,32.5,0,0,0,0,0,71.86,002200006003,N,Factura de Venta
20170714,10000557,Gonzalez Orono Juan Carlos,Teniente Lavalle 305,01790A,Norberto Oppezzo,2,0.07916832,0,2,1328.69,1607.71,0,0,0,21,0,0,0,0,0,47.91,002200006004,N,Factura de Venta
20170714,03004075,Comercial CMP SA,,04C00898,Hector Collia,1,0,0,1,0.08,0.08,0,0,0,0,0,0,0,0,0,,000000010967,,Débito (Ajustes)
20170714,03004075,Comercial CMP SA,,04ANTICIPOS,Hector Collia,1,0,0,1,324347.26,392460.18,0,0,0,0,0,0,0,0,0,,001400000751,S,Factura de Venta
20170714,07003556,Ran Co Materiales SA,,01IN,Meier,-1,0,0,-1,-990.79,-1198.85,0,0,0,0,0,0,0,0,0,,001300000226,N,Crédito de Venta
20170714,23004427,El Fuerte SA,Corrientes Nº 287,01763A,Norberto Oppezzo,3,0.141372,0,3,1066.17,1290.07,0,0,0,30,0,0,0,0,0,116.5,002200006005,N,Factura de Venta
20170714,20004067,Hierronort Salta SRL,,01IN,Pedro Cocaña,-1,0,0,-1,-731.63,-885.27,0,0,0,0,0,0,0,0,0,,001300000228,,Crédito de Venta
20170714,24002752,Rusma SRL,,01IN,Diego Fani,-1,0,0,-1,-1507.45,-1824.02,0,0,0,0,0,0,0,0,0,,001300000230,N,Crédito de Venta
20170714,31002153,Pagnacco Hnos SC,,01IN,Ventas Buenos Aires,-1,0,0,-1,-249.03,-301.33,0,0,0,0,0,0,0,0,0,,001300000227,,Crédito de Venta
20170714,20004067,Hierronort Salta SRL,,01IN,Pedro Cocaña,-1,0,0,-1,-1906.57,-2306.95,0,0,0,0,0,0,0,0,0,,001300000229,N,Crédito de Venta
20170714,01002811,Gonzalez Dario R Iglesias Nelida C SH,,04C00898,Levy,1,0,0,1,0.11,0.11,0,0,0,0,0,0,0,0,0,,000000010968,,Débito (Ajustes)

