﻿FechaTxt,Codigo_Cliente,Cliente,EntDir,Codigo_Articulo,Vendedor,cantidad,Mts3,Mts2,Rollos,Importe_Bruto,Importe_Neto,Dto_Contado,Dto_Flete,Dto_Especial,Bonificacion,Desc_Adicional,cantidad_elaborada,m2_ocupados,costo_unitario,costo_total_stock,Costo_de_venta,comp,C_Construccion,nomdoc
20170922,30004285,A P Argentina SA,INDUPOLES - Parque Ind. Campana - Km70 de Panamericana - Lote 12,01511BE,Fernando Palmas,525,1.575,525,0,5407.5,6543.07,0,0,0,0,0,0,0,0,0,3586.48,002200007414,N,Factura de Venta
20170922,30004285,A P Argentina SA,INDUPOLES - Parque Ind. Campana - Km70 de Panamericana - Lote 12,01510CC,Fernando Palmas,975,2.925,975,975,5557.5,6724.57,0,0,0,0,0,0,0,0,0,3588,002200007414,N,Factura de Venta
20170922,30004285,A P Argentina SA,INDUPOLES - Parque Ind. Campana - Km70 de Panamericana - Lote 12,01515BE,Fernando Palmas,5625,28.125,5625,0,64406.25,77931.56,0,0,0,0,0,0,0,0,0,50118.75,002200007414,N,Factura de Venta
20170922,30004285,A P Argentina SA,INDUPOLES - Parque Ind. Campana - Km70 de Panamericana - Lote 12,01515BG,Fernando Palmas,1000,5,1000,0,11450,13854.5,0,0,0,0,0,0,0,0,0,7480,002200007414,N,Factura de Venta
20170922,30004285,A P Argentina SA,INDUPOLES - Parque Ind. Campana - Km70 de Panamericana - Lote 12,01511BE,Fernando Palmas,450,1.35,450,0,4635,5608.35,0,0,0,0,0,0,0,0,0,3074.13,002200007414,N,Factura de Venta
20170922,30004285,A P Argentina SA,INDUPOLES - Parque Ind. Campana - Km70 de Panamericana - Lote 12,01510CC,Fernando Palmas,900,2.7,900,900,5130,6207.3,0,0,0,0,0,0,0,0,0,3312,002200007414,N,Factura de Venta
20170922,25005937,Barraza Walter Mauricio,Ruta 34 y Calle 1001,01555AR,Pedro Cocaña,30,3,600,30,8051.59,9742.43,0,3,0,21,4,0,0,0,0,3884.1,002200007443,N,Factura de Venta
20170922,25005937,Barraza Walter Mauricio,Ruta 34 y Calle 1001,01557AR,Pedro Cocaña,10,2,200,10,4128.02,4994.9,0,3,0,21,4,0,0,0,0,2246.6,002200007443,N,Factura de Venta
20170922,25005937,Barraza Walter Mauricio,Ruta 34 y Calle 1001,01558EC,Pedro Cocaña,10,2,200,10,6084.47,7362.21,0,3,0,21,4,0,0,0,0,3971,002200007443,N,Factura de Venta
20170922,29000465,Constanzo Oscar Raul,Italia 486,01555A,Disapla,25,2.5,500,25,12194.44,14755.27,0,0,0,21,0,0,0,0,0,3967.75,002200007438,N,Factura de Venta
20170922,29000465,Constanzo Oscar Raul,Italia 486,01555M,Disapla,20,3,400,20,23314.01,28209.95,0,0,0,21,0,0,0,0,0,10891.6,002200007438,N,Factura de Venta
20170922,29000465,Constanzo Oscar Raul,Italia 486,01960DA,Disapla,3,0,0,3,8834.79,10690.1,0,0,0,21,0,0,0,0,0,3255,002200007438,N,Factura de Venta
20170922,05001164,Sika Argentina SAIC,Juan B. Alberdi 5250,01901A,Fernando Palmas,25,1.9635,0,25,30213.75,36558.64,0,0,0,0,0,0,0,0,0,23346.25,002200007442,N,Factura de Venta
20170922,27003652,Morales Pedro Manuel,Bernardo Houssay 2597,01960DC,Pedro Cocaña,2,0,0,2,2940.56,3558.08,0,3,0,21,0,0,0,0,0,2170,002200007445,S,Factura de Venta
20170922,27003652,Morales Pedro Manuel,Bernardo Houssay 2597,06C001CO,Pedro Cocaña,1,0,0,1,0.1,0.12,0,3,0,0,0,0,0,0,0,0,002200007445,S,Factura de Venta
20170922,04005876,Fuentes Poma Carola Alejandra,Marcelo T. de Alvear 2850,01772AC,Fernando Palmas,10,1.8944,0,10,8337.36,10088.2,0,0,0,60,0,0,0,0,0,3074.7,002200007440,S,Factura de Venta
20170922,04005876,Fuentes Poma Carola Alejandra,Marcelo T. de Alvear 2850,01772AD,Fernando Palmas,10,1.8944,0,10,8337.36,10088.2,0,0,0,60,0,0,0,0,0,3074.7,002200007440,S,Factura de Venta
20170922,04005688,Longarte Gabriel Martin,Garay 2551,01558ES,Fernando Palmas,6,1.2,120,6,2688.25,3252.79,0,0,0,21,12,0,0,0,0,1503,002200007441,N,Factura de Venta
20170922,30003904,Malelu SRL,Av. Tucuman 2692,06C001CO,Ventas Buenos Aires,1,0,0,1,0.1,0.12,0,0,0,0,0,0,0,0,0,0,002200007437,N,Factura de Venta
20170922,30003904,Malelu SRL,Av. Tucuman 2692,01558BC,Ventas Buenos Aires,30,6,600,30,35047.32,42407.26,0,0,0,21,0,0,0,0,0,16528.8,002200007437,N,Factura de Venta
20170922,29000465,Constanzo Oscar Raul,Italia 486,06C001CO,Disapla,1,0,0,1,0.1,0.12,0,0,0,0,0,0,0,0,0,0,002200007438,N,Factura de Venta
20170922,16002012,Zapata Goma Sociedad Anonima,San Martin 1300,01854A,Leandro Diaz,1,0.25,25,1,1123,1358.83,0,0,0,30,0,0,0,0,0,402.65,002200007429,N,Factura de Venta
20170922,16002012,Zapata Goma Sociedad Anonima,San Martin 1300,01524GC,Leandro Diaz,75,0.75,75,0,1921.05,2324.47,0,0,0,40,0,0,0,0,0,765.75,002200007429,N,Factura de Venta
20170922,24005870,Orlandi Industrial y Comercial SA,Ovideo Lagos 3992,06C001CO,Diego Fani,1,0,0,1,0.09,0.11,0,0,10,0,0,0,0,0,0,0,002200007436,N,Factura de Venta
20170922,24005870,Orlandi Industrial y Comercial SA,Ovideo Lagos 3992,01558EC,Diego Fani,100,20,2000,100,49129.15,59446.27,0,0,10,25,12,0,0,0,0,39710,002200007436,N,Factura de Venta
20170922,04005876,Fuentes Poma Carola Alejandra,Marcelo T. de Alvear 2850,01772AB,Fernando Palmas,10,1.8944,0,10,8337.36,10088.2,0,0,0,60,0,0,0,0,0,3074.7,002200007440,S,Factura de Venta
20170922,04005876,Fuentes Poma Carola Alejandra,Marcelo T. de Alvear 2850,01772A,Fernando Palmas,10,1.8944,0,10,8337.36,10088.2,0,0,0,60,0,0,0,0,0,3074.7,002200007440,S,Factura de Venta
20170922,24002752,Rusma SRL,Av. Eva Perón 8730,06C001CS,Diego Fani,1,0,0,1,0.1,0.12,0,0,0,0,0,0,0,0,0,0,002200007432,S,Factura de Venta
20170922,24005934,La Elena Sociedad Anonima,"Av, Pte. Peron 7299",01558EC,Diego Fani,50,10,1000,50,27293.97,33025.7,0,0,0,25,12,0,0,0,0,19855,002200007433,N,Factura de Venta
20170922,24003124,Aserradero Soldini SA,Estanislao Lopez 107,01960F,Diego Fani,8,0,0,8,16469.58,19928.2,0,0,0,25,12,0,0,0,0,8500.8,002200007434,S,Factura de Venta
20170922,16002012,Zapata Goma Sociedad Anonima,San Martin 1300,01766A,Leandro Diaz,2,0.07916,0,2,651.74,788.61,0,0,0,30,0,0,0,0,0,94.26,002200007429,N,Factura de Venta
20170922,16002012,Zapata Goma Sociedad Anonima,San Martin 1300,01772AC,Leandro Diaz,1,0.18944,0,1,1575.76,1906.67,0,0,0,30,0,0,0,0,0,307.47,002200007429,N,Factura de Venta
20170922,16002012,Zapata Goma Sociedad Anonima,San Martin 1300,01666ACP,Leandro Diaz,20,1,20,0,4695.04,5681,0,0,0,30,0,0,0,0,0,1079.6,002200007429,N,Factura de Venta
20170922,07002055,Lp Maderas SRL,Av. Circunvalacion Km 6,01555A,Meier,10,1,200,10,4877.78,5902.11,0,0,0,21,0,0,0,0,0,1587.1,002200007430,N,Factura de Venta
20170922,07003238,Cooperativa de Provision de Servicios para Comerciantes,Av. Pellegrini 5366,01555A,Meier,50,5,1000,50,17421.07,21079.49,0,0,14.5,25,12,0,0,0,0,7935.5,002200007425,N,Factura de Venta
20170922,07003238,Cooperativa de Provision de Servicios para Comerciantes,Av. Pellegrini 5366,06C001CO,Meier,1,0,0,1,0.09,0.1,0,0,14.5,0,0,0,0,0,0,0,002200007425,N,Factura de Venta
20170922,07003238,Cooperativa de Provision de Servicios para Comerciantes,Av. Pellegrini 5366,01558AL,Meier,30,6,1200,30,21912.05,26513.58,0,0,14.5,25,12,0,0,0,0,9680.7,002200007426,N,Factura de Venta
20170922,07003238,Cooperativa de Provision de Servicios para Comerciantes,Av. Pellegrini 5366,01750A,Meier,6,0,0,6,3040.81,3679.38,0,0,14.5,25,10,0,0,0,0,1125.6,002200007426,N,Factura de Venta
20170922,24002752,Rusma SRL,Av. Eva Perón 8730,01960DA,Diego Fani,4,0,0,4,10837.34,13113.18,0,0,0,21,8,0,0,0,0,4340,002200007431,S,Factura de Venta
20170922,01004065,Balbin 3001 SRL,"Km 52, J.E. Uriburu 1232 (Ex Ruta 8)",01554BC,Levy,2,0.2,40,2,1732.44,2096.25,0,3,0,21,0,0,0,0,0,789.16,002200007415,N,Factura de Venta
20170922,01004065,Balbin 3001 SRL,"Km 52, J.E. Uriburu 1232 (Ex Ruta 8)",01558BC,Levy,2,0.4,40,2,2266.39,2742.34,0,3,0,21,0,0,0,0,0,1101.92,002200007415,N,Factura de Venta
20170922,03000357,Laboratorios Valmax SA,Sub Perdomo 1619,01507VB,Isolant SI,720,1.08,720,0,3996,4835.16,0,0,0,0,0,0,0,0,0,2239.2,002200007427,N,Factura de Venta
20170922,03000357,Laboratorios Valmax SA,Sub Perdomo 1619,01507VB,Isolant SI,7800,11.7,7800,0,43290,52380.9,0,0,0,0,0,0,0,0,0,24258,002200007427,N,Factura de Venta
20170922,01003118,Caputo Marcelo Claudio,Acevedo 65,01658ACP,Luis Ramirez,30,0.9,30,0,3696.48,4472.74,0,0,0,40,0,0,0,0,0,1082.7,002200007428,S,Factura de Venta
20170922,01003118,Caputo Marcelo Claudio,Acevedo 65,01650AC,Luis Ramirez,50,0.5,50,0,2277.6,2755.9,0,0,0,40,0,0,0,0,0,730,002200007428,S,Factura de Venta
20170922,07003238,Cooperativa de Provision de Servicios para Comerciantes,Av. Pellegrini 5366,01557A,Meier,25,5,500,25,13301.82,16095.2,0,0,14.5,25,12,0,0,0,0,6479,002200007423,N,Factura de Venta
20170922,07003238,Cooperativa de Provision de Servicios para Comerciantes,Av. Pellegrini 5366,06C001CO,Meier,1,0,0,1,0.09,0.1,0,0,14.5,0,0,0,0,0,0,0,002200007423,N,Factura de Venta
20170922,07003238,Cooperativa de Provision de Servicios para Comerciantes,Av. Pellegrini 5366,01555A,Meier,25,2.5,500,25,8710.53,10539.75,0,0,14.5,25,12,0,0,0,0,3967.75,002200007424,N,Factura de Venta
20170922,07003238,Cooperativa de Provision de Servicios para Comerciantes,Av. Pellegrini 5366,01750A,Meier,6,0,0,6,3040.81,3679.38,0,0,14.5,25,10,0,0,0,0,1125.6,002200007424,N,Factura de Venta
20170922,07003238,Cooperativa de Provision de Servicios para Comerciantes,Av. Pellegrini 5366,01557A,Meier,25,5,500,25,13301.82,16095.2,0,0,14.5,25,12,0,0,0,0,6479,002200007424,N,Factura de Venta
20170922,07003238,Cooperativa de Provision de Servicios para Comerciantes,Av. Pellegrini 5366,06C001CO,Meier,1,0,0,1,0.09,0.1,0,0,14.5,0,0,0,0,0,0,0,002200007424,N,Factura de Venta
20170922,07003238,Cooperativa de Provision de Servicios para Comerciantes,Av. Pellegrini 5366,01557A,Meier,25,5,500,25,13301.82,16095.2,0,0,14.5,25,12,0,0,0,0,6479,002200007421,N,Factura de Venta
20170922,07003238,Cooperativa de Provision de Servicios para Comerciantes,Av. Pellegrini 5366,06C001CO,Meier,1,0,0,1,0.09,0.1,0,0,14.5,0,0,0,0,0,0,0,002200007421,N,Factura de Venta
20170922,07003238,Cooperativa de Provision de Servicios para Comerciantes,Av. Pellegrini 5366,01555A,Meier,25,2.5,500,25,8710.53,10539.75,0,0,14.5,25,12,0,0,0,0,3967.75,002200007422,N,Factura de Venta
20170922,07003238,Cooperativa de Provision de Servicios para Comerciantes,Av. Pellegrini 5366,01557A,Meier,25,5,500,25,13301.82,16095.2,0,0,14.5,25,12,0,0,0,0,6479,002200007422,N,Factura de Venta
20170922,07003238,Cooperativa de Provision de Servicios para Comerciantes,Av. Pellegrini 5366,06C001CO,Meier,1,0,0,1,0.09,0.1,0,0,14.5,0,0,0,0,0,0,0,002200007422,N,Factura de Venta
20170922,07003238,Cooperativa de Provision de Servicios para Comerciantes,Av. Pellegrini 5366,01750A,Meier,2,0,0,2,1013.6,1226.46,0,0,14.5,25,10,0,0,0,0,375.2,002200007423,N,Factura de Venta
20170922,30004285,A P Argentina SA,INDUPOLES - Parque Ind. Campana - Km70 de Panamericana - Lote 12,01515BE,Fernando Palmas,1875,9.375,1875,0,21468.75,25977.19,0,0,0,0,0,0,0,0,0,16706.25,002200007414,N,Factura de Venta
20170922,09002438,Suc De Gustavo Lagerheim SA,Ruta Nacional 11 Km.1005,01557A,Victor Casañas,150,30,3000,150,81491.15,98604.3,0,3,0,32.5,12,0,0,0,0,38874,002200007416,N,Factura de Venta
20170922,09002438,Suc De Gustavo Lagerheim SA,Ruta Nacional 11 Km.1005,01555A,Victor Casañas,80,8,1600,80,28460.53,34437.24,0,3,0,32.5,12,0,0,0,0,12696.8,002200007418,N,Factura de Venta
20170922,09002438,Suc De Gustavo Lagerheim SA,Ruta Nacional 11 Km.1005,01550A,Victor Casañas,20,0.8,400,20,3078.76,3725.3,0,3,0,32.5,12,0,0,0,0,1327.8,002200007417,N,Factura de Venta
20170922,09002438,Suc De Gustavo Lagerheim SA,Ruta Nacional 11 Km.1005,01555M,Victor Casañas,25,3.75,500,25,21254.85,25718.37,0,3,0,32.5,12,0,0,0,0,13614.5,002200007417,N,Factura de Venta
20170922,07003238,Cooperativa de Provision de Servicios para Comerciantes,Av. Pellegrini 5366,01550A,Meier,25,1,500,25,3769.1,4560.61,0,0,14.5,25,12,0,0,0,0,1659.75,002200007421,N,Factura de Venta
20170922,03000023,Industrias Saladillo SA,IS.SA. Planta Pilar,01525AHC,Isolant SI,600,6,600,600,9306,11260.26,0,0,0,0,0,0,0,0,0,899.28,002200007439,N,Factura de Venta
20170922,01003118,Caputo Marcelo Claudio,Acevedo 65,01551IC,Luis Ramirez,400,2,400,20,4177.52,5054.8,0,0,0,21,0,0,0,0,0,1348.27,002200007428,S,Factura de Venta
20170922,09002438,Suc De Gustavo Lagerheim SA,Ruta Nacional 11 Km.1005,01555C,Victor Casañas,2,0.2,40,2,0.19,0.23,0,3,0,0,0,0,0,0,0,47.72,002200007418,N,Factura de Venta
20170922,07003238,Cooperativa de Provision de Servicios para Comerciantes,Av. Pellegrini 5366,01555C,Meier,3,0.3,60,3,0.26,0.31,0,0,14.5,0,0,0,0,0,0,71.57,002200007422,N,Factura de Venta
20170922,07003238,Cooperativa de Provision de Servicios para Comerciantes,Av. Pellegrini 5366,01555C,Meier,3,0.3,60,3,0.26,0.31,0,0,14.5,0,0,0,0,0,0,71.57,002200007424,N,Factura de Venta
20170922,07003238,Cooperativa de Provision de Servicios para Comerciantes,Av. Pellegrini 5366,01555C,Meier,6,0.6,120,6,0.51,0.62,0,0,14.5,0,0,0,0,0,0,143.15,002200007425,N,Factura de Venta
20170922,29000465,Constanzo Oscar Raul,Italia 486,01555C,Disapla,6,0.6,120,6,0.6,0.73,0,0,0,0,0,0,0,0,0,143.15,002200007438,N,Factura de Venta
20170922,27003652,Morales Pedro Manuel,Bernardo Houssay 2597,01555AA,Pedro Cocaña,500,2.5,500,25,10411.88,12598.36,0,3,0,21,12,0,0,0,0,596.45,002200007445,S,Factura de Venta
20170922,27003652,Morales Pedro Manuel,Bernardo Houssay 2597,01555C,Pedro Cocaña,3,0.3,60,3,0.3,0.36,0,3,0,0,0,0,0,0,0,71.57,002200007445,S,Factura de Venta
20170922,01004400,Sider Group SA,Av. Champagnat 1255,01555AA,Ventas Buenos Aires,2000,10,2000,100,42935.56,51952.02,0,0,0,21,12,0,0,0,0,2385.8,002200007447,S,Factura de Venta
20170922,01004400,Sider Group SA,Av. Champagnat 1255,01555C,Ventas Buenos Aires,12,1.2,240,12,1.2,1.46,0,0,0,0,0,0,0,0,0,286.3,002200007447,S,Factura de Venta
20170922,25004564,Lo Bruno Sociedad Anonima,Saenz Peña 1305,01555ARC,Pedro Cocaña,2800,14,2800,140,26185.72,31684.72,0,3,20,25,12,0,0,0,0,3091.06,002200007444,S,Factura de Venta
20170922,27003652,Morales Pedro Manuel,Bernardo Houssay 2597,01555ARC,Pedro Cocaña,1000,5,1000,50,12313.52,14899.36,0,3,0,21,12,0,0,0,0,1103.95,002200007445,S,Factura de Venta
20170922,01004400,Sider Group SA,Av. Champagnat 1255,01555ECC,Ventas Buenos Aires,2000,10,2000,100,29698.94,35935.72,0,0,0,21,12,0,0,0,0,2295.75,002200007447,S,Factura de Venta
20170922,01004400,Sider Group SA,Av. Champagnat 1255,01555EDC,Ventas Buenos Aires,300,1.5,300,15,6644.72,8040.12,0,0,0,21,12,0,0,0,0,4370.35,002200007447,S,Factura de Venta
20170922,09002438,Suc De Gustavo Lagerheim SA,Ruta Nacional 11 Km.1005,01555MA,Victor Casañas,2,0.3,40,2,0.19,0.23,0,3,0,0,0,0,0,0,0,994.68,002200007417,N,Factura de Venta
20170922,29000465,Constanzo Oscar Raul,Italia 486,01555MA,Disapla,2,0.3,40,2,0.2,0.24,0,0,0,0,0,0,0,0,0,994.68,002200007438,N,Factura de Venta
20170922,09002438,Suc De Gustavo Lagerheim SA,Ruta Nacional 11 Km.1005,01557C,Victor Casañas,18,3.6,360,18,1.75,2.11,0,3,0,0,0,0,0,0,0,575.43,002200007416,N,Factura de Venta
20170922,07003238,Cooperativa de Provision de Servicios para Comerciantes,Av. Pellegrini 5366,01557C,Meier,3,0.6,60,3,0.26,0.31,0,0,14.5,0,0,0,0,0,0,95.9,002200007421,N,Factura de Venta
20170922,07003238,Cooperativa de Provision de Servicios para Comerciantes,Av. Pellegrini 5366,01557C,Meier,3,0.6,60,3,0.26,0.31,0,0,14.5,0,0,0,0,0,0,95.9,002200007422,N,Factura de Venta
20170922,07003238,Cooperativa de Provision de Servicios para Comerciantes,Av. Pellegrini 5366,01557C,Meier,3,0.6,60,3,0.26,0.31,0,0,14.5,0,0,0,0,0,0,95.9,002200007423,N,Factura de Venta
20170922,07003238,Cooperativa de Provision de Servicios para Comerciantes,Av. Pellegrini 5366,01557C,Meier,3,0.6,60,3,0.26,0.31,0,0,14.5,0,0,0,0,0,0,95.9,002200007424,N,Factura de Venta
20170922,24002752,Rusma SRL,Av. Eva Perón 8730,01559AA,Diego Fani,1000,10,1000,50,31112.4,37646,0,0,0,25,12,0,0,0,0,1598.4,002200007432,S,Factura de Venta
20170922,24002752,Rusma SRL,Av. Eva Perón 8730,01557C,Diego Fani,12,2.4,240,12,1.2,1.46,0,0,0,0,0,0,0,0,0,383.62,002200007432,S,Factura de Venta
20170922,24002752,Rusma SRL,Bv. Seguí & Crespo,01559AA,Diego Fani,1500,15,1500,75,46668.6,56469,0,0,0,25,12,0,0,0,0,2397.61,002200007435,S,Factura de Venta
20170922,24002752,Rusma SRL,Bv. Seguí & Crespo,01557C,Diego Fani,9,1.8,180,9,0.9,1.08,0,0,0,0,0,0,0,0,0,287.71,002200007435,S,Factura de Venta
20170922,27003652,Morales Pedro Manuel,Bernardo Houssay 2597,01559AA,Pedro Cocaña,500,5,500,25,15894.28,19232.08,0,3,0,21,12,0,0,0,0,799.2,002200007445,S,Factura de Venta
20170922,27003652,Morales Pedro Manuel,Bernardo Houssay 2597,01557C,Pedro Cocaña,3,0.6,60,3,0.3,0.36,0,3,0,0,0,0,0,0,0,95.9,002200007445,S,Factura de Venta
20170922,30005659,Tripodi Jorge Enrique,Av. Falucho 1140,01557ARC,Esteban Bergamaschi,1700,17,1700,85,32198.86,38960.6,0,0,0,25,10,0,0,0,0,2402.32,002200007420,S,Factura de Venta
20170922,27003652,Morales Pedro Manuel,Bernardo Houssay 2597,01557ARC,Pedro Cocaña,1000,10,1000,50,18922.1,22895.74,0,3,0,21,12,0,0,0,0,1413.13,002200007445,S,Factura de Venta
20170922,07003238,Cooperativa de Provision de Servicios para Comerciantes,Av. Pellegrini 5366,01558ALP,Meier,3,0.6,120,3,0.26,0.31,0,0,14.5,0,0,0,0,0,0,1049.51,002200007426,N,Factura de Venta
20170922,01004400,Sider Group SA,Av. Champagnat 1255,01568BC,Ventas Buenos Aires,720,7.2,720,36,42057.08,50889.06,0,0,0,21,0,0,0,0,0,18025.13,002200007446,S,Factura de Venta
20170922,01004400,Sider Group SA,Av. Champagnat 1255,01568BC,Ventas Buenos Aires,1000,10,1000,50,58412.6,70679.24,0,0,0,21,0,0,0,0,0,25034.91,002200007447,S,Factura de Venta
20170922,27003652,Morales Pedro Manuel,Bernardo Houssay 2597,01558ECC,Pedro Cocaña,400,4,400,20,11150.96,13492.66,0,3,0,21,12,0,0,0,0,7689.32,002200007445,S,Factura de Venta
20170922,01004400,Sider Group SA,Av. Champagnat 1255,01558ECC,Ventas Buenos Aires,1600,16,1600,80,45983.3,55639.8,0,0,0,21,12,0,0,0,0,30757.28,002200007447,S,Factura de Venta
20170922,24002752,Rusma SRL,Bv. Seguí & Crespo,01603BD,Diego Fani,300,0.6,300,12,2477.7,2998,0,0,0,21,12,0,0,0,0,526.56,002200007435,S,Factura de Venta
20170922,03000023,Industrias Saladillo SA,IS.SA. Planta Pilar,01778B,Isolant SI,215,5.2684675,0,215,25303.35,30617.05,0,0,0,0,0,0,0,0,0,10203.9,002200007419,N,Factura de Venta
20170922,29002246,Ungaro Leonardo Roberto,,04C00898,Hector Collia,1,0,0,1,4.67,4.67,0,0,0,0,0,0,0,0,0,,000000011141,,Débito (Ajustes)
20170922,04003978,Maderas El Aleman de General Rodriguez SRL,,04C00898,Hector Collia,1,0,0,1,1.67,1.67,0,0,0,0,0,0,0,0,0,,000000011143,,Débito (Ajustes)
20170922,04001988,Valentini Eduardo Hector,,04C00898,Hector Collia,1,0,0,1,0.89,0.89,0,0,0,0,0,0,0,0,0,,000000011142,,Débito (Ajustes)
20170922,20004067,Hierronort Salta SRL,,01IN,Pedro Cocaña,-1,0,0,-1,-86.79,-105.01,0,0,0,0,0,0,0,0,0,,001300000341,,Crédito de Venta
20170922,16002012,Zapata Goma Sociedad Anonima,San Martin 1300,01654DC,Leandro Diaz,10,0.2,10,0,984.9,1191.73,0,0,0,30,0,0,0,0,0,258.3,002200007429,N,Factura de Venta
20170922,16002012,Zapata Goma Sociedad Anonima,San Martin 1300,01658DC,Leandro Diaz,20,0.6,20,0,2875.18,3478.97,0,0,0,30,0,0,0,0,0,783.6,002200007429,N,Factura de Venta
20170922,16002012,Zapata Goma Sociedad Anonima,San Martin 1300,01514PC,Leandro Diaz,25,0.125,25,0,396.75,480.07,0,0,0,40,0,0,0,0,0,174.75,002200007429,N,Factura de Venta
20170922,20004067,Hierronort Salta SRL,,01IN,Pedro Cocaña,-1,0,0,-1,-3076.55,-3722.62,0,0,0,0,0,0,0,0,0,,001300000340,,Crédito de Venta
20170922,20004067,Hierronort Salta SRL,,01IN,Pedro Cocaña,-1,0,0,-1,-2235.01,-2704.37,0,0,0,0,0,0,0,0,0,,001300000342,,Crédito de Venta

