﻿FechaTxt,Codigo_Cliente,Cliente,EntDir,Codigo_Articulo,Vendedor,cantidad,Mts3,Mts2,Rollos,Importe_Bruto,Importe_Neto,Dto_Contado,Dto_Flete,Dto_Especial,Bonificacion,Desc_Adicional,cantidad_elaborada,m2_ocupados,costo_unitario,costo_total_stock,Costo_de_venta
20170119,29003685,Andres Luis de Francesco SA,Dr. Carabajal 1326,01555M,Ventas Buenos Aires,4,0.6,80,4,4182.07,5060.3,0,3,0,21,0,0,0,0,0,0
20170119,20003957,La Maderera SRL,25 de Mayo 411,01555AK,Pedro Cocaña,60,2.7,900,60,10748.37,13005.53,0,3,0,21,12,0,0,0,0,0
20170119,20003957,La Maderera SRL,25 de Mayo 411,01557AK,Pedro Cocaña,60,6.3,900,60,16532.22,20003.98,0,3,0,21,12,0,0,0,0,0
20170119,20003957,La Maderera SRL,25 de Mayo 411,01555ED,Pedro Cocaña,40,4,800,40,16696.76,20203.08,0,3,0,21,12,0,0,0,0,0
20170119,20003957,La Maderera SRL,25 de Mayo 411,01558EC,Pedro Cocaña,40,8,800,40,21659.93,26208.51,0,3,0,21,12,0,0,0,0,0
20170119,13004055,Trujillo Delina Lia,Av. Antartida Argentina 599,01555AA,Pedro Cocaña,1200,6,1200,60,24872.26,30095.44,0,3,0,21,8,0,0,0,0,0
20170119,13004055,Trujillo Delina Lia,Av. Antartida Argentina 599,01555C,Pedro Cocaña,15,1.5,300,15,1.46,1.76,0,3,0,0,0,0,0,0,0,0
20170119,13004055,Trujillo Delina Lia,Av. Antartida Argentina 599,01559AA,Pedro Cocaña,1200,12,1200,60,37985.18,45962.08,0,3,0,21,8,0,0,0,0,0
20170119,13004055,Trujillo Delina Lia,Av. Antartida Argentina 599,01557C,Pedro Cocaña,15,3,300,15,1.46,1.76,0,3,0,0,0,0,0,0,0,0
20170119,13004055,Trujillo Delina Lia,Av. Antartida Argentina 599,01558ECC,Pedro Cocaña,200,2,200,10,6151.86,7443.74,0,3,0,21,0,0,0,0,0,0
20170119,13004055,Trujillo Delina Lia,Av. Antartida Argentina 599,01555AKC,Pedro Cocaña,150,4.5,150,10,2034.52,2461.78,0,3,0,21,0,0,0,0,0,0
20170119,13004055,Trujillo Delina Lia,Av. Antartida Argentina 599,01760A,Pedro Cocaña,2,0.12566,0,2,902.28,1091.76,0,3,0,40,0,0,0,0,0,0
20170119,13004055,Trujillo Delina Lia,Av. Antartida Argentina 599,01761A,Pedro Cocaña,2,0.13006,0,2,826,999.46,0,3,0,40,0,0,0,0,0,0
20170119,13004055,Trujillo Delina Lia,Av. Antartida Argentina 599,01762A,Pedro Cocaña,3,0.15267,0,3,965.04,1167.7,0,3,0,40,0,0,0,0,0,0
20170119,13004055,Trujillo Delina Lia,Av. Antartida Argentina 599,01764A,Pedro Cocaña,3,0.1555092,0,3,973.92,1178.44,0,3,0,40,0,0,0,0,0,0
20170119,30004285,A P Argentina SA,Camusso 366,01507E,Fernando Palmas,2400,3.6,2400,0,19800,23958,0,0,0,0,0,0,0,0,0,0
20170119,30004285,A P Argentina SA,Camusso 366,01507CA,Fernando Palmas,1200,1.8,1200,0,15144,18324.24,0,0,0,0,0,0,0,0,0,0
20170119,03000023,Industrias Saladillo SA,IS.SA. Planta Pilar,01781B,Isolant SI,32,1.2544,0,32,3141.44,3801.14,0,0,0,0,0,0,0,0,0,0
20170119,03000023,Industrias Saladillo SA,IS.SA. Planta Pilar,01780B,Isolant SI,30,0.7785,0,30,3624,4385.04,0,0,0,0,0,0,0,0,0,0
20170119,03000023,Industrias Saladillo SA,IS.SA. Planta Pilar,01782B,Isolant SI,100,3.1,0,100,10375,12553.75,0,0,0,0,0,0,0,0,0,0
20170119,03000023,Industrias Saladillo SA,IS.SA. Planta Pilar,01773AS,Isolant SI,105,3.41775,0,105,13483.05,16314.49,0,0,0,0,0,0,0,0,0,0
20170119,04001855,Fernandez Pablo Marcelo,,01IN,Levy,-1,0,0,-1,-129.28,-156.43,0,0,0,0,0,0,0,0,0,0
20170119,07000012,Natali Plasticos SRL,,01IN,Isolant SA,-1,0,0,-1,-139.1,-168.31,0,0,0,0,0,0,0,0,0,0
20170119,29004635,Laurito Sergio Ricardo,"Ruta nº 5 Km 159,500",01557A,Hector Collia,100,20,2000,100,59931.13,72516.67,0,0,4,21,12,0,0,0,0,0
20170119,29004635,Laurito Sergio Ricardo,"Ruta nº 5 Km 159,500",01557C,Hector Collia,24,4.8,480,24,2.3,2.79,0,0,4,0,0,0,0,0,0,0
20170119,29004635,Laurito Sergio Ricardo,"Ruta nº 5 Km 159,500",01555A,Hector Collia,100,10,2000,100,39245.32,47486.84,0,0,4,21,12,0,0,0,0,0
20170119,29004635,Laurito Sergio Ricardo,"Ruta nº 5 Km 159,500",01555C,Hector Collia,24,2.4,480,24,2.3,2.79,0,0,4,0,0,0,0,0,0,0
20170119,29004635,Laurito Sergio Ricardo,"Ruta nº 5 Km 159,500",01555AR,Hector Collia,70,7,1400,70,16547.32,20022.25,0,0,4,21,12,0,0,0,0,0
20170119,29004635,Laurito Sergio Ricardo,"Ruta nº 5 Km 159,500",01557AR,Hector Collia,80,16,1600,80,29087.61,35196.01,0,0,4,21,12,0,0,0,0,0
20170119,20003188,Emprendimiento Metalurgico Industrial SRL,TARTAGAL - Av. Alverdi 1135,01555A,Pedro Cocaña,60,6,1200,60,21458.4,25964.67,0,3,5,25,12,0,0,0,0,0
20170119,20003188,Emprendimiento Metalurgico Industrial SRL,TARTAGAL - Av. Alverdi 1135,01555C,Pedro Cocaña,15,1.5,300,15,1.38,1.67,0,3,5,0,0,0,0,0,0,0
20170119,01004664,Construccion de Estructuras SRL,Sebastian Elcano 3461,01558BC,Ventas Buenos Aires,50,10,1000,50,38150,46161.5,0,0,0,0,0,0,0,0,0,0
20170119,07002231,Acerco SA,,01IN,Meier,-1,0,0,-1,-6947.55,-8406.54,0,0,0,0,0,0,0,0,0,0
20170119,07002231,Acerco SA,,01IN,Meier,-1,0,0,-1,-3250.64,-3933.27,0,0,0,0,0,0,0,0,0,0
20170119,30005659,Tripodi Jorge Enrique,,01IN,Esteban Bergamaschi,-1,0,0,-1,-772.27,-934.45,0,0,0,0,0,0,0,0,0,0
20170119,10000785,Perren y Cia. SA,,01IN,Guillermo Ghiretti,-1,0,0,-1,-4880.17,-5905,0,0,0,0,0,0,0,0,0,0
20170119,03000023,Industrias Saladillo SA,IS.SA. Planta Pilar,01777B,Isolant SI,190,5.073,0,190,20603.6,24930.36,0,0,0,0,0,0,0,0,0,0
20170119,20003188,Emprendimiento Metalurgico Industrial SRL,TARTAGAL - Av. Alverdi 1135,01557AR,Pedro Cocaña,10,2,200,10,2560.8,3098.57,0,3,0,0,0,0,0,0,0,0
20170119,03000357,Laboratorios Valmax SA,Sub Perdomo 1619,01507VM,Isolant SI,3000,4.5,3000,0,15270,18476.7,0,0,0,0,0,0,0,0,0,0
20170119,03000357,Laboratorios Valmax SA,Sub Perdomo 1619,01507VD,Isolant SI,1440,2.16,1440,0,7329.6,8868.82,0,0,0,0,0,0,0,0,0,0
20170119,04002052,Disapla SA (Cipo),Estado de Israel 85,01555AK,Isolant SA,100,4.5,1500,100,18569.63,22469.25,0,0,0,32.5,12,0,0,0,0,0
20170119,01004664,Construccion de Estructuras SRL,Sebastian Elcano 3461,01558BC,Ventas Buenos Aires,50,10,1000,50,38150,46161.5,0,0,0,0,0,0,0,0,0,0
20170119,01002821,Ferreteria Central SRL,,01IN,Hector Collia,-1,0,0,-1,-1417.73,-1715.45,0,0,0,0,0,0,0,0,0,0
20170119,01002821,Ferreteria Central SRL,,01IN,Hector Collia,-1,0,0,-1,-2835.45,-3430.9,0,0,0,0,0,0,0,0,0,0
20170119,24002089,AD Interiores De Puccinelli Daniel y Helu Alicia,,01IN,Meier,-1,0,0,-1,-134.27,-162.46,0,0,0,0,0,0,0,0,0,0
20170119,07000012,Natali Plasticos SRL,,01IN,Isolant SA,-1,0,0,-1,-4044.85,-4894.27,0,0,0,0,0,0,0,0,0,0
20170119,07000012,Natali Plasticos SRL,,01IN,Isolant SA,-1,0,0,-1,-919.95,-1113.14,0,0,0,0,0,0,0,0,0,0
20170119,07000012,Natali Plasticos SRL,,01IN,Isolant SA,-1,0,0,-1,-471.68,-570.73,0,0,0,0,0,0,0,0,0,0
20170119,07000012,Natali Plasticos SRL,,01IN,Isolant SA,-1,0,0,-1,-2809.61,-3399.63,0,0,0,0,0,0,0,0,0,0
20170119,07000012,Natali Plasticos SRL,,01IN,Isolant SA,-1,0,0,-1,-1165.5,-1410.25,0,0,0,0,0,0,0,0,0,0
20170119,03000023,Industrias Saladillo SA,IS.SA. Planta Pilar,01778B,Isolant SI,180,4.41081,0,180,20176.2,24413.2,0,0,0,0,0,0,0,0,0,0
20170119,03000023,Industrias Saladillo SA,IS.SA. Planta Pilar,01779B,Isolant SI,39,1.2607569,0,39,5567.64,6736.84,0,0,0,0,0,0,0,0,0,0
20170119,31003944,Athenea Construcciones SRL,,01IN,Ventas Buenos Aires,-1,0,0,-1,-641.41,-776.1,0,0,0,0,0,0,0,0,0,0
20170119,11004428,Prades Sociedad Anonima,,01IN,Victor Casañas,-1,0,0,-1,-1796.82,-2174.15,0,0,0,0,0,0,0,0,0,0
20170119,24002752,Rusma SRL,,01IN,Diego Fani,-1,0,0,-1,-698.88,-845.65,0,0,0,0,0,0,0,0,0,0
20170119,24002752,Rusma SRL,,01IN,Diego Fani,-1,0,0,-1,-698.88,-845.65,0,0,0,0,0,0,0,0,0,0
20170119,07003177,Grunhaut SA,,01IN,Meier,-1,0,0,-1,-446.61,-540.39,0,0,0,0,0,0,0,0,0,0
20170119,03003751,Indupoles Argentina SA,Parque Ind. Campana - Km70 de Panamericana - Lote 12,01500BIN,Isolant SI,17400,8.7,17400,17400,25752,31159.92,0,0,0,0,0,0,0,0,0,0
20170119,03003751,Indupoles Argentina SA,Parque Ind. Campana - Km70 de Panamericana - Lote 12,01500AIN,Isolant SI,51500,25.75,51500,51500,76220,92226.2,0,0,0,0,0,0,0,0,0,0
20170119,11004260,Prodema S.A.,,01IN,Disapla,-1,0,0,-1,-735.89,-890.42,0,0,0,0,0,0,0,0,0,0
20170119,11003804,Agropecuaria Fazzio SRL,,01IN,Disapla,-1,0,0,-1,-759.07,-918.47,0,0,0,0,0,0,0,0,0,0
20170119,03003751,Indupoles Argentina SA,Parque Ind. Campana - Km70 de Panamericana - Lote 12,01500AIN,Isolant SI,11360,5.68,11360,11360,16812.8,20343.49,0,0,0,0,0,0,0,0,0,0
20170119,23003121,Francisco Jorge,,01IN,Guillermo Ghiretti,-1,0,0,-1,-178.45,-215.93,0,0,0,0,0,0,0,0,0,0
20170119,16004354,Nahim Elias,,01IN,Leandro Diaz,-1,0,0,-1,-881.72,-1066.88,0,0,0,0,0,0,0,0,0,0
20170119,07002504,La Valva Francisco Alberto,,01IN,Meier,-1,0,0,-1,-118.58,-143.48,0,0,0,0,0,0,0,0,0,0
20170119,03003300,Aserradero Vagol SRL,,01IN,Esteban Bergamaschi,-1,0,0,-1,-1272.22,-1539.38,0,0,0,0,0,0,0,0,0,0
20170119,16002053,Tauil SRL,,01IN,Leandro Diaz,-1,0,0,-1,-807.21,-976.72,0,0,0,0,0,0,0,0,0,0
20170119,24002156,Tinglados Maciel SRL,,01IN,Diego Fani,-1,0,0,-1,-1882.98,-2278.41,0,0,0,0,0,0,0,0,0,0
20170119,24002527,Bianco Araceli Guadalupe,,01IN,Meier,-1,0,0,-1,-2009.55,-2431.56,0,0,0,0,0,0,0,0,0,0
20170119,29000227,Moreno Alfredo German,,01IN,Isolant SA,-1,0,0,-1,-281.54,-340.66,0,0,0,0,0,0,0,0,0,0
20170119,29000227,Moreno Alfredo German,,01IN,Isolant SA,-1,0,0,-1,-97.03,-117.4,0,0,0,0,0,0,0,0,0,0
20170119,29001247,Salazar Wilchelm Juan Carlos,,01IN,Fernando Palmas,-1,0,0,-1,-385.6,-466.58,0,0,0,0,0,0,0,0,0,0
20170119,30005659,Tripodi Jorge Enrique,,01IN,Esteban Bergamaschi,-1,0,0,-1,-772.27,-934.45,0,0,0,0,0,0,0,0,0,0
20170119,01005738,Unimaco SA,,01IN,Meier,-1,0,0,-1,-3320.48,-4017.78,0,0,0,0,0,0,0,0,0,0
20170119,04001855,Fernandez Pablo Marcelo,,04C00898,Levy,1,0,0,1,0.01,0.01,0,0,0,0,0,0,0,0,0,0
20170119,03000023,Industrias Saladillo SA,IS.SA. Planta Pilar,01777B,Isolant SI,93,2.4831,0,93,10084.92,12202.75,0,0,0,0,0,0,0,0,0,0
20170119,03000023,Industrias Saladillo SA,IS.SA. Planta Pilar,01778B,Isolant SI,70,1.715315,0,70,7846.3,9494.02,0,0,0,0,0,0,0,0,0,0
20170119,03000023,Industrias Saladillo SA,IS.SA. Planta Pilar,01777B,Isolant SI,70,1.869,0,70,7590.8,9184.87,0,0,0,0,0,0,0,0,0,0
20170119,01005738,Unimaco SA,,01IN,Meier,-1,0,0,-1,-2890.4,-3497.38,0,0,0,0,0,0,0,0,0,0
20170119,07005677,Iron Pack SRL,,01IN,Meier,-1,0,0,-1,-1201.24,-1453.5,0,0,0,0,0,0,0,0,0,0
20170119,01001234,Indian Carpet SA,,01IN,Luis Ramirez,-1,0,0,-1,-452.67,-547.73,0,0,0,0,0,0,0,0,0,0
20170119,03003300,Aserradero Vagol SRL,,01IN,Esteban Bergamaschi,-1,0,0,-1,-5309.78,-6424.83,0,0,0,0,0,0,0,0,0,0
20170119,03000023,Industrias Saladillo SA,IS.SA. Planta Pilar,01764AS,Isolant SI,40,2.0736,0,40,5368,6495.28,0,0,0,0,0,0,0,0,0,0
20170119,03000023,Industrias Saladillo SA,IS.SA. Planta Pilar,01764AS,Isolant SI,40,2.0736,0,40,5368,6495.28,0,0,0,0,0,0,0,0,0,0
20170119,03000023,Industrias Saladillo SA,IS.SA. Planta Pilar,01765AS,Isolant SI,25,1.1625,0,25,2950.5,3570.11,0,0,0,0,0,0,0,0,0,0
20170119,03000023,Industrias Saladillo SA,IS.SA. Planta Pilar,01762AS,Isolant SI,1,0.05089,0,1,126.6,153.19,0,0,0,0,0,0,0,0,0,0
20170119,03000023,Industrias Saladillo SA,IS.SA. Planta Pilar,01764AS,Isolant SI,21,1.08864,0,21,2818.2,3410.02,0,0,0,0,0,0,0,0,0,0
20170119,07005677,Iron Pack SRL,,01IN,Meier,-1,0,0,-1,-2682.73,-3246.1,0,0,0,0,0,0,0,0,0,0
20170119,01002821,Ferreteria Central SRL,,04C00898,Hector Collia,1,0,0,1,0.81,0.81,0,0,0,0,0,0,0,0,0,0
20170119,07003550,Clark Ignacio Arturo,,01IN,Meier,-1,0,0,-1,-369.93,-447.61,0,0,0,0,0,0,0,0,0,0
20170119,07003238,Cooperativa de Provision de Servicios para Comerciantes,,01IN,Meier,-1,0,0,-1,-724.61,-876.78,0,0,0,0,0,0,0,0,0,0
20170119,03002324,Taru Parq SRL,,01IN,Levy,-1,0,0,-1,-266.04,-321.91,0,0,0,0,0,0,0,0,0,0
20170119,02004723,Garcia Matias Emanuel,,01IN,Hector Collia,-1,0,0,-1,-301.82,-365.2,0,0,0,0,0,0,0,0,0,0
20170119,03002400,Cutini Marcelo Enrique,,01IN,Levy,-1,0,0,-1,-211.77,-256.24,0,0,0,0,0,0,0,0,0,0
20170119,03002324,Taru Parq SRL,,04C00898,Levy,1,0,0,1,1,1,0,0,0,0,0,0,0,0,0,0
20170119,31003944,Athenea Construcciones SRL,,04C00898,Ventas Buenos Aires,1,0,0,1,1.83,1.83,0,0,0,0,0,0,0,0,0,0
20170119,11004260,Prodema S.A.,,04C00898,Disapla,1,0,0,1,0.01,0.01,0,0,0,0,0,0,0,0,0,0
20170119,02004019,Fallesen Juan Carlos,,04C00898,Hector Collia,1,0,0,1,8.79,8.79,0,0,0,0,0,0,0,0,0,0
20170119,20004067,Hierronort Salta SRL,,04C00898,Pedro Cocaña,1,0,0,1,0.01,0.01,0,0,0,0,0,0,0,0,0,0
20170119,20000029,Tubonor SA,España 2369,01557A,Isolant SA,125,25,2500,125,73494.87,88928.79,0,3,0,32.5,0,0,0,0,0,0
20170119,20000029,Tubonor SA,España 2369,01557C,Isolant SA,15,3,300,15,1.46,1.76,0,3,0,0,0,0,0,0,0,0
20170119,29003951,San Isidro Deco SA,Rivadavia 237,01700A,Pastore Pablo,25,3,0,25,14886.9,18013.15,0,0,0,30,0,0,0,0,0,0
20170119,19002241,Carlos Isla y Cia. SA,Teodoro Plan 5055,01555A,Latyn-Valle y Cordillera,110,11,2200,110,37464.9,45332.53,0,0,0,0,0,0,0,0,0,0
20170119,19002241,Carlos Isla y Cia. SA,Teodoro Plan 5055,01557A,Latyn-Valle y Cordillera,105,21,2100,105,54610.5,66078.71,0,0,0,0,0,0,0,0,0,0
20170119,19002241,Carlos Isla y Cia. SA,Teodoro Plan 5055,01551A,Latyn-Valle y Cordillera,25,2.5,500,25,5926.75,7171.37,0,0,0,0,0,0,0,0,0,0
20170119,19002241,Carlos Isla y Cia. SA,Teodoro Plan 5055,01554BC,Latyn-Valle y Cordillera,25,2.5,500,25,16156.75,19549.67,0,0,0,0,0,0,0,0,0,0
20170119,19002241,Carlos Isla y Cia. SA,Teodoro Plan 5055,01554BC,Latyn-Valle y Cordillera,20,2,400,20,12925.4,15639.73,0,0,0,0,0,0,0,0,0,0
20170119,11004940,Materiales Parana SRL,Av Zanni 1894,01555ED,Victor Casañas,10,1,200,10,4694.5,5680.34,0,0,0,21,4,0,0,0,0,0
20170119,11004940,Materiales Parana SRL,Av Zanni 1894,01558EC,Victor Casañas,10,2,200,10,6089.95,7368.84,0,0,0,21,4,0,0,0,0,0
20170119,11004940,Materiales Parana SRL,Av Zanni 1894,01555AK,Victor Casañas,20,0.9,300,20,4029.38,4875.55,0,0,0,21,4,0,0,0,0,0
20170119,11004940,Materiales Parana SRL,Av Zanni 1894,01557AK,Victor Casañas,20,2.1,300,20,6197.64,7499.15,0,0,0,21,4,0,0,0,0,0
20170119,03000741,Maderera Newton Sociedad Anonima,Acceso Norte 3085 (ramal Campana) y Haití- Frente la Ford,01559AA,Esteban Bergamaschi,720,7.2,720,36,21336.48,25817.14,0,0,0,25,12,0,0,0,0,0
20170119,03000741,Maderera Newton Sociedad Anonima,Acceso Norte 3085 (ramal Campana) y Haití- Frente la Ford,01557C,Esteban Bergamaschi,9,1.8,180,9,1.8,2.18,0,0,0,0,0,0,0,0,0,0
20170119,03000741,Maderera Newton Sociedad Anonima,Acceso Norte 3085 (ramal Campana) y Haití- Frente la Ford,01555MC,Esteban Bergamaschi,600,4.5,600,30,27030.96,32707.46,0,0,0,25,12,0,0,0,0,0
20170119,03000741,Maderera Newton Sociedad Anonima,Acceso Norte 3085 (ramal Campana) y Haití- Frente la Ford,01555MA,Esteban Bergamaschi,3,0.45,60,3,0.3,0.36,0,0,0,0,0,0,0,0,0,0
20170119,03000741,Maderera Newton Sociedad Anonima,Acceso Norte 3085 (ramal Campana) y Haití- Frente la Ford,01558ESC,Esteban Bergamaschi,500,5,500,25,11147.4,13488.36,0,0,0,25,12,0,0,0,0,0
20170119,20003188,Emprendimiento Metalurgico Industrial SRL,TARTAGAL - Av. Alverdi 1135,01555AK,Pedro Cocaña,30,1.35,450,30,4007.07,4848.55,0,3,0,0,0,0,0,0,0,0

