﻿FechaTxt,Codigo_Cliente,Cliente,EntDir,Codigo_Articulo,Vendedor,cantidad,Mts3,Mts2,Rollos,Importe_Bruto,Importe_Neto,Dto_Contado,Dto_Flete,Dto_Especial,Bonificacion,Desc_Adicional,cantidad_elaborada,m2_ocupados,costo_unitario,costo_total_stock,Costo_de_venta,comp,C_Construccion,nomdoc
20170831,03003751,Indupoles Argentina SA,Parque Ind. Campana - Km70 de Panamericana - Lote 12,01515BG,Isolant SI,3000,15,3000,0,30000,36300,0,0,0,0,0,0,0,0,0,22440,002200006916,N,Factura de Venta
20170831,03003751,Indupoles Argentina SA,Parque Ind. Campana - Km70 de Panamericana - Lote 12,01515BE,Isolant SI,2400,12,2400,0,24000,29040,0,0,0,0,0,0,0,0,0,21336,002200006916,N,Factura de Venta
20170831,20000029,Tubonor SA,Bv Tavella 2750,01557AK,Isolant SA,20,2.1,300,20,5393.4,6526.01,0,3,0,32.5,10,0,0,0,0,3462.2,002200006927,N,Factura de Venta
20170831,20000029,Tubonor SA,Bv Tavella 2750,01552A,Isolant SA,20,4,400,20,10264.7,12420.29,0,3,0,32.5,10,0,0,0,0,4197.6,002200006927,N,Factura de Venta
20170831,20000029,Tubonor SA,Bv Tavella 2750,01551A,Isolant SA,60,6,1200,60,18429.58,22299.79,0,3,0,32.5,10,0,0,0,0,6788.4,002200006927,N,Factura de Venta
20170831,20000029,Tubonor SA,Bv Tavella 2750,01555M,Isolant SA,10,1.5,200,10,8695.17,10521.15,0,3,0,32.5,10,0,0,0,0,5418.4,002200006927,N,Factura de Venta
20170831,04004334,Fapex SA,Rio Potrero 175 (Esq. Rio de Rey) Barrio CinaCina,01557ARF,Isolant SI,184,36.8,3680,184,52975.44,64100.28,0,0,0,0,0,0,0,0,0,41556.4,002200006905,N,Factura de Venta
20170831,04004334,Fapex SA,Rio Potrero 175 (Esq. Rio de Rey) Barrio CinaCina,01555ARF,Isolant SI,193,19.3,3860,193,32279.25,39057.89,0,0,0,0,0,0,0,0,0,24951.04,002200006905,N,Factura de Venta
20170831,04004334,Fapex SA,Rio Potrero 175 (Esq. Rio de Rey) Barrio CinaCina,01766CF,Isolant SI,10,0.4976,0,10,2337.8,2828.74,0,0,0,0,0,0,0,0,0,1577.1,002200006905,N,Factura de Venta
20170831,27001542,Rosso Hnos. de Alvaro S. Rosso y Raul E. Rosso,Suc.03 - L. QUINTEROS 557,01555M,Pedro Cocaña,10,1.5,200,10,8501.94,10287.35,0,3,10,25,12,0,0,0,0,5418.4,002200006928,N,Factura de Venta
20170831,27001542,Rosso Hnos. de Alvaro S. Rosso y Raul E. Rosso,Suc.05 - 25 DE MAYO 69,01555A,Pedro Cocaña,50,5,1000,50,17787.83,21523.27,0,3,10,25,12,0,0,0,0,7968.5,002200006929,N,Factura de Venta
20170831,04005918,Gran Marc S.R.L,,01905A,Fernando Palmas,-2,-0.14236,0,-2,-1768.1,-2139.4,0,0,0,0,0,0,0,0,0,828.92,001400007995,N,Crédito de Venta
20170831,24005520,Nocelli Ariel Jesus,Cerrityo 1114/1122,01750A,Isolant SA,10,0,0,10,5927.51,7172.29,0,0,0,32.5,0,0,0,0,0,1913.5,002200006907,N,Factura de Venta
20170831,04004334,Fapex SA,Rio Potrero 175 (Esq. Rio de Rey) Barrio CinaCina,01766CF,Isolant SI,20,0.9952,0,20,4675.6,5657.48,0,0,0,0,0,0,0,0,0,3154.2,002200006905,N,Factura de Venta
20170831,04004334,Fapex SA,Rio Potrero 175 (Esq. Rio de Rey) Barrio CinaCina,01766CF,Isolant SI,15,0.7464,0,15,3506.7,4243.11,0,0,0,0,0,0,0,0,0,2365.65,002200006905,N,Factura de Venta
20170831,07003893,Torres Carlos Hector,,04VARIOS,Meier,-1,0,0,-1,-13694.21,-16570,0,0,0,0,0,0,0,0,0,0,001400008016,N,Crédito de Venta
20170831,03000023,Industrias Saladillo SA,IS.SA. Planta Pilar,01779BA,Isolant SI,122,3.94426,0,122,36808.62,44538.43,0,0,0,0,0,0,0,0,0,19984.82,002200006915,N,Factura de Venta
20170831,03000023,Industrias Saladillo SA,IS.SA. Planta Pilar,01777B,Isolant SI,76,2.0292,0,76,8653.36,10470.57,0,0,0,0,0,0,0,0,0,3450.4,002200006920,N,Factura de Venta
20170831,03000023,Industrias Saladillo SA,IS.SA. Planta Pilar,01780B,Isolant SI,76,1.9722,0,76,9639.84,11664.21,0,0,0,0,0,0,0,0,0,4792.56,002200006921,N,Factura de Venta
20170831,03000023,Industrias Saladillo SA,IS.SA. Planta Pilar,01763AS,Isolant SI,59,2.78008,0,59,7459.96,9026.55,0,0,0,0,0,0,0,0,0,3906.98,002200006924,N,Factura de Venta
20170831,03000023,Industrias Saladillo SA,IS.SA. Planta Pilar,01779BA,Isolant SI,7,0.22631,0,7,2111.97,2555.48,0,0,0,0,0,0,0,0,0,1146.67,002200006926,N,Factura de Venta
20170831,03003751,Indupoles Argentina SA,Parque Ind. Campana - Km70 de Panamericana - Lote 12,01515BG,Isolant SI,400,2,400,0,4000,4840,0,0,0,0,0,0,0,0,0,2992,002200006918,N,Factura de Venta
20170831,03000023,Industrias Saladillo SA,IS.SA. Planta Pilar,01763AS,Isolant SI,80,3.7696,0,80,10115.2,12239.39,0,0,0,0,0,0,0,0,0,5297.6,002200006922,N,Factura de Venta
20170831,24002411,La Casa de la Construccion SRL,Riccheri 965,04VARIOS,Diego Fani,-1,0,0,-1,-761.24,-921.1,0,0,0,0,0,0,0,0,0,0,001400008009,N,Crédito de Venta
20170831,07002155,Blussand Roberto Enrique,Tomás de Archondo 2553,01504AC,Meier,-1200,-1.2,-1200,0,-11440.8,-13843.36,0,0,0,30,0,0,0,0,0,2016,001400008010,S,Crédito de Venta
20170831,07002155,Blussand Roberto Enrique,Tomás de Archondo 2553,01504AC,Meier,-2000,-2,-2000,0,-19068,-23072.28,0,0,0,30,0,0,0,0,0,3360,001400008011,S,Crédito de Venta
20170831,03004763,Mundo Hierro S.A.,,04VARIOS,Levy,-1,0,0,-1,-8814.05,-10665,0,0,0,0,0,0,0,0,0,0,001400008014,N,Crédito de Venta
20170831,99004268,Expo Chapa SRL,,04VARIOS,Diego Fani,-1,0,0,-1,-4429.75,-5360,0,0,0,0,0,0,0,0,0,0,001400008013,N,Crédito de Venta
20170831,14003511,Ojeda Mariano Antonio,,04VARIOS,Disapla,-1,0,0,-1,-9194.21,-11125,0,0,0,0,0,0,0,0,0,0,001400008015,N,Crédito de Venta
20170831,24002195,Prado Hector Roque,Prbo. Daniel Segundo 931,01957M,Diego Fani,1,0,0,1,0.1,0.1,0,0,10,0,0,0,0,0,0,0,001400000783,S,Factura de Venta
20170831,01005857,Empiro Sociedad Anonima,Bemberg y Calle 146,01558EC,Ventas Buenos Aires,-11,-2.2,-220,-11,-6978.07,-8443.46,0,0,0,21,0,0,0,0,0,4396.81,001400008021,N,Crédito de Venta
20170831,01005857,Empiro Sociedad Anonima,Bemberg y Calle 146,06C001CO,Ventas Buenos Aires,-1,0,0,-1,-0.1,-0.12,0,0,0,0,0,0,0,0,0,0,001400008021,N,Crédito de Venta
20170831,03000023,Industrias Saladillo SA,IS.SA. Planta Pilar,01779BA,Isolant SI,2,0.06466,0,2,574.68,695.36,0,0,0,0,0,0,0,0,0,327.62,002200006914,N,Factura de Venta
20170831,03003300,Aserradero Vagol SRL,,04VARIOS,Esteban Bergamaschi,-1,0,0,-1,-719.01,-870,0,0,0,0,0,0,0,0,0,0,001400007998,N,Crédito de Venta
20170831,29004635,Laurito Sergio Ricardo,,04VARIOS,Hector Collia,-1,0,0,-1,-1041.32,-1260,0,0,0,0,0,0,0,0,0,0,001400007999,N,Crédito de Venta
20170831,24001396,Fabbri Angel Antonio,,04VARIOS,Diego Fani,-1,0,0,-1,-2747.93,-3325,0,0,0,0,0,0,0,0,0,0,001400008002,N,Crédito de Venta
20170831,16004354,Nahim Elias,,04VARIOS,Leandro Diaz,-1,0,0,-1,-29500,-35695,0,0,0,0,0,0,0,0,0,0,001400008000,N,Crédito de Venta
20170831,04005888,Lozano Facundo,,04VARIOS,Hector Collia,-1,0,0,-1,-2318.18,-2805,0,0,0,0,0,0,0,0,0,0,001400008001,N,Crédito de Venta
20170831,01002821,Ferreteria Central SRL,,04VARIOS,Hector Collia,-1,0,0,-1,-1082.64,-1310,0,0,0,0,0,0,0,0,0,0,001400008003,N,Crédito de Venta
20170831,24005520,Nocelli Ariel Jesus,Cerrityo 1114/1122,01555AR,Isolant SA,85,8.5,1700,85,16745.7,20262.29,0,0,0,32.5,20,0,0,0,0,10988.8,002200006908,N,Factura de Venta
20170831,24005520,Nocelli Ariel Jesus,Cerrityo 1114/1122,01557AR,Isolant SA,150,30,3000,150,45452.34,54997.33,0,0,0,32.5,20,0,0,0,0,33877.5,002200006908,N,Factura de Venta
20170831,24005520,Nocelli Ariel Jesus,Cerrityo 1114/1122,01558ES,Isolant SA,100,20,2000,100,34801.92,42110.32,0,0,0,32.5,20,0,0,0,0,25311,002200006908,N,Factura de Venta
20170831,24005520,Nocelli Ariel Jesus,Cerrityo 1114/1122,01558EC,Isolant SA,50,10,1000,50,22331.43,27021.03,0,0,0,32.5,20,0,0,0,0,19985.5,002200006908,N,Factura de Venta
20170831,31004544,De Las Misiones S.A.,Ruta 11 km 397.1,01851A,Ventas Buenos Aires,20,5,500,20,17618.26,21318.1,0,0,0,21,0,0,0,0,0,6639.6,002200006909,N,Factura de Venta
20170831,20003188,Emprendimiento Metalurgico Industrial SRL,ROCA - Av. Roca 324,01558BC,Pedro Cocaña,133,26.6,2660,133,143084.02,173131.67,0,3,0,25,0,0,0,0,0,71432.97,001400000780,N,Factura de Venta
20170831,99088888,Ventas Contado,América 353,01558EC,Isolant SA,4,0.8,80,4,1652.88,1999.98,0,0,0,0,0,0,0,0,0,1598.84,002200000039,N,Factura de Venta
20170831,03002676,Tempur Sealy Argentina SRL,Marcos Sastre 2300,01510AC,Fernando Palmas,-1000,-3,-1000,-1000,-7180,-8687.8,0,0,0,0,0,0,0,0,0,3680,001400008007,N,Crédito de Venta
20170831,07005106,Espa SA,Bv. de los Alemanes 3312,04VARIOS,Meier,-1,0,0,-1,-8000,-9680,0,0,0,0,0,0,0,0,0,0,001400008012,N,Crédito de Venta
20170831,24002195,Prado Hector Roque,Prbo. Daniel Segundo 931,01957M,Diego Fani,-1,0,0,-1,-0.1,-0.1,0,0,10,0,0,0,0,0,0,0,001400008017,S,Crédito de Venta
20170831,03000023,Industrias Saladillo SA,IS.SA. Planta Pilar,01781BB,Isolant SI,33,1.2936,0,33,9199.74,11131.69,0,0,0,0,0,0,0,0,0,4315.74,002200006912,N,Factura de Venta
20170831,24005520,Nocelli Ariel Jesus,Cerrityo 1114/1122,01550I,Isolant SA,100,4,2000,100,7397.46,8950.93,0,0,0,32.5,20,0,0,0,0,4101,002200006908,N,Factura de Venta
20170831,30005659,Tripodi Jorge Enrique,Av. Falucho 1140,01960DA,Esteban Bergamaschi,40,0,0,40,111832.8,135317.68,0,0,0,25,0,0,0,0,0,44268,002200006944,S,Factura de Venta
20170831,30005659,Tripodi Jorge Enrique,Av. Falucho 1140,01960DA,Esteban Bergamaschi,30,0,0,30,83874.6,101488.26,0,0,0,25,0,0,0,0,0,33201,002200006945,S,Factura de Venta
20170831,03000023,Industrias Saladillo SA,IS.SA. Planta Pilar,01507AS,Isolant SI,-720,-1.08,-720,0,-6609.6,-7997.62,0,0,0,0,0,0,0,0,0,7753.71,002200000005,N,Crédito de Venta
20170831,01002325,Centro Sec SRL,,04VARIOS,Hector Collia,-1,0,0,-1,-2590.91,-3135,0,0,0,0,0,0,0,0,0,0,001400007996,N,Crédito de Venta
20170831,27004308,Cocaña Pedro Horacio,,01558BC,Isolant SA,-70,-14,-1400,-70,-65529.48,-79290.66,0,3,0,25,4,0,0,0,0,37596.3,001400007997,N,Crédito de Venta
20170831,27004308,Cocaña Pedro Horacio,,01568B,Isolant SA,-1575,-15.75,-1575,-78.75,-73720.66,-89202,0,3,0,25,4,0,0,0,0,845916.75,001400007997,N,Crédito de Venta
20170831,01004788,Tamyeze S.R.L,Nazca 1640,01603B,Levy,120,6,3000,120,24983.28,30229.77,0,0,0,30,0,0,0,0,0,10164,002200006934,N,Factura de Venta
20170831,24001069,Renk Gerardo Augusto,rivadavia 1840,01912B,Diego Fani,1,0.21,0,1,900.97,1090.17,0,0,0,0,0,0,0,0,0,306.95,002200006935,N,Factura de Venta
20170831,24001069,Renk Gerardo Augusto,rivadavia 1840,01504AC,Diego Fani,400,0.4,400,0,1732.8,2096.69,0,0,0,40,0,0,0,0,0,672,002200006935,N,Factura de Venta
20170831,24001069,Renk Gerardo Augusto,rivadavia 1840,01524DC,Diego Fani,50,0.5,50,0,1280.7,1549.65,0,0,0,40,0,0,0,0,0,487.5,002200006935,N,Factura de Venta
20170831,04005689,Polifoam SRL,Alte. Brown 3985,01558ES,Isolant SI,12,2.4,240,12,4593.85,5558.56,0,0,0,32.5,12,0,0,0,0,3037.32,002200006940,N,Factura de Venta
20170831,31001364,Martinez Escalada S.A,H. Irigoyen 1493/99,01960DA,Esteban Bergamaschi,40,0,0,40,111129.3,134466.45,0,0,0,21,0,0,0,0,0,44268,002200006941,N,Factura de Venta
20170831,24002752,Rusma SRL,,04VARIOS,Diego Fani,-1,0,0,-1,-3964.46,-4797,0,0,0,0,0,0,0,0,0,0,001400008023,N,Crédito de Venta
20170831,04005689,Polifoam SRL,Alte. Brown 3985,01655AA,Isolant SI,100,2,100,0,4546.3,5501.02,0,0,0,45,0,0,0,0,0,3206.76,002200006938,N,Factura de Venta
20170831,27001542,Rosso Hnos. de Alvaro S. Rosso y Raul E. Rosso,Suc. 09- Ruta 301 (ex38) Km 1541,01555A,Pedro Cocaña,50,5,1000,50,17787.83,21523.27,0,3,10,25,12,0,0,0,0,7968.5,002200006930,N,Factura de Venta
20170831,20003188,Emprendimiento Metalurgico Industrial SRL,LOS VALLISTOS - Ruta 9 Km 128 - Acc Norte,01557AR,Pedro Cocaña,115,23,2300,115,26504.28,32070.18,0,3,10,0,0,0,0,0,0,25972.75,002200006931,N,Factura de Venta
20170831,20003188,Emprendimiento Metalurgico Industrial SRL,LOS VALLISTOS - Ruta 9 Km 128 - Acc Norte,01557AK,Pedro Cocaña,30,3.15,450,30,6328.25,7657.19,0,3,10,25,29.6,0,0,0,0,5193.3,002200006931,N,Factura de Venta
20170831,20003188,Emprendimiento Metalurgico Industrial SRL,LOS VALLISTOS - Ruta 9 Km 128 - Acc Norte,01558BC,Pedro Cocaña,60,12,1200,60,58094.27,70294.06,0,3,10,25,0,0,0,0,0,32225.4,002200006931,N,Factura de Venta
20170831,31005894,Pacheco Carlos,Vieytes 1533-Bahia Blanca,01557AR,Norberto Oppezzo,-50,-10,-1000,-50,-14814.1,-17925.06,0,0,20,25,12,0,0,0,0,11292.5,001400008024,N,Crédito de Venta
20170831,31005894,Pacheco Carlos,Vieytes 1533-Bahia Blanca,01555AR,Norberto Oppezzo,-20,-2,-400,-20,-3852.6,-4661.65,0,0,20,25,12,0,0,0,0,2585.6,001400008024,N,Crédito de Venta
20170831,31005894,Pacheco Carlos,Vieytes 1533-Bahia Blanca,01551I,Norberto Oppezzo,-10,-1,-200,-10,-1396.56,-1689.84,0,0,20,25,12,0,0,0,0,777.6,001400008024,N,Crédito de Venta
20170831,24002752,Rusma SRL,,04VARIOS,Diego Fani,-1,0,0,-1,-1033.06,-1250,0,0,0,0,0,0,0,0,0,0,001400008023,N,Crédito de Venta
20170831,24002752,Rusma SRL,,04VARIOS,Diego Fani,-1,0,0,-1,-3896.69,-4715,0,0,0,0,0,0,0,0,0,0,001400008023,N,Crédito de Venta
20170831,24002752,Rusma SRL,,04VARIOS,Diego Fani,-1,0,0,-1,-2033.06,-2460,0,0,0,0,0,0,0,0,0,0,001400008023,N,Crédito de Venta
20170831,28000201,CASARINO S.R.L.,"Eusebio Ayala 4165 Km 4,5",01852AA,Fernando Palmas,10,5,250,10,12696.05,12696.05,0,0,0,0,0,0,0,0,0,7036.7,001500000674,,Factura Exterior
20170831,28000201,CASARINO S.R.L.,"Eusebio Ayala 4165 Km 4,5",01603B,Fernando Palmas,65,3.25,1625,65,13519.92,13519.92,0,0,0,0,0,0,0,0,0,5505.5,001500000674,,Factura Exterior
20170831,03003751,Indupoles Argentina SA,Parque Ind. Campana - Km70 de Panamericana - Lote 12,01510D,Isolant SI,2700,8.1,2700,2700,13986,16923.06,0,0,0,0,0,0,0,0,0,9936,002200006919,N,Factura de Venta
20170831,31005894,Pacheco Carlos,Vieytes 1533-Bahia Blanca,01558EC,Norberto Oppezzo,-40,-8,-800,-40,-17468.14,-21136.45,0,0,20,25,12,0,0,0,0,15988.4,001400008024,N,Crédito de Venta
20170831,31005894,Pacheco Carlos,Vieytes 1533-Bahia Blanca,01555ED,Norberto Oppezzo,-30,-3,-600,-30,-10099.11,-12219.92,0,0,20,25,12,0,0,0,0,8915.4,001400008024,N,Crédito de Venta
20170831,31005894,Pacheco Carlos,Vieytes 1533-Bahia Blanca,01558ES,Norberto Oppezzo,-30,-6,-600,-30,-10208.56,-12352.36,0,0,20,25,12,0,0,0,0,7593.3,001400008024,N,Crédito de Venta
20170831,28000201,CASARINO S.R.L.,"Eusebio Ayala 4165 Km 4,5",01555A,Fernando Palmas,300,30,6000,300,102858.21,102858.21,0,0,0,0,0,0,0,0,0,47811,001500000674,,Factura Exterior
20170831,28000201,CASARINO S.R.L.,"Eusebio Ayala 4165 Km 4,5",01555AR,Fernando Palmas,80,8,1600,80,19088.16,19088.16,0,0,0,0,0,0,0,0,0,10342.4,001500000674,,Factura Exterior
20170831,28000201,CASARINO S.R.L.,"Eusebio Ayala 4165 Km 4,5",01558BC,Fernando Palmas,50,10,1000,50,50988.21,50988.21,0,0,0,0,0,0,0,0,0,26854.5,001500000674,,Factura Exterior
20170831,28000201,CASARINO S.R.L.,"Eusebio Ayala 4165 Km 4,5",01569BC,Fernando Palmas,10,3,200,10,12403.85,12403.85,0,0,0,0,0,0,0,0,0,6306.7,001500000674,,Factura Exterior
20170831,28000201,CASARINO S.R.L.,"Eusebio Ayala 4165 Km 4,5",01850A,Fernando Palmas,30,3.75,750,30,10306.57,10306.57,0,0,0,0,0,0,0,0,0,3667.8,001500000674,,Factura Exterior
20170831,28000201,CASARINO S.R.L.,"Eusebio Ayala 4165 Km 4,5",01851A,Fernando Palmas,10,2.5,250,10,6620.34,6620.34,0,0,0,0,0,0,0,0,0,3319.8,001500000674,,Factura Exterior
20170831,31005894,Pacheco Carlos,Vieytes 1533-Bahia Blanca,01551I,Norberto Oppezzo,10,1,200,10,1355.9,1640.64,0,0,20,25,12,0,0,0,0,777.6,001400000784,N,Factura de Venta
20170831,03003751,Indupoles Argentina SA,Parque Ind. Campana - Km70 de Panamericana - Lote 12,01658ACP,Isolant SI,500,15,500,0,27740,33565.4,0,0,0,0,0,0,0,0,0,18065,002200006917,N,Factura de Venta
20170831,03005223,Tubo Center SA,Av. Presidente Arturo Illia 6204,01558ES,Levy,20,4,400,20,10182.78,12321.17,0,0,0,21,0,0,0,0,0,5062.2,002200006932,N,Factura de Venta
20170831,04005689,Polifoam SRL,Alte. Brown 3985,01650DC,Isolant SI,250,2.5,250,0,10038.88,12147.04,0,0,0,45,0,0,0,0,0,3830,002200006936,N,Factura de Venta
20170831,04005689,Polifoam SRL,Alte. Brown 3985,01654DAP,Isolant SI,200,4,200,0,14873.1,17996.45,0,0,0,45,0,0,0,0,0,5458,002200006937,N,Factura de Venta
20170831,28000201,CASARINO S.R.L.,"Eusebio Ayala 4165 Km 4,5",01550A,Fernando Palmas,60,2.4,1200,60,9979.79,9979.79,0,0,0,0,0,0,0,0,0,3780,001500000674,,Factura Exterior
20170831,20000029,Tubonor SA,Bv Tavella 2750,01557A,Isolant SA,10,2,200,10,5556.22,6723.02,0,3,0,32.5,10,0,0,0,0,2563.4,002200006927,N,Factura de Venta
20170831,31005894,Pacheco Carlos,Vieytes 1533-Bahia Blanca,01558EC,Norberto Oppezzo,40,8,800,40,16959.36,20520.83,0,0,20,25,12,0,0,0,0,15988.4,001400000784,N,Factura de Venta
20170831,31005894,Pacheco Carlos,Vieytes 1533-Bahia Blanca,01555ED,Norberto Oppezzo,30,3,600,30,9804.96,11864,0,0,20,25,12,0,0,0,0,8915.4,001400000784,N,Factura de Venta
20170831,31005894,Pacheco Carlos,Vieytes 1533-Bahia Blanca,01558ES,Norberto Oppezzo,30,6,600,30,9630.72,11653.17,0,0,20,25,12,0,0,0,0,7593.3,001400000784,N,Factura de Venta
20170831,31005894,Pacheco Carlos,Vieytes 1533-Bahia Blanca,01557AR,Norberto Oppezzo,50,10,1000,50,14382.72,17403.09,0,0,20,25,12,0,0,0,0,11292.5,001400000784,N,Factura de Venta
20170831,31005894,Pacheco Carlos,Vieytes 1533-Bahia Blanca,01555AR,Norberto Oppezzo,20,2,400,20,3740.35,4525.83,0,0,20,25,12,0,0,0,0,2585.6,001400000784,N,Factura de Venta
20170831,30005659,Tripodi Jorge Enrique,Av. Falucho 1140,01550AA,Esteban Bergamaschi,1200,2.4,1200,60,10581.12,12803.16,0,0,0,25,12,0,0,0,0,1469.78,002200006943,S,Factura de Venta
20170831,30005659,Tripodi Jorge Enrique,Av. Falucho 1140,01551IC,Esteban Bergamaschi,1000,5,1000,50,9915,11997.14,0,0,0,25,0,0,0,0,0,4081.3,002200006944,S,Factura de Venta
20170831,30005659,Tripodi Jorge Enrique,Av. Falucho 1140,01555AA,Esteban Bergamaschi,1600,8,1600,80,32609.28,39457.22,0,0,0,25,12,0,0,0,0,2225.42,002200006943,S,Factura de Venta
20170831,30005659,Tripodi Jorge Enrique,Av. Falucho 1140,01555C,Esteban Bergamaschi,9,0.9,180,9,0.9,1.08,0,0,0,0,0,0,0,0,0,250.36,002200006943,S,Factura de Venta
20170831,27001542,Rosso Hnos. de Alvaro S. Rosso y Raul E. Rosso,Suc. 09- Ruta 301 (ex38) Km 1541,01555C,Pedro Cocaña,6,0.6,120,6,0.52,0.63,0,3,10,0,0,0,0,0,0,166.91,002200006930,N,Factura de Venta
20170831,11004080,Corralon El Solar SRL,Av Pte Peron 1052,01555AA,Natali Plasticos (Vta Directa),1500,7.5,1500,75,33665.38,40735.1,0,0,0,21,8,0,0,0,0,2086.33,001400000781,S,Factura de Venta
20170831,11004080,Corralon El Solar SRL,Av Pte Peron 1052,01555C,Natali Plasticos (Vta Directa),9,0.9,180,9,0.9,1.08,0,0,0,0,0,0,0,0,0,250.36,001400000781,S,Factura de Venta
20170831,11004080,Corralon El Solar SRL,Av Pte Peron 1052,01555AA,Natali Plasticos (Vta Directa),-75,-0.375,-75,-3.75,-1632.78,-1975.66,0,3,0,21,8,0,0,0,0,104.32,001400008005,S,Crédito de Venta
20170831,11004080,Corralon El Solar SRL,Av Pte Peron 1052,01555C,Natali Plasticos (Vta Directa),-9,-0.9,-180,-9,-0.88,-1.06,0,3,0,0,0,0,0,0,0,250.36,001400008005,S,Crédito de Venta
20170831,27001542,Rosso Hnos. de Alvaro S. Rosso y Raul E. Rosso,Suc.05 - 25 DE MAYO 69,01555C,Pedro Cocaña,6,0.6,120,6,0.52,0.63,0,3,10,0,0,0,0,0,0,166.91,002200006929,N,Factura de Venta
20170831,29004604,Deposito San Martin S.R.L.,San Martin 770,01555AA,Ventas Buenos Aires,1000,5,1000,50,21467.78,25976,0,0,0,21,12,0,0,0,0,1390.89,002200006906,S,Factura de Venta
20170831,29004604,Deposito San Martin S.R.L.,San Martin 770,01555C,Ventas Buenos Aires,6,0.6,120,6,0.6,0.72,0,0,0,0,0,0,0,0,0,166.91,002200006906,S,Factura de Venta
20170831,30005659,Tripodi Jorge Enrique,Av. Falucho 1140,01555ARC,Esteban Bergamaschi,2500,12.5,2500,125,30129,36456.08,0,0,0,25,12,0,0,0,0,3892.92,002200006942,S,Factura de Venta
20170831,20000029,Tubonor SA,Bv Tavella 2750,01555MA,Isolant SA,1,0.15,20,1,0.1,0.12,0,3,0,0,0,0,0,0,0,491.17,002200006927,N,Factura de Venta
20170831,30005659,Tripodi Jorge Enrique,Av. Falucho 1140,01555MC,Esteban Bergamaschi,400,3,400,20,19488.48,23581.06,0,0,0,25,12,0,0,0,0,9823.43,002200006943,S,Factura de Venta
20170831,30005659,Tripodi Jorge Enrique,Av. Falucho 1140,01555MA,Esteban Bergamaschi,2,0.3,40,2,0.2,0.24,0,0,0,0,0,0,0,0,0,982.34,002200006943,S,Factura de Venta
20170831,27001542,Rosso Hnos. de Alvaro S. Rosso y Raul E. Rosso,Suc.03 - L. QUINTEROS 557,01555MA,Pedro Cocaña,1,0.15,20,1,0.09,0.11,0,3,10,0,0,0,0,0,0,491.17,002200006928,N,Factura de Venta
20170831,29004604,Deposito San Martin S.R.L.,San Martin 770,01555MC,Ventas Buenos Aires,600,4.5,600,30,30791.8,37258.08,0,0,0,21,12,0,0,0,0,14735.14,002200006906,S,Factura de Venta
20170831,29004604,Deposito San Martin S.R.L.,San Martin 770,01555MA,Ventas Buenos Aires,5,0.75,100,5,0.5,0.6,0,0,0,0,0,0,0,0,0,2455.86,002200006906,S,Factura de Venta
20170831,20000029,Tubonor SA,Bv Tavella 2750,01557C,Isolant SA,4,0.8,80,4,0.39,0.47,0,3,0,0,0,0,0,0,0,122.95,002200006927,N,Factura de Venta
20170831,30005659,Tripodi Jorge Enrique,Av. Falucho 1140,01559AA,Esteban Bergamaschi,500,5,500,25,15556.2,18823,0,0,0,25,12,0,0,0,0,768.41,002200006943,S,Factura de Venta
20170831,11004080,Corralon El Solar SRL,Av Pte Peron 1052,01559AA,Natali Plasticos (Vta Directa),500,5,500,25,17130.68,20728.12,0,0,0,21,8,0,0,0,0,768.41,001400000781,S,Factura de Venta
20170831,11004080,Corralon El Solar SRL,Av Pte Peron 1052,01557C,Natali Plasticos (Vta Directa),3,0.6,60,3,0.3,0.36,0,0,0,0,0,0,0,0,0,92.21,001400000781,S,Factura de Venta
20170831,11004080,Corralon El Solar SRL,Av Pte Peron 1052,01559AA,Natali Plasticos (Vta Directa),-25,-0.25,-25,-1.25,-830.84,-1005.32,0,3,0,21,8,0,0,0,0,38.42,001400008005,S,Crédito de Venta
20170831,11004080,Corralon El Solar SRL,Av Pte Peron 1052,01557C,Natali Plasticos (Vta Directa),-3,-0.6,-60,-3,-0.3,-0.36,0,3,0,0,0,0,0,0,0,92.21,001400008005,S,Crédito de Venta
20170831,05003080,Dominguez Martha Ofelia,Iturraspe 695,01557AKC,Levy,75,0.525,75,5,1807.12,2186.62,0,0,0,21,0,0,0,0,0,170.18,002200006933,S,Factura de Venta
20170831,30005659,Tripodi Jorge Enrique,Av. Falucho 1140,01557ARC,Esteban Bergamaschi,700,7,700,35,13258.36,16042.6,0,0,0,25,10,0,0,0,0,1051.64,002200006944,S,Factura de Venta
20170831,11003126,Leffler y Wollert SRL,Lavarden 670,01557ARC,Victor Casañas,940,9.4,940,47,16503.18,19968.86,0,0,10,21,12,0,0,0,0,1412.2,002200006923,S,Factura de Venta
20170831,11003126,Leffler y Wollert SRL,Lavarden 670,01558ECC,Victor Casañas,1600,16,1600,80,41384.98,50075.82,0,0,10,21,12,0,0,0,0,31394.07,002200006923,S,Factura de Venta
20170831,05003080,Dominguez Martha Ofelia,Iturraspe 695,01655ONC,Levy,6,0.084,6,0.5,3350.52,4054.12,0,0,0,21,15,0,0,0,0,205.2,002200006933,S,Factura de Venta
20170831,24002195,Prado Hector Roque,Prbo. Daniel Segundo 931,01655ONC,Diego Fani,-4,-0.056,-4,-0.333333333333333,-1796.26,-2173.46,0,0,10,25,12,0,0,0,0,136.8,001400008017,S,Crédito de Venta
20170831,24002195,Prado Hector Roque,Prbo. Daniel Segundo 931,01655ONC,Diego Fani,48,0.672,48,4,21555.08,26081.64,0,0,10,25,12,0,0,0,0,1641.6,001400000783,S,Factura de Venta
20170831,29000227,Moreno Alfredo German,,01IN,Isolant SA,-1,0,0,-1,-217.9,-263.66,0,0,0,0,0,0,0,0,0,,001300000299,,Crédito de Venta
20170831,03004816,Maderera Yacuy SRL,,01IN,Levy,-1,0,0,-1,-276.59,-334.67,0,0,0,0,0,0,0,0,0,,001300000304,N,Crédito de Venta
20170831,04005689,Polifoam SRL,Alte. Brown 3985,01652DA,Isolant SI,300,4.5,300,0,15630.45,18912.84,0,0,0,45,0,0,0,0,0,4385.18,002200006937,N,Factura de Venta
20170831,13003662,A B Construcciones SRL,Av. Almte. Brown 198,04ANTICIPOS,Pedro Cocaña,1,0,0,1,24704.34,29892.25,0,0,0,0,0,0,0,0,0,,001400000786,N,Factura de Venta
20170831,13003662,A B Construcciones SRL,Av. Almte. Brown 198,04ANTICIPOS,Pedro Cocaña,1,0,0,1,85409.93,103346.02,0,0,0,0,0,0,0,0,0,,001400000787,N,Factura de Venta
20170831,29000227,Moreno Alfredo German,,01IN,Isolant SA,-1,0,0,-1,-80.48,-97.38,0,0,0,0,0,0,0,0,0,,001300000300,,Crédito de Venta
20170831,24003241,Orso Marcelo Ariel,Ruta 8 y G. Dimmer,04ANTICIPOS,Natali Plasticos (Vta Directa),1,0,0,1,413223.14,500000,0,0,0,0,0,0,0,0,0,,001400000779,N,Factura de Venta
20170831,06002190,Bizzotto e Hijos SRL,,04C00898,Pedro Cocaña,1,0,0,1,0.03,0.03,0,0,0,0,0,0,0,0,0,,000000011097,,Débito (Ajustes)
20170831,03000023,Industrias Saladillo SA,IS.SA. Planta Pilar,01776BA,Isolant SI,134,3.7887696,0,134,24224.52,29311.67,0,0,0,0,0,0,0,0,0,15188.9,002200006910,N,Factura de Venta
20170831,02005702,Caps Ram,,04ANTICIPOS,Levy,-1,0,0,-1,-28236,-34165.56,0,0,0,0,0,0,0,0,0,,001400008018,N,Crédito de Venta
20170831,01005857,Empiro Sociedad Anonima,,04ANTICIPOS,Ventas Buenos Aires,-1,0,0,-1,-6698.95,-8105.73,0,0,0,0,0,0,0,0,0,,001400008022,N,Crédito de Venta
20170831,03000023,Industrias Saladillo SA,IS.SA. Planta Pilar,01776BA,Isolant SI,172,4.8631968,0,172,31094.16,37623.93,0,0,0,0,0,0,0,0,0,19496.2,002200006911,N,Factura de Venta
20170831,07002155,Blussand Roberto Enrique,Tomás de Archondo 2553,01508DB,Meier,-400,-0.8,-400,0,-2861.6,-3462.54,0,0,0,30,0,0,0,0,0,1200,001400008011,S,Crédito de Venta
20170831,03000023,Industrias Saladillo SA,IS.SA. Planta Pilar,01776BA,Isolant SI,87,2.4598728,0,87,15727.86,19030.71,0,0,0,0,0,0,0,0,0,9861.45,002200006913,N,Factura de Venta
20170831,24002684,Centro De Chapas Rosario SA,,04ANTICIPOS,Diego Fani,-1,0,0,-1,-83232.56,-100711.4,0,0,0,0,0,0,0,0,0,,001400008019,S,Crédito de Venta
20170831,24002684,Centro De Chapas Rosario SA,,04ANTICIPOS,Diego Fani,-1,0,0,-1,-218590.56,-264494.58,0,0,0,0,0,0,0,0,0,,001400008019,S,Crédito de Venta
20170831,24005052,Cinter SRL,Parque Industrial Sauce Viejo,04ANTICIPOS,Diego Fani,-1,0,0,-1,-135240,-163640.4,0,0,0,0,0,0,0,0,0,,001400008020,N,Crédito de Venta
20170831,01001821,Aserradero Comar S.C.A,,04C00898,Levy,1,0,0,1,0.18,0.18,0,0,0,0,0,0,0,0,0,,000000011098,,Débito (Ajustes)
20170831,04005689,Polifoam SRL,Alte. Brown 3985,01651C,Isolant SI,-750,-7.5,-750,0,-27055.88,-32737.61,0,0,0,45,0,0,0,0,0,15014.41,001400008004,N,Crédito de Venta
20170831,09002479,Elias Yapur S.A,Alvear 1160,04ANTICIPOS,Diego Fani,1,0,0,1,124629.28,150801.42,0,0,0,0,0,0,0,0,0,,001400000782,S,Factura de Venta
20170831,24001069,Renk Gerardo Augusto,rivadavia 1840,01504CC,Diego Fani,2400,2.4,2400,0,10396.8,12580.13,0,0,0,40,0,0,0,0,0,3576,002200006935,N,Factura de Venta
20170831,24001069,Renk Gerardo Augusto,rivadavia 1840,01508DB,Diego Fani,100,0.2,100,0,649.2,785.53,0,0,0,40,0,0,0,0,0,300,002200006935,N,Factura de Venta
20170831,24001069,Renk Gerardo Augusto,rivadavia 1840,01508CC,Diego Fani,300,0.6,300,300,1947.6,2356.6,0,0,0,40,0,0,0,0,0,855,002200006935,N,Factura de Venta
20170831,04005689,Polifoam SRL,Alte. Brown 3985,01651C,Isolant SI,750,7.5,750,0,27204.38,32917.29,0,0,0,45,0,0,0,0,0,15014.41,002200006939,N,Factura de Venta
20170831,02005702,Caps Ram,,04ANTICIPOS,Levy,-1,0,0,-1,-43440,-52562.4,0,0,0,0,0,0,0,0,0,,001400008006,N,Crédito de Venta
20170831,01004664,Construccion de Estructuras SRL,,04ANTICIPOS,Ventas Buenos Aires,-1,0,0,-1,-34850,-42168.5,0,0,0,0,0,0,0,0,0,,001400008008,N,Crédito de Venta
20170831,13003662,A B Construcciones SRL,Av. Almte. Brown 198,04ANTICIPOS,Pedro Cocaña,1,0,0,1,36793.03,44519.57,0,0,0,0,0,0,0,0,0,,001400000785,N,Factura de Venta
20170831,03000023,Industrias Saladillo SA,IS.SA. Planta Pilar,01776BA,Isolant SI,160,4.523904,0,160,28924.8,34999.01,0,0,0,0,0,0,0,0,0,18136,002200006925,N,Factura de Venta
20170831,03000023,Industrias Saladillo SA,IS.SA. Planta Pilar,01777BA,Isolant SI,80,2.136288,0,80,12855.2,15554.79,0,0,0,0,0,0,0,0,0,8028.8,002200006925,N,Factura de Venta
20170831,29000227,Moreno Alfredo German,,01IN,Isolant SA,-1,0,0,-1,-138.83,-167.99,0,0,0,0,0,0,0,0,0,,001300000301,,Crédito de Venta
20170831,29000227,Moreno Alfredo German,,01IN,Isolant SA,-1,0,0,-1,-65.22,-78.91,0,0,0,0,0,0,0,0,0,,001300000302,,Crédito de Venta
20170831,29000227,Moreno Alfredo German,,01IN,Isolant SA,-1,0,0,-1,-425.67,-515.07,0,0,0,0,0,0,0,0,0,,001300000303,,Crédito de Venta

