﻿FechaTxt,Codigo_Cliente,Cliente,EntDir,Codigo_Articulo,Vendedor,cantidad,Mts3,Mts2,Rollos,Importe_Bruto,Importe_Neto,Dto_Contado,Dto_Flete,Dto_Especial,Bonificacion,Desc_Adicional,cantidad_elaborada,m2_ocupados,costo_unitario,costo_total_stock,Costo_de_venta
20161122,03000023,Industrias Saladillo SA,IS.SA. Planta Pilar,01779B,Isolant SI,67,2.1659157,0,67,9023.56,10918.51,0,0,0,0,0,0,0,0,0,0
20161122,01004026,Osito Azul Sociedad Anonima,Martin Rodriguez 1433,01658D,Isolant SI,354.75,10.6425,354.75,0,46750.02,56567.52,0,0,0,0,0,0,0,0,0,0
20161122,03000023,Industrias Saladillo SA,IS.SA. Planta Pilar,01788BA,Isolant SI,7,0.16492,0,7,1155.56,1398.23,0,0,0,0,0,0,0,0,0,0
20161122,03000023,Industrias Saladillo SA,IS.SA. Planta Pilar,01777B,Isolant SI,120,3.204,0,120,12276,14853.96,0,0,0,0,0,0,0,0,0,0
20161122,03000023,Industrias Saladillo SA,IS.SA. Planta Pilar,01788BA,Isolant SI,2,0.04712,0,2,330.16,399.49,0,0,0,0,0,0,0,0,0,0
20161122,03000023,Industrias Saladillo SA,IS.SA. Planta Pilar,01777BB,Isolant SI,10,0.66350592,0,10,3983.4,4819.91,0,0,0,0,0,0,0,0,0,0
20161122,03000023,Industrias Saladillo SA,IS.SA. Planta Pilar,01776BA,Isolant SI,73,2.0640312,0,73,12450.15,15064.68,0,0,0,0,0,0,0,0,0,0
20161122,03000023,Industrias Saladillo SA,IS.SA. Planta Pilar,01777BB,Isolant SI,10,0.66350592,0,10,3983.4,4819.91,0,0,0,0,0,0,0,0,0,0
20161122,03000023,Industrias Saladillo SA,IS.SA. Planta Pilar,01777BB,Isolant SI,12,0.796207104,0,12,4780.08,5783.9,0,0,0,0,0,0,0,0,0,0
20161122,03000023,Industrias Saladillo SA,IS.SA. Planta Pilar,01780B,Isolant SI,73,1.89435,0,73,8319.08,10066.09,0,0,0,0,0,0,0,0,0,0
20161122,03000023,Industrias Saladillo SA,IS.SA. Planta Pilar,01777BB,Isolant SI,20,1.32701184,0,20,7966.8,9639.83,0,0,0,0,0,0,0,0,0,0
20161122,01000452,Caffaro Hnos Sociedad de Responsabilidad Limitada,Martin Rodriguez 1433,01658D,Isolant SI,180.6,5.418,180.6,0,23800.01,28798.01,0,0,0,0,0,0,0,0,0,0
20161122,01000452,Caffaro Hnos Sociedad de Responsabilidad Limitada,Martin Rodriguez 1433,01658D,Isolant SI,264.45,7.9335,264.45,0,34850.01,42168.52,0,0,0,0,0,0,0,0,0,0
20161122,28003763,GAMOREL S.A.,Plaza Carancha 1145 3er Piso,01957C,Isolant SI,-900,0,0,-900,-211680,-211680,0,0,0,0,0,0,0,0,0,0
20161122,28003763,GAMOREL S.A.,Plaza Carancha 1145 3er Piso,01957C,Isolant SI,-900,0,0,-900,-23814,-23814,0,0,0,0,0,0,0,0,0,0
20161122,03004731,Ferrara SA,,04C00898,Levy,1,0,0,1,0.09,0.09,0,0,0,0,0,0,0,0,0,0
20161122,03000023,Industrias Saladillo SA,IS.SA. Planta Pilar,01779BA,Isolant SI,7,0.22631,0,7,1897.56,2296.05,0,0,0,0,0,0,0,0,0,0
20161122,03000023,Industrias Saladillo SA,IS.SA. Planta Pilar,01776BA,Isolant SI,14,0.3958416,0,14,2387.7,2889.12,0,0,0,0,0,0,0,0,0,0
20161122,03000023,Industrias Saladillo SA,IS.SA. Planta Pilar,01779BA,Isolant SI,4,0.12932,0,4,1084.32,1312.03,0,0,0,0,0,0,0,0,0,0
20161122,03000023,Industrias Saladillo SA,IS.SA. Planta Pilar,01781BA,Isolant SI,15,0.588,0,15,2279.7,2758.44,0,0,0,0,0,0,0,0,0,0
20161122,03000023,Industrias Saladillo SA,IS.SA. Planta Pilar,01781BB,Isolant SI,6,0.2352,0,6,1578,1909.38,0,0,0,0,0,0,0,0,0,0
20161122,03000023,Industrias Saladillo SA,IS.SA. Planta Pilar,01788BA,Isolant SI,5,0.1178,0,5,825.4,998.73,0,0,0,0,0,0,0,0,0,0
20161122,03000023,Industrias Saladillo SA,IS.SA. Planta Pilar,01781BA,Isolant SI,15,0.588,0,15,2279.7,2758.44,0,0,0,0,0,0,0,0,0,0
20161122,30004679,Landoni Eduardo Antonio,Av. Colon 2510,01524GC,Esteban Bergamaschi,500,5,500,0,15906.65,19247.05,0,0,0,21,0,0,0,0,0,0
20161122,16004335,Alvarez Victor Horacio,Domingo Mateu 1715,01524AY,Leandro Diaz,20,0.2,20,0,34560,41817.6,0,0,0,0,0,0,0,0,0,0
20161122,05003949,Geoterm SA,Dorrego 3359,01912A,Levy,10,3.6,0,10,16796.9,20324.25,0,0,0,0,0,0,0,0,0,0
20161122,01001234,Indian Carpet SA,Yerbal 1440,01700A,Luis Ramirez,25,3,0,25,14044.27,16993.57,0,0,0,30,0,0,0,0,0,0
20161122,11002933,La Agricola Regional Cooperativa Limitada,Moreno 1404,01557A,Natali Plasticos (Vta Directa),45,9,900,45,27811.79,33652.27,0,0,1,21,12,0,0,0,0,0
20161122,11002933,La Agricola Regional Cooperativa Limitada,Moreno 1404,01557C,Natali Plasticos (Vta Directa),12,2.4,240,12,1.19,1.44,0,0,1,0,0,0,0,0,0,0
20161122,28003763,GAMOREL S.A.,Plaza Carancha 1145 3er Piso,01957C,Isolant SI,-900,0,0,-900,-211680,-211680,0,0,0,0,0,0,0,0,0,0
20161122,28003763,GAMOREL S.A.,Plaza Carancha 1145 3er Piso,01957C,Isolant SI,-900,0,0,-900,-23814,-23814,0,0,0,0,0,0,0,0,0,0
20161122,03000023,Industrias Saladillo SA,IS.SA. Planta Pilar,01776B,Isolant SI,113,3.1950072,0,113,12633.4,15286.41,0,0,0,0,0,0,0,0,0,0
20161122,03000023,Industrias Saladillo SA,IS.SA. Planta Pilar,01777B,Isolant SI,19,0.5073,0,19,1943.7,2351.88,0,0,0,0,0,0,0,0,0,0
20161122,03000023,Industrias Saladillo SA,IS.SA. Planta Pilar,01778B,Isolant SI,10,0.245045,0,10,1057.5,1279.58,0,0,0,0,0,0,0,0,0,0
20161122,03000023,Industrias Saladillo SA,IS.SA. Planta Pilar,01779BA,Isolant SI,7,0.22631,0,7,1897.56,2296.05,0,0,0,0,0,0,0,0,0,0
20161122,03000023,Industrias Saladillo SA,IS.SA. Planta Pilar,01778BB,Isolant SI,3,0.1696464,0,3,973.53,1177.97,0,0,0,0,0,0,0,0,0,0
20161122,03000023,Industrias Saladillo SA,IS.SA. Planta Pilar,01780BB,Isolant SI,5,0.2375,0,5,1437.45,1739.31,0,0,0,0,0,0,0,0,0,0
20161122,01002303,Alcantara Jorge Damaso Hector,Zarraga 3561,01551I,Levy,1,0.1,20,1,189.36,229.12,3,0,0,21,12,0,0,0,0,0
20161122,29003543,Montani Hierros SA,Maipu 196,01960DA,Disapla,8,0,0,8,21167.51,25612.69,0,0,0,21,0,0,0,0,0,0
20161122,07003935,Cordoba Goma SACI,La Rioja 302,01851A,Meier,10,2.5,250,10,9011.7,10904.16,0,0,0,25,0,0,0,0,0,0
20161122,07003935,Cordoba Goma SACI,La Rioja 302,01658DC,Meier,40,1.2,40,0,5981.7,7237.86,0,0,0,25,0,0,0,0,0,0
20161122,24002397,Trobbiani Daniel Ramon,27 De Febrero 2439,01850A,Diego Fani,3,0.375,75,3,1899.67,2298.6,0,0,0,21,0,0,0,0,0,0
20161122,24002397,Trobbiani Daniel Ramon,27 De Febrero 2439,01851A,Diego Fani,4,1,100,4,3796.93,4594.28,0,0,0,21,0,0,0,0,0,0
20161122,24002397,Trobbiani Daniel Ramon,27 De Febrero 2439,01854B,Diego Fani,2,0.5,50,2,3074.68,3720.36,0,0,0,21,0,0,0,0,0,0
20161122,24002397,Trobbiani Daniel Ramon,27 De Febrero 2439,01788C,Diego Fani,1,0.07162848,0,1,952.22,1152.18,0,0,0,21,0,0,0,0,0,0
20161122,24002397,Trobbiani Daniel Ramon,27 De Febrero 2439,01760D,Diego Fani,1,0.08294,0,1,1080.51,1307.42,0,0,0,21,0,0,0,0,0,0
20161122,24002397,Trobbiani Daniel Ramon,27 De Febrero 2439,01761C,Diego Fani,1,0.08482,0,1,1003.16,1213.82,0,0,0,21,0,0,0,0,0,0
20161122,24002397,Trobbiani Daniel Ramon,27 De Febrero 2439,01762B,Diego Fani,3,0.196789824,0,3,2707.51,3276.09,0,0,0,21,0,0,0,0,0,0
20161122,24002397,Trobbiani Daniel Ramon,27 De Febrero 2439,01766C,Diego Fani,3,0.14928,0,3,2218.34,2684.2,0,0,0,21,0,0,0,0,0,0
20161122,01005292,Adamant SRL,Paysandu 923 (entre Crisologo Larralde y Lucena),01514D,Isolant SI,450,2.25,450,450,3370.5,4078.3,0,0,0,0,0,0,0,0,0,0
20161122,01005292,Adamant SRL,Paysandu 923 (entre Crisologo Larralde y Lucena),01514D,Isolant SI,600,3,600,600,4494,5437.74,0,0,0,0,0,0,0,0,0,0
20161122,03000023,Industrias Saladillo SA,IS.SA. Planta Pilar,01766AS,Isolant SI,20,0.7916,0,20,1929.6,2334.82,0,0,0,0,0,0,0,0,0,0
20161122,03000023,Industrias Saladillo SA,IS.SA. Planta Pilar,01782B,Isolant SI,9,0.279,0,9,880.92,1065.91,0,0,0,0,0,0,0,0,0,0
20161122,03000023,Industrias Saladillo SA,IS.SA. Planta Pilar,01788BA,Isolant SI,4,0.09424,0,4,660.32,798.99,0,0,0,0,0,0,0,0,0,0
20161122,03000023,Industrias Saladillo SA,IS.SA. Planta Pilar,01788BA,Isolant SI,5,0.1178,0,5,825.4,998.73,0,0,0,0,0,0,0,0,0,0
20161122,03000023,Industrias Saladillo SA,IS.SA. Planta Pilar,01781BA,Isolant SI,29,1.1368,0,29,4407.42,5332.98,0,0,0,0,0,0,0,0,0,0
20161122,03000023,Industrias Saladillo SA,IS.SA. Planta Pilar,01766AS,Isolant SI,20,0.7916,0,20,1929.6,2334.82,0,0,0,0,0,0,0,0,0,0
20161122,04003368,Degacor SA,Ranchos 2341,01851A,Hector Collia,8,2,200,8,7593.86,9188.57,0,0,0,21,0,0,0,0,0,0
20161122,04005747,Manso Hector Abel,San Luis 643,01555ECC,Hector Collia,660,3.3,660,33,10271.44,12428.46,0,0,0,25,12,0,0,0,0,0
20161122,04005747,Manso Hector Abel,San Luis 643,01550IC,Hector Collia,800,1.6,800,40,3960,4791.6,0,0,0,25,12,0,0,0,0,0
20161122,03004281,Majara SRL,Av. Avellaneda 3112/14,01524GC,Hector Collia,125,1.25,125,0,3523.63,4263.59,0,0,0,30,0,0,0,0,0,0
20161122,03004281,Majara SRL,Av. Avellaneda 3112/14,01700A,Hector Collia,5,0.6,0,5,2977.38,3602.63,0,0,0,30,0,0,0,0,0,0
20161122,03003751,Indupoles Argentina SA,Parque Ind. Campana - Km70 de Panamericana - Lote 12,01501IG,Isolant SI,11250,5.625,11250,0,20362.5,24638.63,0,0,0,0,0,0,0,0,0,0
20161122,03003751,Indupoles Argentina SA,Parque Ind. Campana - Km70 de Panamericana - Lote 12,01501IE,Isolant SI,17500,8.75,17500,0,31675,38326.75,0,0,0,0,0,0,0,0,0,0
20161122,03003751,Indupoles Argentina SA,Parque Ind. Campana - Km70 de Panamericana - Lote 12,01500AIN,Isolant SI,50000,25,50000,50000,71000,85910,0,0,0,0,0,0,0,0,0,0
20161122,03003751,Indupoles Argentina SA,Parque Ind. Campana - Km70 de Panamericana - Lote 12,01501IQ,Isolant SI,2100,1.05,2100,0,3801,4599.21,0,0,0,0,0,0,0,0,0,0
20161122,07003959,Planear SRL,Puente del Inca 826 - Barrio Prque Capital,01603A,Meier,30,1.5,750,30,4731.3,5724.87,0,0,0,30,0,0,0,0,0,0
20161122,07003959,Planear SRL,Puente del Inca 826 - Barrio Prque Capital,01700A,Meier,7,0.84,0,7,4704.26,5692.16,0,0,0,21,0,0,0,0,0,0
20161122,02002971,Expotap SRL,Av. Mitre 5447,01524GC,Hector Collia,500,5,500,0,12685.05,15348.91,0,0,0,30,10,0,0,0,0,0
20161122,02003081,Fabian Palazzolo SRL,Av. Juan M. de Rosas 10984,01569BC,Hector Collia,75,22.5,1500,75,96694.61,117000.48,0,0,0,21,5,0,0,0,0,0
20161122,02001685,Distribuidora Rach SRL,Av. La Plata 3749,01568BC,Hector Collia,300,3,300,15,16514.16,19982.14,0,0,0,21,0,0,0,0,0,0
20161122,02005274,Sato Jose Ricardo,Av. 131 Esq. 65,01957A,Ventas Buenos Aires,1,0,0,1,0.1,0.12,0,0,0,0,0,0,0,0,0,0
20161122,02005274,Sato Jose Ricardo,Av. 131 Esq. 65,01555AA,Ventas Buenos Aires,1000,5,1000,50,22296.96,26979.32,0,0,0,21,4,0,0,0,0,0
20161122,02005274,Sato Jose Ricardo,Av. 131 Esq. 65,01555C,Ventas Buenos Aires,6,0.6,120,6,0.6,0.72,0,0,0,0,0,0,0,0,0,0
20161122,02003203,Maderera La Loma SA,Calle 161 y 40,01558BC,Ventas Buenos Aires,20,4,400,20,21176.58,25623.66,0,0,0,21,0,0,0,0,0,0
20161122,02003203,Maderera La Loma SA,Calle 161 y 40,01557A,Ventas Buenos Aires,4,0.8,80,4,2497.13,3021.53,0,0,0,21,12,0,0,0,0,0

