﻿FechaTxt,Codigo_Cliente,Cliente,EntDir,Codigo_Articulo,Vendedor,cantidad,Mts3,Mts2,Rollos,Importe_Bruto,Importe_Neto,Dto_Contado,Dto_Flete,Dto_Especial,Bonificacion,Desc_Adicional,cantidad_elaborada,m2_ocupados,costo_unitario,costo_total_stock,Costo_de_venta,comp,C_Construccion,nomdoc
20170807,03000023,Industrias Saladillo SA,IS.SA. Planta Pilar,01779BA,Isolant SI,5,0.16165,0,5,1436.7,1738.41,0,0,0,0,0,0,0,0,0,872.45,002200006444,N,Factura de Venta
20170807,01000313,Montagne Outdoors SACIFIA,"Godoy Cruz 1360 - ""No enviar Semis""",01510AC,Fernando Palmas,100,0.3,100,100,777,940.17,0,0,0,0,0,0,0,0,0,373,002200006447,N,Factura de Venta
20170807,29001927,Damioli Franca Amabile,Av. 520 nº 1681 e/11 Y 12,01656AC,NN (Ex MDT),90,2.25,90,0,10846.08,13123.76,0,0,0,30,0,0,0,0,0,2659.5,002200006448,N,Factura de Venta
20170807,29001927,Damioli Franca Amabile,Av. 520 nº 1681 e/11 Y 12,01557A,NN (Ex MDT),10,2,200,10,6600.23,7986.28,0,0,0,30,0,0,0,0,0,2606.7,002200006448,N,Factura de Venta
20170807,29000227,Moreno Alfredo German,Av. 44 nº 2721 entre 149/150,01765C,Isolant SA,10,0.5881,0,10,4749.44,5746.82,0,0,0,59,0,0,0,0,0,2157.8,002200006449,S,Factura de Venta
20170807,04005689,Polifoam SRL,Alte. Brown 3985,01654DAP,Isolant SI,300,6,300,0,21047.4,25467.35,0,0,0,45,0,0,0,0,0,8364,002200006437,N,Factura de Venta
20170807,24005846,Corralon Dellasanta S.A,Monteagudo 249,06C001CO,Diego Fani,1,0,0,1,0.1,0.12,0,0,0,0,0,0,0,0,0,0,002200006442,S,Factura de Venta
20170807,03000023,Industrias Saladillo SA,IS.SA. Planta Pilar,01777B,Isolant SI,57,1.5219,0,57,6181.08,7479.11,0,0,0,0,0,0,0,0,0,2626.56,002200006436,N,Factura de Venta
20170807,03000023,Industrias Saladillo SA,,01765AS,Isolant SI,1,0.0465,0,1,236.04,285.61,0,0,0,0,0,0,0,0,0,65.29,001400000137,,Débito de Venta
20170807,03002437,Quaglia SA,Florentino Ameghino 1451,01510AC,Esteban Bergamaschi,200,0.6,200,200,2425.3,2934.61,0,0,0,21,0,0,0,0,0,746,002200006441,N,Factura de Venta
20170807,03000023,Industrias Saladillo SA,,01774AS,Isolant SI,1,0.02796,0,1,153.16,185.32,0,0,0,0,0,0,0,0,0,72.87,001400000139,,Débito de Venta
20170807,03003751,Indupoles Argentina SA,Parque Ind. Campana - Km70 de Panamericana - Lote 12,01515B,Isolant SI,10800,54,10800,0,108000,130680,0,0,0,0,0,0,0,0,0,82728,002200006435,N,Factura de Venta
20170807,03000023,Industrias Saladillo SA,,01777B,Isolant SI,1,0.0267,0,1,102.3,123.78,0,0,0,0,0,0,0,0,0,46.08,001400000140,,Débito de Venta
20170807,06004657,Galan Jose Javier,Av. Sanchez Oviedo 530,01557A,Pedro Cocaña,5,1,100,5,3303.02,3996.66,0,3,0,21,4,0,0,0,0,1303.35,002200006454,N,Factura de Venta
20170807,06004657,Galan Jose Javier,Av. Sanchez Oviedo 530,01555AK,Pedro Cocaña,20,0.9,300,20,3908.5,4729.28,0,3,0,21,4,0,0,0,0,2096.4,002200006454,N,Factura de Venta
20170807,27001902,Josefa M. de Rodriguez SA,España y Buenos Aires,01568CB,Pedro Cocaña,17,3.4,340,17,24506.19,29652.49,0,3,0,21,0,0,0,0,0,8833.88,002200006461,N,Factura de Venta
20170807,03000481,CMP Estructuras SA,Panamericana KM 77,04VARIOS,Hector Collia,-1,0,0,-1,-5123.18,-6199.05,0,0,0,0,0,0,0,0,0,0,001400007970,N,Crédito de Venta
20170807,07000012,Natali Plasticos SRL,,04VARIOS,Isolant SA,-1,0,0,-1,-1293.39,-1565,0,0,0,0,0,0,0,0,0,0,001400007971,N,Crédito de Venta
20170807,31003223,Hierros Trotta SA,,04VARIOS,Ventas Buenos Aires,-1,0,0,-1,-640.5,-775,0,0,0,0,0,0,0,0,0,0,001400007972,N,Crédito de Venta
20170807,11004428,Prades Sociedad Anonima,Av. Monseñor Tavella Nº1937,01765A,Victor Casañas,1,0.0465,0,1,417.84,505.59,0,0,0,21,3,0,0,0,0,65.29,002200006459,N,Factura de Venta
20170807,15002285,Konstruya SRL,Ruta5 (Frente a plazoleta El Tria,01557A,Pedro Cocaña,90,18,1800,90,54499.88,65944.85,0,3,0,21,12,0,0,0,0,23460.3,002200006452,N,Factura de Venta
20170807,27005059,Luma Proyectos SRL,San Martin 2832,01900A,Pedro Cocaña,2,0.1508,0,2,5399.46,6533.34,0,3,0,21,0,0,0,0,0,2828.24,002200006456,N,Factura de Venta
20170807,27005059,Luma Proyectos SRL,San Martin 2832,01903A,Pedro Cocaña,1,0.07599,0,1,1293.55,1565.19,0,3,0,21,0,0,0,0,0,583.67,002200006456,N,Factura de Venta
20170807,27005059,Luma Proyectos SRL,San Martin 2832,01905A,Pedro Cocaña,2,0.14236,0,2,1491.36,1804.54,0,3,0,21,0,0,0,0,0,982.76,002200006456,N,Factura de Venta
20170807,06004657,Galan Jose Javier,Av. Sanchez Oviedo 530,01555A,Pedro Cocaña,25,2.5,500,25,10814.76,13085.86,0,3,0,21,4,0,0,0,0,4126,002200006454,N,Factura de Venta
20170807,06001365,Coronel Juan Bautista,El cliente retira del deposito del Transporte,01557AR,Pedro Cocaña,20,4,400,20,8015.62,9698.9,0,3,0,21,4,0,0,0,0,4549,002200006455,N,Factura de Venta
20170807,11004428,Prades Sociedad Anonima,Av. Monseñor Tavella Nº1937,06C001CO,Victor Casañas,1,0,0,1,0.1,0.12,0,0,0,0,0,0,0,0,0,0,002200006457,N,Factura de Venta
20170807,11004428,Prades Sociedad Anonima,Av. Monseñor Tavella Nº1937,01555M,Victor Casañas,20,3,400,20,19539.29,23642.54,0,0,0,21,12,0,0,0,0,10526.2,002200006457,N,Factura de Venta
20170807,11004428,Prades Sociedad Anonima,Av. Monseñor Tavella Nº1937,01554BC,Victor Casañas,10,1,200,10,8249.68,9982.11,0,0,0,21,3,0,0,0,0,3920.2,002200006458,N,Factura de Venta
20170807,11004428,Prades Sociedad Anonima,Av. Monseñor Tavella Nº1937,01558BC,Victor Casañas,20,4,400,20,22003.84,26624.65,0,0,0,21,3,0,0,0,0,10688,002200006458,N,Factura de Venta
20170807,11004428,Prades Sociedad Anonima,Av. Monseñor Tavella Nº1937,01750A,Victor Casañas,4,0,0,4,2563.52,3101.86,0,0,0,21,3,0,0,0,0,720.4,002200006459,N,Factura de Venta
20170807,21003157,De La Vega Federico Jose,Av San Francisco Km 3.5,06C001CO,Pedro Cocaña,1,0,0,1,0.1,0.12,0,3,0,0,0,0,0,0,0,0,002200006453,N,Factura de Venta
20170807,21003157,De La Vega Federico Jose,Av San Francisco Km 3.5,01555AR,Pedro Cocaña,110,11,2200,110,27062.3,32745.38,0,3,0,21,12,0,0,0,0,14534.3,002200006453,N,Factura de Venta
20170807,21003157,De La Vega Federico Jose,Av San Francisco Km 3.5,01557AR,Pedro Cocaña,50,10,1000,50,18920.07,22893.28,0,3,0,21,12,0,0,0,0,11372.5,002200006453,N,Factura de Venta
20170807,06001365,Coronel Juan Bautista,El cliente retira del deposito del Transporte,06C001CO,Pedro Cocaña,1,0,0,1,0.1,0.12,0,3,0,0,0,0,0,0,0,0,002200006455,N,Factura de Venta
20170807,06001365,Coronel Juan Bautista,El cliente retira del deposito del Transporte,01555A,Pedro Cocaña,10,1,200,10,4325.9,5234.34,0,3,0,21,4,0,0,0,0,1650.4,002200006455,N,Factura de Venta
20170807,06001365,Coronel Juan Bautista,El cliente retira del deposito del Transporte,01555AR,Pedro Cocaña,30,3,600,30,7817,9458.56,0,3,0,21,4,0,0,0,0,3963.9,002200006455,N,Factura de Venta
20170807,04005689,Polifoam SRL,Alte. Brown 3985,01654AP,Isolant SI,100,2,100,0,7015.8,8489.12,0,0,0,45,0,0,0,0,0,2685,002200006437,N,Factura de Venta
20170807,04005689,Polifoam SRL,Alte. Brown 3985,01656DAP,Isolant SI,300,7.5,300,0,25768.05,31179.34,0,0,0,45,0,0,0,0,0,10347,002200006438,N,Factura de Venta
20170807,04005689,Polifoam SRL,Alte. Brown 3985,01650DC,Isolant SI,125,1.25,125,0,5219.5,6315.6,0,0,0,45,0,0,0,0,0,1945,002200006439,N,Factura de Venta
20170807,04005689,Polifoam SRL,Alte. Brown 3985,01514DC,Isolant SI,600,3,600,600,7728,9350.88,0,0,0,0,0,0,0,0,0,2994,002200006440,N,Factura de Venta
20170807,29000227,Moreno Alfredo German,Av. 44 nº 2721 entre 149/150,01853A,Isolant SA,9,1.125,225,9,5906.36,7146.7,0,0,0,32.5,7,0,0,0,0,1703.25,002200006450,S,Factura de Venta
20170807,03004813,Loma Hermosa Plast SA,Saavedra 6440,01514D,Levy,1050,5.25,1050,1050,11162.76,13506.94,0,3,0,0,0,0,0,0,0,5239.5,002200006451,N,Factura de Venta
20170807,03000023,Industrias Saladillo SA,IS.SA. Planta Pilar,01525AHC,Isolant SI,1080,10.8,1080,1080,16750.8,20268.47,0,0,0,0,0,0,0,0,0,1790.22,002200006446,N,Factura de Venta
20170807,29000227,Moreno Alfredo German,Av. 44 nº 2721 entre 149/150,01563DC,Isolant SA,200,1,200,10,6977.66,8442.98,0,0,0,32.5,4,0,0,0,0,2943.95,002200006450,S,Factura de Venta
20170807,06004657,Galan Jose Javier,Av. Sanchez Oviedo 530,01555C,Pedro Cocaña,3,0.3,60,3,0.29,0.35,0,3,0,0,0,0,0,0,0,77.12,002200006454,N,Factura de Venta
20170807,29000227,Moreno Alfredo German,Av. 44 nº 2721 entre 149/150,01555ARC,Isolant SA,3800,19,3800,190,34088.86,41247.5,0,0,0,32.5,25,0,0,0,0,6202.63,002200006450,S,Factura de Venta
20170807,11004428,Prades Sociedad Anonima,Av. Monseñor Tavella Nº1937,01555MA,Victor Casañas,2,0.3,40,2,0.2,0.24,0,0,0,0,0,0,0,0,0,951.85,002200006457,N,Factura de Venta
20170807,15002285,Konstruya SRL,Ruta5 (Frente a plazoleta El Tria,01557C,Pedro Cocaña,24,4.8,480,24,2.33,2.82,0,3,0,0,0,0,0,0,0,690.5,002200006452,N,Factura de Venta
20170807,01005909,Sanitarios Campana S.R.L,"Ruta 6 Km 5,5-Campana (Ent. Obra-Exepción)",01558ECC,Hector Collia,400,4,400,20,8477.56,10257.86,0,0,20,25,12,0,0,0,0,7696.33,002200006434,S,Factura de Venta
20170807,01005909,Sanitarios Campana S.R.L,"Ruta 6 Km 5,5-Campana (Ent. Obra-Exepción)",01558ECC,Hector Collia,5200,52,5200,260,110208.38,133352.14,0,0,20,25,12,0,0,0,0,100052.26,002200006434,S,Factura de Venta
20170807,24005846,Corralon Dellasanta S.A,Monteagudo 249,01558ECC,Diego Fani,2000,20,2000,100,49452.48,59837.5,0,0,0,30,12,0,0,0,0,38481.64,002200006442,S,Factura de Venta
20170807,24005846,Corralon Dellasanta S.A,Monteagudo 249,01558ECC,Diego Fani,400,4,400,20,10913.76,13205.64,0,0,0,25,12,0,0,0,0,7696.33,002200006442,S,Factura de Venta
20170807,11005824,Directo Srl,Luis Noaco 123,01558ESC,Victor Casañas,1400,14,1400,70,20899.62,25288.54,0,3,0,32.5,25,0,0,0,0,2023.74,002200006460,S,Factura de Venta
20170807,24005846,Corralon Dellasanta S.A,Monteagudo 249,01558ESC,Diego Fani,4000,40,4000,200,74905.6,90635.78,0,0,0,30,12,0,0,0,0,5782.12,002200006442,S,Factura de Venta
20170807,24005846,Corralon Dellasanta S.A,Monteagudo 249,01558ESC,Diego Fani,600,6,600,30,12759.12,15438.54,0,0,0,25,12,0,0,0,0,867.32,002200006442,S,Factura de Venta
20170807,03000023,Industrias Saladillo SA,IS.SA. Planta Pilar,01778BA,Isolant SI,75,1.8378375,0,75,12801,15489.21,0,0,0,0,0,0,0,0,0,7373.25,002200006444,N,Factura de Venta
20170807,30004712,Agrupacion de Corralones Organizados Argentinos,,04C00898,Disapla,1,0,0,1,4.36,4.36,0,0,0,0,0,0,0,0,0,,000000011019,,Débito (Ajustes)
20170807,07000012,Natali Plasticos SRL,,04C00898,Isolant SA,1,0,0,1,0.02,0.02,0,0,0,0,0,0,0,0,0,,000000011018,,Débito (Ajustes)
20170807,03000023,Industrias Saladillo SA,,01781B,Isolant SI,1,0.0392,0,1,312.18,377.74,0,0,0,0,0,0,0,0,0,66.12,001400000138,,Débito de Venta
20170807,07002231,Acerco SA,,04C00898,Meier,1,0,0,1,114.05,114.05,0,0,0,0,0,0,0,0,0,,000000011020,,Débito (Ajustes)
20170807,07000012,Natali Plasticos SRL,,01IN,Isolant SA,-1,0,0,-1,-9062.43,-10965.54,0,0,0,0,0,0,0,0,0,,001300000252,N,Crédito de Venta
20170807,03002437,Quaglia SA,Florentino Ameghino 1451,01514PC,Esteban Bergamaschi,125,0.625,125,0,2611.94,3160.44,0,0,0,21,0,0,0,0,0,872.5,002200006441,N,Factura de Venta
20170807,24002684,Centro De Chapas Rosario SA,,04ANTICIPOS,Diego Fani,1,0,0,1,56875.39,68819.22,0,0,0,0,0,0,0,0,0,,001400000759,N,Factura de Venta
20170807,03000023,Industrias Saladillo SA,IS.SA. Planta Pilar,01778B,Isolant SI,33,0.8086485,0,33,3698.97,4475.75,0,0,0,0,0,0,0,0,0,1577.73,002200006443,N,Factura de Venta
20170807,07002231,Acerco SA,,01IN,Meier,-1,0,0,-1,-8457.63,-10233.73,0,0,0,0,0,0,0,0,0,,001300000254,,Crédito de Venta
20170807,07002231,Acerco SA,,01IN,Meier,-1,0,0,-1,-2318.77,-2805.71,0,0,0,0,0,0,0,0,0,,001300000253,,Crédito de Venta
20170807,03000023,Industrias Saladillo SA,IS.SA. Planta Pilar,01778BB,Isolant SI,52,2.9405376,0,52,17886.96,21643.22,0,0,0,0,0,0,0,0,0,9698,002200006445,N,Factura de Venta
20170807,03000023,Industrias Saladillo SA,IS.SA. Planta Pilar,01776B,Isolant SI,101,2.8557144,0,101,11969.51,14483.11,0,0,0,0,0,0,0,0,0,5291.39,002200006436,N,Factura de Venta
20170807,03000023,Industrias Saladillo SA,IS.SA. Planta Pilar,01778B,Isolant SI,40,0.98018,0,40,4483.6,5425.16,0,0,0,0,0,0,0,0,0,1912.4,002200006436,N,Factura de Venta
20170807,03000023,Industrias Saladillo SA,IS.SA. Planta Pilar,01779B,Isolant SI,16,0.5172336,0,16,2284.16,2763.83,0,0,0,0,0,0,0,0,0,994.88,002200006436,N,Factura de Venta

