﻿FechaTxt,Codigo_Cliente,Cliente,EntDir,Codigo_Articulo,Vendedor,cantidad,Mts3,Mts2,Rollos,Importe_Bruto,Importe_Neto,Dto_Contado,Dto_Flete,Dto_Especial,Bonificacion,Desc_Adicional,cantidad_elaborada,m2_ocupados,costo_unitario,costo_total_stock,Costo_de_venta,comp,C_Construccion,nomdoc
20170918,04004334,Fapex SA,Rio Potrero 175 (Esq. Rio de Rey) Barrio CinaCina,01514AF,Isolant SI,1130,5.65,1130,0,6090.7,7369.75,0,0,0,0,0,0,0,0,0,4757.3,002200007318,N,Factura de Venta
20170918,04004334,Fapex SA,Rio Potrero 175 (Esq. Rio de Rey) Barrio CinaCina,01514AF,Isolant SI,3390,16.95,3390,0,18272.1,22109.24,0,0,0,0,0,0,0,0,0,14271.9,002200007318,N,Factura de Venta
20170918,04004334,Fapex SA,Rio Potrero 175 (Esq. Rio de Rey) Barrio CinaCina,01763CF,Isolant SI,20,1.2064,0,20,5788.6,7004.21,0,0,0,0,0,0,0,0,0,4830.2,002200007318,N,Factura de Venta
20170918,04004334,Fapex SA,Rio Potrero 175 (Esq. Rio de Rey) Barrio CinaCina,01765CF,Isolant SI,30,1.7643,0,30,8698.2,10524.82,0,0,0,0,0,0,0,0,0,6121.8,002200007318,N,Factura de Venta
20170918,04004334,Fapex SA,Rio Potrero 175 (Esq. Rio de Rey) Barrio CinaCina,01524AF,Isolant SI,848,8.48,848,0,9361.92,11327.92,0,0,0,0,0,0,0,0,0,7335.2,002200007318,N,Factura de Venta
20170918,04004334,Fapex SA,Rio Potrero 175 (Esq. Rio de Rey) Barrio CinaCina,01514AF,Isolant SI,678,3.39,678,0,3654.42,4421.85,0,0,0,0,0,0,0,0,0,2854.38,002200007318,N,Factura de Venta
20170918,10005925,Neomat De La Patagonia S.A,Paseo de los arrieros 2622 E/ Balbin y Los Sauces,01550I,Norberto Oppezzo,150,6,3000,150,14285.32,17285.23,0,0,0,21,12,0,0,0,0,6172.5,002200007345,N,Factura de Venta
20170918,10005925,Neomat De La Patagonia S.A,Paseo de los arrieros 2622 E/ Balbin y Los Sauces,01555AR,Norberto Oppezzo,20,2,400,20,5072.6,6137.84,0,0,0,21,12,0,0,0,0,2589.4,002200007345,N,Factura de Venta
20170918,04005689,Polifoam SRL,,04C00291,Isolant SI,1,0,0,1,1700.29,1700.29,0,0,0,0,0,0,0,0,0,0,001300001620,,Débito de Venta
20170918,24002684,Centro De Chapas Rosario SA,,04C00291,Diego Fani,1,0,0,1,8598,8598,0,0,0,0,0,0,0,0,0,0,001300001619,,Débito de Venta
20170918,01003694,Anacon SA,Nicasio Oronio 2243,01555AR,Hector Collia,20,2,400,20,4334.18,5244.36,0,0,10,25,12,0,0,0,0,2589.4,002200007346,N,Factura de Venta
20170918,01003694,Anacon SA,Nicasio Oronio 2243,01557AR,Hector Collia,5,1,100,5,1666.59,2016.57,0,0,10,25,12,0,0,0,0,1123.3,002200007346,N,Factura de Venta
20170918,08005938,Kleit Wladimiro,Paso Del Rey S/N,01568CBM,Victor Casañas,1008,10.08,1008,50.4,94792.32,114698.71,0,0,0,0,0,0,0,0,0,522960.48,002200007344,N,Factura de Venta
20170918,16003078,Baron SA,,04C00291,Leandro Diaz,1,0,0,1,8548,8548,0,0,0,0,0,0,0,0,0,0,001300001617,,Débito de Venta
20170918,07005106,Espa SA,,04C00291,Meier,1,0,0,1,15000,15000,0,0,0,0,0,0,0,0,0,0,001300001618,,Débito de Venta
20170918,29003951,San Isidro Deco SA,Rivadavia 237,01700A ,Pastore Pablo,20,2.4,0,20,12504.94,15130.98,0,0,0,30,0,0,0,0,0,5330.2,002200007341,N,Factura de Venta
20170918,02001281,Maderera Llavallol SA,Camino De Cintura 490,01555A,Hector Collia,25,2.5,500,25,11706.66,14165.06,0,0,0,21,4,0,0,0,0,3967.75,002200007332,N,Factura de Venta
20170918,02001281,Maderera Llavallol SA,Camino De Cintura 490,01557A,Hector Collia,25,5,500,25,17877.19,21631.41,0,0,0,21,4,0,0,0,0,6479,002200007332,N,Factura de Venta
20170918,31004346,Fauszleger Sociedad Anonima,Av. Jara 3063,01558EC,Ventas Buenos Aires,50,10,1000,50,28749.65,34787.07,0,0,0,21,12,0,0,0,0,19855,002200007343,N,Factura de Venta
20170918,31004346,Fauszleger Sociedad Anonima,Av. Jara 3063,01557AR,Ventas Buenos Aires,70,14,1400,70,27307.32,33041.85,0,0,0,21,12,0,0,0,0,15726.2,002200007343,N,Factura de Venta
20170918,31004346,Fauszleger Sociedad Anonima,Av. Jara 3063,01558AL,Ventas Buenos Aires,30,6,1200,30,26994.96,32663.91,0,0,0,21,12,0,0,0,0,9680.7,002200007343,N,Factura de Venta
20170918,03000023,Industrias Saladillo SA,IS.SA. Planta Pilar,01777B,Isolant SI,234,6.2478,0,234,26643.24,32238.32,0,0,0,0,0,0,0,0,0,10726.56,002200007331,N,Factura de Venta
20170918,02003403,Vetra SA,Av. M. Castex 1230 (Ex Ruta 52),06C001CO,Hector Collia,1,0,0,1,0.1,0.1,0,0,10,0,0,0,0,0,0,0,002200007334,S,Factura de Venta
20170918,04004334,Fapex SA,Rio Potrero 175 (Esq. Rio de Rey) Barrio CinaCina,01555ARF,Isolant SI,43,4.3,860,43,7191.75,8702.02,0,0,0,0,0,0,0,0,0,5567.21,002200007339,N,Factura de Venta
20170918,04004334,Fapex SA,Rio Potrero 175 (Esq. Rio de Rey) Barrio CinaCina,01557ARF,Isolant SI,36,7.2,720,36,10364.76,12541.36,0,0,0,0,0,0,0,0,0,8087.76,002200007339,N,Factura de Venta
20170918,04004334,Fapex SA,Rio Potrero 175 (Esq. Rio de Rey) Barrio CinaCina,01508AF,Isolant SI,9180,18.36,9180,9180,23225.4,28102.73,0,0,0,0,0,0,0,0,0,18176.4,002200007339,N,Factura de Venta
20170918,04004334,Fapex SA,Rio Potrero 175 (Esq. Rio de Rey) Barrio CinaCina,01508AF,Isolant SI,4896,9.792,4896,4896,12386.88,14988.12,0,0,0,0,0,0,0,0,0,9694.08,002200007339,N,Factura de Venta
20170918,31004346,Fauszleger Sociedad Anonima,Av. Jara 3063,01555A,Ventas Buenos Aires,50,5,1000,50,21462.21,25969.28,0,0,0,21,12,0,0,0,0,7935.5,002200007342,N,Factura de Venta
20170918,31004346,Fauszleger Sociedad Anonima,Av. Jara 3063,01557A,Ventas Buenos Aires,50,10,1000,50,32774.86,39657.58,0,0,0,21,12,0,0,0,0,12958,002200007342,N,Factura de Venta
20170918,31004346,Fauszleger Sociedad Anonima,Av. Jara 3063,01555ED,Ventas Buenos Aires,25,2.5,500,25,11080.97,13407.97,0,0,0,21,12,0,0,0,0,7385,002200007342,N,Factura de Venta
20170918,01000066,Casaccione Juan Pablo,Burela 3465,01652AP,Fernando Palmas,100,1.5,100,0,10951,13250.71,0,0,0,0,0,0,0,0,0,2181,002200007328,N,Factura de Venta
20170918,03002706,Cantera Sander SA,"Ruta Panamericana y 197 (calle Italia) ""FOSCHIA""",01557A,Esteban Bergamaschi,10,2,200,10,7448.83,9013.09,0,0,0,21,0,0,0,0,0,2591.6,002200007329,N,Factura de Venta
20170918,03002706,Cantera Sander SA,"Ruta Panamericana y 197 (calle Italia) ""FOSCHIA""",01554BC,Esteban Bergamaschi,10,1,200,10,8930.08,10805.4,0,0,0,21,0,0,0,0,0,3945.8,002200007329,N,Factura de Venta
20170918,04002052,Disapla SA (Cipo),Estado de Israel 85,01603A,Isolant SA,70,3.5,1750,70,11177.93,13525.3,0,0,0,32.5,0,0,0,0,0,3661.7,002200007337,N,Factura de Venta
20170918,04005689,Polifoam SRL,Alte. Brown 3985,01772A,Isolant SI,3,0.56832,0,3,3353.55,4057.8,0,0,0,0,0,0,0,0,0,922.41,002200007338,N,Factura de Venta
20170918,04005689,Polifoam SRL,Alte. Brown 3985,01761A,Isolant SI,54,3.51162,0,54,14780.88,17884.86,0,0,0,0,0,0,0,0,0,4827.06,002200007338,N,Factura de Venta
20170918,03000023,Industrias Saladillo SA,IS.SA. Planta Pilar,01777B,Isolant SI,145,3.8715,0,145,16509.7,19976.74,0,0,0,0,0,0,0,0,0,6646.8,002200007340,N,Factura de Venta
20170918,04004551,Jose Caserta e Hijos SA,Av. Julio A. Roca 211,01557A,Hector Collia,25,5,500,25,18622.08,22532.71,0,0,0,21,0,0,0,0,0,6479,002200007335,N,Factura de Venta
20170918,03000357,Laboratorios Valmax SA,Sub Perdomo 1619,01507VD,Isolant SI,1680,2.52,1680,0,9324,11282.04,0,0,0,0,0,0,0,0,0,5224.8,002200007336,N,Factura de Venta
20170918,11000969,Bourlot Nestor Conrado,Bolivar e Italia,06M001BA,Victor Casañas,1,0,0,1,0.08,0.09,0,0,0,25,0,0,0,0,0,0,002200007327,N,Factura de Venta
20170918,11000969,Bourlot Nestor Conrado,Bolivar e Italia,06M001FE,Victor Casañas,1,0,0,1,0.1,0.12,0,0,0,0,0,0,0,0,0,0,002200007327,N,Factura de Venta
20170918,11000969,Bourlot Nestor Conrado,Bolivar e Italia,06X002PI,Victor Casañas,1,0,0,1,0.08,0.09,0,0,0,25,0,0,0,0,0,0,002200007327,N,Factura de Venta
20170918,11000969,Bourlot Nestor Conrado,Bolivar e Italia,01904A,Victor Casañas,1,0.06283,0,1,892.85,1080.35,0,0,0,25,0,0,0,0,0,601.72,002200007327,N,Factura de Venta
20170918,11000969,Bourlot Nestor Conrado,Bolivar e Italia,01907A,Victor Casañas,3,0.5655,0,3,5111.12,6184.46,0,0,0,25,0,0,0,0,0,924.9,002200007327,N,Factura de Venta
20170918,04005869,LH Ambrossi S.R.L,Av. 1º De Mayo 5957,01753A,Esteban Bergamaschi,-9,-0.3375,0,-9,-6741,-8156.61,0,0,0,30,0,0,0,0,0,3850.56,001400008033,N,Crédito de Venta
20170918,26004390,Oliva Gerli Carlos Gustavo,Primer Argentino 221,01558BC,Norberto Oppezzo,5,1,100,5,5841.6,5841.6,0,0,0,0,0,0,0,0,0,2754.8,002500000032,,Factura Exterior
20170918,03000357,Laboratorios Valmax SA,Sub Perdomo 1619,01507VD,Isolant SI,4320,6.48,4320,0,23976,29010.96,0,0,0,0,0,0,0,0,0,13435.2,002200007320,N,Factura de Venta
20170918,03000357,Laboratorios Valmax SA,Sub Perdomo 1619,01507VM,Isolant SI,3000,4.5,3000,0,16650,20146.5,0,0,0,0,0,0,0,0,0,9330,002200007320,N,Factura de Venta
20170918,03000357,Laboratorios Valmax SA,Sub Perdomo 1619,01507VC,Isolant SI,6000,9,6000,0,33300,40293,0,0,0,0,0,0,0,0,0,18660,002200007320,N,Factura de Venta
20170918,11004861,Dekko Gualeguaychu SRL,Primera Junta 340,01603AC,Levy,20,1,500,20,5510.12,6667.25,0,0,0,30,0,0,0,0,0,2455.2,002200007326,N,Factura de Venta
20170918,11004861,Dekko Gualeguaychu SRL,Primera Junta 340,01603B,Levy,10,0.5,250,10,2081.94,2519.15,0,0,0,30,0,0,0,0,0,845.1,002200007326,N,Factura de Venta
20170918,24005520,Nocelli Ariel Jesus,Cerrityo 1114/1122,01558EC,Isolant SA,50,10,1000,50,22331.43,27021.03,0,0,0,32.5,20,0,0,0,0,19855,002200007324,N,Factura de Venta
20170918,24005520,Nocelli Ariel Jesus,Cerrityo 1114/1122,01558ES,Isolant SA,50,10,1000,50,17400.96,21055.16,0,0,0,32.5,20,0,0,0,0,12525,002200007324,N,Factura de Venta
20170918,24005520,Nocelli Ariel Jesus,Cerrityo 1114/1122,01555EC,Isolant SA,20,2,400,20,4616.46,5585.92,0,0,0,32.5,20,0,0,0,0,3107.4,002200007324,N,Factura de Venta
20170918,24003921,Bevilacqua Oscar Emilio,Santa Fe 1699,06C001PI,Diego Fani,1,0,0,1,0.1,0.12,0,0,0,0,0,0,0,0,0,0,002200007325,N,Factura de Venta
20170918,24003921,Bevilacqua Oscar Emilio,Santa Fe 1699,01603AC,Diego Fani,50,2.5,1250,50,11748.09,14215.19,0,0,0,21,0,0,0,0,0,6138,002200007325,N,Factura de Venta
20170918,26004390,Oliva Gerli Carlos Gustavo,Primer Argentino 221,01603AC,Norberto Oppezzo,50,2.5,1250,50,11748,11748,0,0,0,0,0,0,0,0,0,6138,002500000032,,Factura Exterior
20170918,04005551,Armado y Montado SA,Irigoyen 668,01570B,Ventas Buenos Aires,1977.5,29.6625,1977.5,98.875,117878.77,142633.32,0,0,0,0,0,0,0,0,0,1282962.45,002200007322,N,Factura de Venta
20170918,03000023,Industrias Saladillo SA,IS.SA. Planta Pilar,01777B,Isolant SI,40,1.068,0,40,4554.4,5510.82,0,0,0,0,0,0,0,0,0,1833.6,002200007323,N,Factura de Venta
20170918,24005520,Nocelli Ariel Jesus,Cerrityo 1114/1122,01555AR,Isolant SA,15,1.5,300,15,2955.12,3575.7,0,0,0,32.5,20,0,0,0,0,1942.05,002200007324,N,Factura de Venta
20170918,24005520,Nocelli Ariel Jesus,Cerrityo 1114/1122,06C001CO,Isolant SA,1,0,0,1,0.1,0.12,0,0,0,0,0,0,0,0,0,0,002200007324,N,Factura de Venta
20170918,24005520,Nocelli Ariel Jesus,Cerrityo 1114/1122,01555AR,Isolant SA,150,15,3000,150,29551.23,35756.99,0,0,0,32.5,20,0,0,0,0,19420.5,002200007324,N,Factura de Venta
20170918,24005520,Nocelli Ariel Jesus,Cerrityo 1114/1122,01557AR,Isolant SA,150,30,3000,150,45452.34,54997.33,0,0,0,32.5,20,0,0,0,0,33699,002200007324,N,Factura de Venta
20170918,04004334,Fapex SA,Rio Potrero 175 (Esq. Rio de Rey) Barrio CinaCina,01514AF,Isolant SI,226,1.13,226,0,1218.14,1473.95,0,0,0,0,0,0,0,0,0,951.46,002200007318,N,Factura de Venta
20170918,04004334,Fapex SA,Rio Potrero 175 (Esq. Rio de Rey) Barrio CinaCina,01763CF,Isolant SI,9,0.54288,0,9,2604.87,3151.89,0,0,0,0,0,0,0,0,0,2173.59,002200007318,N,Factura de Venta
20170918,04004334,Fapex SA,Rio Potrero 175 (Esq. Rio de Rey) Barrio CinaCina,01765CF,Isolant SI,50,2.9405,0,50,14497,17541.37,0,0,0,0,0,0,0,0,0,10203,002200007318,N,Factura de Venta
20170918,04004334,Fapex SA,Rio Potrero 175 (Esq. Rio de Rey) Barrio CinaCina,01766CF,Isolant SI,11,0.54736,0,11,2571.58,3111.61,0,0,0,0,0,0,0,0,0,1769.79,002200007319,N,Factura de Venta
20170918,03000023,Industrias Saladillo SA,IS.SA. Planta Pilar,01777B,Isolant SI,50,1.335,0,50,5693,6888.53,0,0,0,0,0,0,0,0,0,2292,002200007321,N,Factura de Venta
20170918,04005551,Armado y Montado SA,Irigoyen 668,01570B,Ventas Buenos Aires,676.5,10.1475,676.5,33.825,40326.17,48794.66,0,0,0,0,0,0,0,0,0,438899.67,002200007322,N,Factura de Venta
20170918,02005684,Quilbur S.A.,Hipolito Irigoyen 14981,01551IC,Ventas Buenos Aires,200,1,200,10,992.24,1200.62,0,0,0,21,0,0,0,0,0,778.6,002200007333,S,Factura de Venta
20170918,31004346,Fauszleger Sociedad Anonima,Av. Jara 3063,01555C,Ventas Buenos Aires,6,0.6,120,6,0.6,0.73,0,0,0,0,0,0,0,0,0,952.26,002200007342,N,Factura de Venta
20170918,02003403,Vetra SA,Av. M. Castex 1230 (Ex Ruta 52),01555AA,Hector Collia,500,2.5,500,25,9171.36,11097.34,0,0,10,25,12,0,0,0,0,3967.75,002200007334,S,Factura de Venta
20170918,02003403,Vetra SA,Av. M. Castex 1230 (Ex Ruta 52),01555C,Hector Collia,3,0.3,60,3,0.28,0.32,0,0,10,0,0,0,0,0,0,476.13,002200007334,S,Factura de Venta
20170918,02001281,Maderera Llavallol SA,Camino De Cintura 490,01555C,Hector Collia,3,0.3,60,3,0.3,0.36,0,0,0,0,0,0,0,0,0,476.13,002200007332,N,Factura de Venta
20170918,04004551,Jose Caserta e Hijos SA,Av. Julio A. Roca 211,01557C,Hector Collia,3,0.6,60,3,0.3,0.36,0,0,0,0,0,0,0,0,0,777.48,002200007335,N,Factura de Venta
20170918,31004346,Fauszleger Sociedad Anonima,Av. Jara 3063,01557C,Ventas Buenos Aires,6,1.2,120,6,0.6,0.73,0,0,0,0,0,0,0,0,0,1554.96,002200007342,N,Factura de Venta
20170918,03000741,Maderera Newton Sociedad Anonima,Acceso Norte 3085 (ramal Campana) y Haití- Frente la Ford,01557C,Esteban Bergamaschi,14,2.8,280,14,1.4,1.7,0,0,0,0,0,0,0,0,0,3628.24,002200007330,S,Factura de Venta
20170918,02001281,Maderera Llavallol SA,Camino De Cintura 490,01557C,Hector Collia,3,0.6,60,3,0.3,0.36,0,0,0,0,0,0,0,0,0,777.48,002200007332,N,Factura de Venta
20170918,31004346,Fauszleger Sociedad Anonima,Av. Jara 3063,01558ALP,Ventas Buenos Aires,3,0.6,120,3,0.3,0.36,0,0,0,0,0,0,0,0,0,968.07,002200007343,N,Factura de Venta
20170918,02005684,Quilbur S.A.,Hipolito Irigoyen 14981,01558ESC,Ventas Buenos Aires,400,4,400,20,5239.28,6339.52,0,0,0,21,0,0,0,0,0,5010,002200007333,S,Factura de Venta
20170918,02003403,Vetra SA,Av. M. Castex 1230 (Ex Ruta 52),01654ONC,Hector Collia,5,0.84,5,0,2040.04,2468.44,0,0,10,25,12,0,0,0,0,0,002200007334,S,Factura de Venta
20170918,02003403,Vetra SA,Av. M. Castex 1230 (Ex Ruta 52),01655ONC,Hector Collia,5,0.84,5,0,2469.86,2988.52,0,0,10,25,12,0,0,0,0,0,002200007334,S,Factura de Venta
20170918,02003403,Vetra SA,Av. M. Castex 1230 (Ex Ruta 52),01753AC,Hector Collia,5,0.1875,0,5,3368.58,4075.98,0,0,10,25,12,0,0,0,0,2139.2,002200007334,S,Factura de Venta
20170918,02003403,Vetra SA,Av. M. Castex 1230 (Ex Ruta 52),01753BC,Hector Collia,5,0.1875,0,5,4455,5390.56,0,0,10,25,12,0,0,0,0,3138.95,002200007334,S,Factura de Venta
20170918,02003403,Vetra SA,Av. M. Castex 1230 (Ex Ruta 52),01960FC,Hector Collia,5,0,0,5,9001.9,10892.28,0,0,10,25,12,0,0,0,0,5313,002200007334,S,Factura de Venta
20170918,03000023,Industrias Saladillo SA,IS.SA. Planta Pilar,01776B,Isolant SI,185,5.230764,0,185,23021.4,27855.89,0,0,0,0,0,0,0,0,0,9640.35,002200007321,N,Factura de Venta
20170918,03000023,Industrias Saladillo SA,IS.SA. Planta Pilar,01776BA,Isolant SI,255,7.209972,0,255,48404.1,58568.96,0,0,0,0,0,0,0,0,0,29008.8,002200007323,N,Factura de Venta
20170918,07005677,Iron Pack SRL,,01525F,Meier,-106,-1.06,-106,0,-1852.88,-2241.98,0,0,5,0,0,0,0,0,0,3434.75,001400008034,S,Crédito de Venta
20170918,03000023,Industrias Saladillo SA,IS.SA. Planta Pilar,01778B,Isolant SI,71,1.7398195,0,71,8355.99,10110.75,0,0,0,0,0,0,0,0,0,3369.66,002200007340,N,Factura de Venta
20170918,30003904,Malelu SRL,,04C00898,Ventas Buenos Aires,1,0,0,1,0.2,0.2,0,0,0,0,0,0,0,0,0,,000000011130,,Débito (Ajustes)
20170918,07003808,La Casa del Tapicero SRL,,01IN,Meier,-1,0,0,-1,-1618.1,-1957.9,0,0,0,0,0,0,0,0,0,,001300000322,,Crédito de Venta
20170918,20003188,Emprendimiento Metalurgico Industrial SRL,,01IN,Pedro Cocaña,-1,0,0,-1,-7114.35,-8608.36,0,0,0,0,0,0,0,0,0,,001300000323,N,Crédito de Venta
20170918,07002231,Acerco SA,,01IN,Meier,-1,0,0,-1,-8318.19,-10065.01,0,0,0,0,0,0,0,0,0,,001300000324,,Crédito de Venta
20170918,24002684,Centro De Chapas Rosario SA,,04C00205,Diego Fani,1,0,0,1,12,14.52,0,0,0,0,0,0,0,0,0,,001300001619,,Débito de Venta
20170918,16003078,Baron SA,,04C00205,Leandro Diaz,1,0,0,1,12,14.52,0,0,0,0,0,0,0,0,0,,001300001617,,Débito de Venta
20170918,07005106,Espa SA,,04C00205,Meier,1,0,0,1,12,14.52,0,0,0,0,0,0,0,0,0,,001300001618,,Débito de Venta
20170918,07003808,La Casa del Tapicero SRL,,04C00898,Meier,1,0,0,1,4.11,4.11,0,0,0,0,0,0,0,0,0,,000000011131,,Débito (Ajustes)

