﻿FechaTxt,Codigo_Cliente,Cliente,EntDir,Codigo_Articulo,Vendedor,cantidad,Mts3,Mts2,Rollos,Importe_Bruto,Importe_Neto,Dto_Contado,Dto_Flete,Dto_Especial,Bonificacion,Desc_Adicional,cantidad_elaborada,m2_ocupados,costo_unitario,costo_total_stock,Costo_de_venta
20170216,30003904,Malelu SRL,,04C00898,Ventas Buenos Aires,1,0,0,1,46.79,46.79,0,0,0,0,0,0,0,0,0,0
20170216,29003671,Morichetti Anibal Alejandro y,,04C00898,Ventas Buenos Aires,1,0,0,1,7.88,7.88,0,0,0,0,0,0,0,0,0,0
20170216,28004489,COMERCIAL E INVERSIONES CROSUR LTDA.,"Av. Principal sitio 26 Mz.11, Zona Franca, Punta Arenas",01603A,Isolant SI,500,25,12500,500,60572,60572,0,0,0,0,0,0,0,0,0,0
20170216,28004489,COMERCIAL E INVERSIONES CROSUR LTDA.,"Av. Principal sitio 26 Mz.11, Zona Franca, Punta Arenas",0402GTOSCONSO,Isolant SI,1,0,0,1,10792,10792,0,0,0,0,0,0,0,0,0,0
20170216,19002241,Carlos Isla y Cia. SA,Teodoro Plan 5055,01957A,Latyn-Valle y Cordillera,1,0,0,1,0.1,0.12,0,0,0,0,0,0,0,0,0,0
20170216,19002241,Carlos Isla y Cia. SA,Teodoro Plan 5055,01654ON,Latyn-Valle y Cordillera,240,3.36,240,0,7898.4,9557.06,0,0,0,0,0,0,0,0,0,0
20170216,09002360,Hierros Lider SA,Ruta 11 Km 1006,01557A,Ind Saladillo Chaco,50,10,1000,50,35060.4,42423.09,0,0,2,17,4,0,0,0,0,0
20170216,09002360,Hierros Lider SA,Ruta 11 Km 1006,01557C,Ind Saladillo Chaco,6,1.2,120,6,0.59,0.71,0,0,2,0,0,0,0,0,0,0
20170216,02003203,Maderera La Loma SA,Calle 161 y 40,01555A,Ventas Buenos Aires,60,6,1200,60,24528.32,29679.27,0,0,0,21,12,0,0,0,0,0
20170216,02003203,Maderera La Loma SA,Calle 161 y 40,01555M,Ventas Buenos Aires,90,13.5,1800,90,85365.9,103292.74,0,0,0,21,12,0,0,0,0,0
20170216,02003203,Maderera La Loma SA,Calle 161 y 40,01555C,Ventas Buenos Aires,15,1.5,300,15,1.5,1.82,0,0,0,0,0,0,0,0,0,0
20170216,02003203,Maderera La Loma SA,Calle 161 y 40,01555MA,Ventas Buenos Aires,9,1.35,180,9,0.9,1.09,0,0,0,0,0,0,0,0,0,0
20170216,03000023,Industrias Saladillo SA,IS.SA. Planta Pilar,01776BA,Isolant SI,72,2.0357568,0,72,13016.16,15749.55,0,0,0,0,0,0,0,0,0,0
20170216,03000023,Industrias Saladillo SA,IS.SA. Planta Pilar,01777BA,Isolant SI,80,2.136288,0,80,12855.2,15554.79,0,0,0,0,0,0,0,0,0,0
20170216,03000023,Industrias Saladillo SA,IS.SA. Planta Pilar,01780BB,Isolant SI,10,0.475,0,10,3047.4,3687.35,0,0,0,0,0,0,0,0,0,0
20170216,03000023,Industrias Saladillo SA,IS.SA. Planta Pilar,01779BB,Isolant SI,10,0.42977088,0,10,2831.9,3426.6,0,0,0,0,0,0,0,0,0,0
20170216,03000023,Industrias Saladillo SA,IS.SA. Planta Pilar,01780BB,Isolant SI,10,0.475,0,10,3047.4,3687.35,0,0,0,0,0,0,0,0,0,0
20170216,03000023,Industrias Saladillo SA,IS.SA. Planta Pilar,01771AS,Isolant SI,10,0.3833,0,10,1266.3,1532.22,0,0,0,0,0,0,0,0,0,0
20170216,03000023,Industrias Saladillo SA,IS.SA. Planta Pilar,01780BB,Isolant SI,10,0.475,0,10,3047.4,3687.35,0,0,0,0,0,0,0,0,0,0
20170216,03000023,Industrias Saladillo SA,IS.SA. Planta Pilar,01510D,Isolant SI,2200,6.6,2200,2200,10384,12564.64,0,0,0,0,0,0,0,0,0,0
20170216,17005208,Strieder Luciano,,04C00898,Disapla,1,0,0,1,0.24,0.24,0,0,0,0,0,0,0,0,0,0
20170216,09003608,Golemba Joel Dario,Av. Alvear 1055,01957A,Ind Saladillo Chaco,1,0,0,1,0.1,0.12,0,0,0,0,0,0,0,0,0,0
20170216,09003608,Golemba Joel Dario,Av. Alvear 1055,01557A,Ind Saladillo Chaco,1,0.2,20,1,745.33,901.85,0,0,0,17,0,0,0,0,0,0
20170216,24005843,Grupo Cis SRL,Castro Barro 5144,01557AR,Diego Fani,10,2,200,10,3813.6,4614.46,0,0,0,30,0,0,0,0,0,0
20170216,24005843,Grupo Cis SRL,Castro Barro 5144,01555AR,Diego Fani,10,1,200,10,2479.4,3000.07,0,0,0,30,0,0,0,0,0,0
20170216,31003219,Montero Miguel Angel,CORRALON DE MATERIALES - Av. nº 32 (entre 26 y 27),01558ECC,Ventas Buenos Aires,3000,30,3000,150,83715.98,101296.34,0,0,0,21,12,0,0,0,0,0
20170216,19002241,Carlos Isla y Cia. SA,Teodoro Plan 5055,01555A,Latyn-Valle y Cordillera,100,10,2000,100,34059,41211.39,0,0,0,0,0,0,0,0,0,0
20170216,19002241,Carlos Isla y Cia. SA,Teodoro Plan 5055,01552A,Latyn-Valle y Cordillera,10,2,200,10,3935,4761.35,0,0,0,0,0,0,0,0,0,0
20170216,19002241,Carlos Isla y Cia. SA,Teodoro Plan 5055,01550A,Latyn-Valle y Cordillera,10,0.4,200,10,1204.4,1457.32,0,0,0,0,0,0,0,0,0,0
20170216,19002241,Carlos Isla y Cia. SA,Teodoro Plan 5055,01555A,Latyn-Valle y Cordillera,30,3,600,30,10217.7,12363.42,0,0,0,0,0,0,0,0,0,0
20170216,19002241,Carlos Isla y Cia. SA,Teodoro Plan 5055,01550A,Latyn-Valle y Cordillera,10,0.4,200,10,1204.4,1457.32,0,0,0,0,0,0,0,0,0,0
20170216,19002241,Carlos Isla y Cia. SA,Teodoro Plan 5055,01552A,Latyn-Valle y Cordillera,10,2,200,10,3935,4761.35,0,0,0,0,0,0,0,0,0,0
20170216,17005208,Strieder Luciano,,04C00898,Disapla,-1,0,0,-1,-0.24,-0.24,0,0,0,0,0,0,0,0,0,0
20170216,17005208,Strieder Luciano,,04C00898,Disapla,1,0,0,1,0.24,0.24,0,0,0,0,0,0,0,0,0,0
20170216,09003438,Domingo Carlisi y Cia SRL,Guemes 167,01557AR,Ind Saladillo Chaco,20,4,400,20,9043.68,10942.85,0,0,0,17,0,0,0,0,0,0
20170216,07002155,Blussand Roberto Enrique,Archondo 2553,01512D,Meier,500,2,500,0,8078,9774.38,0,0,0,30,0,0,0,0,0,0
20170216,07002155,Blussand Roberto Enrique,Archondo 2553,01957A,Meier,1,0,0,1,0.1,0.12,0,0,0,0,0,0,0,0,0,0
20170216,16002012,Zapata Goma Sociedad Anonima,Salta 745,01769A,Leandro Diaz,2,0.066602,0,2,586.1,709.18,0,0,0,30,0,0,0,0,0,0
20170216,16002012,Zapata Goma Sociedad Anonima,Salta 745,01771A,Leandro Diaz,2,0.076655,0,2,600.42,726.51,0,0,0,30,0,0,0,0,0,0
20170216,16002012,Zapata Goma Sociedad Anonima,Salta 745,01654DC,Leandro Diaz,20,0.4,20,0,1912.4,2314,0,0,0,30,0,0,0,0,0,0
20170216,16002012,Zapata Goma Sociedad Anonima,Salta 745,01666ACP,Leandro Diaz,10,0.5,10,0,2279.13,2757.75,0,0,0,30,0,0,0,0,0,0
20170216,16002012,Zapata Goma Sociedad Anonima,Salta 745,01514PC,Leandro Diaz,125,0.625,125,0,1871.25,2264.21,0,0,0,40,0,0,0,0,0,0
20170216,16002012,Zapata Goma Sociedad Anonima,Salta 745,01524GC,Leandro Diaz,125,1.25,125,0,3020.25,3654.5,0,0,0,40,0,0,0,0,0,0
20170216,24005662,Ponti Lucio Juan,Mitre 4420,01654D,Victor Casañas,360,7.2,360,0,38849.04,47007.34,0,0,0,21,0,0,0,0,0,0
20170216,19002241,Carlos Isla y Cia. SA,,04C00291,Latyn-Valle y Cordillera,1,0,0,1,12000,12000,0,0,0,0,0,0,0,0,0,0
20170216,16004335,Alvarez Victor Horacio,Domingo Mateu 1715,01514PC,Leandro Diaz,150,0.75,150,0,2514.96,3043.1,0,0,0,30,4,0,0,0,0,0
20170216,16005773,Metales Dibo SA,Maza Norte 3536,01558EC,Leandro Diaz,9,1.8,180,9,4320,5227.2,0,0,0,0,0,0,0,0,0,0
20170216,16003025,Fopiani Ricardo Arturo,Libertad 534 Of. 6,01558ECC,Leandro Diaz,200,2,200,10,6021,7285.4,0,0,0,25,0,0,0,0,0,0
20170216,01003118,Caputo Marcelo Claudio,Acevedo 65,01551I,Luis Ramirez,50,5,1000,50,10143.6,12273.76,0,0,0,21,0,0,0,0,0,0
20170216,01003118,Caputo Marcelo Claudio,Acevedo 65,01700A,Luis Ramirez,10,1.2,0,10,5954.76,7205.26,0,0,0,30,0,0,0,0,0,0
20170216,01003118,Caputo Marcelo Claudio,Acevedo 65,01650AC,Luis Ramirez,75,0.75,75,0,3316.95,4013.51,0,0,0,40,0,0,0,0,0,0
20170216,01003118,Caputo Marcelo Claudio,Acevedo 65,01658ACP,Luis Ramirez,50,1.5,50,0,5981.7,7237.86,0,0,0,40,0,0,0,0,0,0
20170216,24005662,Ponti Lucio Juan,Mitre 4420,01654D,Victor Casañas,300,6,300,0,32374.2,39172.78,0,0,0,21,0,0,0,0,0,0
20170216,24002411,La Casa de la Construccion SRL,Riccheri 965,01555A,Diego Fani,10,1,200,10,4645.52,5621.07,0,0,0,21,0,0,0,0,0,0
20170216,24002411,La Casa de la Construccion SRL,Riccheri 965,01557A,Diego Fani,25,5,500,25,17735.3,21459.72,0,0,0,21,0,0,0,0,0,0
20170216,24002411,La Casa de la Construccion SRL,Riccheri 965,01557C,Diego Fani,3,0.6,60,3,0.3,0.36,0,0,0,0,0,0,0,0,0,0
20170216,24002411,La Casa de la Construccion SRL,Riccheri 965,01557AR,Diego Fani,20,4,400,20,8607.84,10415.49,0,0,0,21,0,0,0,0,0,0
20170216,10002100,Los Andes SCPA,Rivadavia 1184,01957AA,Guillermo Ghiretti,1,0,0,1,0.1,0.12,0,0,0,0,0,0,0,0,0,0
20170216,10002100,Los Andes SCPA,Rivadavia 1184,01603AC,Guillermo Ghiretti,20,1,500,20,5247.76,6349.79,0,0,0,30,0,0,0,0,0,0
20170216,03000440,Aquatic SRL,,04C00291,Esteban Bergamaschi,1,0,0,1,25285,25285,0,0,0,0,0,0,0,0,0,0
20170216,16005687,Plafal SRL,Manuel A. Saenz y Acceso Norte,01558ESC,Leandro Diaz,2000,20,2000,100,37452.8,45317.88,0,0,0,30,12,0,0,0,0,0
20170216,16005687,Plafal SRL,Manuel A. Saenz y Acceso Norte,01558ECC,Leandro Diaz,2000,20,2000,100,49452.48,59837.5,0,0,0,30,12,0,0,0,0,0
20170216,02002202,Simmons De Argentina SAIC,,04C00291,Isolant SI,1,0,0,1,55000,55000,0,0,0,0,0,0,0,0,0,0
20170216,02002202,Simmons De Argentina SAIC,,04C00205,Isolant SI,1,0,0,1,12,12,0,0,0,0,0,0,0,0,0,0
20170216,24002684,Centro De Chapas Rosario SA,,04C00291,Diego Fani,1,0,0,1,7500,7500,0,0,0,0,0,0,0,0,0,0
20170216,24002684,Centro De Chapas Rosario SA,,04C00205,Diego Fani,1,0,0,1,12,12,0,0,0,0,0,0,0,0,0,0
20170216,03000023,Industrias Saladillo SA,,04C00898,Isolant SI,1,0,0,1,0.31,0.31,0,0,0,0,0,0,0,0,0,0

