﻿FechaTxt,Codigo_Cliente,Cliente,EntDir,Codigo_Articulo,Vendedor,cantidad,Mts3,Mts2,Rollos,Importe_Bruto,Importe_Neto,Dto_Contado,Dto_Flete,Dto_Especial,Bonificacion,Desc_Adicional,cantidad_elaborada,m2_ocupados,costo_unitario,costo_total_stock,Costo_de_venta,comp
20170413,28002335,TUBACERO S.A.,,04C00625,Fernando Palmas,-1,0,0,-1,-8024.92,-8024.92,0,0,0,0,0,0,0,0,0,0,000000000924
20170413,06001901,Bernardi SRL,Prado 663,01957A,Pedro Cocaña,1,0,0,1,0.1,0.12,0,0,0,0,0,0,0,0,0,0,002200004206
20170413,06001901,Bernardi SRL,Prado 663,01555M,Pedro Cocaña,100,15,2000,100,87800,106238,0,0,0,0,0,0,0,0,0,0,002200004206
20170413,06001901,Bernardi SRL,Prado 663,01555MA,Pedro Cocaña,10,1.5,200,10,1,1.21,0,0,0,0,0,0,0,0,0,0,002200004206
20170413,06001901,Bernardi SRL,Prado 663,01558EC,Pedro Cocaña,100,20,2000,100,52000,62920,0,0,0,0,0,0,0,0,0,0,002200004206
20170413,06001901,Bernardi SRL,Prado 663,01557AR,Pedro Cocaña,50,10,1000,50,18500,22385,0,0,0,0,0,0,0,0,0,0,002200004206
20170413,06001901,Bernardi SRL,Prado 663,01555AR,Pedro Cocaña,50,5,1000,50,12000,14520,0,0,0,0,0,0,0,0,0,0,002200004206
20170413,04000938,Ferrocement SA,Av. Pte. Peron 9430,01903A,Hector Collia,15,1.13985,0,15,18978.92,22964.49,0,3,0,15,0,0,0,0,0,0,002200004207
20170413,04005876,Fuentes Poma Carola Alejandra,,04C00898,Fernando Palmas,1,0,0,1,0.09,0.09,0,0,0,0,0,0,0,0,0,0,000000010754
20170413,19002241,Carlos Isla y Cia. SA,Teodoro Plan 5055,01557A,Latyn-Valle y Cordillera,65,13,1300,65,33806.5,40905.86,0,0,0,0,0,0,0,0,0,0,002200004205
20170413,19002241,Carlos Isla y Cia. SA,Teodoro Plan 5055,01555A,Latyn-Valle y Cordillera,45,4.5,900,45,15326.55,18545.13,0,0,0,0,0,0,0,0,0,0,002200004205
20170413,19002241,Carlos Isla y Cia. SA,Teodoro Plan 5055,01551A,Latyn-Valle y Cordillera,20,2,400,20,4741.4,5737.09,0,0,0,0,0,0,0,0,0,0,002200004205
20170413,19002241,Carlos Isla y Cia. SA,Teodoro Plan 5055,01554BC,Latyn-Valle y Cordillera,30,3,600,30,19388.1,23459.6,0,0,0,0,0,0,0,0,0,0,002200004205
20170413,19002241,Carlos Isla y Cia. SA,Teodoro Plan 5055,01550A,Latyn-Valle y Cordillera,10,0.4,200,10,1204.4,1457.32,0,0,0,0,0,0,0,0,0,0,002200004205
20170413,07000012,Natali Plasticos SRL,Alvear 1475,01555ED,Isolant SA,5,0.5,100,5,1587.11,1920.41,0,3,0,0,0,0,0,0,0,0,002200004208
20170413,07000012,Natali Plasticos SRL,Alvear 1475,01957A,Isolant SA,1,0,0,1,0.1,0.12,0,3,0,0,0,0,0,0,0,0,002200004209
20170413,07000012,Natali Plasticos SRL,Alvear 1475,01550A,Isolant SA,20,0.8,400,20,2932.18,3547.94,0,3,0,32.5,12,0,0,0,0,0,002200004209
20170413,07000012,Natali Plasticos SRL,Alvear 1475,01555A,Isolant SA,150,15,3000,150,50822.53,61495.27,0,3,0,32.5,12,0,0,0,0,0,002200004209
20170413,07000012,Natali Plasticos SRL,Alvear 1475,01557A,Isolant SA,15,3,300,15,7761.06,9390.88,0,3,0,32.5,12,0,0,0,0,0,002200004209
20170413,07000012,Natali Plasticos SRL,Alvear 1475,01655ON,Isolant SA,12,0.168,12,0,494.99,598.94,0,3,0,32.5,0,0,0,0,0,0,002200004209
20170413,07000012,Natali Plasticos SRL,Alvear 1475,01555AR,Isolant SA,50,5,1000,50,9081.63,10988.77,0,3,0,0,0,0,0,0,0,0,002200004210
20170413,07000012,Natali Plasticos SRL,Alvear 1475,01557AR,Isolant SA,50,10,1000,50,13968.48,16901.87,0,3,0,0,0,0,0,0,0,0,002200004210
20170413,07000012,Natali Plasticos SRL,Alvear 1475,01555EC,Isolant SA,50,5,1000,50,10640.41,12874.9,0,3,0,0,0,0,0,0,0,0,002200004210
20170413,07000012,Natali Plasticos SRL,Alvear 1475,01558EC,Isolant SA,50,10,1000,50,20588.74,24912.37,0,3,0,0,0,0,0,0,0,0,002200004210

