﻿FechaTxt,Codigo_Cliente,Cliente,EntDir,Codigo_Articulo,Vendedor,cantidad,Mts3,Mts2,Rollos,Importe_Bruto,Importe_Neto,Dto_Contado,Dto_Flete,Dto_Especial,Bonificacion,Desc_Adicional,cantidad_elaborada,m2_ocupados,costo_unitario,costo_total_stock,Costo_de_venta
20161121,04001187,Muresco SA,J. M. Rosas 7020,01700A,Ventas Buenos Aires,110,13.2,0,110,57469.17,69537.7,0,0,0,30,7,0,0,0,0,0
20161121,01000452,Caffaro Hnos Sociedad de Responsabilidad Limitada,Martin Rodriguez 1433,01950F,Isolant SI,230,52.57766052,0,230,113436,137257.56,0,0,0,0,0,0,0,0,0,0
20161121,03003975,Alfombras Martinez SRL,Ruta Panamericana 981,01603AC,Ventas Buenos Aires,10,0.5,250,10,2475.34,2995.16,0,0,0,30,0,0,0,0,0,0
20161121,03003975,Alfombras Martinez SRL,Ruta Panamericana 981,01603B,Ventas Buenos Aires,25,1.25,625,25,4676.52,5658.6,0,0,0,30,0,0,0,0,0,0
20161121,04005689,Polifoam SRL,Alte. Brown 3985,01514PC,Isolant SI,250,1.25,250,0,2950,3569.5,0,0,0,0,0,0,0,0,0,0
20161121,04005689,Polifoam SRL,Alte. Brown 3985,01766A,Isolant SI,8,0.31664,0,8,1150.8,1392.47,0,0,0,0,0,0,0,0,0,0
20161121,04005689,Polifoam SRL,Alte. Brown 3985,01769A,Isolant SI,7,0.233107,0,7,932.33,1128.12,0,0,0,0,0,0,0,0,0,0
20161121,04005689,Polifoam SRL,Alte. Brown 3985,01767A,Isolant SI,3,0.1272348,0,3,435.66,527.15,0,0,0,0,0,0,0,0,0,0
20161121,04005689,Polifoam SRL,Alte. Brown 3985,01772AC,Isolant SI,2,0.37888,0,2,1881.9,2277.1,0,0,0,0,0,0,0,0,0,0
20161121,04005689,Polifoam SRL,Alte. Brown 3985,01772AB,Isolant SI,1,0.18944,0,1,940.95,1138.55,0,0,0,0,0,0,0,0,0,0
20161121,04005689,Polifoam SRL,Alte. Brown 3985,01901A,Isolant SI,1,0.07854,0,1,1285.38,1555.31,0,0,0,30,0,0,0,0,0,0
20161121,04005689,Polifoam SRL,Alte. Brown 3985,01903A,Isolant SI,1,0.07599,0,1,840.78,1017.34,0,0,0,30,0,0,0,0,0,0
20161121,01000452,Caffaro Hnos Sociedad de Responsabilidad Limitada,Pavon 2632,01950F,Isolant SI,25,5.7149631,0,25,12330,14919.3,0,0,0,0,0,0,0,0,0,0
20161121,03004746,Das Dach S.A.,,04C01203,Isolant SA,1,0,0,1,16000,17680,0,0,0,0,0,0,0,0,0,0
20161121,03004746,Das Dach S.A.,,04C01203,Isolant SA,1,0,0,1,16500,18232.5,0,0,0,0,0,0,0,0,0,0
20161121,29002213,Genoud Hnos SA,,01555M,Disapla,10,1.5,200,10,10778.52,13042.01,0,0,0,21,0,0,0,0,0,0
20161121,29002213,Genoud Hnos SA,,01555MA,Disapla,1,0.15,20,1,0.1,0.12,0,0,0,0,0,0,0,0,0,0
20161121,03000357,Laboratorios Valmax SA,Sub Perdomo 1619,01507VD,Isolant SI,5160,7.74,5160,0,25232.4,30531.2,0,0,0,0,0,0,0,0,0,0
20161121,03002437,Quaglia SA,Florentino Ameghino 1451,01510AC,Esteban Bergamaschi,300,0.9,300,300,3431.76,4152.43,0,0,0,21,0,0,0,0,0,0
20161121,03002437,Quaglia SA,Florentino Ameghino 1451,01514PC,Esteban Bergamaschi,50,0.25,50,0,985.53,1192.49,0,0,0,21,0,0,0,0,0,0
20161121,24005780,Prat Daniel Ruben,Freyre 1675,01760A,Diego Fani,5,0.31415,0,5,2325.51,2813.87,0,0,0,40,0,0,0,0,0,0
20161121,24005780,Prat Daniel Ruben,Freyre 1675,01761A,Diego Fani,15,0.97545,0,15,6386.58,7727.76,0,0,0,40,0,0,0,0,0,0
20161121,24005780,Prat Daniel Ruben,Freyre 1675,01762A,Diego Fani,10,0.5089,0,10,3316.38,4012.82,0,0,0,40,0,0,0,0,0,0
20161121,24005780,Prat Daniel Ruben,Freyre 1675,01763A,Diego Fani,5,0.23562,0,5,1523.1,1842.95,0,0,0,40,0,0,0,0,0,0
20161121,24005780,Prat Daniel Ruben,Freyre 1675,01764A,Diego Fani,5,0.259182,0,5,1673.37,2024.78,0,0,0,40,0,0,0,0,0,0
20161121,24005780,Prat Daniel Ruben,Freyre 1675,01765A,Diego Fani,5,0.2325,0,5,1514.64,1832.71,0,0,0,40,0,0,0,0,0,0
20161121,24005780,Prat Daniel Ruben,Freyre 1675,01766A,Diego Fani,5,0.1979,0,5,1293.15,1564.71,0,0,0,40,0,0,0,0,0,0
20161121,30004712,Agrupacion de Corralones Organizados Argentinos,12 de Octubre 340,01960DA,Disapla,10,0,0,10,26459.39,32015.86,0,0,0,21,0,0,0,0,0,0
20161121,11002006,Hercal Center SRL,G. Ramirez y Ruta 39,01555EC,Disapla,30,3,600,30,11180.24,13528.09,0,0,0,21,0,0,0,0,0,0
20161121,11002006,Hercal Center SRL,G. Ramirez y Ruta 39,01555A,Disapla,10,1,200,10,4645.52,5621.07,0,0,0,21,0,0,0,0,0,0
20161121,11002006,Hercal Center SRL,G. Ramirez y Ruta 39,01960DA,Disapla,2,0,0,2,5291.88,6403.17,0,0,0,21,0,0,0,0,0,0
20161121,01003103,Abuye Jorge Oscar,La Pampa 4965,01524GC,Luis Ramirez,25,0.25,25,0,704.73,852.72,0,0,0,30,0,0,0,0,0,0
20161121,01003103,Abuye Jorge Oscar,La Pampa 4965,01524HC,Luis Ramirez,25,0.25,25,0,704.73,852.72,0,0,0,30,0,0,0,0,0,0
20161121,01003103,Abuye Jorge Oscar,La Pampa 4965,01772A,Luis Ramirez,1,0.18944,0,1,1459.04,1765.44,0,0,0,30,0,0,0,0,0,0
20161121,01003103,Abuye Jorge Oscar,La Pampa 4965,01772AC,Luis Ramirez,1,0.18944,0,1,1459.04,1765.44,0,0,0,30,0,0,0,0,0,0
20161121,01004516,All Covering Argentina SRL,Zuviria 6643,01700A,Luis Ramirez,30,3.6,0,30,17864.28,21615.78,0,0,0,30,0,0,0,0,0,0
20161121,01002465,Matyser SA,Añasco 3087,01603A,Hector Collia,20,1,500,20,3559.74,4307.29,0,0,0,21,0,0,0,0,0,0
20161121,01002465,Matyser SA,Añasco 3087,01558ES,Hector Collia,5,1,100,5,2668.94,3229.41,0,0,0,21,0,0,0,0,0,0
20161121,01005657,Perna Franco,Manco Capac 1540,01853B,Levy,10,1.25,250,10,12127.95,14674.82,0,0,0,21,4,0,0,0,0,0
20161121,24002021,Masino Hnos. SRL,Juan Jose Paso 3441,01957A,Meier,1,0,0,1,0.1,0.12,0,0,0,0,0,0,0,0,0,0
20161121,24002021,Masino Hnos. SRL,Juan Jose Paso 3441,01555A,Meier,50,5,1000,50,21369.37,25856.94,0,0,0,21,8,0,0,0,0,0
20161121,24002021,Masino Hnos. SRL,Juan Jose Paso 3441,01555C,Meier,6,0.6,120,6,0.6,0.73,0,0,0,0,0,0,0,0,0,0
20161121,01005277,BAC Sociedad Anonima E,Luna 415,01764A,Luis Ramirez,12,0.6220368,0,12,5287.85,6398.3,0,0,0,21,0,0,0,0,0,0
20161121,01005277,BAC Sociedad Anonima E,Luna 415,01766A,Luis Ramirez,15,0.5937,0,15,5107.94,6180.61,0,0,0,21,0,0,0,0,0,0
20161121,01005277,BAC Sociedad Anonima E,Luna 415,01762A,Luis Ramirez,4,0.20356,0,4,1746.63,2113.42,0,0,0,21,0,0,0,0,0,0
20161121,07002750,Cooperativa de Provision Credi,Av Velez Sarfield 7000,01957A,Meier,1,0,0,1,0.1,0.12,0,0,0,0,0,0,0,0,0,0
20161121,07002750,Cooperativa de Provision Credi,Av Velez Sarfield 7000,01559AA,Meier,1000,10,1000,50,34052.16,41203.12,0,0,0,21,4,0,0,0,0,0
20161121,07002750,Cooperativa de Provision Credi,Av Velez Sarfield 7000,01557C,Meier,6,1.2,120,6,0.6,0.72,0,0,0,0,0,0,0,0,0,0
20161121,04005714,Vernay Walter,Marcelo T de Alvear 2850,01772AB,Fernando Palmas,10,1.8944,0,10,9831.8,11896.48,0,0,0,50,0,0,0,0,0,0
20161121,04005714,Vernay Walter,Marcelo T de Alvear 2850,01772A,Fernando Palmas,5,0.9472,0,5,4915.9,5948.24,0,0,0,50,0,0,0,0,0,0
20161121,04005714,Vernay Walter,Marcelo T de Alvear 2850,01772AC,Fernando Palmas,3,0.56832,0,3,2949.54,3568.94,0,0,0,50,0,0,0,0,0,0
20161121,04005714,Vernay Walter,Marcelo T de Alvear 2850,01772AD,Fernando Palmas,4,0.75776,0,4,3932.72,4758.6,0,0,0,50,0,0,0,0,0,0
20161121,04005714,Vernay Walter,Marcelo T de Alvear 2850,01662ACP,Fernando Palmas,20,0.8,20,0,2475.4,2995.24,0,0,0,50,0,0,0,0,0,0
20161121,04005689,Polifoam SRL,Alte. Brown 3985,01500AC,Isolant SI,300,0.15,300,0,606,733.26,0,0,0,0,0,0,0,0,0,0
20161121,04005689,Polifoam SRL,Alte. Brown 3985,01761A,Isolant SI,82,5.33246,0,82,18892.8,22860.29,0,0,0,0,0,0,0,0,0,0
20161121,04005689,Polifoam SRL,Alte. Brown 3985,01772A,Isolant SI,5,0.9472,0,5,4704.75,5692.75,0,0,0,0,0,0,0,0,0,0
20161121,04005689,Polifoam SRL,Alte. Brown 3985,01788A,Isolant SI,12,0.64092,0,12,2591.76,3136.03,0,0,0,0,0,0,0,0,0,0
20161121,04005689,Polifoam SRL,Alte. Brown 3985,01760A,Isolant SI,15,0.94245,0,15,3557.1,4304.09,0,0,0,0,0,0,0,0,0,0
20161121,04005689,Polifoam SRL,Alte. Brown 3985,01762A,Isolant SI,6,0.30534,0,6,1106.22,1338.53,0,0,0,0,0,0,0,0,0,0
20161121,04005689,Polifoam SRL,Alte. Brown 3985,01764A,Isolant SI,8,0.4146912,0,8,1470.64,1779.47,0,0,0,0,0,0,0,0,0,0
20161121,04005689,Polifoam SRL,Alte. Brown 3985,01765A,Isolant SI,6,0.279,0,6,1005.3,1216.41,0,0,0,0,0,0,0,0,0,0
20161121,01000452,Caffaro Hnos Sociedad de Responsabilidad Limitada,Pavon 2632,01950B,Isolant SI,55,12.573,0,55,54252,65644.92,0,0,0,0,0,0,0,0,0,0
20161121,02003203,Maderera La Loma SA,Calle 161 y 40,01557A,Ventas Buenos Aires,100,20,2000,100,62428.26,75538.2,0,0,0,21,12,0,0,0,0,0
20161121,02003203,Maderera La Loma SA,Calle 161 y 40,01557C,Ventas Buenos Aires,12,2.4,240,12,1.2,1.45,0,0,0,0,0,0,0,0,0,0
20161121,02003203,Maderera La Loma SA,Calle 161 y 40,01558AL,Ventas Buenos Aires,30,6,1200,30,25205.31,30498.43,0,0,0,21,12,0,0,0,0,0
20161121,02003203,Maderera La Loma SA,Calle 161 y 40,01558ALP,Ventas Buenos Aires,3,0.6,120,3,0.3,0.36,0,0,0,0,0,0,0,0,0,0
20161121,02003203,Maderera La Loma SA,Calle 161 y 40,01555A,Ventas Buenos Aires,50,5,1000,50,20440.27,24732.73,0,0,0,21,12,0,0,0,0,0
20161121,02003203,Maderera La Loma SA,Calle 161 y 40,01555C,Ventas Buenos Aires,6,0.6,120,6,0.6,0.73,0,0,0,0,0,0,0,0,0,0
20161121,02003203,Maderera La Loma SA,Calle 161 y 40,01555M,Ventas Buenos Aires,120,18,2400,120,113821.2,137723.66,0,0,0,21,12,0,0,0,0,0
20161121,02003203,Maderera La Loma SA,Calle 161 y 40,01555MA,Ventas Buenos Aires,16,2.4,320,16,1.6,1.94,0,0,0,0,0,0,0,0,0,0
20161121,03000357,Laboratorios Valmax SA,,04C00898,Isolant SI,1,0,0,1,0.48,0.48,0,0,0,0,0,0,0,0,0,0

