﻿FechaTxt,Codigo_Cliente,Cliente,EntDir,Codigo_Articulo,Vendedor,cantidad,Mts3,Mts2,Rollos,Importe_Bruto,Importe_Neto,Dto_Contado,Dto_Flete,Dto_Especial,Bonificacion,Desc_Adicional,cantidad_elaborada,m2_ocupados,costo_unitario,costo_total_stock,Costo_de_venta,comp
20170509,03003751,Indupoles Argentina SA,Parque Ind. Campana - Km70 de Panamericana - Lote 12,01500AIN,Isolant SI,19500,9.75,19500,19500,28860,34920.6,0,0,0,0,0,0,0,0,0,0,002200004595
20170509,03000023,Industrias Saladillo SA,IS.SA. Planta Pilar,01771AS,Isolant SI,30,1.1499,0,30,3798.9,4596.67,0,0,0,0,0,0,0,0,0,0,002200004607
20170509,03000023,Industrias Saladillo SA,IS.SA. Planta Pilar,01771AS,Isolant SI,30,1.1499,0,30,3798.9,4596.67,0,0,0,0,0,0,0,0,0,0,002200004607
20170509,03000023,Industrias Saladillo SA,IS.SA. Planta Pilar,01779B,Isolant SI,147,4.7520837,0,147,20985.72,25392.72,0,0,0,0,0,0,0,0,0,0,002200004607
20170509,07000012,Natali Plasticos SRL,Alvear 1475,01558EC,Isolant SA,30,6,600,30,12353.24,14947.42,0,3,0,0,0,0,0,0,0,0,002200004609
20170509,07000012,Natali Plasticos SRL,Alvear 1475,01603B,Isolant SA,10,0.5,250,10,1854.64,2244.12,0,3,0,32.5,0,0,0,0,0,0,002200004610
20170509,07000012,Natali Plasticos SRL,Alvear 1475,01557AR,Isolant SA,35,7,700,35,9777.94,11831.31,0,3,0,0,0,0,0,0,0,0,002200004610
20170509,07000012,Natali Plasticos SRL,Alvear 1475,01555AK,Isolant SA,30,1.35,450,30,4086.51,4944.68,0,3,0,0,0,0,0,0,0,0,002200004610
20170509,07000012,Natali Plasticos SRL,Alvear 1475,01558BC,Isolant SA,100,20,2000,100,91265.6,110431.38,0,3,0,32.5,0,0,0,0,0,0,002200004610
20170509,03003751,Indupoles Argentina SA,Parque Ind. Campana - Km70 de Panamericana - Lote 12,01500AIN,Isolant SI,44500,22.25,44500,44500,65860,79690.6,0,0,0,0,0,0,0,0,0,0,002200004596
20170509,20005357,Suarez Osman Francisco,Gral Pizarro Nº 58,01760A,Pedro Cocaña,1,0.06283,0,1,451.15,545.89,0,3,0,40,0,0,0,0,0,0,002200004600
20170509,20005357,Suarez Osman Francisco,Gral Pizarro Nº 58,01762A,Pedro Cocaña,1,0.05089,0,1,321.69,389.24,0,3,0,40,0,0,0,0,0,0,002200004600
20170509,20005357,Suarez Osman Francisco,Gral Pizarro Nº 58,01763A,Pedro Cocaña,1,0.047124,0,1,295.48,357.53,0,3,0,40,0,0,0,0,0,0,002200004600
20170509,20005357,Suarez Osman Francisco,Gral Pizarro Nº 58,01765A,Pedro Cocaña,1,0.0465,0,1,293.84,355.55,0,3,0,40,0,0,0,0,0,0,002200004600
20170509,01004026,Osito Azul Sociedad Anonima,Martin Rodriguez 1433,01950F,Isolant SI,46,10.515532104,0,46,22687.2,27451.51,0,0,0,0,0,0,0,0,0,0,002200004580
20170509,03000023,Industrias Saladillo SA,IS.SA. Planta Pilar,01778B,Isolant SI,157,3.8472065,0,157,17598.13,21293.74,0,0,0,0,0,0,0,0,0,0,002200004581
20170509,03000023,Industrias Saladillo SA,IS.SA. Planta Pilar,01780B,Isolant SI,60,1.557,0,60,7248,8770.08,0,0,0,0,0,0,0,0,0,0,002200004581
20170509,03000023,Industrias Saladillo SA,IS.SA. Planta Pilar,01778B,Isolant SI,217,5.3174765,0,217,24323.53,29431.47,0,0,0,0,0,0,0,0,0,0,002200004582
20170509,07003811,Centro Poliester SRL,,04C00898,Meier,1,0,0,1,0.41,0.41,0,0,0,0,0,0,0,0,0,0,000000010798
20170509,24002713,Casa Bureu SA,Av. Pte. Juan D. Peron 3447,01558AL,Diego Fani,10,2,400,10,9738.41,11783.47,0,0,0,21,0,0,0,0,0,0,002200004583
20170509,24002713,Casa Bureu SA,Av. Pte. Juan D. Peron 3447,01558ALP,Diego Fani,1,0.2,40,1,0.1,0.12,0,0,0,0,0,0,0,0,0,0,002200004583
20170509,05003840,Lavin Pedro,Rivadavia 446,01960DA,Hector Collia,7,0,0,7,19447.63,23531.63,0,0,0,21,0,0,0,0,0,0,002200004584
20170509,05003840,Lavin Pedro,Rivadavia 446,01555ED,Hector Collia,5,0.5,100,5,2445.05,2958.51,0,0,0,21,0,0,0,0,0,0,002200004584
20170509,05003840,Lavin Pedro,Rivadavia 446,01558EC,Hector Collia,5,1,100,5,3171.85,3837.94,0,0,0,21,0,0,0,0,0,0,002200004584
20170509,24002411,La Casa de la Construccion SRL,Riccheri 965,01558EC,Diego Fani,25,5,500,25,15224.88,18422.1,0,0,0,21,4,0,0,0,0,0,002200004585
20170509,11004260,Prodema S.A.,Bv. Pedro Jurado 660,01957A,Disapla,1,0,0,1,0.1,0.12,0,2,0,0,0,0,0,0,0,0,002200004590
20170509,11004260,Prodema S.A.,Bv. Pedro Jurado 660,01555AR,Disapla,110,11,2200,110,26544.65,32119.03,0,2,0,21,12,0,0,0,0,0,002200004590
20170509,11004260,Prodema S.A.,Bv. Pedro Jurado 660,01557AR,Disapla,50,10,1000,50,18558.5,22455.79,0,2,0,21,12,0,0,0,0,0,002200004590
20170509,02005702,Caps Ram,J. Díaz Solís 3535,01510D,Levy,4000,12,4000,4000,43440,52562.4,0,0,0,25,0,0,0,0,0,0,002200004591
20170509,02002202,Simmons De Argentina SAIC,Heredia 626,01907A,Isolant SI,33,6.2205,0,33,25504.71,30860.7,0,0,0,0,0,0,0,0,0,0,002200004592
20170509,02003757,Carmona Leonardo Esteban,Tte Juan D. Perón 3908,01554BRC,Ventas Buenos Aires,600,3.6,600,30,40669.2,49209.74,0,0,0,21,12,0,0,0,0,0,002200004593
20170509,02003757,Carmona Leonardo Esteban,Tte Juan D. Perón 3908,01554BP,Ventas Buenos Aires,9,1.08,180,9,0.9,1.08,0,0,0,0,0,0,0,0,0,0,002200004593
20170509,03000023,Industrias Saladillo SA,,04C00898,Isolant SI,1,0,0,1,1.04,1.04,0,0,0,0,0,0,0,0,0,0,000000010799
20170509,03000023,Industrias Saladillo SA,IS.SA. Planta Pilar,01778B,Isolant SI,138,3.381621,0,138,15468.42,18716.79,0,0,0,0,0,0,0,0,0,0,002200004594
20170509,03000023,Industrias Saladillo SA,IS.SA. Planta Pilar,01779B,Isolant SI,18,0.5818878,0,18,2569.68,3109.31,0,0,0,0,0,0,0,0,0,0,002200004594
20170509,03000023,Industrias Saladillo SA,IS.SA. Planta Pilar,01780B,Isolant SI,37,0.96015,0,37,4469.6,5408.22,0,0,0,0,0,0,0,0,0,0,002200004594
20170509,27003324,Supermat S A,El Amigo - Sebastian Cuenca esq Lopez y Planes,01555AK,Pedro Cocaña,30,1.35,450,30,4081.66,4938.81,0,3,20,25,12,0,0,0,0,0,002200004598
20170509,27003324,Supermat S A,El Amigo - Sebastian Cuenca esq Lopez y Planes,01557AK,Pedro Cocaña,20,2.1,300,20,4185.37,5064.3,0,3,20,25,12,0,0,0,0,0,002200004598
20170509,20003957,La Maderera SRL,25 de Mayo 411,01957A,Pedro Cocaña,1,0,0,1,0.1,0.12,0,3,0,0,0,0,0,0,0,0,002200004601
20170509,20003957,La Maderera SRL,25 de Mayo 411,01555AK,Pedro Cocaña,30,1.35,450,30,5374.18,6502.76,0,3,0,21,12,0,0,0,0,0,002200004601
20170509,20003957,La Maderera SRL,25 de Mayo 411,01557AK,Pedro Cocaña,60,6.3,900,60,16532.22,20003.98,0,3,0,21,12,0,0,0,0,0,002200004601
20170509,20003957,La Maderera SRL,25 de Mayo 411,01555ED,Pedro Cocaña,10,1,200,10,4174.19,5050.77,0,3,0,21,12,0,0,0,0,0,002200004601
20170509,20003957,La Maderera SRL,25 de Mayo 411,01558EC,Pedro Cocaña,60,12,1200,60,32489.89,39312.77,0,3,0,21,12,0,0,0,0,0,002200004601
20170509,20003957,La Maderera SRL,25 de Mayo 411,01603B,Pedro Cocaña,5,0.25,125,5,955.07,1155.64,0,3,0,21,12,0,0,0,0,0,002200004601
20170509,20003957,La Maderera SRL,25 de Mayo 411,01750A,Pedro Cocaña,2,0,0,2,1153.58,1395.84,0,3,0,21,10,0,0,0,0,0,002200004601
20170509,20003957,La Maderera SRL,25 de Mayo 411,01957A,Pedro Cocaña,1,0,0,1,0.1,0.12,0,3,0,0,0,0,0,0,0,0,002200004601
20170509,20003188,Emprendimiento Metalurgico Industrial SRL,LOS VALLISTOS - Ruta 9 Km 128 - Acc Norte,01555M,Pedro Cocaña,38,5.7,760,38,28665.97,34685.82,0,3,5,0,0,0,0,0,0,0,002200004602
20170509,31002153,Pagnacco Hnos SC,Murature 57 ( Av. Del Valle e Irigoyen),01555A,Ventas Buenos Aires,10,1,200,10,4645.52,5621.07,0,0,0,21,0,0,0,0,0,0,002200004586
20170509,31002153,Pagnacco Hnos SC,Murature 57 ( Av. Del Valle e Irigoyen),01551A,Ventas Buenos Aires,10,1,200,10,3921.8,4745.37,0,0,0,21,0,0,0,0,0,0,002200004586
20170509,03003751,Indupoles Argentina SA,Parque Ind. Campana - Km70 de Panamericana - Lote 12,01654ACP,Isolant SI,320,6.4,320,0,11280,13648.8,0,0,0,0,0,0,0,0,0,0,002200004603
20170509,13005636,Clauser Elvis Guillermo,Av. San Martin 375,01555ARC,Pedro Cocaña,1500,7.5,1500,75,15235.46,18434.9,0,3,15,21,12,0,0,0,0,0,002200004605
20170509,13005636,Clauser Elvis Guillermo,Av. San Martin 375,01557ARC,Pedro Cocaña,1000,10,1000,50,15613.76,18892.66,0,3,15,21,12,0,0,0,0,0,002200004605
20170509,13005636,Clauser Elvis Guillermo,Av. San Martin 375,01555AA,Pedro Cocaña,1000,5,1000,50,18834.42,22789.66,0,3,5,21,12,0,0,0,0,0,002200004606
20170509,13005636,Clauser Elvis Guillermo,Av. San Martin 375,01555C,Pedro Cocaña,12,1.2,240,12,1.1,1.34,0,3,5,0,0,0,0,0,0,0,002200004606
20170509,07000012,Natali Plasticos SRL,Alvear 1475,01558EC,Isolant SA,50,10,1000,50,20588.74,24912.37,0,3,0,0,0,0,0,0,0,0,002200004608
20170509,11002006,Hercal Center SRL,G. Ramirez y Ruta 39,01555A,Disapla,25,2.5,500,25,11149.24,13490.58,0,0,0,21,4,0,0,0,0,0,002200004587
20170509,11002006,Hercal Center SRL,G. Ramirez y Ruta 39,01555C,Disapla,3,0.3,60,3,0.3,0.36,0,0,0,0,0,0,0,0,0,0,002200004587
20170509,11002006,Hercal Center SRL,G. Ramirez y Ruta 39,01555AR,Disapla,25,2.5,500,25,6715.63,8125.91,0,0,0,21,4,0,0,0,0,0,002200004587
20170509,11002006,Hercal Center SRL,G. Ramirez y Ruta 39,01557AR,Disapla,5,1,100,5,2065.88,2499.72,0,0,0,21,4,0,0,0,0,0,002200004587
20170509,03000741,Maderera Newton Sociedad Anonima,Acceso Norte 3085 (ramal Campana) y Haití- Frente la Ford,01654ONC,Esteban Bergamaschi,14,0.196,14,1.16666666666667,7034.16,8511.34,0,0,0,21,0,0,0,0,0,0,002200004588
20170509,03000741,Maderera Newton Sociedad Anonima,Acceso Norte 3085 (ramal Campana) y Haití- Frente la Ford,01554BRC,Esteban Bergamaschi,200,1.2,200,10,15405,18640.04,0,0,0,21,0,0,0,0,0,0,002200004589
20170509,03000741,Maderera Newton Sociedad Anonima,Acceso Norte 3085 (ramal Campana) y Haití- Frente la Ford,01554BP,Esteban Bergamaschi,1,0.12,20,1,0.1,0.12,0,0,0,0,0,0,0,0,0,0,002200004589
20170509,03003751,Indupoles Argentina SA,Parque Ind. Campana - Km70 de Panamericana - Lote 12,01501IF,Isolant SI,6000,3,6000,0,11640,14084.4,0,0,0,0,0,0,0,0,0,0,002200004597
20170509,27003324,Supermat S A,El Amigo - Sebastian Cuenca esq Lopez y Planes,01750A,Pedro Cocaña,3,0,0,3,1825.29,2208.6,0,3,0,25,0,0,0,0,0,0,002200004599
20170509,27003324,Supermat S A,El Amigo - Sebastian Cuenca esq Lopez y Planes,01555M,Pedro Cocaña,10,1.5,200,10,8734.7,10568.98,0,3,0,25,12,0,0,0,0,0,002200004599
20170509,27003324,Supermat S A,El Amigo - Sebastian Cuenca esq Lopez y Planes,01555MA,Pedro Cocaña,1,0.15,20,1,0.1,0.12,0,3,0,0,0,0,0,0,0,0,002200004599
20170509,11005821,Bh Maderas SA,Diamante 194,01555AA,Victor Casañas,1500,7.5,1500,75,29106,35218.26,0,0,0,25,12,0,0,0,0,0,002200004604
20170509,11005821,Bh Maderas SA,Diamante 194,01555C,Victor Casañas,18,1.8,360,18,1.8,2.18,0,0,0,0,0,0,0,0,0,0,002200004604

