﻿FechaTxt,Codigo_Cliente,Cliente,EntDir,Codigo_Articulo,Vendedor,cantidad,Mts3,Mts2,Rollos,Importe_Bruto,Importe_Neto,Dto_Contado,Dto_Flete,Dto_Especial,Bonificacion,Desc_Adicional,cantidad_elaborada,m2_ocupados,costo_unitario,costo_total_stock,Costo_de_venta
20170123,02004019,Fallesen Juan Carlos,Juan D. Peron 1140,01555M,Hector Collia,10,1.5,200,10,10778.52,13042.01,0,0,0,21,0,0,0,0,0,0
20170123,02004019,Fallesen Juan Carlos,Juan D. Peron 1140,01555MA,Hector Collia,1,0.15,20,1,0.1,0.12,0,0,0,0,0,0,0,0,0,0
20170123,01005292,Adamant SRL,Paysandu 923 (entre Crisologo Larralde y Lucena),01514DA,Isolant SI,750,3.75,750,750,5617.5,6797.18,0,0,0,0,0,0,0,0,0,0
20170123,01005292,Adamant SRL,Paysandu 923 (entre Crisologo Larralde y Lucena),01514DC,Isolant SI,720,3.6,720,720,5392.8,6525.29,0,0,0,0,0,0,0,0,0,0
20170123,01005292,Adamant SRL,Paysandu 923 (entre Crisologo Larralde y Lucena),01500ASA,Isolant SI,7600,3.8,7600,0,11324,13702.04,0,0,0,0,0,0,0,0,0,0
20170123,01005292,Adamant SRL,Paysandu 923 (entre Crisologo Larralde y Lucena),01514DA,Isolant SI,900,4.5,900,900,7011,8483.31,0,0,0,0,0,0,0,0,0,0
20170123,01005292,Adamant SRL,Paysandu 923 (entre Crisologo Larralde y Lucena),01514DC,Isolant SI,2220,11.1,2220,2220,17293.8,20925.5,0,0,0,0,0,0,0,0,0,0
20170123,01005292,Adamant SRL,Paysandu 923 (entre Crisologo Larralde y Lucena),01508BA,Isolant SI,7200,14.4,7200,0,24264,29359.44,0,0,0,0,0,0,0,0,0,0
20170123,24002713,Casa Bureu SA,,04C00898,Diego Fani,1,0,0,1,35.38,35.38,0,0,0,0,0,0,0,0,0,0
20170123,03000023,Industrias Saladillo SA,IS.SA. Planta Pilar,01777B,Isolant SI,245,6.5415,0,245,26567.8,32147.04,0,0,0,0,0,0,0,0,0,0
20170123,02001696,Mat.Constr.Los Portugueses SA,Pres. Néstor Kirchner 1350,01555MC,Hector Collia,400,3,400,20,21570.16,26099.9,0,0,0,21,0,0,0,0,0,0
20170123,02001696,Mat.Constr.Los Portugueses SA,Pres. Néstor Kirchner 1350,01555MA,Hector Collia,2,0.3,40,2,0.2,0.24,0,0,0,0,0,0,0,0,0,0
20170123,02001696,Mat.Constr.Los Portugueses SA,Pres. Néstor Kirchner 1350,01555AA,Hector Collia,500,2.5,500,25,11613,14051.72,0,0,0,21,0,0,0,0,0,0
20170123,02001696,Mat.Constr.Los Portugueses SA,Pres. Néstor Kirchner 1350,01555C,Hector Collia,3,0.3,60,3,0.3,0.36,0,0,0,0,0,0,0,0,0,0
20170123,02004191,Tolifeda SA,Av. Calchaqui 2175,01957A,Ventas Buenos Aires,1,0,0,1,0.1,0.12,0,0,0,0,0,0,0,0,0,0
20170123,02004191,Tolifeda SA,Av. Calchaqui 2175,01555MC,Ventas Buenos Aires,200,1.5,200,10,10785.08,13049.94,0,0,0,21,0,0,0,0,0,0
20170123,02004191,Tolifeda SA,Av. Calchaqui 2175,01555MA,Ventas Buenos Aires,1,0.15,20,1,0.1,0.12,0,0,0,0,0,0,0,0,0,0
20170123,24001396,Fabbri Angel Antonio,,04C00898,Diego Fani,1,0,0,1,0.67,0.67,0,0,0,0,0,0,0,0,0,0
20170123,24002684,Centro De Chapas Rosario SA,,04C00898,Diego Fani,1,0,0,1,2.52,2.52,0,0,0,0,0,0,0,0,0,0
20170123,04005551,Armado y Montado SA,Irigoyen 668,01555M,Ventas Buenos Aires,70,10.5,1400,70,66395.7,80338.8,0,0,0,21,12,0,0,0,0,0
20170123,04005551,Armado y Montado SA,Irigoyen 668,01555MA,Ventas Buenos Aires,7,1.05,140,7,0.7,0.85,0,0,0,0,0,0,0,0,0,0
20170123,04005551,Armado y Montado SA,Irigoyen 668,01555A,Ventas Buenos Aires,60,6,1200,60,24528.32,29679.27,0,0,0,21,12,0,0,0,0,0
20170123,04005551,Armado y Montado SA,Irigoyen 668,01555C,Ventas Buenos Aires,15,1.5,300,15,1.5,1.82,0,0,0,0,0,0,0,0,0,0
20170123,04005551,Armado y Montado SA,Irigoyen 668,01557A,Ventas Buenos Aires,24,4.8,480,24,14982.78,18129.17,0,0,0,21,12,0,0,0,0,0
20170123,04005551,Armado y Montado SA,Irigoyen 668,01557C,Ventas Buenos Aires,6,1.2,120,6,0.6,0.73,0,0,0,0,0,0,0,0,0,0
20170123,24002684,Centro De Chapas Rosario SA,,04C00898,Diego Fani,1,0,0,1,1.38,1.38,0,0,0,0,0,0,0,0,0,0
20170123,03000023,Industrias Saladillo SA,IS.SA. Planta Pilar,01779B,Isolant SI,14,0.4525794,0,14,1998.64,2418.35,0,0,0,0,0,0,0,0,0,0
20170123,03000023,Industrias Saladillo SA,IS.SA. Planta Pilar,01779B,Isolant SI,67,2.1659157,0,67,9564.92,11573.55,0,0,0,0,0,0,0,0,0,0
20170123,24001793,Amiano S.A.,,04C00898,Diego Fani,1,0,0,1,0.03,0.03,0,0,0,0,0,0,0,0,0,0
20170123,03000023,Industrias Saladillo SA,IS.SA. Planta Pilar,01777B,Isolant SI,130,3.471,0,130,14097.2,17057.61,0,0,0,0,0,0,0,0,0,0
20170123,03000023,Industrias Saladillo SA,IS.SA. Planta Pilar,01777B,Isolant SI,10,0.267,0,10,1084.4,1312.12,0,0,0,0,0,0,0,0,0,0
20170123,29004054,VAA SRL,Av. de Mayo 800,01603BD,Levy,500,1,500,20,3962,4794.02,0,0,0,30,0,0,0,0,0,0
20170123,29004054,VAA SRL,Av. de Mayo 800,01603AC,Levy,12,0.6,300,12,3148.66,3809.88,0,0,0,30,0,0,0,0,0,0
20170123,03004764,Gutkoski Antenor Jose,Av. Juan M. Rosas 2034,01555MC,Levy,100,0.75,100,5,5392.54,6524.98,0,0,0,21,0,0,0,0,0,0
20170123,03004764,Gutkoski Antenor Jose,Av. Juan M. Rosas 2034,01555MA,Levy,2,0.3,40,2,0.2,0.24,0,0,0,0,0,0,0,0,0,0
20170123,15002857,Bustos Mario Raul,San Nicolas de Bari (O) 348,01700A,Pedro Cocaña,50,6,0,50,28582.85,34585.25,0,0,0,30,4,0,0,0,0,0
20170123,15002857,Bustos Mario Raul,San Nicolas de Bari (O) 348,01603B,Pedro Cocaña,10,0.5,250,10,1903.51,2303.24,0,0,0,30,4,0,0,0,0,0
20170123,15002857,Bustos Mario Raul,San Nicolas de Bari (O) 348,01957AA,Pedro Cocaña,1,0,0,1,0.1,0.12,0,0,0,0,0,0,0,0,0,0
20170123,29000753,Casa Boggio SA,Saavedra 512,01555A,Ventas Buenos Aires,24,2.4,480,24,11149.24,13490.58,0,0,0,21,0,0,0,0,0,0
20170123,29000753,Casa Boggio SA,Saavedra 512,01555C,Ventas Buenos Aires,6,0.6,120,6,0.6,0.73,0,0,0,0,0,0,0,0,0,0
20170123,29000753,Casa Boggio SA,Saavedra 512,01557A,Ventas Buenos Aires,12,2.4,240,12,8512.95,10300.66,0,0,0,21,0,0,0,0,0,0
20170123,29000753,Casa Boggio SA,Saavedra 512,01557C,Ventas Buenos Aires,3,0.6,60,3,0.3,0.36,0,0,0,0,0,0,0,0,0,0
20170123,29000753,Casa Boggio SA,Saavedra 512,01960DA,Ventas Buenos Aires,2,0,0,2,5291.88,6403.17,0,0,0,21,0,0,0,0,0,0
20170123,30003905,Maria Marcela Hiriart y Jose A. Hiriart Sociedad de Hecho,Cortázar 784,01960DA,Ventas Buenos Aires,4,0,0,4,10583.76,12806.35,0,0,0,21,0,0,0,0,0,0
20170123,30003905,Maria Marcela Hiriart y Jose A. Hiriart Sociedad de Hecho,Cortázar 784,01550A,Ventas Buenos Aires,10,0.4,200,10,2010.16,2432.29,0,0,0,21,0,0,0,0,0,0
20170123,30003905,Maria Marcela Hiriart y Jose A. Hiriart Sociedad de Hecho,Cortázar 784,01558BC,Ventas Buenos Aires,10,2,200,10,11011.81,13324.29,0,0,0,21,0,0,0,0,0,0
20170123,29005669,Siplis Susana Beatriz y Siplis Elisa Liliana,Av. Luro 4902,01524GC,Ventas Buenos Aires,750,7.5,750,0,23859.98,28870.57,0,0,0,21,0,0,0,0,0,0
20170123,29005669,Siplis Susana Beatriz y Siplis Elisa Liliana,Av. Luro 4902,01854A,Ventas Buenos Aires,10,2.5,250,10,11608.26,14045.99,0,0,0,21,0,0,0,0,0,0
20170123,31000152,Cerrosud SA,Av Juan b. Justo 2751,01603B,Ventas Buenos Aires,80,4,2000,80,17902.03,21661.46,0,0,0,21,0,0,0,0,0,0
20170123,31000152,Cerrosud SA,Av Juan b. Justo 2751,01603AC,Ventas Buenos Aires,2,0.1,50,2,592.25,716.62,0,0,0,21,0,0,0,0,0,0
20170123,19002241,Carlos Isla y Cia. SA,Teodoro Plan 5055,01557A,Latyn-Valle y Cordillera,35,7,700,35,18203.5,22026.24,0,0,0,0,0,0,0,0,0,0
20170123,03000023,Industrias Saladillo SA,IS.SA. Planta Pilar,01776B,Isolant SI,108,3.0536352,0,108,12074.4,14610.02,0,0,0,0,0,0,0,0,0,0
20170123,03000023,Industrias Saladillo SA,IS.SA. Planta Pilar,01776B,Isolant SI,180,5.089392,0,180,21331.8,25811.48,0,0,0,0,0,0,0,0,0,0
20170123,03003751,Indupoles Argentina SA,Parque Ind. Campana - Km70 de Panamericana - Lote 12,01506D,Isolant SI,900,1.35,900,900,2511,3038.31,0,0,0,0,0,0,0,0,0,0
20170123,03003751,Indupoles Argentina SA,Parque Ind. Campana - Km70 de Panamericana - Lote 12,01500AIN,Isolant SI,56000,28,56000,56000,82880,100284.8,0,0,0,0,0,0,0,0,0,0
20170123,07003238,Cooperativa de Provision de Servicios para Comerciantes,Casa Central - Ruta 9 Sur Km 689,01557A,Meier,36,7.2,720,36,22474.18,27193.75,0,0,0,21,12,0,0,0,0,0
20170123,07003238,Cooperativa de Provision de Servicios para Comerciantes,Casa Central - Ruta 9 Sur Km 689,01557C,Meier,9,1.8,180,9,0.9,1.09,0,0,0,0,0,0,0,0,0,0
20170123,07003238,Cooperativa de Provision de Servicios para Comerciantes,Casa Central - Ruta 9 Sur Km 689,01550A,Meier,5,0.2,100,5,884.47,1070.21,0,0,0,21,12,0,0,0,0,0
20170123,07003238,Cooperativa de Provision de Servicios para Comerciantes,Casa Central - Ruta 9 Sur Km 689,01555M,Meier,10,1.5,200,10,9485.1,11476.97,0,0,0,21,12,0,0,0,0,0
20170123,07003238,Cooperativa de Provision de Servicios para Comerciantes,Casa Central - Ruta 9 Sur Km 689,01555MA,Meier,1,0.15,20,1,0.1,0.12,0,0,0,0,0,0,0,0,0,0
20170123,07003238,Cooperativa de Provision de Servicios para Comerciantes,Casa Central - Ruta 9 Sur Km 689,01555A,Meier,72,7.2,1440,72,29433.99,35615.13,0,0,0,21,12,0,0,0,0,0
20170123,07003238,Cooperativa de Provision de Servicios para Comerciantes,Casa Central - Ruta 9 Sur Km 689,01555C,Meier,18,1.8,360,18,1.8,2.18,0,0,0,0,0,0,0,0,0,0
20170123,07003238,Cooperativa de Provision de Servicios para Comerciantes,Casa Central - Ruta 9 Sur Km 689,01555M,Meier,5,0.75,100,5,4742.55,5738.49,0,0,0,21,12,0,0,0,0,0
20170123,07003238,Cooperativa de Provision de Servicios para Comerciantes,Casa Central - Ruta 9 Sur Km 689,01552A,Meier,10,2,200,10,6054.91,7326.45,0,0,0,21,12,0,0,0,0,0
20170123,07003238,Cooperativa de Provision de Servicios para Comerciantes,Casa Central - Ruta 9 Sur Km 689,01960DA,Meier,1,0,0,1,2511.97,3039.48,0,0,0,25,0,0,0,0,0,0
20170123,07003238,Cooperativa de Provision de Servicios para Comerciantes,Casa Central - Ruta 9 Sur Km 689,01957A,Meier,4,0,0,4,0.4,0.48,0,0,0,0,0,0,0,0,0,0
20170123,07005677,Iron Pack SRL,Montecatini 3158,01662ACP,Meier,140,5.6,140,0,15507.8,18764.44,0,5,0,0,0,0,0,0,0,0
20170123,07005677,Iron Pack SRL,Montecatini 3158,01524HC,Meier,2500,25,2500,0,44270,53566.7,0,5,0,0,0,0,0,0,0,0
20170123,07005677,Iron Pack SRL,Montecatini 3158,01524DC,Meier,275,2.75,275,0,4438.64,5370.76,0,5,0,0,0,0,0,0,0,0
20170123,01001242,Delmiro Mendez e Hijo SA,Dr. Mariano Moreno 4361,01524DC,Ventas Buenos Aires,100,1,100,0,3181.33,3849.41,0,0,0,21,0,0,0,0,0,0
20170123,01001242,Delmiro Mendez e Hijo SA,Dr. Mariano Moreno 4361,01514DE,Ventas Buenos Aires,100,0.5,100,100,1971.05,2384.97,0,0,0,21,0,0,0,0,0,0
20170123,05001164,Sika Argentina SAIC,Juan B. Alberdi 5250,01903A,Fernando Palmas,12,0.91188,0,12,8741.76,10577.53,0,0,0,0,0,0,0,0,0,0
20170123,04003762,Iannelli Franco Jose Eugenio,Brown 809,01514PC,Hector Collia,125,0.625,125,0,2463.81,2981.21,0,0,0,21,0,0,0,0,0,0
20170123,04003762,Iannelli Franco Jose Eugenio,Brown 809,01524GC,Hector Collia,125,1.25,125,0,3976.66,4811.76,0,0,0,21,0,0,0,0,0,0
20170123,11004080,Corralon El Solar SRL,Av Pte Peron 1052,01568BC,Natali Plasticos (Vta Directa),600,6,600,30,28833.72,34888.8,0,3,0,21,10,0,0,0,0,0
20170123,11004080,Corralon El Solar SRL,Av Pte Peron 1052,01559AA,Natali Plasticos (Vta Directa),600,6,600,30,20644.12,24979.38,0,3,0,21,0,0,0,0,0,0
20170123,11004080,Corralon El Solar SRL,Av Pte Peron 1052,01557C,Natali Plasticos (Vta Directa),3,0.6,60,3,0.3,0.36,0,3,0,0,0,0,0,0,0,0

