﻿FechaTxt,Codigo_Cliente,Cliente,EntDir,Codigo_Articulo,Vendedor,cantidad,Mts3,Mts2,Rollos,Importe_Bruto,Importe_Neto,Dto_Contado,Dto_Flete,Dto_Especial,Bonificacion,Desc_Adicional,cantidad_elaborada,m2_ocupados,costo_unitario,costo_total_stock,Costo_de_venta,comp,C_Construccion,nomdoc
20170919,27004790,Luciano Pablo Nestor,Camino del Peru 2150 (esq. Pje Roca),06M001BA,Pedro Cocaña,1,0,0,1,0.1,0.12,0,3,0,0,0,0,0,0,0,0,002200007367,S,Factura de Venta
20170919,27004790,Luciano Pablo Nestor,Camino del Peru 2150 (esq. Pje Roca),06C001CS,Pedro Cocaña,1,0,0,1,0.1,0.12,0,3,0,0,0,0,0,0,0,0,002200007367,S,Factura de Venta
20170919,27004790,Luciano Pablo Nestor,Camino del Peru 2150 (esq. Pje Roca),01957M,Pedro Cocaña,1,0,0,1,0.1,0.12,0,3,0,0,0,0,0,0,0,0,002200007367,S,Factura de Venta
20170919,27003323,Bercovich SACIFIA,Centro Dist. Lastenia - Km 1296 (frente a Arco),06C001CO,Pedro Cocaña,1,0,0,1,0.1,0.12,0,3,0,0,0,0,0,0,0,0,002200007368,N,Factura de Venta
20170919,27003323,Bercovich SACIFIA,Centro Dist. Lastenia - Km 1296 (frente a Arco),01557A,Pedro Cocaña,75,15,1500,75,43116.99,52171.56,0,3,0,25,12,0,0,0,0,19437,002200007368,N,Factura de Venta
20170919,27003323,Bercovich SACIFIA,Centro Dist. Lastenia - Km 1296 (frente a Arco),01554BR,Pedro Cocaña,10,1.2,200,10,12477.88,15098.24,0,3,0,25,12,0,0,0,0,4441.5,002200007368,N,Factura de Venta
20170919,31000402,Codimat SA,Don Bosco 1495,01555A,Norberto Oppezzo,315,31.5,6300,315,105386.14,127517.23,3,4,16.3,21,12,0,0,0,0,49993.65,002200007373,N,Factura de Venta
20170919,31000402,Codimat SA,Don Bosco 1495,01557A,Norberto Oppezzo,45,9,900,45,22990.68,27818.72,3,4,16.3,21,12,0,0,0,0,11662.2,002200007373,N,Factura de Venta
20170919,31000402,Codimat SA,Don Bosco 1495,01558BC,Norberto Oppezzo,50,10,1000,50,45527.31,55088.05,3,4,16.3,21,0,0,0,0,0,27548,002200007373,N,Factura de Venta
20170919,16005856,San Martin Goma de Lauriente Hnos SRL,Buenos Aires 274,06C001CO,Leandro Diaz,1,0,0,1,0.1,0.12,0,0,0,0,0,0,0,0,0,0,002200007372,N,Factura de Venta
20170919,16005856,San Martin Goma de Lauriente Hnos SRL,Buenos Aires 274,01524HC,Leandro Diaz,50,0.5,50,0,1434.38,1735.6,0,0,0,30,4,0,0,0,0,534,002200007372,N,Factura de Venta
20170919,16005856,San Martin Goma de Lauriente Hnos SRL,Buenos Aires 274,01552I,Leandro Diaz,15,3,600,15,5710.61,6909.84,0,0,0,25,4,0,0,0,0,2834.1,002200007372,N,Factura de Venta
20170919,16005856,San Martin Goma de Lauriente Hnos SRL,Buenos Aires 274,01550I,Leandro Diaz,10,0.4,200,10,986.33,1193.46,0,0,0,25,4,0,0,0,0,411.5,002200007372,N,Factura de Venta
20170919,16005856,San Martin Goma de Lauriente Hnos SRL,Buenos Aires 274,01555AR,Leandro Diaz,3,0.3,60,3,788.03,953.52,0,0,0,25,4,0,0,0,0,388.41,002200007372,N,Factura de Venta
20170919,16005856,San Martin Goma de Lauriente Hnos SRL,Buenos Aires 274,01551I,Leandro Diaz,20,2,400,20,3808.8,4608.65,0,0,0,25,4,0,0,0,0,1557.2,002200007372,N,Factura de Venta
20170919,03004281,Majara SRL,Av. Avellaneda 3112/14,01656AC,Hector Collia,20,0.5,20,0,2410.24,2916.39,0,0,0,30,0,0,0,0,0,585,002200007361,N,Factura de Venta
20170919,11005824,Directo Srl,Luis Noaco 123,06C001CO,Victor Casañas,1,0,0,1,0.1,0.12,0,3,0,0,0,0,0,0,0,0,002200007365,S,Factura de Venta
20170919,11005824,Directo Srl,Luis Noaco 123,06C001PI,Victor Casañas,1,0,0,1,0.1,0.12,0,3,0,0,0,0,0,0,0,0,002200007365,S,Factura de Venta
20170919,11005824,Directo Srl,Luis Noaco 123,01520EB,Victor Casañas,720,5.76,720,0,9079.2,10985.84,0,3,0,0,0,0,0,0,0,4992.56,002200007365,S,Factura de Venta
20170919,11005824,Directo Srl,Luis Noaco 123,01520EC,Victor Casañas,720,5.76,720,0,9079.2,10985.84,0,3,0,0,0,0,0,0,0,4848.35,002200007365,S,Factura de Venta
20170919,16005856,San Martin Goma de Lauriente Hnos SRL,Buenos Aires 274,01524HC,Leandro Diaz,50,0.5,50,0,1434.38,1735.6,0,0,0,30,4,0,0,0,0,534,002200007370,N,Factura de Venta
20170919,03003937,Ref. La Lucila SA,Diaz Velez 1429,01771A,Levy,5,0.19165,0,5,1157.95,1401.12,0,0,0,50,0,0,0,0,0,194.65,002200007360,N,Factura de Venta
20170919,03003937,Ref. La Lucila SA,Diaz Velez 1429,01552I,Levy,5,1,200,5,2088.6,2527.21,0,0,0,21,0,0,0,0,0,944.7,002200007360,N,Factura de Venta
20170919,03003937,Ref. La Lucila SA,Diaz Velez 1429,01555AR,Levy,2,0.2,40,2,576.43,697.48,0,0,0,21,0,0,0,0,0,258.94,002200007360,N,Factura de Venta
20170919,03004281,Majara SRL,Av. Avellaneda 3112/14,01700A,Hector Collia,5,0.6,0,5,3126.24,3782.74,0,0,0,30,0,0,0,0,0,1332.55,002200007361,N,Factura de Venta
20170919,03004281,Majara SRL,Av. Avellaneda 3112/14,01524GC,Hector Collia,75,0.75,75,0,2241.23,2711.88,0,0,0,30,0,0,0,0,0,765.75,002200007361,N,Factura de Venta
20170919,03004281,Majara SRL,Av. Avellaneda 3112/14,01654AC,Hector Collia,20,0.4,20,0,1969.8,2383.46,0,0,0,30,0,0,0,0,0,475.2,002200007361,N,Factura de Venta
20170919,05003825,Suarez Alfredo Virgilio,Camino Gral Belgrano e/495 y 496,01960DA,Ventas Buenos Aires,3,0,0,3,8334.7,10084.98,0,0,0,21,0,0,0,0,0,3255,002200007353,N,Factura de Venta
20170919,02005555,Construcciones al Costo S.A,Av. 44 nº 2721 entre 149/150,06C001CO,Ventas Buenos Aires,1,0,0,1,0.1,0.12,0,0,0,0,0,0,0,0,0,0,002200007354,S,Factura de Venta
20170919,99004268,Expo Chapa SRL,12 de Octubre 1428,01558BC,Diego Fani,20,4,400,20,23364.88,28271.51,0,0,0,21,0,0,0,0,0,11019.2,002200007358,N,Factura de Venta
20170919,99004268,Expo Chapa SRL,12 de Octubre 1428,01960DA,Diego Fani,2,0,0,2,5889.86,7126.73,0,0,0,21,0,0,0,0,0,2170,002200007358,N,Factura de Venta
20170919,11001942,Cuello Alejandro Marcelo,Mandisovi 1349,06C001CO,Disapla,1,0,0,1,0.1,0.12,0,0,0,0,0,0,0,0,0,0,002200007359,N,Factura de Venta
20170919,11001942,Cuello Alejandro Marcelo,Mandisovi 1349,01550A,Disapla,25,1,500,25,5276.61,6384.7,0,0,0,21,0,0,0,0,0,1659.75,002200007359,N,Factura de Venta
20170919,02003995,Climaplat Equipos SA,Av. 13 Nº49 Esquina 33,01761A,Ventas Buenos Aires,6,0.39018,0,6,3632.69,4395.55,0,0,0,21,0,0,0,0,0,536.34,002200007356,N,Factura de Venta
20170919,02003995,Climaplat Equipos SA,Av. 13 Nº49 Esquina 33,01762A,Ventas Buenos Aires,4,0.20356,0,4,1886.36,2282.5,0,0,0,21,0,0,0,0,0,300,002200007356,N,Factura de Venta
20170919,02003995,Climaplat Equipos SA,Av. 13 Nº49 Esquina 33,01765A,Ventas Buenos Aires,2,0.093,0,2,861.53,1042.45,0,0,0,21,0,0,0,0,0,112.82,002200007356,N,Factura de Venta
20170919,11002933,La Agricola Regional Cooperativa Limitada,Moreno 1404,01557A,Natali Plasticos (Vta Directa),75,15,1500,75,49162.28,59486.36,0,0,0,21,12,0,0,0,0,19437,002200007352,N,Factura de Venta
20170919,11002933,La Agricola Regional Cooperativa Limitada,Moreno 1404,01960DA,Natali Plasticos (Vta Directa),10,0,0,10,29449.3,35633.66,0,0,0,21,0,0,0,0,0,10850,002200007352,N,Factura de Venta
20170919,11002933,La Agricola Regional Cooperativa Limitada,Moreno 1404,01554BC,Natali Plasticos (Vta Directa),30,3,600,30,26790.24,32416.19,0,0,0,21,0,0,0,0,0,11837.4,002200007352,N,Factura de Venta
20170919,07000012,Natali Plasticos SRL,Alvear 1475,01558ES,Isolant SA,50,10,1000,50,14871.99,17995.11,0,3,10,0,0,0,0,0,0,12525,002200007350,N,Factura de Venta
20170919,07000012,Natali Plasticos SRL,Alvear 1475,01555A,Isolant SA,60,6,1200,60,19210.86,23245.13,0,3,10,32.5,12,0,0,0,0,9522.6,002200007351,N,Factura de Venta
20170919,07000012,Natali Plasticos SRL,Alvear 1475,01557A,Isolant SA,80,16,1600,80,39115.75,47330.06,0,3,10,32.5,12,0,0,0,0,20732.8,002200007351,N,Factura de Venta
20170919,07000012,Natali Plasticos SRL,Alvear 1475,01550I,Isolant SA,10,0.4,200,10,632.23,764.99,0,3,10,0,0,0,0,0,0,411.5,002200007351,N,Factura de Venta
20170919,07000012,Natali Plasticos SRL,Alvear 1475,01555AR,Isolant SA,75,7.5,1500,75,12628.16,15280.08,0,3,10,0,0,0,0,0,0,9710.25,002200007351,N,Factura de Venta
20170919,02003995,Climaplat Equipos SA,Av. 13 Nº49 Esquina 33,01760A,Ventas Buenos Aires,8,0.50264,0,8,5290.98,6402.08,0,0,0,21,0,0,0,0,0,772.16,002200007356,N,Factura de Venta
20170919,27003323,Bercovich SACIFIA,Centro Dist. Lastenia - Km 1296 (frente a Arco),01957M,Pedro Cocaña,6,0,0,6,0.6,0.73,0,0,0,0,0,0,0,0,0,0,002200007369,N,Factura de Venta
20170919,16005649,Corralon Lujan SA,A Guiñazu 643,06C001CO,Leandro Diaz,1,0,0,1,0.1,0.12,0,0,0,0,0,0,0,0,0,0,002200007371,N,Factura de Venta
20170919,16005649,Corralon Lujan SA,A Guiñazu 643,01558EC,Leandro Diaz,25,5,500,25,16335.03,19765.38,0,0,0,21,0,0,0,0,0,9927.5,002200007371,N,Factura de Venta
20170919,03000023,Industrias Saladillo SA,IS.SA. Planta Pilar,01525AH,Isolant SI,400,4,400,0,6036,7303.56,0,0,0,0,0,0,0,0,0,4132,002200007347,N,Factura de Venta
20170919,03000023,Industrias Saladillo SA,IS.SA. Planta Pilar,01777B,Isolant SI,56,1.4952,0,56,6376.16,7715.15,0,0,0,0,0,0,0,0,0,2567.04,002200007349,N,Factura de Venta
20170919,07000012,Natali Plasticos SRL,Alvear 1475,01555EC,Isolant SA,50,5,1000,50,9863.59,11934.94,0,3,10,0,0,0,0,0,0,7768.5,002200007350,N,Factura de Venta
20170919,03000023,Industrias Saladillo SA,IS.SA. Planta Pilar,01525AHC,Isolant SI,600,6,600,600,9306,11260.26,0,0,0,0,0,0,0,0,0,6198,002200007362,N,Factura de Venta
20170919,27003323,Bercovich SACIFIA,Centro Dist. Lastenia - Km 1296 (frente a Arco),01554BP,Pedro Cocaña,1,0.12,20,1,0.1,0.12,0,3,0,0,0,0,0,0,0,444.15,002200007368,N,Factura de Venta
20170919,07000012,Natali Plasticos SRL,Alvear 1475,01555C,Isolant SA,24,2.4,480,24,2.1,2.54,0,3,10,0,0,0,0,0,0,3809.04,002200007351,N,Factura de Venta
20170919,02005274,Sato Jose Ricardo,Av. 131 Esq. 65,01555AA,Ventas Buenos Aires,500,2.5,500,25,11709.7,14168.74,0,0,0,21,4,0,0,0,0,3967.75,002200007355,S,Factura de Venta
20170919,02005274,Sato Jose Ricardo,Av. 131 Esq. 65,01555C,Ventas Buenos Aires,3,0.3,60,3,0.3,0.36,0,0,0,0,0,0,0,0,0,476.13,002200007355,S,Factura de Venta
20170919,11005824,Directo Srl,Luis Noaco 123,01555ARC,Victor Casañas,1820,9.1,1820,91,15836.96,19162.72,0,3,0,32.5,25,0,0,0,0,11781.77,002200007363,S,Factura de Venta
20170919,11005824,Directo Srl,Luis Noaco 123,01555ECC,Victor Casañas,1000,5,1000,50,10184.64,12323.4,0,3,0,32.5,25,0,0,0,0,7768.5,002200007364,S,Factura de Venta
20170919,11005824,Directo Srl,Luis Noaco 123,01555ECC,Victor Casañas,2000,10,2000,100,27970.92,33844.82,0,3,0,32.5,0,0,0,0,0,15537,002200007365,S,Factura de Venta
20170919,02005274,Sato Jose Ricardo,Av. 131 Esq. 65,01555MC,Ventas Buenos Aires,200,1.5,200,10,11197.02,13548.4,0,0,0,21,4,0,0,0,0,5445.8,002200007355,S,Factura de Venta
20170919,02005274,Sato Jose Ricardo,Av. 131 Esq. 65,01555MA,Ventas Buenos Aires,1,0.15,20,1,0.1,0.12,0,0,0,0,0,0,0,0,0,544.58,002200007355,S,Factura de Venta
20170919,27003323,Bercovich SACIFIA,Centro Dist. Lastenia - Km 1296 (frente a Arco),01557C,Pedro Cocaña,9,1.8,180,9,0.87,1.06,0,3,0,0,0,0,0,0,0,2332.44,002200007368,N,Factura de Venta
20170919,07000012,Natali Plasticos SRL,Alvear 1475,01557C,Isolant SA,24,4.8,480,24,2.1,2.54,0,3,10,0,0,0,0,0,0,6219.84,002200007351,N,Factura de Venta
20170919,11002933,La Agricola Regional Cooperativa Limitada,Moreno 1404,01557C,Natali Plasticos (Vta Directa),9,1.8,180,9,0.9,1.09,0,0,0,0,0,0,0,0,0,2332.44,002200007352,N,Factura de Venta
20170919,02005274,Sato Jose Ricardo,Av. 131 Esq. 65,01559AA,Ventas Buenos Aires,500,5,500,25,17875.48,21629.34,0,0,0,21,4,0,0,0,0,6479,002200007355,S,Factura de Venta
20170919,02005274,Sato Jose Ricardo,Av. 131 Esq. 65,01557C,Ventas Buenos Aires,3,0.6,60,3,0.3,0.36,0,0,0,0,0,0,0,0,0,777.48,002200007355,S,Factura de Venta
20170919,31000402,Codimat SA,Don Bosco 1495,01557C,Norberto Oppezzo,7,1.4,140,7,0.55,0.66,3,4,16.3,0,0,0,0,0,0,1814.12,002200007373,N,Factura de Venta
20170919,27004790,Luciano Pablo Nestor,Camino del Peru 2150 (esq. Pje Roca),01557ARC,Pedro Cocaña,2500,25,2500,125,28809,34858.88,0,3,10,0,0,0,0,0,0,28082.5,002200007366,S,Factura de Venta
20170919,27004790,Luciano Pablo Nestor,Camino del Peru 2150 (esq. Pje Roca),01558BRC,Pedro Cocaña,120,1.2,120,6,8080.48,9777.4,0,3,0,25,0,0,0,0,0,3305.76,002200007367,S,Factura de Venta
20170919,02005555,Construcciones al Costo S.A,Av. 44 nº 2721 entre 149/150,01558ECC,Ventas Buenos Aires,1000,10,1000,50,31352.26,37936.22,0,0,0,21,4,0,0,0,0,19855,002200007354,S,Factura de Venta
20170919,07002231,Acerco SA,,01IN,Meier,-1,0,0,-1,-2117.41,-2562.07,0,0,0,0,0,0,0,0,0,,001300000326,,Crédito de Venta
20170919,07002231,Acerco SA,,01IN,Meier,-1,0,0,-1,-299.04,-361.84,0,0,0,0,0,0,0,0,0,,001300000328,N,Crédito de Venta
20170919,28003683,SIKA BOLIVIA S.A.,,04C00624,Fernando Palmas,1,0,0,1,813.19,813.19,0,0,0,0,0,0,0,0,0,,000000000950,,Dif. Cambio (+)
20170919,11004080,Corralon El Solar SRL,,01IN,Natali Plasticos (Vta Directa),-1,0,0,-1,-761.96,-921.97,0,0,0,0,0,0,0,0,0,,001300000325,,Crédito de Venta
20170919,11004080,Corralon El Solar SRL,,04C00898,Natali Plasticos (Vta Directa),1,0,0,1,0.01,0.01,0,0,0,0,0,0,0,0,0,,000000011133,,Débito (Ajustes)
20170919,03000023,Industrias Saladillo SA,IS.SA. Planta Pilar,01776BA,Isolant SI,272,7.6906368,0,272,51631.04,62473.56,0,0,0,0,0,0,0,0,0,30942.72,002200007348,N,Factura de Venta
20170919,04005869,LH Ambrossi S.R.L,,04C00898,Esteban Bergamaschi,1,0,0,1,2.49,2.49,0,0,0,0,0,0,0,0,0,,000000011136,,Débito (Ajustes)
20170919,07002231,Acerco SA,,01IN,Meier,-1,0,0,-1,-2434.72,-2946.01,0,0,0,0,0,0,0,0,0,,001300000327,,Crédito de Venta
20170919,02003995,Climaplat Equipos SA,Av. 13 Nº49 Esquina 33,01763A,Ventas Buenos Aires,4,0.188496,0,4,1732.69,2096.56,0,0,0,21,0,0,0,0,0,264.44,002200007356,N,Factura de Venta
20170919,02003995,Climaplat Equipos SA,Av. 13 Nº49 Esquina 33,01764A,Ventas Buenos Aires,4,0.2073456,0,4,1903.62,2303.37,0,0,0,21,0,0,0,0,0,273.56,002200007356,N,Factura de Venta
20170919,28002335,TUBACERO S.A.,,04C00624,Fernando Palmas,1,0,0,1,11060.33,11060.33,0,0,0,0,0,0,0,0,0,,000000000949,,Dif. Cambio (+)
20170919,31004474,Polyfrio S.A.,Av. Polonia 1038,01507E,Fernando Palmas,4000,6,4000,0,36040,43608.4,0,0,0,0,0,0,0,0,0,18600,002200007357,N,Factura de Venta
20170919,04005689,Polifoam SRL,,04C00898,Isolant SI,1,0,0,1,0.01,0.01,0,0,0,0,0,0,0,0,0,,000000011137,,Débito (Ajustes)
20170919,03003937,Ref. La Lucila SA,Diaz Velez 1429,01764A,Levy,5,0.259182,0,5,1506.02,1822.29,0,0,0,50,0,0,0,0,0,341.95,002200007360,N,Factura de Venta

