﻿FechaTxt,Codigo_Cliente,Cliente,EntDir,Codigo_Articulo,Vendedor,cantidad,Mts3,Mts2,Rollos,Importe_Bruto,Importe_Neto,Dto_Contado,Dto_Flete,Dto_Especial,Bonificacion,Desc_Adicional,cantidad_elaborada,m2_ocupados,costo_unitario,costo_total_stock,Costo_de_venta
20161220,29000683,Multicontrol SA,Austria Norte 1456,01650DY,Levy,1500,15,1500,0,69655.95,84283.7,0,0,0,37,0,0,0,0,0,0
20161220,03003751,Indupoles Argentina SA,Parque Ind. Campana - Km70 de Panamericana - Lote 12,01500AIN,Isolant SI,66000,33,66000,66000,97680,118192.8,0,0,0,0,0,0,0,0,0,0
20161220,07000012,Natali Plasticos SRL,Alvear 1475,01555M,Isolant SA,20,3,400,20,15722.45,19024.17,0,3,0,32.5,12,0,0,0,0,0
20161220,07000012,Natali Plasticos SRL,Alvear 1475,01555MA,Isolant SA,2,0.3,40,2,0.19,0.23,0,3,0,0,0,0,0,0,0,0
20161220,03000357,Laboratorios Valmax SA,Sub Perdomo 1619,01507VA,Isolant SI,9600,14.4,9600,0,46944,56802.24,0,0,0,0,0,0,0,0,0,0
20161220,03000357,Laboratorios Valmax SA,Sub Perdomo 1619,01507VD,Isolant SI,6000,9,6000,0,29340,35501.4,0,0,0,0,0,0,0,0,0,0
20161220,03004731,Ferrara SA,,04C00898,Levy,1,0,0,1,0.6,0.6,0,0,0,0,0,0,0,0,0,0
20161220,04003368,Degacor SA,,04C00898,Hector Collia,1,0,0,1,0.44,0.44,0,0,0,0,0,0,0,0,0,0
20161220,20004718,Molina Oscar,,04C00291,Pedro Cocaña,1,0,0,1,12000,12000,0,0,0,0,0,0,0,0,0,0
20161220,20004718,Molina Oscar,,04C00205,Pedro Cocaña,1,0,0,1,12,12,0,0,0,0,0,0,0,0,0,0
20161220,16005799,Tintaya Inversiones SA,,04C00291,Leandro Diaz,1,0,0,1,25435.25,25435.25,0,0,0,0,0,0,0,0,0,0
20161220,07003893,Torres Carlos Hector,,04VARIOS,Meier,-1,0,0,-1,-12049.59,-14580,0,0,0,0,0,0,0,0,0,0
20161220,04005689,Polifoam SRL,,04C00291,Isolant SI,1,0,0,1,4800.31,4800.31,0,0,0,0,0,0,0,0,0,0
20161220,04005689,Polifoam SRL,,04C00205,Isolant SI,1,0,0,1,12,12,0,0,0,0,0,0,0,0,0,0
20161220,29004635,Laurito Sergio Ricardo,,04VARIOS,Hector Collia,-1,0,0,-1,-913.22,-1105,0,0,0,0,0,0,0,0,0,0
20161220,03000023,Industrias Saladillo SA,,04C00291,Isolant SI,1,0,0,1,13000,13000,0,0,0,0,0,0,0,0,0,0
20161220,14001329,Materiales Centro SA,,04C00291,Disapla,1,0,0,1,15000,15000,0,0,0,0,0,0,0,0,0,0
20161220,07005106,Espa SA,,04C00291,Meier,1,0,0,1,7000,7000,0,0,0,0,0,0,0,0,0,0
20161220,07005106,Espa SA,,04C00205,Meier,1,0,0,1,12,12,0,0,0,0,0,0,0,0,0,0
20161220,24005133,San Miguel Center SRL,,04VARIOS,Diego Fani,-1,0,0,-1,-3210.74,-3885,0,0,0,0,0,0,0,0,0,0
20161220,01005292,Adamant SRL,,04C00291,Isolant SI,1,0,0,1,3110,3110,0,0,0,0,0,0,0,0,0,0
20161220,01005292,Adamant SRL,,04C00291,Isolant SI,1,0,0,1,4000,4000,0,0,0,0,0,0,0,0,0,0
20161220,29000227,Moreno Alfredo German,Av. 44 nº 2721 entre 149/150,01524HC,Isolant SA,4725,47.25,4725,0,56700,68607,0,0,0,0,0,0,0,0,0,0
20161220,29001927,Damioli Franca Amabile,Av. 520 nº 1681 e/11 Y 12,01656AC,NN (Ex MDT),70,1.75,70,0,8190.35,9910.32,0,0,0,30,0,0,0,0,0,0
20161220,01005292,Adamant SRL,Paysandu 923 (entre Crisologo Larralde y Lucena),01524DC,Isolant SI,150,1.5,150,0,2646,3201.66,0,0,0,0,0,0,0,0,0,0
20161220,01005292,Adamant SRL,Paysandu 923 (entre Crisologo Larralde y Lucena),01666ACP,Isolant SI,50,2.5,50,0,6778.5,8201.99,0,0,0,0,0,0,0,0,0,0
20161220,01005292,Adamant SRL,Paysandu 923 (entre Crisologo Larralde y Lucena),01508BA,Isolant SI,4080,8.16,4080,0,13749.6,16637.02,0,0,0,0,0,0,0,0,0,0
20161220,01005803,Semadis SRL,,04C00898,Ventas Buenos Aires,1,0,0,1,0.82,0.82,0,0,0,0,0,0,0,0,0,0
20161220,02005702,Caps Ram,J. Díaz Solís 3535,01510D,Levy,3400,10.2,3400,3400,36924,44678.04,0,0,0,25,0,0,0,0,0,0
20161220,02000844,Revestimientos America SRL,Hipolito Yrigoyen 6235,01700A,Hector Collia,1,0.12,0,1,595.48,720.53,0,0,0,30,0,0,0,0,0,0
20161220,02000844,Revestimientos America SRL,Hipolito Yrigoyen 6235,01603B,Hector Collia,25,1.25,625,25,4957.05,5998.03,0,0,0,30,0,0,0,0,0,0
20161220,01005292,Adamant SRL,Paysandu 923 (entre Crisologo Larralde y Lucena),01658ACP,Isolant SI,100,3,100,0,7989,9666.69,0,0,0,0,0,0,0,0,0,0
20161220,01005292,Adamant SRL,Paysandu 923 (entre Crisologo Larralde y Lucena),01662ACP,Isolant SI,200,8,200,0,22076,26711.96,0,0,0,0,0,0,0,0,0,0
20161220,29003156,J Nardelli y Cia SRL,Moreno 1180 y Pte Peron,01957A,Hector Collia,1,0,0,1,0.1,0.12,0,0,0,0,0,0,0,0,0,0
20161220,29003156,J Nardelli y Cia SRL,Moreno 1180 y Pte Peron,01559AA,Hector Collia,500,5,500,25,17735.5,21459.96,0,0,0,21,0,0,0,0,0,0
20161220,29003156,J Nardelli y Cia SRL,Moreno 1180 y Pte Peron,01557C,Hector Collia,6,1.2,120,6,0.6,0.72,0,0,0,0,0,0,0,0,0,0
20161220,29003156,J Nardelli y Cia SRL,Moreno 1180 y Pte Peron,01960DAC,Hector Collia,2,0,0,2,5291.9,6403.2,0,0,0,21,0,0,0,0,0,0
20161220,29003156,J Nardelli y Cia SRL,Moreno 1180 y Pte Peron,01750AC,Hector Collia,2,0,0,2,1321.38,1598.88,0,0,0,21,0,0,0,0,0,0
20161220,04005689,Polifoam SRL,Alte. Brown 3985,01761A,Isolant SI,25,1.62575,0,25,6336,7666.56,0,0,0,0,0,0,0,0,0,0
20161220,11004080,Corralon El Solar SRL,Av Pte Peron 1052,01555AA,Natali Plasticos (Vta Directa),1000,5,1000,50,21628.06,26169.94,0,3,0,21,4,0,0,0,0,0
20161220,11004080,Corralon El Solar SRL,Av Pte Peron 1052,01557C,Natali Plasticos (Vta Directa),3,0.6,60,3,0.3,0.36,0,3,0,0,0,0,0,0,0,0
20161220,11004080,Corralon El Solar SRL,Av Pte Peron 1052,01555C,Natali Plasticos (Vta Directa),6,0.6,120,6,0.58,0.7,0,3,0,0,0,0,0,0,0,0
20161220,11004080,Corralon El Solar SRL,Av Pte Peron 1052,01559AA,Natali Plasticos (Vta Directa),500,5,500,25,16515.3,19983.52,0,3,0,21,4,0,0,0,0,0
20161220,03000023,Industrias Saladillo SA,IS.SA. Planta Pilar,01776B,Isolant SI,200,5.65488,0,200,22360,27055.6,0,0,0,0,0,0,0,0,0,0
20161220,03000023,Industrias Saladillo SA,IS.SA. Planta Pilar,01777B,Isolant SI,43,1.1481,0,43,4398.9,5322.67,0,0,0,0,0,0,0,0,0,0
20161220,03000023,Industrias Saladillo SA,IS.SA. Planta Pilar,01777B,Isolant SI,127,3.3909,0,127,12992.1,15720.44,0,0,0,0,0,0,0,0,0,0
20161220,31004474,Polyfrio S.A.,Av. Polonia 1038,01515B,Fernando Palmas,750,3.75,750,0,10515,12723.15,0,0,0,0,0,0,0,0,0,0
20161220,07003997,Ferraro Jose Luis,Av. Carcano 822,01524GC,Meier,250,2.5,250,0,7552.5,9138.52,0,0,0,25,0,0,0,0,0,0
20161220,07005226,Carrizo Jesica Y Carrizo Luciana S.H.,Florencio Sanchez 831,01552I,Meier,9,1.8,360,9,4112.78,4976.46,0,0,0,21,0,0,0,0,0,0
20161220,07005226,Carrizo Jesica Y Carrizo Luciana S.H.,Florencio Sanchez 831,01551I,Meier,2,0.2,40,2,456.97,552.93,0,0,0,21,0,0,0,0,0,0
20161220,22005000,Nodar Oscar Pablo,Granederos Requeños 567,01555M,Leandro Diaz,20,3,400,20,21557.05,26084.03,0,0,0,21,0,0,0,0,0,0
20161220,22005000,Nodar Oscar Pablo,Granederos Requeños 567,01555MA,Leandro Diaz,2,0.3,40,2,0.2,0.24,0,0,0,0,0,0,0,0,0,0
20161220,24004809,Bonadeo Raul Leonel,San Luis 3069,01761A,Meier,1,0.06503,0,1,496.73,601.05,0,0,0,30,0,0,0,0,0,0
20161220,24004809,Bonadeo Raul Leonel,San Luis 3069,01762A,Meier,2,0.10178,0,2,773.82,936.32,0,0,0,30,0,0,0,0,0,0
20161220,24004809,Bonadeo Raul Leonel,San Luis 3069,01763A,Meier,2,0.094248,0,2,710.78,860.04,0,0,0,30,0,0,0,0,0,0
20161220,24004809,Bonadeo Raul Leonel,San Luis 3069,01764A,Meier,1,0.0518364,0,1,390.45,472.45,0,0,0,30,0,0,0,0,0,0
20161220,24004809,Bonadeo Raul Leonel,San Luis 3069,01765A,Meier,2,0.093,0,2,706.83,855.27,0,0,0,30,0,0,0,0,0,0
20161220,24004809,Bonadeo Raul Leonel,San Luis 3069,01766A,Meier,1,0.03958,0,1,301.74,365.1,0,0,0,30,0,0,0,0,0,0
20161220,24004809,Bonadeo Raul Leonel,San Luis 3069,01768A,Meier,1,0.04524,0,1,353.76,428.05,0,0,0,30,0,0,0,0,0,0
20161220,24004809,Bonadeo Raul Leonel,San Luis 3069,01769A,Meier,2,0.066602,0,2,586.1,709.18,0,0,0,30,0,0,0,0,0,0
20161220,07001913,Martin Pisos SRL,Bv. Guzman 557,01700A,Meier,30,3.6,0,30,17864.28,21615.78,0,0,0,30,0,0,0,0,0,0
20161220,07004002,Espina Silvina,Av Colon 1999,01514DE,Meier,225,1.125,225,225,4434.86,5366.18,0,0,0,21,0,0,0,0,0,0
20161220,99004274,Maderas Sucre S.A.,Docentes Argentinos 6600,01603B,Meier,25,1.25,625,25,5594.39,6769.21,0,0,0,21,0,0,0,0,0,0
20161220,03000023,Industrias Saladillo SA,IS.SA. Planta Pilar,01771AS,Isolant SI,8,0.30664,0,8,1003.6,1214.36,0,0,0,0,0,0,0,0,0,0
20161220,03000023,Industrias Saladillo SA,IS.SA. Planta Pilar,01779BA,Isolant SI,20,0.6466,0,20,5421.6,6560.14,0,0,0,0,0,0,0,0,0,0
20161220,03000023,Industrias Saladillo SA,IS.SA. Planta Pilar,01780B,Isolant SI,29,0.75255,0,29,3304.84,3998.86,0,0,0,0,0,0,0,0,0,0
20161220,03000023,Industrias Saladillo SA,IS.SA. Planta Pilar,01779BA,Isolant SI,3,0.09699,0,3,813.24,984.02,0,0,0,0,0,0,0,0,0,0
20161220,03000023,Industrias Saladillo SA,IS.SA. Planta Pilar,01780B,Isolant SI,50,1.2975,0,50,5698,6894.58,0,0,0,0,0,0,0,0,0,0
20161220,03000023,Industrias Saladillo SA,IS.SA. Planta Pilar,01779BA,Isolant SI,17,0.54961,0,17,4608.36,5576.12,0,0,0,0,0,0,0,0,0,0
20161220,03000023,Industrias Saladillo SA,IS.SA. Planta Pilar,01780B,Isolant SI,50,1.2975,0,50,5698,6894.58,0,0,0,0,0,0,0,0,0,0
20161220,03000023,Industrias Saladillo SA,IS.SA. Planta Pilar,01779BA,Isolant SI,12,0.38796,0,12,3252.96,3936.08,0,0,0,0,0,0,0,0,0,0
20161220,03000023,Industrias Saladillo SA,IS.SA. Planta Pilar,01780B,Isolant SI,12,0.3114,0,12,1367.52,1654.7,0,0,0,0,0,0,0,0,0,0
20161220,29004247,Grupo Empresario SRL,Avenida Andrés Rolón 242,01557A,Levy,7,1.4,140,7,4965.88,6008.72,0,0,0,21,0,0,0,0,0,0
20161220,29004247,Grupo Empresario SRL,Avenida Andrés Rolón 242,01555A,Levy,4,0.4,80,4,1858.21,2248.43,0,0,0,21,0,0,0,0,0,0
20161220,11005568,Sucesión de Viola Edilio Armando,Entre Rios 578,01557AK,Disapla,25,2.625,375,25,9497.58,11492.07,0,0,0,21,0,0,0,0,0,0
20161220,07000012,Natali Plasticos SRL,Alvear 1475,01853A,Isolant SA,2,0.25,50,2,1563.65,1892.01,0,3,0,32.5,0,0,0,0,0,0
20161220,07000012,Natali Plasticos SRL,Alvear 1475,01514ACM,Isolant SA,20,6.24,0,20,11968.83,14482.28,0,3,0,32.5,0,0,0,0,0,0
20161220,07000012,Natali Plasticos SRL,Alvear 1475,01569BC,Isolant SA,2,0.6,40,2,2249.55,2721.96,0,3,0,32.5,0,0,0,0,0,0
20161220,07000012,Natali Plasticos SRL,Alvear 1475,01555M,Isolant SA,4,0.6,80,4,3144.49,3804.83,0,3,0,32.5,12,0,0,0,0,0
20161220,07000012,Natali Plasticos SRL,Alvear 1475,01750A,Isolant SA,5,0,0,5,2737.94,3312.9,0,3,0,32.5,0,0,0,0,0,0
20161220,07000012,Natali Plasticos SRL,Alvear 1475,01603B,Isolant SA,20,1,500,20,3709.29,4488.24,0,3,0,32.5,0,0,0,0,0,0
20161220,07000012,Natali Plasticos SRL,Alvear 1475,01554BR,Isolant SA,12,1.44,240,12,13476.11,16306.1,0,3,0,32.5,12,0,0,0,0,0
20161220,07000012,Natali Plasticos SRL,Alvear 1475,01554BP,Isolant SA,1,0.12,20,1,0.1,0.12,0,3,0,0,0,0,0,0,0,0
20161220,24004809,Bonadeo Raul Leonel,San Luis 3069,01771A,Meier,2,0.076655,0,2,600.42,726.51,0,0,0,30,0,0,0,0,0,0
20161220,07000012,Natali Plasticos SRL,Alvear 1475,01957A,Isolant SA,1,0,0,1,0.1,0.12,0,3,0,0,0,0,0,0,0,0
20161220,07000012,Natali Plasticos SRL,Alvear 1475,01551A,Isolant SA,15,1.5,300,15,4290.5,5191.5,0,3,0,32.5,12,0,0,0,0,0
20161220,07000012,Natali Plasticos SRL,Alvear 1475,01552A,Isolant SA,10,2,200,10,5018.3,6072.14,0,3,0,32.5,12,0,0,0,0,0
20161220,07000012,Natali Plasticos SRL,Alvear 1475,01555A,Isolant SA,84,8.4,1680,84,28460.62,34437.35,0,3,0,32.5,12,0,0,0,0,0
20161220,07000012,Natali Plasticos SRL,Alvear 1475,01555C,Isolant SA,21,2.1,420,21,2.04,2.46,0,3,0,0,0,0,0,0,0,0
20161220,07000012,Natali Plasticos SRL,Alvear 1475,01557A,Isolant SA,108,21.6,2160,108,55879.62,67614.34,0,3,0,32.5,12,0,0,0,0,0
20161220,07000012,Natali Plasticos SRL,Alvear 1475,01557C,Isolant SA,27,5.4,540,27,2.62,3.17,0,3,0,0,0,0,0,0,0,0
20161220,01005292,Adamant SRL,Paysandu 923 (entre Crisologo Larralde y Lucena),01515B,Isolant SI,750,3.75,750,0,12442.5,15055.42,0,0,0,0,0,0,0,0,0,0
20161220,01001928,Karavell SA,,04C00898,Levy,1,0,0,1,0.02,0.02,0,0,0,0,0,0,0,0,0,0

