﻿FechaTxt,Codigo_Cliente,Cliente,EntDir,Codigo_Articulo,Vendedor,cantidad,Mts3,Mts2,Rollos,Importe_Bruto,Importe_Neto,Dto_Contado,Dto_Flete,Dto_Especial,Bonificacion,Desc_Adicional,cantidad_elaborada,m2_ocupados,costo_unitario,costo_total_stock,Costo_de_venta
20170323,28004412,INSULEX S.A.C.,,04C00625,Isolant SI,-1,0,0,-1,-5254,-5254,0,0,0,0,0,0,0,0,0,0
20170323,26000442,Materiales y Servicios Sevillano SRL,Aldecoa 661,01551A,Guillermo Ghiretti,75,7.5,1500,75,22935,22935,0,0,0,0,0,0,0,0,0,0
20170323,26000442,Materiales y Servicios Sevillano SRL,Aldecoa 661,01552A,Guillermo Ghiretti,100,20,2000,100,53651,53651,0,0,0,0,0,0,0,0,0,0
20170323,01005861,DYCASA SA,Zona Cero Rosario Santa Fe,01558BRM,Diego Fani,2046.8,20.468,2046.8,102.34,106351.73,128685.59,0,0,0,0,0,0,0,0,0,0
20170323,07002231,Acerco SA,Av La Voz del Interior y Av. Japon,01558AL,Meier,25,5,1000,25,20339.72,24611.06,0,0,0,25,12,0,0,0,0,0
20170323,07002231,Acerco SA,Av La Voz del Interior y Av. Japon,01558ALP,Meier,2,0.4,80,2,0.2,0.24,0,0,0,0,0,0,0,0,0,0
20170323,07002231,Acerco SA,Av La Voz del Interior y Av. Japon,01558BC,Meier,100,20,2000,100,104542.5,126496.43,0,0,0,25,0,0,0,0,0,0
20170323,07002231,Acerco SA,Av La Voz del Interior y Av. Japon,01960DA,Meier,5,0,0,5,12559.84,15197.4,0,0,0,25,0,0,0,0,0,0
20170323,07002231,Acerco SA,Av La Voz del Interior y Av. Japon,01557A,Meier,50,10,1000,50,29633.67,35856.74,0,0,0,25,12,0,0,0,0,0
20170323,07002231,Acerco SA,Av La Voz del Interior y Av. Japon,01557C,Meier,6,1.2,120,6,0.6,0.73,0,0,0,0,0,0,0,0,0,0
20170323,07002231,Acerco SA,Av La Voz del Interior y Av. Japon,01555M,Meier,100,15,2000,100,90048.42,108958.59,0,0,0,25,12,0,0,0,0,0
20170323,07002231,Acerco SA,Av La Voz del Interior y Av. Japon,01555MA,Meier,10,1.5,200,10,1,1.21,0,0,0,0,0,0,0,0,0,0
20170323,07002231,Acerco SA,Av La Voz del Interior y Av. Japon,01960F,Meier,5,0,0,5,9710.81,11750.08,0,0,0,25,12,0,0,0,0,0
20170323,03001313,Prokrete Argentina SA,Austria Norte 2009,01900A,Esteban Bergamaschi,9,0.6786,0,9,25942.6,31390.54,0,0,0,10,0,0,0,0,0,0
20170323,03001313,Prokrete Argentina SA,Austria Norte 2009,01905A,Esteban Bergamaschi,5,0.3559,0,5,3980.83,4816.81,0,0,0,10,0,0,0,0,0,0
20170323,24003284,Antoniazzi Raul Jesus,Gdor. Candioti 755 - 3044,01852AA,Diego Fani,4,2,100,4,7510.44,9087.63,0,0,0,25,0,0,0,0,0,0
20170323,01005292,Adamant SRL,Paysandu 923 (entre Crisologo Larralde y Lucena),01505A,Isolant SI,6000,6,6000,0,28800,34848,0,0,0,0,0,0,0,0,0,0
20170323,01005292,Adamant SRL,Paysandu 923 (entre Crisologo Larralde y Lucena),01509A,Isolant SI,3000,6,3000,0,14580,17641.8,0,0,0,0,0,0,0,0,0,0
20170323,01005861,DYCASA SA,Zona Cero Rosario Santa Fe,01558BRM,Diego Fani,2189.6,21.896,2189.6,109.48,113771.62,137663.66,0,0,0,0,0,0,0,0,0,0
20170323,01004065,Balbin 3001 SRL,Balbin Ricardo 3001,01554BR,Levy,5,0.6,100,5,7467.82,9036.07,0,3,0,21,0,0,0,0,0,0
20170323,01004065,Balbin 3001 SRL,Balbin Ricardo 3001,01769A,Levy,6,0.199806,0,6,1924.82,2329.04,0,3,0,21,0,0,0,0,0,0
20170323,01004065,Balbin 3001 SRL,Balbin Ricardo 3001,01750A,Levy,3,0,0,3,1922.64,2326.39,0,3,0,21,0,0,0,0,0,0
20170323,01004065,Balbin 3001 SRL,"Km 52, J.E. Uriburu 1232 (Ex Ruta 8)",01763A,Levy,2,0.094248,0,2,778.1,941.5,0,3,0,21,0,0,0,0,0,0
20170323,01004065,Balbin 3001 SRL,"Km 52, J.E. Uriburu 1232 (Ex Ruta 8)",01765A,Levy,3,0.1395,0,3,1160.67,1404.41,0,3,0,21,0,0,0,0,0,0
20170323,01004065,Balbin 3001 SRL,"Km 52, J.E. Uriburu 1232 (Ex Ruta 8)",01766A,Levy,2,0.07916,0,2,660.63,799.36,0,3,0,21,0,0,0,0,0,0
20170323,31000402,Codimat SA,Don Bosco 1495,01558BC,NN (Ex MDT),60,12,1200,60,57218.42,69234.29,3,4,7,21,0,0,0,0,0,0
20170323,31000402,Codimat SA,Don Bosco 1495,01558AL,NN (Ex MDT),40,8,1600,40,33734.47,40818.71,3,4,7,21,0,0,0,0,0,0
20170323,31000402,Codimat SA,Don Bosco 1495,01558ALP,NN (Ex MDT),4,0.8,160,4,0.35,0.42,3,4,7,0,0,0,0,0,0,0
20170323,31000402,Codimat SA,Don Bosco 1495,01555A,NN (Ex MDT),30,3,600,30,12069.27,14603.82,3,4,7,21,0,0,0,0,0,0
20170323,31000402,Codimat SA,Don Bosco 1495,01555C,NN (Ex MDT),6,0.6,120,6,0.52,0.63,3,4,7,0,0,0,0,0,0,0
20170323,31000402,Codimat SA,Don Bosco 1495,01551A,NN (Ex MDT),50,5,1000,50,16981.69,20547.85,3,4,7,21,0,0,0,0,0,0
20170323,31000402,Codimat SA,Don Bosco 1495,01558BC,NN (Ex MDT),25,5,500,25,23841.01,28847.62,3,4,7,21,0,0,0,0,0,0
20170323,31000402,Codimat SA,Don Bosco 1495,01558AL,NN (Ex MDT),30,6,1200,30,25300.85,30614.03,3,4,7,21,0,0,0,0,0,0
20170323,31000402,Codimat SA,Don Bosco 1495,01558ALP,NN (Ex MDT),3,0.6,120,3,0.26,0.31,3,4,7,0,0,0,0,0,0,0
20170323,07003811,Centro Poliester SRL,Bulnes 2170,01658DC,Meier,100,3,100,0,13958,16889.18,0,0,0,30,0,0,0,0,0,0
20170323,04005689,Polifoam SRL,Alte. Brown 3985,01552I,Isolant SI,10,2,400,10,3049.4,3689.77,0,0,0,0,0,0,0,0,0,0
20170323,04005689,Polifoam SRL,Alte. Brown 3985,01551I,Isolant SI,10,1,200,10,1525.4,1845.73,0,0,0,0,0,0,0,0,0,0
20170323,04005689,Polifoam SRL,Alte. Brown 3985,01558ES,Isolant SI,10,2,200,10,3611.5,4369.92,0,0,0,0,0,0,0,0,0,0
20170323,04001988,Valentini Eduardo Hector,Bme. Mitre 1460,01559AA,Hector Collia,1000,10,1000,50,35471,42919.9,0,0,0,21,0,0,0,0,0,0
20170323,04001988,Valentini Eduardo Hector,Bme. Mitre 1460,01557C,Hector Collia,6,1.2,120,6,0.6,0.72,0,0,0,0,0,0,0,0,0,0
20170323,24002195,Prado Hector Roque,Prbo. Daniel Segundo 931,01750A,Diego Fani,5,0,0,5,2759.86,3339.42,0,0,0,25,12,0,0,0,0,0
20170323,24002195,Prado Hector Roque,Prbo. Daniel Segundo 931,01957A,Diego Fani,1,0,0,1,0.1,0.12,0,0,0,0,0,0,0,0,0,0
20170323,03004281,Majara SRL,,04C00898,Hector Collia,1,0,0,1,0.17,0.17,0,0,0,0,0,0,0,0,0,0

