﻿FechaTxt,Codigo_Cliente,Cliente,EntDir,Codigo_Articulo,Vendedor,cantidad,Mts3,Mts2,Rollos,Importe_Bruto,Importe_Neto,Dto_Contado,Dto_Flete,Dto_Especial,Bonificacion,Desc_Adicional,cantidad_elaborada,m2_ocupados,costo_unitario,costo_total_stock,Costo_de_venta,comp,C_Construccion,nomdoc
20171019,27002655,Miguel Perez Y Leopoldo Raul Sancho,Mitre 321,01652AC,Pedro Cocaña,80,1.2,80,0,5163.36,6247.67,0,0,0,40,0,0,0,0,0,1575.2,002200007948,N,Factura de Venta
20171019,27002655,Miguel Perez Y Leopoldo Raul Sancho,Mitre 321,01524DC,Pedro Cocaña,250,2.5,250,0,6403.5,7748.24,0,0,0,40,0,0,0,0,0,2550,002200007948,N,Factura de Venta
20171019,31001470,Sierramat SRL,Av. Adolfo Gonzales Chaves 352,06C001CO,Ventas Buenos Aires,1,0,0,1,0.1,0.12,0,0,0,0,0,0,0,0,0,0,002200007947,N,Factura de Venta
20171019,31001470,Sierramat SRL,Av. Adolfo Gonzales Chaves 352,01555ED,Ventas Buenos Aires,100,10,2000,100,44323.87,53631.88,0,0,0,21,12,0,0,0,0,31985,002200007947,N,Factura de Venta
20171019,31001470,Sierramat SRL,Av. Adolfo Gonzales Chaves 352,01558EC,Ventas Buenos Aires,50,10,1000,50,28749.65,34787.07,0,0,0,21,12,0,0,0,0,20393,002200007947,N,Factura de Venta
20171019,31001470,Sierramat SRL,Av. Adolfo Gonzales Chaves 352,01555M,Ventas Buenos Aires,20,3,400,20,20516.33,24824.75,0,0,0,21,12,0,0,0,0,11083.2,002200007947,N,Factura de Venta
20171019,03003300,Aserradero Vagol SRL,Av. San Martin 1188,01555M,Esteban Bergamaschi,60,9,1200,60,66400.65,80344.79,0,0,0,25,0,0,0,0,0,33249.6,002200007965,N,Factura de Venta
20171019,03003300,Aserradero Vagol SRL,Av. San Martin 1188,01555A,Esteban Bergamaschi,25,2.5,500,25,11577,14008.17,0,0,0,25,0,0,0,0,0,4174.75,002200007965,N,Factura de Venta
20171019,31000402,Codimat SA,Don Bosco 1495,01555A,Norberto Oppezzo,300,30,6000,300,126726.96,153339.62,3,4,7,21,0,0,0,0,0,50097,002200007967,N,Factura de Venta
20171019,31000402,Codimat SA,Don Bosco 1495,01558BC,Norberto Oppezzo,50,10,1000,50,50585.9,61208.94,3,4,7,21,0,0,0,0,0,27950.5,002200007967,N,Factura de Venta
20171019,31000402,Codimat SA,Don Bosco 1495,01558BC,Norberto Oppezzo,30,6,600,30,30351.54,36725.37,3,4,7,21,0,0,0,0,0,16770.3,002200007968,N,Factura de Venta
20171019,03000023,Industrias Saladillo SA,IS.SA. Planta Pilar,01780B,Isolant SI,171,4.43745,0,171,21689.64,26244.46,0,0,0,0,0,0,0,0,0,10955.97,002200007952,N,Factura de Venta
20171019,02000130,Telas Plasticas Miliavaca SA,Av. Hipolito Yrigoyen 11037,01524HC,Hector Collia,875,8.75,875,0,12512.5,15140.12,0,0,0,0,0,0,0,0,0,9765,002200007958,S,Factura de Venta
20171019,24004200,Mariutti Hnos SH,Francia 2399,01903A,Meier,5,0.37995,0,5,7334.52,8874.77,0,0,0,21,0,0,0,0,0,3222.7,002200007963,N,Factura de Venta
20171019,24004200,Mariutti Hnos SH,Francia 2399,01904A,Meier,3,0.18849,0,3,2821.41,3413.91,0,0,0,21,0,0,0,0,0,1769.28,002200007963,N,Factura de Venta
20171019,24004200,Mariutti Hnos SH,Francia 2399,01905A,Meier,2,0.14236,0,2,1768.1,2139.4,0,0,0,21,0,0,0,0,0,808.56,002200007963,N,Factura de Venta
20171019,24004200,Mariutti Hnos SH,Francia 2399,01906A,Meier,2,0.1555,0,2,1741.57,2107.3,0,0,0,21,0,0,0,0,0,835.82,002200007963,N,Factura de Venta
20171019,03003300,Aserradero Vagol SRL,Av. San Martin 1188,06C001CS,Esteban Bergamaschi,1,0,0,1,0.1,0.12,0,0,0,0,0,0,0,0,0,0,002200007965,N,Factura de Venta
20171019,13004591,Carrizo Alejandro,Victoria Nº137,01557AR,Pedro Cocaña,10,2,200,10,4433.01,5363.94,0,0,0,21,0,0,0,0,0,2370.6,002200007955,N,Factura de Venta
20171019,03003349,Homps Jorge Eduardo,Monteagudo 2865,01552I,Esteban Bergamaschi,2,0.4,80,2,740.26,895.72,0,0,0,30,0,0,0,0,0,398.32,002200000042,N,Factura de Venta
20171019,03003349,Homps Jorge Eduardo,Monteagudo 2865,01551I,Esteban Bergamaschi,10,1,200,10,1851.5,2240.31,0,0,0,30,0,0,0,0,0,810.2,002200000042,N,Factura de Venta
20171019,03003349,Homps Jorge Eduardo,Monteagudo 2865,01524DC,Esteban Bergamaschi,150,1.5,150,0,4482.45,5423.76,0,0,0,30,0,0,0,0,0,1530,002200000042,N,Factura de Venta
20171019,03003349,Homps Jorge Eduardo,Monteagudo 2865,01557AR,Esteban Bergamaschi,1,0.2,20,1,392.8,475.29,0,0,0,30,0,0,0,0,0,237.06,002200000042,N,Factura de Venta
20171019,02000130,Telas Plasticas Miliavaca SA,Av. Hipolito Yrigoyen 11037,01514Q,Hector Collia,875,4.375,875,875,6562.5,7940.62,0,0,0,0,0,0,0,0,0,2541.7,002200007958,S,Factura de Venta
20171019,02000130,Telas Plasticas Miliavaca SA,Av. Hipolito Yrigoyen 11037,01524HC,Hector Collia,875,8.75,875,0,12512.5,15140.12,0,0,0,0,0,0,0,0,0,9765,002200007959,S,Factura de Venta
20171019,03000023,Industrias Saladillo SA,IS.SA. Planta Pilar,01780B,Isolant SI,81,2.10195,0,81,10274.04,12431.59,0,0,0,0,0,0,0,0,0,5189.67,002200007960,N,Factura de Venta
20171019,11004476,Massaferro Pedro Juan,25 de Mayo Nº1409,06C001CO,Victor Casañas,1,0,0,1,0.1,0.12,0,0,0,0,0,0,0,0,0,0,002200007964,S,Factura de Venta
20171019,11004476,Massaferro Pedro Juan,25 de Mayo Nº1409,01903A,Victor Casañas,1,0.07599,0,1,1466.9,1774.96,0,0,0,21,0,0,0,0,0,644.54,002200007964,S,Factura de Venta
20171019,11004476,Massaferro Pedro Juan,25 de Mayo Nº1409,01904A,Victor Casañas,1,0.06283,0,1,940.48,1137.98,0,0,0,21,0,0,0,0,0,589.76,002200007964,S,Factura de Venta
20171019,13004591,Carrizo Alejandro,Victoria Nº137,01555AR,Pedro Cocaña,10,1,200,10,2882.16,3487.41,0,0,0,21,0,0,0,0,0,1354.1,002200007955,N,Factura de Venta
20171019,11002006,Hercal Center SRL,G. Ramirez y Ruta 39,01555A,Disapla,25,2.5,500,25,12194.44,14755.27,0,0,0,21,0,0,0,0,0,4174.75,002200007956,N,Factura de Venta
20171019,11002006,Hercal Center SRL,G. Ramirez y Ruta 39,01555AR,Disapla,25,2.5,500,25,7205.39,8718.52,0,0,0,21,0,0,0,0,0,3385.25,002200007956,N,Factura de Venta
20171019,30004285,A P Argentina SA,INDUPOLES - Parque Ind. Campana - Km70 de Panamericana - Lote 12,01515BE,Fernando Palmas,1875,9.375,1875,0,21468.75,25977.19,0,0,0,0,0,0,0,0,0,17437.5,002200007945,N,Factura de Venta
20171019,30004285,A P Argentina SA,INDUPOLES - Parque Ind. Campana - Km70 de Panamericana - Lote 12,01515BG,Fernando Palmas,1500,7.5,1500,0,17175,20781.75,0,0,0,0,0,0,0,0,0,13950,002200007945,N,Factura de Venta
20171019,03003751,Indupoles Argentina SA,Parque Ind. Campana - Km70 de Panamericana - Lote 12,01506CIN,Isolant SI,20250,30.375,20250,20250,65407.5,79143.07,0,0,0,0,0,0,0,0,0,37462.5,002200007946,N,Factura de Venta
20171019,02000130,Telas Plasticas Miliavaca SA,Av. Hipolito Yrigoyen 11037,01514Q,Hector Collia,875,4.375,875,875,6562.5,7940.62,0,0,0,0,0,0,0,0,0,2541.7,002200007959,S,Factura de Venta
20171019,16002082,Grupo La Alianza SA,Alte. Brown 939,01555AR,Leandro Diaz,2,0.2,40,2,576.43,697.48,0,0,0,21,0,0,0,0,0,270.82,002200007953,N,Factura de Venta
20171019,16002082,Grupo La Alianza SA,Alte. Brown 939,01557AR,Leandro Diaz,2,0.4,40,2,886.6,1072.79,0,0,0,21,0,0,0,0,0,474.12,002200007953,N,Factura de Venta
20171019,16002082,Grupo La Alianza SA,Alte. Brown 939,01555ED,Leandro Diaz,2,0.2,40,2,1007.36,1218.91,0,0,0,21,0,0,0,0,0,639.7,002200007953,N,Factura de Venta
20171019,16002082,Grupo La Alianza SA,Alte. Brown 939,01558EC,Leandro Diaz,2,0.4,40,2,1306.8,1581.23,0,0,0,21,0,0,0,0,0,815.72,002200007953,N,Factura de Venta
20171019,07004383,Electro Cordoba SA,Av. juan B Justo 7800,01767A,Meier,5,0.21205,0,5,1905.95,2306.2,0,0,0,21,0,0,0,0,0,267.75,002200007954,N,Factura de Venta
20171019,11002006,Hercal Center SRL,G. Ramirez y Ruta 39,01960DA,Disapla,2,0,0,2,5889.86,7126.73,0,0,0,21,0,0,0,0,0,2170,002200007956,N,Factura de Venta
20171019,31001470,Sierramat SRL,Av. Adolfo Gonzales Chaves 352,01558BC,Ventas Buenos Aires,15,3,300,15,17523.66,21203.63,0,0,0,21,0,0,0,0,0,8385.15,002200007947,N,Factura de Venta
20171019,31001470,Sierramat SRL,Av. Adolfo Gonzales Chaves 352,01557A,Ventas Buenos Aires,20,4,400,20,13109.94,15863.03,0,0,0,21,12,0,0,0,0,5412.2,002200007947,N,Factura de Venta
20171019,31001470,Sierramat SRL,Av. Adolfo Gonzales Chaves 352,01603AC,Ventas Buenos Aires,10,0.5,250,10,2349.62,2843.04,0,0,0,21,0,0,0,0,0,1259.9,002200007947,N,Factura de Venta
20171019,16002082,Grupo La Alianza SA,Alte. Brown 939,01960DC,Leandro Diaz,2,0,0,2,3031.5,3668.11,0,0,0,21,0,0,0,0,0,2170,002200007953,N,Factura de Venta
20171019,16002082,Grupo La Alianza SA,Alte. Brown 939,01555EC,Leandro Diaz,2,0.2,40,2,675.37,817.2,0,0,0,21,0,0,0,0,0,318.18,002200007953,N,Factura de Venta
20171019,16002082,Grupo La Alianza SA,Alte. Brown 939,01558ET,Leandro Diaz,2,0.4,40,2,1089.55,1318.36,0,0,0,21,0,0,0,0,0,506.22,002200007953,N,Factura de Venta
20171019,11004476,Massaferro Pedro Juan,25 de Mayo Nº1409,01550IC,Victor Casañas,200,0.4,200,10,1080.72,1307.68,0,0,0,21,0,0,0,0,0,267.04,002200007964,S,Factura de Venta
20171019,11004476,Massaferro Pedro Juan,25 de Mayo Nº1409,01551IC,Victor Casañas,400,2,400,20,4177.52,5054.8,0,0,0,21,0,0,0,0,0,750.47,002200007964,S,Factura de Venta
20171019,11002006,Hercal Center SRL,G. Ramirez y Ruta 39,01555C,Disapla,3,0.3,60,3,0.3,0.36,0,0,0,0,0,0,0,0,0,67.9,002200007956,N,Factura de Venta
20171019,03003300,Aserradero Vagol SRL,Av. San Martin 1188,01555C,Esteban Bergamaschi,6,0.6,120,6,0.6,0.73,0,0,0,0,0,0,0,0,0,135.79,002200007965,N,Factura de Venta
20171019,31000402,Codimat SA,Don Bosco 1495,01555C,Norberto Oppezzo,48,4.8,960,48,0.48,0.58,0,0,0,0,0,0,0,0,0,1086.33,002200007966,N,Factura de Venta
20171019,31000402,Codimat SA,Don Bosco 1495,01555C,Norberto Oppezzo,36,3.6,720,36,3.12,3.77,3,4,7,0,0,0,0,0,0,814.74,002200007967,N,Factura de Venta
20171019,31001470,Sierramat SRL,Av. Adolfo Gonzales Chaves 352,01555MA,Ventas Buenos Aires,2,0.3,40,2,0.2,0.24,0,0,0,0,0,0,0,0,0,1041.96,002200007947,N,Factura de Venta
20171019,03003300,Aserradero Vagol SRL,Av. San Martin 1188,01555MA,Esteban Bergamaschi,6,0.9,120,6,0.6,0.73,0,0,0,0,0,0,0,0,0,3125.87,002200007965,N,Factura de Venta
20171019,16005687,Plafal SRL,Manuel A. Saenz y Acceso Norte,01557ARC,Leandro Diaz,2000,20,2000,100,34569.92,41829.6,0,0,0,30,12,0,0,0,0,2765.66,002200007969,S,Factura de Venta
20171019,16005687,Plafal SRL,Manuel A. Saenz y Acceso Norte,01558ECC,Leandro Diaz,200,2,200,10,5093.08,6162.64,0,0,0,30,12,0,0,0,0,3905.42,002200007969,S,Factura de Venta
20171019,27002655,Miguel Perez Y Leopoldo Raul Sancho,Mitre 321,01514DE,Pedro Cocaña,150,0.75,150,150,2380.5,2880.4,0,0,0,40,0,0,0,0,0,792,002200007948,N,Factura de Venta
20171019,27002655,Miguel Perez Y Leopoldo Raul Sancho,Mitre 321,01662DQ,Pedro Cocaña,100,4,100,0,16215.6,19620.88,0,0,0,40,0,0,0,0,0,5102,002200007948,N,Factura de Venta
20171019,16004241,Nanfro Daniel Rolando,San Martin Sur 2241,01658D,Leandro Diaz,720,21.6,720,0,66960,81021.6,0,0,0,0,0,0,0,0,0,29160,002200007949,N,Factura de Venta
20171019,01002811,Gonzalez Dario R Iglesias Nelida C SH,,04C00898,Levy,1,0,0,1,1.28,1.28,0,0,0,0,0,0,0,0,0,,000000011244,,Débito (Ajustes)
20171019,07004383,Electro Cordoba SA,Av. juan B Justo 7800,01764A,Meier,7,0.3628548,0,7,3331.33,4030.91,0,0,0,21,0,0,0,0,0,457.59,002200007954,N,Factura de Venta
20171019,24003402,Tecno Part S.A.,,01IN,Victor Casañas,-1,0,0,-1,-154.84,-187.35,0,0,0,0,0,0,0,0,0,,001300000392,,Crédito de Venta
20171019,11001938,Bassi Gustavo Eduardo,,01IN,Meier,-1,0,0,-1,-272.97,-330.3,0,0,0,0,0,0,0,0,0,,001300000390,,Crédito de Venta
20171019,03000023,Industrias Saladillo SA,IS.SA. Planta Pilar,01776BA,Isolant SI,7,0.1979208,0,7,1328.74,1607.78,0,0,0,0,0,0,0,0,0,791.77,002200007951,N,Factura de Venta
20171019,03002400,Cutini Marcelo Enrique,,04C00898,Levy,1,0,0,1,0.87,0.87,0,0,0,0,0,0,0,0,0,,000000011243,,Débito (Ajustes)
20171019,03000023,Industrias Saladillo SA,IS.SA. Planta Pilar,01776B,Isolant SI,55,1.555092,0,55,6844.2,8281.48,0,0,0,0,0,0,0,0,0,2873.2,002200007960,N,Factura de Venta
20171019,03000023,Industrias Saladillo SA,IS.SA. Planta Pilar,01778BB,Isolant SI,26,1.4702688,0,26,9860.24,11930.89,0,0,0,0,0,0,0,0,0,5076.24,002200007961,N,Factura de Venta
20171019,03000023,Industrias Saladillo SA,IS.SA. Planta Pilar,01776BA,Isolant SI,98,2.7708912,0,98,19159.98,23183.58,0,0,0,0,0,0,0,0,0,11084.78,002200007962,N,Factura de Venta
20171019,99004275,Zacuto Gabriela,,04C00898,Norberto Oppezzo,1,0,0,1,0.11,0.11,0,0,0,0,0,0,0,0,0,,000000011248,,Débito (Ajustes)
20171019,03000023,Industrias Saladillo SA,,04C00898,Isolant SI,1,0,0,1,14.38,14.38,0,0,0,0,0,0,0,0,0,,000000011249,,Débito (Ajustes)
20171019,03000023,Industrias Saladillo SA,IS.SA. Planta Pilar,01776BA,Isolant SI,65,1.837836,0,65,12708.15,15376.86,0,0,0,0,0,0,0,0,0,7352.15,002200007950,N,Factura de Venta
20171019,04000640,Hernic SA,Sudamerica 1676,01656DQ,Esteban Bergamaschi,300,7.5,300,0,36153.6,43745.86,0,0,0,30,0,0,0,0,0,9105,002200007957,N,Factura de Venta
20171019,30005659,Tripodi Jorge Enrique,,04C00898,Esteban Bergamaschi,1,0,0,1,0.01,0.01,0,0,0,0,0,0,0,0,0,,000000011245,,Débito (Ajustes)
20171019,24003831,Motta Maderas y Decorac. SRL,,01IN,Diego Fani,-1,0,0,-1,-169.27,-204.82,0,0,0,0,0,0,0,0,0,,001300000393,,Crédito de Venta
20171019,24003831,Motta Maderas y Decorac. SRL,,04C00898,Diego Fani,1,0,0,1,0.01,0.01,0,0,0,0,0,0,0,0,0,,000000011246,,Débito (Ajustes)
20171019,03002400,Cutini Marcelo Enrique,,01IN,Levy,-1,0,0,-1,-112.95,-136.67,0,0,0,0,0,0,0,0,0,,001300000391,,Crédito de Venta

