﻿FechaTxt,Codigo_Cliente,Cliente,EntDir,Codigo_Articulo,Vendedor,cantidad,Mts3,Mts2,Rollos,Importe_Bruto,Importe_Neto,Dto_Contado,Dto_Flete,Dto_Especial,Bonificacion,Desc_Adicional,cantidad_elaborada,m2_ocupados,costo_unitario,costo_total_stock,Costo_de_venta
20161226,03000546,Rommel Talleres Metalurgicos,Peralta Ramos 4886,01857A,Levy,4,2,100,4,25274.32,30581.93,0,3,0,21,0,0,0,0,0,0
20161226,16003025,Fopiani Ricardo Arturo,,04C00898,Leandro Diaz,1,0,0,1,0.01,0.01,0,0,0,0,0,0,0,0,0,0
20161226,29004156,Hermes Perez e Hijos SRL,,04C00898,Ventas Buenos Aires,1,0,0,1,1.29,1.29,0,0,0,0,0,0,0,0,0,0
20161226,01005738,Unimaco SA,,04C00898,Meier,1,0,0,1,0.01,0.01,0,0,0,0,0,0,0,0,0,0
20161226,26002394,Casa Fuegia Sociedad de Responsabilidad Limitada,San Martin 1240,01603AC,Guillermo Ghiretti,24,1.2,600,24,6297.31,6297.31,0,0,0,0,0,0,0,0,0,0
20161226,26002394,Casa Fuegia Sociedad de Responsabilidad Limitada,San Martin 1240,01603B,Guillermo Ghiretti,60,3,1500,60,11896.8,11896.8,0,0,0,0,0,0,0,0,0,0
20161226,26002394,Casa Fuegia Sociedad de Responsabilidad Limitada,San Martin 1240,01551A,Guillermo Ghiretti,5,0.5,100,5,1861.6,1861.6,0,0,0,0,0,0,0,0,0,0
20161226,01005292,Adamant SRL,Paysandu 923 (entre Crisologo Larralde y Lucena),01666ACP,Isolant SI,250,12.5,250,0,33892.5,41009.92,0,0,0,0,0,0,0,0,0,0
20161226,02002202,Simmons De Argentina SAIC,Heredia 626,01907A,Isolant SI,30,5.655,0,30,21879.3,26473.95,0,0,0,0,0,0,0,0,0,0
20161226,02002202,Simmons De Argentina SAIC,Heredia 626,01656A,Isolant SI,200,5,200,0,25008,30259.68,0,0,0,0,0,0,0,0,0,0
20161226,17005208,Strieder Luciano,Ruta Nacional 12 y Andres Guacurari,01960DA,Disapla,3,0,0,3,7937.82,9604.76,0,0,0,21,0,0,0,0,0,0
20161226,01004381,Fenza SRL,,04C00898,Luis Ramirez,-1,0,0,-1,-2.91,-2.91,0,0,0,0,0,0,0,0,0,0
20161226,01004381,Fenza SRL,,04C00898,Luis Ramirez,1,0,0,1,2.91,2.91,0,0,0,0,0,0,0,0,0,0
20161226,03000023,Industrias Saladillo SA,IS.SA. Planta Pilar,01776B,Isolant SI,212,5.9941728,0,212,23701.6,28678.94,0,0,0,0,0,0,0,0,0,0
20161226,01004026,Osito Azul Sociedad Anonima,Pavon 2632,01796A,Isolant SI,4140,5.4648,4140,0,9775,11827.74,0,0,0,0,0,0,0,0,0,0
20161226,01000452,Caffaro Hnos Sociedad de Responsabilidad Limitada,Pavon 2632,01796A,Isolant SI,945,1.2474,945,0,2231.25,2699.81,0,0,0,0,0,0,0,0,0,0
20161226,03005729,Luna Eugenio Juan Martin y Pasquarelli Julieta,Av. Dr. Ricardo Balbin 4119,01603B,Esteban Bergamaschi,15,0.75,375,15,3186.67,3855.88,0,0,0,25,0,0,0,0,0,0
20161226,03005729,Luna Eugenio Juan Martin y Pasquarelli Julieta,Av. Dr. Ricardo Balbin 4119,01603AC,Esteban Bergamaschi,6,0.3,150,6,1686.78,2041,0,0,0,25,0,0,0,0,0,0
20161226,29003933,Grosman Marcelo Fabian,Av Lacroze 2708,01772A,Luis Ramirez,2,0.37888,0,2,3293.26,3984.84,0,0,0,21,0,0,0,0,0,0
20161226,29003933,Grosman Marcelo Fabian,Av Lacroze 2708,01772AB,Luis Ramirez,2,0.37888,0,2,3293.26,3984.84,0,0,0,21,0,0,0,0,0,0
20161226,29003933,Grosman Marcelo Fabian,Av Lacroze 2708,01772AC,Luis Ramirez,2,0.37888,0,2,3293.26,3984.84,0,0,0,21,0,0,0,0,0,0
20161226,29003933,Grosman Marcelo Fabian,Av Lacroze 2708,01772AD,Luis Ramirez,2,0.37888,0,2,3293.26,3984.84,0,0,0,21,0,0,0,0,0,0
20161226,30000891,Jose Luis Gonzalez SA,Coronel Zuarez 460/64,01957A,Esteban Bergamaschi,1,0,0,1,0.1,0.12,0,0,0,0,0,0,0,0,0,0
20161226,30000891,Jose Luis Gonzalez SA,Coronel Zuarez 460/64,01550A,Esteban Bergamaschi,20,0.8,400,20,4020.16,4864.38,0,0,0,21,0,0,0,0,0,0
20161226,30000891,Jose Luis Gonzalez SA,Coronel Zuarez 460/64,01555A,Esteban Bergamaschi,12,1.2,240,12,5574.62,6745.28,0,0,0,21,0,0,0,0,0,0
20161226,30000891,Jose Luis Gonzalez SA,Coronel Zuarez 460/64,01555C,Esteban Bergamaschi,3,0.3,60,3,0.3,0.36,0,0,0,0,0,0,0,0,0,0
20161226,30000891,Jose Luis Gonzalez SA,Coronel Zuarez 460/64,01960DAC,Esteban Bergamaschi,5,0,0,5,13229.74,16007.98,0,0,0,21,0,0,0,0,0,0
20161226,31000124,Drap Sociedad de Responsabilidad Limitada,Victoriano Montes 2060,01551I,Luis Ramirez,20,2,400,20,4049.08,4899.39,0,0,0,30,0,0,0,0,0,0
20161226,04005689,Polifoam SRL,Alte. Brown 3985,01510AB,Isolant SI,2000,6,2000,2000,14400,17424,0,0,0,0,0,0,0,0,0,0
20161226,04005689,Polifoam SRL,Alte. Brown 3985,01654DAP,Isolant SI,100,2,100,0,6811.2,8241.55,0,0,0,45,0,0,0,0,0,0
20161226,23003121,Francisco Jorge,Gobernador Moyano 158,01603B,Guillermo Ghiretti,30,1.5,750,30,5948.46,7197.64,0,0,0,30,0,0,0,0,0,0
20161226,11004428,Prades Sociedad Anonima,Av. Monseñor Tavella Nº1937,04FLETE,Victor Casañas,-1,0,0,-1,-3270.1,-3956.82,0,0,0,0,0,0,0,0,0,0
20161226,07005677,Iron Pack SRL,Montecatini 3158,04FLETE,Meier,-1,0,0,-1,-963.75,-1166.14,0,0,0,0,0,0,0,0,0,0
20161226,02005702,Caps Ram,J. Díaz Solís 3535,01510D,Levy,200,0.6,200,200,2172,2628.12,0,0,0,25,0,0,0,0,0,0
20161226,02005702,Caps Ram,J. Díaz Solís 3535,01510D,Levy,100,0.3,100,100,1086,1314.06,0,0,0,25,0,0,0,0,0,0
20161226,03000023,Industrias Saladillo SA,IS.SA. Planta Pilar,01525AH,Isolant SI,760,7.6,760,0,11977.6,14492.9,0,0,0,0,0,0,0,0,0,0
20161226,20003330,Francisco Ramon Molins e Hijo,Cordoba 275,01524GC,Pedro Cocaña,300,3,300,0,9543.99,11548.23,0,0,0,21,0,0,0,0,0,0
20161226,20003330,Francisco Ramon Molins e Hijo,Cordoba 275,01557A,Pedro Cocaña,12,2.4,240,12,8512.95,10300.66,0,0,0,21,0,0,0,0,0,0
20161226,20003330,Francisco Ramon Molins e Hijo,Cordoba 275,01557C,Pedro Cocaña,3,0.6,60,3,0.3,0.36,0,0,0,0,0,0,0,0,0,0
20161226,20003330,Francisco Ramon Molins e Hijo,Cordoba 275,01514PC,Pedro Cocaña,100,0.5,100,0,1971.05,2384.97,0,0,0,21,0,0,0,0,0,0
20161226,20003330,Francisco Ramon Molins e Hijo,Cordoba 275,01510AC,Pedro Cocaña,200,0.6,200,200,2287.84,2768.29,0,0,0,21,0,0,0,0,0,0
20161226,20003330,Francisco Ramon Molins e Hijo,Cordoba 275,01666ACP,Pedro Cocaña,10,0.5,10,0,2572.16,3112.31,0,0,0,21,0,0,0,0,0,0
20161226,24004687,Morbidoni Ivan Raul,Av. Blas Parera 45,01555MC,Diego Fani,2000,15,2000,100,84096.32,101756.54,0,0,0,30,12,0,0,0,0,0
20161226,24004687,Morbidoni Ivan Raul,Av. Blas Parera 45,01555MA,Diego Fani,10,1.5,200,10,1,1.22,0,0,0,0,0,0,0,0,0,0
20161226,24004687,Morbidoni Ivan Raul,Av. Blas Parera 45,01558ESC,Diego Fani,1800,18,1800,90,32220,38986.2,0,0,0,0,0,0,0,0,0,0
20161226,24005133,San Miguel Center SRL,,04C00898,Diego Fani,1,0,0,1,0.01,0.01,0,0,0,0,0,0,0,0,0,0
20161226,02005654,Nesue SRL,Rodolfo Lopez 1433,01550I,Hector Collia,50,2,1000,50,5923.82,7167.82,0,0,0,21,0,0,0,0,0,0
20161226,01005292,Adamant SRL,Paysandu 923 (entre Crisologo Larralde y Lucena),01514D,Isolant SI,2250,11.25,2250,2250,16852.5,20391.52,0,0,0,0,0,0,0,0,0,0
20161226,01005292,Adamant SRL,Paysandu 923 (entre Crisologo Larralde y Lucena),01514DA,Isolant SI,1250,6.25,1250,1250,9362.5,11328.63,0,0,0,0,0,0,0,0,0,0
20161226,11001472,Santiago Claudio Maria,Av. San Martin S/N,01555M,Victor Casañas,15,2.25,300,15,16167.78,19563.02,0,0,0,21,0,0,0,0,0,0
20161226,11001472,Santiago Claudio Maria,Av. San Martin S/N,01555MA,Victor Casañas,1,0.15,20,1,0.1,0.12,0,0,0,0,0,0,0,0,0,0
20161226,07003893,Torres Carlos Hector,Juan B. Justo 3595,01555MC,Meier,200,1.5,200,10,8303,10046.64,0,3,5,25,12,0,0,0,0,0
20161226,07003893,Torres Carlos Hector,Juan B. Justo 3595,01555MA,Meier,1,0.15,20,1,0.1,0.12,0,3,5,0,0,0,0,0,0,0
20161226,07003893,Torres Carlos Hector,Juan B. Justo 3595,01960DA,Meier,5,0,0,5,11573.86,14004.36,0,3,5,25,0,0,0,0,0,0
20161226,07003893,Torres Carlos Hector,Juan B. Justo 3595,01550IC,Meier,1000,2,1000,50,4561.42,5519.32,0,3,5,25,12,0,0,0,0,0
20161226,07003893,Torres Carlos Hector,Juan B. Justo 3595,01551IC,Meier,200,1,200,10,1758.88,2128.26,0,3,5,25,12,0,0,0,0,0
20161226,99088888,Ventas Contado,Ver Observaciones,01568CB,Isolant SA,4,0.8,80,4,3549.38,4294.75,0,0,0,50,0,0,0,0,0,0
20161226,03004281,Majara SRL,Av. Avellaneda 3112/14,01666ACP,Hector Collia,20,1,20,0,4558.26,5515.49,0,0,0,30,0,0,0,0,0,0
20161226,03004281,Majara SRL,Av. Avellaneda 3112/14,01514DE,Hector Collia,125,0.625,125,125,2183.13,2641.58,0,0,0,30,0,0,0,0,0,0
20161226,03004281,Majara SRL,Av. Avellaneda 3112/14,01524GC,Hector Collia,125,1.25,125,0,3523.63,4263.59,0,0,0,30,0,0,0,0,0,0
20161226,29000227,Moreno Alfredo German,Francisco Cafferata 3087 Pque. Ind. Alte. Brown,01905A,Isolant SA,6,0.42708,0,6,3143.37,3803.48,0,0,0,32.5,7,0,0,0,0,0
20161226,03003751,Indupoles Argentina SA,Parque Ind. Campana - Km70 de Panamericana - Lote 12,01500D,Isolant SI,1800,0.9,1800,0,2556,3092.76,0,0,0,0,0,0,0,0,0,0
20161226,01004026,Osito Azul Sociedad Anonima,Pavon 2632,01796A,Isolant SI,2070,2.7324,2070,0,4887.5,5913.87,0,0,0,0,0,0,0,0,0,0
20161226,01000452,Caffaro Hnos Sociedad de Responsabilidad Limitada,Pavon 2632,01796A,Isolant SI,1440,1.9008,1440,0,3400,4114,0,0,0,0,0,0,0,0,0,0
20161226,01004381,Fenza SRL,,04C00898,Luis Ramirez,1,0,0,1,2.91,2.91,0,0,0,0,0,0,0,0,0,0
20161226,03003751,Indupoles Argentina SA,Parque Ind. Campana - Km70 de Panamericana - Lote 12,01500CIN,Isolant SI,28500,14.25,28500,28500,42180,51037.8,0,0,0,0,0,0,0,0,0,0
20161226,03003751,Indupoles Argentina SA,Parque Ind. Campana - Km70 de Panamericana - Lote 12,01500AIN,Isolant SI,7500,3.75,7500,7500,11100,13431,0,0,0,0,0,0,0,0,0,0
20161226,28000201,CASARINO S.R.L.,"Eusebio Ayala 4165 Km 4,5",01550A,Fernando Palmas,50,2,1000,50,7359.3,7359.3,0,0,0,0,0,0,0,0,0,0
20161226,28000201,CASARINO S.R.L.,"Eusebio Ayala 4165 Km 4,5",01555A,Fernando Palmas,250,25,5000,250,75849.75,75849.75,0,0,0,0,0,0,0,0,0,0
20161226,28000201,CASARINO S.R.L.,"Eusebio Ayala 4165 Km 4,5",01555EC,Fernando Palmas,90,9,1800,90,27540,27540,0,0,0,0,0,0,0,0,0,0
20161226,28000201,CASARINO S.R.L.,"Eusebio Ayala 4165 Km 4,5",01558BC,Fernando Palmas,80,16,1600,80,72191.52,72191.52,0,0,0,0,0,0,0,0,0,0
20161226,28000201,CASARINO S.R.L.,"Eusebio Ayala 4165 Km 4,5",01850A,Fernando Palmas,75,9.375,1875,75,22800.83,22800.83,0,0,0,0,0,0,0,0,0,0
20161226,28000201,CASARINO S.R.L.,"Eusebio Ayala 4165 Km 4,5",01950F,Fernando Palmas,5,1.14299262,0,5,5478.16,5478.16,0,0,0,0,0,0,0,0,0,0
20161226,28000201,CASARINO S.R.L.,"Eusebio Ayala 4165 Km 4,5",01700A,Fernando Palmas,20,2.4,0,20,8543.52,8543.52,0,0,0,0,0,0,0,0,0,0
20161226,28000201,CASARINO S.R.L.,"Eusebio Ayala 4165 Km 4,5",01603B,Fernando Palmas,50,2.5,1250,50,9202.95,9202.95,0,0,0,0,0,0,0,0,0,0
20161226,31004304,Olivera Nestor Oscar,,04C00898,Ventas Buenos Aires,1,0,0,1,3.81,3.81,0,0,0,0,0,0,0,0,0,0

