﻿FechaTxt,Codigo_Cliente,Cliente,EntDir,Codigo_Articulo,Vendedor,cantidad,Mts3,Mts2,Rollos,Importe_Bruto,Importe_Neto,Dto_Contado,Dto_Flete,Dto_Especial,Bonificacion,Desc_Adicional,cantidad_elaborada,m2_ocupados,costo_unitario,costo_total_stock,Costo_de_venta
20170131,01003857,DAC Distr. Arg. de chapas SACI,Av 101 Ruta 8 3388,01603AC,Levy,5,0.25,125,5,1480.62,1791.55,0,0,0,21,0,0,0,0,0,0
20170131,01003857,DAC Distr. Arg. de chapas SACI,Av 101 Ruta 8 3388,01603B,Levy,20,1,500,20,4475.51,5415.36,0,0,0,21,0,0,0,0,0,0
20170131,03004075,Comercial CMP SA,Ruta Panamericana Km. 39.5 Nº1166,01555A,Hector Collia,50,5,1000,50,19405.32,23480.44,0,0,0,25,12,0,0,0,0,0
20170131,03004075,Comercial CMP SA,Ruta Panamericana Km. 39.5 Nº1166,01555C,Hector Collia,6,0.6,120,6,0.6,0.73,0,0,0,0,0,0,0,0,0,0
20170131,01004664,Construccion de Estructuras SRL,Calle 3 parcela 6A Parque industrial pilar,04ANTICIPOS,Ventas Buenos Aires,-1,0,0,-1,-48030.42,-58116.81,0,0,0,0,0,0,0,0,0,0
20170131,28000201,CASARINO S.R.L.,"Eusebio Ayala 4165 Km 4,5",01550A,Fernando Palmas,50,2,1000,50,7551.7,7551.7,0,0,0,0,0,0,0,0,0,0
20170131,28000201,CASARINO S.R.L.,"Eusebio Ayala 4165 Km 4,5",01557A,Fernando Palmas,10,2,200,10,6113.58,6113.58,0,0,0,0,0,0,0,0,0,0
20170131,28000201,CASARINO S.R.L.,"Eusebio Ayala 4165 Km 4,5",01558ES,Fernando Palmas,60,12,1200,60,28636.8,28636.8,0,0,0,0,0,0,0,0,0,0
20170131,28000201,CASARINO S.R.L.,"Eusebio Ayala 4165 Km 4,5",01554BC,Fernando Palmas,100,10,2000,100,72643.9,72643.9,0,0,0,0,0,0,0,0,0,0
20170131,28000201,CASARINO S.R.L.,"Eusebio Ayala 4165 Km 4,5",01558BC,Fernando Palmas,100,20,2000,100,92598.6,92598.6,0,0,0,0,0,0,0,0,0,0
20170131,28000201,CASARINO S.R.L.,"Eusebio Ayala 4165 Km 4,5",01568CB,Fernando Palmas,55,11,1100,55,61576.18,61576.18,0,0,0,0,0,0,0,0,0,0
20170131,28000201,CASARINO S.R.L.,"Eusebio Ayala 4165 Km 4,5",01603B,Fernando Palmas,40,2,1000,40,7554.84,7554.84,0,0,0,0,0,0,0,0,0,0
20170131,28000201,CASARINO S.R.L.,"Eusebio Ayala 4165 Km 4,5",01654ON,Fernando Palmas,180,2.52,180,0,5793.3,5793.3,0,0,0,0,0,0,0,0,0,0
20170131,28000201,CASARINO S.R.L.,"Eusebio Ayala 4165 Km 4,5",01655ON,Fernando Palmas,24,0.336,24,0,915.62,915.62,0,0,0,0,0,0,0,0,0,0
20170131,01004664,Construccion de Estructuras SRL,Calle 3 parcela 6A Parque industrial pilar,04ANTICIPOS,Ventas Buenos Aires,-1,0,0,-1,-11960,-14471.6,0,0,0,0,0,0,0,0,0,0
20170131,27001898,Distribuidora Lamadrid SA,Ejercito del Norte 395,01557AR,Pedro Cocaña,50,10,1000,50,20039.05,24247.25,0,3,0,21,4,0,0,0,0,0
20170131,03002606,Proietto Cesar Antonio,Tratado de Pilar 227,01514DA,Esteban Bergamaschi,500,2.5,500,500,9855.25,11924.85,0,0,0,21,0,0,0,0,0,0
20170131,03002606,Proietto Cesar Antonio,Tratado de Pilar 227,01763A,Esteban Bergamaschi,5,0.23562,0,5,2005.42,2426.55,0,0,0,21,0,0,0,0,0,0
20170131,03002606,Proietto Cesar Antonio,Tratado de Pilar 227,01765A,Esteban Bergamaschi,5,0.2325,0,5,1994.28,2413.07,0,0,0,21,0,0,0,0,0,0
20170131,13004369,Cruz Pablo Pablo Gabriel Cesar,Av. Alte. Brown 1047,01555AA,Pedro Cocaña,1200,6,1200,60,25953.66,31403.94,0,3,0,21,4,0,0,0,0,0
20170131,13004369,Cruz Pablo Pablo Gabriel Cesar,Av. Alte. Brown 1047,01555C,Pedro Cocaña,15,1.5,300,15,1.46,1.76,0,3,0,0,0,0,0,0,0,0
20170131,13004369,Cruz Pablo Pablo Gabriel Cesar,Av. Alte. Brown 1047,01557AKC,Pedro Cocaña,750,5.25,750,50,15029.28,18185.44,0,3,0,21,4,0,0,0,0,0
20170131,04001988,Valentini Eduardo Hector,Bme. Mitre 1460,01557AKC,Hector Collia,900,6.3,900,60,19367.64,23434.84,0,0,0,21,0,0,0,0,0,0
20170131,31004556,Maderera Los Troncos S.A.,Colectora 12.542,01555AA,Ventas Buenos Aires,1200,6,1200,60,26756.36,32375.18,0,0,0,21,4,0,0,0,0,0
20170131,31004556,Maderera Los Troncos S.A.,Colectora 12.542,01555C,Ventas Buenos Aires,15,1.5,300,15,1.5,1.82,0,0,0,0,0,0,0,0,0,0
20170131,31003228,Giliberto Hnos. SA,Av. 131 nº 385 (entre 39 y 40),01555A,Ventas Buenos Aires,56,5.6,1120,56,22893.1,27700.65,0,0,0,21,12,0,0,0,0,0
20170131,31003228,Giliberto Hnos. SA,Av. 131 nº 385 (entre 39 y 40),01555C,Ventas Buenos Aires,27,2.7,540,27,2.7,3.27,0,0,0,0,0,0,0,0,0,0
20170131,01004664,Construccion de Estructuras SRL,Sebastian Elcano 3461,04ANTICIPOS,Ventas Buenos Aires,-1,0,0,-1,-37059.02,-44841.41,0,0,0,0,0,0,0,0,0,0
20170131,01000165,Macroplast SA,Calle 15,01504D,Isolant SA,4800,4.8,4800,0,21416.4,25913.84,0,0,0,32.5,0,0,0,0,0,0
20170131,20003695,Himetal SA,Juan M. Leguizamon 1450,01957A,Pedro Cocaña,1,0,0,1,0.1,0.12,0,3,0,0,0,0,0,0,0,0
20170131,20003695,Himetal SA,Juan M. Leguizamon 1450,01557A,Pedro Cocaña,75,15,1500,75,47480.95,57451.95,0,3,0,21,8,0,0,0,0,0
20170131,20003695,Himetal SA,Juan M. Leguizamon 1450,01557C,Pedro Cocaña,9,1.8,180,9,0.87,1.06,0,3,0,0,0,0,0,0,0,0
20170131,20003695,Himetal SA,Juan M. Leguizamon 1450,01558AL,Pedro Cocaña,10,2,400,10,8690.56,10515.57,0,3,0,21,8,0,0,0,0,0
20170131,20003695,Himetal SA,Juan M. Leguizamon 1450,01558ALP,Pedro Cocaña,1,0.2,40,1,0.1,0.12,0,3,0,0,0,0,0,0,0,0
20170131,04001595,Dommarco Hnos Sociedad Anonima,,04C00898,Hector Collia,1,0,0,1,0.05,0.05,0,0,0,0,0,0,0,0,0,0
20170131,16005326,Reche Fernando,,04C00898,Leandro Diaz,1,0,0,1,0.86,0.86,0,0,0,0,0,0,0,0,0,0
20170131,29000683,Multicontrol SA,Austria Norte 1456,01650DY ,Levy,1500,15,1500,0,69655.95,84283.7,0,0,0,37,0,0,0,0,0,0
20170131,29000227,Moreno Alfredo German,Andres Baranda 329,01765A,Isolant SA,30,1.395,0,30,6210.02,7514.13,0,0,0,59,0,0,0,0,0,0
20170131,29000227,Moreno Alfredo German,Andres Baranda 329,01767A,Isolant SA,15,0.636174,0,15,2747.7,3324.71,0,0,0,59,0,0,0,0,0,0
20170131,02003203,Maderera La Loma SA,Calle 161 y 40,01557A,Ventas Buenos Aires,8,1.6,160,8,4994.26,6043.06,0,0,0,21,12,0,0,0,0,0
20170131,02003203,Maderera La Loma SA,Calle 161 y 40,01557C,Ventas Buenos Aires,27,5.4,540,27,2.7,3.27,0,0,0,0,0,0,0,0,0,0
20170131,29001247,Salazar Wilchelm Juan Carlos,Calle 5 Nº1998 (Esq. 512),01514DA,Fernando Palmas,1000,5,1000,1000,9640,11664.4,0,0,0,0,0,0,0,0,0,0
20170131,29001247,Salazar Wilchelm Juan Carlos,Calle 5 Nº1998 (Esq. 512),01514DC,Fernando Palmas,1200,6,1200,1200,11568,13997.28,0,0,0,0,0,0,0,0,0,0
20170131,29001247,Salazar Wilchelm Juan Carlos,Calle 5 Nº1998 (Esq. 512),01514DB,Fernando Palmas,1500,7.5,1500,1500,14460,17496.6,0,0,0,0,0,0,0,0,0,0
20170131,27003324,Supermat S A,Av. Alte. Brown 1350,01555A,Pedro Cocaña,150,15,3000,150,59481.19,71972.24,0,3,0,21,12,0,0,0,0,0
20170131,27003324,Supermat S A,Av. Alte. Brown 1350,01555C,Pedro Cocaña,37,3.7,740,37,3.59,4.34,0,3,0,0,0,0,0,0,0,0
20170131,05003825,Suarez Alfredo Virgilio,Camino Gral Belgrano e/495 y 496,01555AA,Ventas Buenos Aires,1680,8.4,1680,84,35898.1,43436.7,0,0,0,21,8,0,0,0,0,0
20170131,05003825,Suarez Alfredo Virgilio,Camino Gral Belgrano e/495 y 496,01559AA,Ventas Buenos Aires,720,7.2,720,36,23496,28430.14,0,0,0,21,8,0,0,0,0,0
20170131,05003825,Suarez Alfredo Virgilio,Camino Gral Belgrano e/495 y 496,01555MC,Ventas Buenos Aires,400,3,400,20,19844.54,24011.9,0,0,0,21,8,0,0,0,0,0
20170131,05003825,Suarez Alfredo Virgilio,Camino Gral Belgrano e/495 y 496,01555C,Ventas Buenos Aires,21,2.1,420,21,2.1,2.54,0,0,0,0,0,0,0,0,0,0
20170131,05003825,Suarez Alfredo Virgilio,Camino Gral Belgrano e/495 y 496,01557C,Ventas Buenos Aires,9,1.8,180,9,0.9,1.08,0,0,0,0,0,0,0,0,0,0
20170131,05003825,Suarez Alfredo Virgilio,Camino Gral Belgrano e/495 y 496,01555MA,Ventas Buenos Aires,2,0.3,40,2,0.2,0.24,0,0,0,0,0,0,0,0,0,0
20170131,01004664,Construccion de Estructuras SRL,Sebastian Elcano 3461,04ANTICIPOS,Ventas Buenos Aires,-1,0,0,-1,-38150,-46161.5,0,0,0,0,0,0,0,0,0,0
20170131,01004664,Construccion de Estructuras SRL,Sebastian Elcano 3461,04ANTICIPOS,Ventas Buenos Aires,-1,0,0,-1,-38150,-46161.5,0,0,0,0,0,0,0,0,0,0
20170131,27001542,Rosso Hnos. de Alvaro S. Rosso y Raul E. Rosso,Suc.07 - A. DEL VALLE 44,01559AA,Pedro Cocaña,1200,12,1200,60,34493.98,41737.72,0,3,0,25,12,0,0,0,0,0
20170131,27001542,Rosso Hnos. de Alvaro S. Rosso y Raul E. Rosso,Suc.07 - A. DEL VALLE 44,01555AA,Pedro Cocaña,300,1.5,300,15,5646.56,6832.34,0,3,0,25,12,0,0,0,0,0
20170131,27001542,Rosso Hnos. de Alvaro S. Rosso y Raul E. Rosso,Suc.07 - A. DEL VALLE 44,01557C,Pedro Cocaña,15,3,300,15,1.46,1.76,0,3,0,0,0,0,0,0,0,0
20170131,27001542,Rosso Hnos. de Alvaro S. Rosso y Raul E. Rosso,Suc.07 - A. DEL VALLE 44,01555C,Pedro Cocaña,3,0.3,60,3,0.3,0.36,0,3,0,0,0,0,0,0,0,0
20170131,27001542,Rosso Hnos. de Alvaro S. Rosso y Raul E. Rosso,Suc.07 - A. DEL VALLE 44,01559AA,Pedro Cocaña,1200,12,1200,60,34493.98,41737.72,0,3,0,25,12,0,0,0,0,0
20170131,27001542,Rosso Hnos. de Alvaro S. Rosso y Raul E. Rosso,Suc.07 - A. DEL VALLE 44,01557C,Pedro Cocaña,6,1.2,120,6,0.58,0.7,0,3,0,0,0,0,0,0,0,0
20170131,27001542,Rosso Hnos. de Alvaro S. Rosso y Raul E. Rosso,Suc.07 - A. DEL VALLE 44,01555AA,Pedro Cocaña,1000,5,1000,50,18821.88,22774.48,0,3,0,25,12,0,0,0,0,0
20170131,27001542,Rosso Hnos. de Alvaro S. Rosso y Raul E. Rosso,Suc.07 - A. DEL VALLE 44,01555C,Pedro Cocaña,6,0.6,120,6,0.58,0.7,0,3,0,0,0,0,0,0,0,0
20170131,27001542,Rosso Hnos. de Alvaro S. Rosso y Raul E. Rosso,Suc.07 - A. DEL VALLE 44,01559AA,Pedro Cocaña,800,8,800,40,22995.98,27825.14,0,3,0,25,12,0,0,0,0,0
20170131,27001542,Rosso Hnos. de Alvaro S. Rosso y Raul E. Rosso,Suc.07 - A. DEL VALLE 44,01557C,Pedro Cocaña,6,1.2,120,6,0.58,0.7,0,3,0,0,0,0,0,0,0,0
20170131,13005636,Clauser Elvis Guillermo,Av. San Martin 375,01555AKC,Pedro Cocaña,30,0.9,30,2,479.1,579.7,0,3,0,21,0,0,0,0,0,0
20170131,13005636,Clauser Elvis Guillermo,Av. San Martin 375,01555AA,Pedro Cocaña,20,0.1,20,1,450.58,545.2,0,3,0,21,0,0,0,0,0,0
20170131,13005636,Clauser Elvis Guillermo,Av. San Martin 375,01555C,Pedro Cocaña,6,0.6,120,6,0.58,0.7,0,3,0,0,0,0,0,0,0,0
20170131,20003188,Emprendimiento Metalurgico Industrial SRL,SALTA - Av. Chile 1591,01555A,Pedro Cocaña,36,3.6,720,36,12875.04,15578.8,0,3,5,25,12,0,0,0,0,0
20170131,20003188,Emprendimiento Metalurgico Industrial SRL,SALTA - Av. Chile 1591,01555C,Pedro Cocaña,9,0.9,180,9,0.83,1,0,3,5,0,0,0,0,0,0,0
20170131,20003188,Emprendimiento Metalurgico Industrial SRL,SALTA - Av. Chile 1591,01558AL,Pedro Cocaña,20,4,800,20,14994.44,18143.27,0,3,5,25,12,0,0,0,0,0
20170131,20003188,Emprendimiento Metalurgico Industrial SRL,SALTA - Av. Chile 1591,01558ALP,Pedro Cocaña,2,0.4,80,2,0.18,0.22,0,3,5,0,0,0,0,0,0,0
20170131,20003188,Emprendimiento Metalurgico Industrial SRL,SALTA - Av. Chile 1591,01557A,Pedro Cocaña,48,9.6,960,48,26215.13,31720.31,0,3,5,25,12,0,0,0,0,0
20170131,20003188,Emprendimiento Metalurgico Industrial SRL,SALTA - Av. Chile 1591,01557C,Pedro Cocaña,12,2.4,240,12,1.11,1.34,0,3,5,0,0,0,0,0,0,0
20170131,20005772,Saltapor SRL,Leguizamon 1946,01555A,Pedro Cocaña,25,2.5,500,25,10814.76,13085.86,0,3,0,21,4,0,0,0,0,0
20170131,20005772,Saltapor SRL,Leguizamon 1946,01555C,Pedro Cocaña,3,0.3,60,3,0.29,0.35,0,3,0,0,0,0,0,0,0,0
20170131,20005772,Saltapor SRL,Leguizamon 1946,01557A,Pedro Cocaña,25,5,500,25,16515.11,19983.29,0,3,0,21,4,0,0,0,0,0
20170131,20005772,Saltapor SRL,Leguizamon 1946,01557C,Pedro Cocaña,3,0.6,60,3,0.29,0.35,0,3,0,0,0,0,0,0,0,0
20170131,20003465,Promet Productos Metalurgicos S.R.L.,Av. Chile 1680,01957A,Pedro Cocaña,1,0,0,1,0.1,0.12,0,3,0,0,0,0,0,0,0,0
20170131,20003465,Promet Productos Metalurgicos S.R.L.,Av. Chile 1680,01557A,Pedro Cocaña,156,31.2,3120,156,89683.34,108516.84,0,3,0,25,12,0,0,0,0,0
20170131,20003465,Promet Productos Metalurgicos S.R.L.,Av. Chile 1680,01557C,Pedro Cocaña,39,7.8,780,39,3.78,4.58,0,3,0,0,0,0,0,0,0,0
20170131,20003736,Ortiz Marcelo Jesus,Tte Ibañez 810,01957A,Pedro Cocaña,1,0,0,1,0.1,0.12,0,3,0,0,0,0,0,0,0,0
20170131,20003736,Ortiz Marcelo Jesus,Tte Ibañez 810,01557A,Pedro Cocaña,10,2,200,10,6881.3,8326.37,0,3,0,21,0,0,0,0,0,0
20170131,20003736,Ortiz Marcelo Jesus,Tte Ibañez 810,01555AK,Pedro Cocaña,10,0.45,150,10,2035.68,2463.17,0,3,0,21,0,0,0,0,0,0
20170131,29004054,VAA SRL,,04C00898,Levy,1,0,0,1,0.01,0.01,0,0,0,0,0,0,0,0,0,0
20170131,02003203,Maderera La Loma SA,Calle 161 y 40,01557A,Ventas Buenos Aires,100,20,2000,100,62428.26,75538.2,0,0,0,21,12,0,0,0,0,0
20170131,28004412,INSULEX S.A.C.,"Av. Los Forestales, Mz. F Lote 5, Almacén B-2, Villa El Salvador",01558BI,Isolant SI,200,40,4000,200,116180,116180,0,0,0,0,0,0,0,0,0,0
20170131,04001988,Valentini Eduardo Hector,Bme. Mitre 1460,01557AKC,Hector Collia,600,4.2,600,40,12911.76,15623.22,0,0,0,21,0,0,0,0,0,0
20170131,29002191,Maderera Don Fioravanti SRL,Larrea 1460,01559AA,Esteban Bergamaschi,1000,10,1000,50,35471,42919.9,0,0,0,21,0,0,0,0,0,0
20170131,29002191,Maderera Don Fioravanti SRL,Larrea 1460,01557C,Esteban Bergamaschi,6,1.2,120,6,0.6,0.72,0,0,0,0,0,0,0,0,0,0
20170131,24000335,Caceres Hector Gregorio,Mitre 1260 (entre Junin y Azcuenaga),01765A,Diego Fani,9,0.4185,0,9,2907.65,3518.26,0,0,0,21,19,0,0,0,0,0
20170131,24000335,Caceres Hector Gregorio,Mitre 1260 (entre Junin y Azcuenaga),01766A,Diego Fani,8,0.31664,0,8,2206.63,2670.02,0,0,0,21,19,0,0,0,0,0
20170131,24004809,Bonadeo Raul Leonel,San Luis 3069,01524DC,Meier,175,1.75,175,0,5567.33,6736.47,0,0,0,21,0,0,0,0,0,0
20170131,02000801,Ritrac SA,Alem 1640,01856A,Levy,2,0.5,50,2,7976.01,9650.97,0,0,0,25,0,0,0,0,0,0
20170131,02002812,Moron Goma SA,,04C00898,Hector Collia,1,0,0,1,0.01,0.01,0,0,0,0,0,0,0,0,0,0
20170131,22003435,Sidermet San Luis SA,,04C00898,Leandro Diaz,1,0,0,1,2.67,2.67,0,0,0,0,0,0,0,0,0,0

