﻿FechaTxt,Codigo_Cliente,Cliente,EntDir,Codigo_Articulo,Vendedor,cantidad,Mts3,Mts2,Rollos,Importe_Bruto,Importe_Neto,Dto_Contado,Dto_Flete,Dto_Especial,Bonificacion,Desc_Adicional,cantidad_elaborada,m2_ocupados,costo_unitario,costo_total_stock,Costo_de_venta,comp,C_Construccion,nomdoc
20170724,29001247,Salazar Wilchelm Juan Carlos,Calle 5 Nº1998 (Esq. 512),01514DC,Fernando Palmas,1680,8.4,1680,1680,16195.2,19596.19,0,0,0,0,0,0,0,0,0,7343.22,002200006168,N,Factura de Venta
20170724,29001247,Salazar Wilchelm Juan Carlos,Calle 5 Nº1998 (Esq. 512),01514DC,Fernando Palmas,480,2.4,480,480,4627.2,5598.91,0,0,0,0,0,0,0,0,0,2098.06,002200006169,N,Factura de Venta
20170724,29004635,Laurito Sergio Ricardo,"Ruta nº 5 Km 159,500",01750A,Hector Collia,5,0,0,5,3303.5,3997.24,0,0,0,21,0,0,0,0,0,0,002200006165,N,Factura de Venta
20170724,01004400,Sider Group SA,Av. Champagnat 1255,06C001CO,Ventas Buenos Aires,1,0,0,1,0.1,0.12,0,0,0,0,0,0,0,0,0,0,002200006171,S,Factura de Venta
20170724,07005106,Espa SA,Bv. de los Alemanes 3312,01557A,Meier,5,1,100,5,2533.68,3065.75,0,5,0,32.5,12,0,0,0,0,143.85,002200006172,N,Factura de Venta
20170724,07005106,Espa SA,Bv. de los Alemanes 3312,06C001CO,Meier,8,0,0,8,0.76,0.92,0,5,0,0,0,0,0,0,0,0,002200006173,N,Factura de Venta
20170724,11004476,Massaferro Pedro Juan,25 de Mayo Nº1409,01772AB,Victor Casañas,2,0.37888,0,2,3293.26,3984.84,0,0,0,21,0,0,0,0,0,223.1,002200006183,N,Factura de Venta
20170724,16004354,Nahim Elias,San Martin 830,01765C,Leandro Diaz,10,0.5881,0,10,9382.95,11353.37,0,0,0,25,0,0,0,0,0,2141.36,002200006187,N,Factura de Venta
20170724,16004354,Nahim Elias,San Martin 830,01767C,Leandro Diaz,2,0.10632,0,2,1597.2,1932.61,0,0,0,25,0,0,0,0,0,465.71,002200006187,N,Factura de Venta
20170724,16004354,Nahim Elias,San Martin 830,01769D,Leandro Diaz,5,0.20735,0,5,3304.58,3998.54,0,0,0,25,0,0,0,0,0,795.12,002200006187,N,Factura de Venta
20170724,16004354,Nahim Elias,San Martin 830,01771C,Leandro Diaz,5,0.2375,0,5,3446.74,4170.55,0,0,0,25,0,0,0,0,0,1312.28,002200006187,N,Factura de Venta
20170724,24005828,Pedro Bravin S.A,Sequi 162,06C001CO,Diego Fani,1,0,0,1,0.1,0.12,0,0,5,0,0,0,0,0,0,0,002200006177,S,Factura de Venta
20170724,24005828,Pedro Bravin S.A,Sequi 162,01957M,Diego Fani,1,0,0,1,0.1,0.12,0,0,0,0,0,0,0,0,0,0,002200006178,N,Factura de Venta
20170724,24005828,Pedro Bravin S.A,Sequi 162,01554BR,Diego Fani,4,0.48,80,4,4802.48,5811.01,0,0,0,30,12,0,0,0,0,1611.67,002200006178,N,Factura de Venta
20170724,31000124,Drap Sociedad de Responsabilidad Limitada,Victoriano Montes 2060,01603B,Luis Ramirez,50,2.5,1250,50,9517.54,11516.22,0,0,0,30,4,0,0,0,0,1825.48,002200006180,N,Factura de Venta
20170724,24002397,Trobbiani Daniel Ramon,27 De Febrero 2439,01764C,Diego Fani,4,0.26388,0,4,3140.66,3800.2,0,0,0,40,0,0,0,0,0,1573.79,002200006182,N,Factura de Venta
20170724,11004476,Massaferro Pedro Juan,25 de Mayo Nº1409,01772A,Victor Casañas,2,0.37888,0,2,3293.26,3984.84,0,0,0,21,0,0,0,0,0,153.53,002200006183,N,Factura de Venta
20170724,07005106,Espa SA,Bv. de los Alemanes 3312,01558EC,Meier,40,8,800,40,18082.68,21880.04,0,5,0,0,0,0,0,0,0,15392.66,002200006175,N,Factura de Venta
20170724,07005106,Espa SA,Bv. de los Alemanes 3312,01555A,Meier,25,2.5,500,25,8710.53,10539.75,0,5,0,32.5,12,0,0,0,0,642.69,002200006176,N,Factura de Venta
20170724,07005106,Espa SA,Bv. de los Alemanes 3312,01557A,Meier,20,4,400,20,10641.46,12876.16,0,5,0,32.5,12,0,0,0,0,575.41,002200006176,N,Factura de Venta
20170724,07005106,Espa SA,Bv. de los Alemanes 3312,01555M,Meier,20,3,400,20,16653.28,20150.47,0,5,0,32.5,12,0,0,0,0,9518.45,002200006176,N,Factura de Venta
20170724,29001247,Salazar Wilchelm Juan Carlos,Calle 5 Nº1998 (Esq. 512),01654ACP,Fernando Palmas,500,10,500,0,35175,42561.75,0,0,0,50,0,0,0,0,0,14851.82,002200006167,N,Factura de Venta
20170724,29001247,Salazar Wilchelm Juan Carlos,Calle 5 Nº1998 (Esq. 512),01555A,Fernando Palmas,10,1,200,10,5880.4,7115.28,0,0,0,0,0,0,0,0,0,257.08,002200006167,N,Factura de Venta
20170724,07005106,Espa SA,Bv. de los Alemanes 3312,01557AR,Meier,80,16,1600,80,23560,28507.6,0,5,0,0,0,0,0,0,0,2200.91,002200006173,N,Factura de Venta
20170724,07005106,Espa SA,Bv. de los Alemanes 3312,01555AK,Meier,35,1.575,525,35,5246.72,6348.53,0,5,0,32.5,12,0,0,0,0,4223.08,002200006174,N,Factura de Venta
20170724,07005106,Espa SA,Bv. de los Alemanes 3312,01554BR,Meier,2,0.24,40,2,2309.69,2794.73,0,5,0,32.5,12,0,0,0,0,805.84,002200006175,N,Factura de Venta
20170724,07005106,Espa SA,Bv. de los Alemanes 3312,01555AK,Meier,15,0.675,225,15,2518.44,3047.32,0,5,0,32.5,12,0,0,0,0,1809.89,002200006175,N,Factura de Venta
20170724,07005106,Espa SA,Bv. de los Alemanes 3312,01555AR,Meier,100,10,2000,100,20548.5,24863.68,0,5,0,0,0,0,0,0,0,3264.54,002200006175,N,Factura de Venta
20170724,07005106,Espa SA,Bv. de los Alemanes 3312,01557AR,Meier,20,4,400,20,6066.7,7340.71,0,5,0,0,0,0,0,0,0,550.23,002200006175,N,Factura de Venta
20170724,29004635,Laurito Sergio Ricardo,"Ruta nº 5 Km 159,500",01554BRC,Hector Collia,200,1.2,200,10,13014.14,15747.12,0,0,4,21,12,0,0,0,0,4029.18,002200006164,S,Factura de Venta
20170724,29004635,Laurito Sergio Ricardo,"Ruta nº 5 Km 159,500",01554BP,Hector Collia,1,0.12,20,1,0.1,0.12,0,0,4,0,0,0,0,0,0,402.92,002200006164,S,Factura de Venta
20170724,16004354,Nahim Elias,San Martin 830,01554BRC,Leandro Diaz,200,1.2,200,10,14040,16988.4,0,0,0,25,4,0,0,0,0,4029.18,002200006188,S,Factura de Venta
20170724,16004354,Nahim Elias,San Martin 830,01554BP,Leandro Diaz,1,0.12,20,1,0.1,0.12,0,0,0,0,0,0,0,0,0,402.92,002200006188,S,Factura de Venta
20170724,07005106,Espa SA,Bv. de los Alemanes 3312,01555C,Meier,3,0.3,60,3,0.29,0.34,0,5,0,0,0,0,0,0,0,77.12,002200006176,N,Factura de Venta
20170724,29004635,Laurito Sergio Ricardo,"Ruta nº 5 Km 159,500",01555AA,Hector Collia,1000,5,1000,50,19621.32,23741.8,0,0,4,21,12,0,0,0,0,1285.38,002200006166,S,Factura de Venta
20170724,29004635,Laurito Sergio Ricardo,"Ruta nº 5 Km 159,500",01555C,Hector Collia,6,0.6,120,6,0.58,0.7,0,0,4,0,0,0,0,0,0,154.25,002200006166,S,Factura de Venta
20170724,29004635,Laurito Sergio Ricardo,"Ruta nº 5 Km 159,500",01555ARC,Hector Collia,2000,10,2000,100,23652.38,28619.38,0,0,4,21,12,0,0,0,0,3264.54,002200006164,S,Factura de Venta
20170724,01004400,Sider Group SA,Av. Champagnat 1255,01555ECC,Ventas Buenos Aires,1400,7,1400,70,20185.82,24424.86,0,0,0,21,12,0,0,0,0,1628.21,002200006171,S,Factura de Venta
20170724,24005828,Pedro Bravin S.A,Sequi 162,01555ECC,Diego Fani,900,4.5,900,45,11498.26,13912.88,0,0,0,30,12,0,0,0,0,1046.7,002200006179,S,Factura de Venta
20170724,24005828,Pedro Bravin S.A,Sequi 162,01555ECC,Diego Fani,2800,14,2800,140,33983.74,41120.32,0,0,5,30,12,0,0,0,0,3256.42,002200006177,S,Factura de Venta
20170724,07005106,Espa SA,Bv. de los Alemanes 3312,01555MA,Meier,2,0.3,40,2,0.19,0.23,0,5,0,0,0,0,0,0,0,951.85,002200006176,N,Factura de Venta
20170724,07005106,Espa SA,Bv. de los Alemanes 3312,01557C,Meier,3,0.6,60,3,0.29,0.34,0,5,0,0,0,0,0,0,0,86.31,002200006172,N,Factura de Venta
20170724,29004635,Laurito Sergio Ricardo,"Ruta nº 5 Km 159,500",01559AA,Hector Collia,500,5,500,25,14982.96,18129.36,0,0,4,21,12,0,0,0,0,719.27,002200006166,S,Factura de Venta
20170724,29004635,Laurito Sergio Ricardo,"Ruta nº 5 Km 159,500",01557C,Hector Collia,3,0.6,60,3,0.28,0.34,0,0,4,0,0,0,0,0,0,86.31,002200006166,S,Factura de Venta
20170724,29004635,Laurito Sergio Ricardo,"Ruta nº 5 Km 159,500",01557ARC,Hector Collia,2000,20,2000,100,36359.52,43995.02,0,0,4,21,12,0,0,0,0,2751.13,002200006164,S,Factura de Venta
20170724,01004400,Sider Group SA,Av. Champagnat 1255,01568BC,Ventas Buenos Aires,1400,14,1400,70,79388.68,96060.3,0,0,0,21,0,0,0,0,0,28965.22,002200006171,S,Factura de Venta
20170724,16004354,Nahim Elias,San Martin 830,01568BC,Leandro Diaz,400,4,400,20,21534,26056.14,0,0,0,25,0,0,0,0,0,8275.78,002200006188,S,Factura de Venta
20170724,29004635,Laurito Sergio Ricardo,"Ruta nº 5 Km 159,500",01558ECC,Hector Collia,1000,10,1000,50,26789.12,32414.82,0,0,4,21,12,0,0,0,0,19240.82,002200006164,S,Factura de Venta
20170724,01005909,Sanitarios Campana S.R.L,"Ruta 6 Km 5,5-Campana (Ent. Obra-Exepción)",01558ECC,Hector Collia,5600,56,5600,280,118685.96,143610,0,0,20,25,12,0,0,0,0,107748.59,002200006170,S,Factura de Venta
20170724,01004400,Sider Group SA,Av. Champagnat 1255,01558ECC,Ventas Buenos Aires,600,6,600,30,16743.2,20259.26,0,0,0,21,12,0,0,0,0,11544.49,002200006171,S,Factura de Venta
20170724,24005828,Pedro Bravin S.A,Sequi 162,01558ECC,Diego Fani,1200,12,1200,60,28187.92,34107.38,0,0,5,30,12,0,0,0,0,23088.98,002200006177,S,Factura de Venta
20170724,16005658,Majul Ariel Horacio,Av. Sarmiento 856,01558ECC,Leandro Diaz,500,5,500,25,12363.12,14959.38,0,0,0,30,12,0,0,0,0,9620.41,002200006186,S,Factura de Venta
20170724,16005773,Metales Dibo SA,Maza Norte 3536,01558ECC,Leandro Diaz,900,9,900,45,18900,22869,0,0,0,0,0,0,0,0,0,17316.74,002200006189,S,Factura de Venta
20170724,01004400,Sider Group SA,Av. Champagnat 1255,01558ESC,Ventas Buenos Aires,2400,24,2400,120,50721.8,61373.36,0,0,0,21,12,0,0,0,0,3469.27,002200006171,S,Factura de Venta
20170724,24005828,Pedro Bravin S.A,Sequi 162,01558ESC,Diego Fani,2000,20,2000,100,35580.16,43052,0,0,5,30,12,0,0,0,0,2891.06,002200006177,S,Factura de Venta
20170724,07005677,Iron Pack SRL,Monseñor Marcon 3976 (Ex Pichincha),01558ESC,Meier,860,8.6,860,43,14902.08,18031.52,0,0,5,40,0,0,0,0,0,1243.16,002200006184,S,Factura de Venta
20170724,07005677,Iron Pack SRL,Monseñor Marcon 3976 (Ex Pichincha),01558ESC,Meier,2140,21.4,2140,107,37081.92,44869.12,0,0,5,40,0,0,0,0,0,3093.44,002200006185,S,Factura de Venta
20170724,16004354,Nahim Elias,San Martin 830,01558ESC,Leandro Diaz,800,8,800,40,17510.4,21187.58,0,0,0,25,4,0,0,0,0,1156.42,002200006188,S,Factura de Venta
20170724,03004731,Ferrara SA,,04C00898,Levy,1,0,0,1,0.11,0.11,0,0,0,0,0,0,0,0,0,,000000010979,,Débito (Ajustes)
20170724,03002911,Luis Daniel Zimmermann Y Hernan Gabriel Zimmermann Sociedad de Hecho,,04C00898,Levy,1,0,0,1,1.16,1.16,0,0,0,0,0,0,0,0,0,,000000010980,,Débito (Ajustes)
20170724,02005702,Caps Ram,,04ANTICIPOS,Levy,-1,0,0,-1,-43440,-52562.4,0,0,0,0,0,0,0,0,0,,001400007937,N,Crédito de Venta
20170724,02005702,Caps Ram,,04ANTICIPOS,Levy,-1,0,0,-1,-19548,-23653.08,0,0,0,0,0,0,0,0,0,,001400007938,N,Crédito de Venta
20170724,24004200,Mariutti Hnos SH,,01IN,Meier,-1,0,0,-1,-542.8,-656.79,0,0,0,0,0,0,0,0,0,,001300000236,,Crédito de Venta
20170724,01005292,Adamant SRL,,04C00898,Isolant SI,1,0,0,1,0.07,0.07,0,0,0,0,0,0,0,0,0,,000000010978,,Débito (Ajustes)
20170724,24004200,Mariutti Hnos SH,,04C00898,Meier,1,0,0,1,0.01,0.01,0,0,0,0,0,0,0,0,0,,000000010981,,Débito (Ajustes)
20170724,31004474,Polyfrio S.A.,Av. Polonia 1038,01507E,Fernando Palmas,3000,4.5,3000,0,25500,30855,0,0,0,0,0,0,0,0,0,15963.38,002200006181,N,Factura de Venta

