﻿FechaTxt,Codigo_Cliente,Cliente,EntDir,Codigo_Articulo,Vendedor,cantidad,Mts3,Mts2,Rollos,Importe_Bruto,Importe_Neto,Dto_Contado,Dto_Flete,Dto_Especial,Bonificacion,Desc_Adicional,cantidad_elaborada,m2_ocupados,costo_unitario,costo_total_stock,Costo_de_venta
20170208,04004334,Fapex SA,Rio Potrero 175 (Esq. Rio de Rey) Barrio CinaCina,01524D,Isolant SI,4800,48,4800,0,42336,51226.56,0,0,0,0,0,0,0,0,0,0
20170208,09002370,Fibrofor SA,Padre Cerqueira 75,01557A,Ind Saladillo Chaco,5,1,100,5,3726.66,4509.26,0,0,0,17,0,0,0,0,0,0
20170208,08003166,Matercor SA,Av. Independencia 3798,01550A,Ind Saladillo Chaco,2,0.08,40,2,422.39,511.09,0,0,0,17,0,0,0,0,0,0
20170208,08003166,Matercor SA,Av. Independencia 3798,01551A,Ind Saladillo Chaco,5,0.5,100,5,2060.18,2492.82,0,0,0,17,0,0,0,0,0,0
20170208,08003166,Matercor SA,Av. Independencia 3798,01555A,Ind Saladillo Chaco,3,0.3,60,3,1464.22,1771.71,0,0,0,17,0,0,0,0,0,0
20170208,09003689,Leiva Eduardo,Sin Calle 0,01555A,Ind Saladillo Chaco,6,0.6,120,6,2928.44,3543.41,0,0,0,17,0,0,0,0,0,0
20170208,09005283,Sace S.R.L,Mendoza Nº 301,01551A,Ind Saladillo Chaco,5,0.5,100,5,2060.18,2492.82,0,0,0,17,0,0,0,0,0,0
20170208,08003012,Dieringer Arturo Orlando,Ruta 11 Km 1006.5,01551A,Ind Saladillo Chaco,25,2.5,500,25,9888.89,11965.55,0,0,0,17,4,0,0,0,0,0
20170208,08003012,Dieringer Arturo Orlando,Ruta 11 Km 1006.5,01555A,Ind Saladillo Chaco,25,2.5,500,25,11713.76,14173.65,0,0,0,17,4,0,0,0,0,0
20170208,08003012,Dieringer Arturo Orlando,Ruta 11 Km 1006.5,01555C,Ind Saladillo Chaco,3,0.3,60,3,0.3,0.36,0,0,0,0,0,0,0,0,0,0
20170208,08003166,Matercor SA,Av. Independencia 3798,01550A,Ind Saladillo Chaco,10,0.4,200,10,2111.93,2555.44,0,0,0,17,0,0,0,0,0,0
20170208,08003166,Matercor SA,Av. Independencia 3798,01551A,Ind Saladillo Chaco,5,0.5,100,5,2060.18,2492.82,0,0,0,17,0,0,0,0,0,0
20170208,08003166,Matercor SA,Av. Independencia 3798,01555A,Ind Saladillo Chaco,5,0.5,100,5,2440.37,2952.84,0,0,0,17,0,0,0,0,0,0
20170208,08003166,Matercor SA,Av. Independencia 3798,01551A,Ind Saladillo Chaco,5,0.5,100,5,2060.18,2492.82,0,0,0,17,0,0,0,0,0,0
20170208,08003166,Matercor SA,Av. Independencia 3798,01555A,Ind Saladillo Chaco,5,0.5,100,5,2440.37,2952.84,0,0,0,17,0,0,0,0,0,0
20170208,08003166,Matercor SA,Av. Independencia 3798,01552A,Ind Saladillo Chaco,5,1,100,5,3614.48,4373.53,0,0,0,17,0,0,0,0,0,0
20170208,09005745,Comercial Ruta 11 SRL,Ruta 11 km 1006.50,01555AK,Ind Saladillo Chaco,6,0.27,90,6,1322.94,1600.75,0,0,0,17,0,0,0,0,0,0
20170208,04001595,Dommarco Hnos Sociedad Anonima,Pte Peron (ex Kennedy) 1759,01557A,Hector Collia,25,5,500,25,17735.3,21459.72,0,0,0,21,0,0,0,0,0,0
20170208,04001595,Dommarco Hnos Sociedad Anonima,Pte Peron (ex Kennedy) 1759,01557C,Hector Collia,3,0.6,60,3,0.3,0.36,0,0,0,0,0,0,0,0,0,0
20170208,09003608,Golemba Joel Dario,Av. Alvear 1055,01555AK,Ind Saladillo Chaco,19,0.855,285,19,4189.3,5069.05,0,0,0,17,0,0,0,0,0,0
20170208,02005827,A.D.Barbieri S.A,Luis Maria Drago 1382 Parque Industrial Almirante Brown,01753AB,Isolant SA,15,0.5625,0,15,7335,8875.35,0,0,0,0,0,0,0,0,0,0
20170208,01005738,Unimaco SA,Enrique Carbo 540,01555A,Meier,72,7.2,1440,72,27105.35,32797.47,0,3,0,25,12,0,0,0,0,0
20170208,01005738,Unimaco SA,Enrique Carbo 540,01555C,Meier,18,1.8,360,18,1.75,2.11,0,3,0,0,0,0,0,0,0,0
20170208,01005738,Unimaco SA,Enrique Carbo 540,01557A,Meier,54,10.8,1080,54,31044.23,37563.52,0,3,0,25,12,0,0,0,0,0
20170208,01005738,Unimaco SA,Enrique Carbo 540,01557C,Meier,11,2.2,220,11,1.07,1.29,0,3,0,0,0,0,0,0,0,0
20170208,01005738,Unimaco SA,Enrique Carbo 540,01552A,Meier,20,4,400,20,11151.77,13493.64,0,3,0,25,12,0,0,0,0,0
20170208,01005738,Unimaco SA,Enrique Carbo 540,01557A,Meier,100,20,2000,100,57489.32,69562.08,0,3,0,25,12,0,0,0,0,0
20170208,01005738,Unimaco SA,Enrique Carbo 540,01557C,Meier,12,2.4,240,12,1.16,1.41,0,3,0,0,0,0,0,0,0,0
20170208,31003219,Montero Miguel Angel,,04C00898,Ventas Buenos Aires,1,0,0,1,24.46,24.46,0,0,0,0,0,0,0,0,0,0
20170208,01005084,Legatec SRL,Jose Podesta 3483 / 87,01900A,Levy,20,1.508,0,20,44839.06,54255.26,0,0,0,30,0,0,0,0,0,0
20170208,04005689,Polifoam SRL,Alte. Brown 3985,01788A,Isolant SI,8,0.42728,0,8,1900.64,2299.77,0,0,0,0,0,0,0,0,0,0
20170208,01000947,E.Vedovatto Const Y Serv SRL,Argerich 1266 (esquina J. B. Justo),01557A,Hector Collia,10,2,200,10,7094.12,8583.89,0,0,0,21,0,0,0,0,0,0
20170208,11002933,La Agricola Regional Cooperativa Limitada,Moreno 1404,01558EC,Natali Plasticos (Vta Directa),80,16,1600,80,44213.05,53497.79,0,0,1,21,12,0,0,0,0,0
20170208,11002933,La Agricola Regional Cooperativa Limitada,Moreno 1404,01557AR,Natali Plasticos (Vta Directa),40,8,800,40,14998.3,18147.94,0,0,1,21,12,0,0,0,0,0
20170208,11002933,La Agricola Regional Cooperativa Limitada,Moreno 1404,01957A,Natali Plasticos (Vta Directa),2,0,0,2,0.2,0.24,0,0,1,0,0,0,0,0,0,0
20170208,24001069,Renk Gerardo Augusto,,04C00898,Diego Fani,1,0,0,1,0.01,0.01,0,0,0,0,0,0,0,0,0,0
20170208,19003792,Martinolich Herve,San Martin 434,01551A,Latyn-Valle y Cordillera,35,3.5,700,35,11865.07,14356.74,0,3,0,20,12,0,0,0,0,0
20170208,19003792,Martinolich Herve,San Martin 434,01555A,Latyn-Valle y Cordillera,110,11,2200,110,44171.68,53447.74,0,3,0,20,12,0,0,0,0,0
20170208,19003792,Martinolich Herve,San Martin 434,01555C,Latyn-Valle y Cordillera,12,1.2,240,12,1.16,1.41,0,3,0,0,0,0,0,0,0,0
20170208,19003792,Martinolich Herve,San Martin 434,01557A,Latyn-Valle y Cordillera,35,7,700,35,21462.68,25969.84,0,3,0,20,12,0,0,0,0,0
20170208,19003792,Martinolich Herve,San Martin 434,01557C,Latyn-Valle y Cordillera,3,0.6,60,3,0.29,0.35,0,3,0,0,0,0,0,0,0,0
20170208,19003792,Martinolich Herve,San Martin 434,01960DA,Latyn-Valle y Cordillera,5,0,0,5,12995.25,15724.25,0,3,0,20,0,0,0,0,0,0
20170208,19003792,Martinolich Herve,San Martin 434,01957A,Latyn-Valle y Cordillera,1,0,0,1,0.1,0.12,0,3,0,0,0,0,0,0,0,0
20170208,31002445,Bupa SRL,Calle 67 nº 3025,01854A,Esteban Bergamaschi,8,2,200,8,9286.61,11236.8,0,0,0,21,0,0,0,0,0,0
20170208,31002445,Bupa SRL,Calle 67 nº 3025,01750A,Esteban Bergamaschi,1,0,0,1,660.7,799.45,0,0,0,21,0,0,0,0,0,0
20170208,30003507,Darros y Cia SA,Alem 650,01557A,Esteban Bergamaschi,10,2,200,10,7094.12,8583.89,0,0,0,21,0,0,0,0,0,0
20170208,24001540,Aserraderos SRL,,04C00898,Meier,1,0,0,1,0.04,0.04,0,0,0,0,0,0,0,0,0,0
20170208,01004664,Construccion de Estructuras SRL,Sebastian Elcano 3461,01558BC,Ventas Buenos Aires,10,2,200,10,7630,9232.3,0,0,0,0,0,0,0,0,0,0
20170208,04005689,Polifoam SRL,Alte. Brown 3985,01662AP,Isolant SI,100,4,100,0,14070.1,17024.82,0,0,0,45,0,0,0,0,0,0
20170208,04005689,Polifoam SRL,Alte. Brown 3985,01666AP,Isolant SI,100,5,100,0,17449.85,21114.32,0,0,0,45,0,0,0,0,0,0
20170208,04005689,Polifoam SRL,Alte. Brown 3985,01666DAP,Isolant SI,105,5.25,105,0,18322.92,22170.74,0,0,0,45,0,0,0,0,0,0
20170208,04005689,Polifoam SRL,Alte. Brown 3985,01854B,Isolant SI,2,0.5,50,2,3042.16,3681.01,0,0,0,0,0,0,0,0,0,0
20170208,04004334,Fapex SA,Rio Potrero 175 (Esq. Rio de Rey) Barrio CinaCina,01524D,Isolant SI,4800,48,4800,0,42336,51226.56,0,0,0,0,0,0,0,0,0,0
20170208,22002618,Rosso Alicia Ines,Caseros y Belgrano,01558BC,Leandro Diaz,10,2,200,10,11011.81,13324.29,0,0,0,21,0,0,0,0,0,0
20170208,07002454,Lutre Juan Ernesto,Rivadavia 850,01568B,Meier,4800,48,4800,240,209760,253809.6,0,0,0,0,0,0,0,0,0,0
20170208,29001950,Demergasso Ruben Oscar,,04C00898,Hector Collia,1,0,0,1,0.45,0.45,0,0,0,0,0,0,0,0,0,0
20170208,24004446,La Aldaba SRL,,04C00898,Diego Fani,1,0,0,1,0.07,0.07,0,0,0,0,0,0,0,0,0,0

