﻿FechaTxt,Codigo_Cliente,Cliente,EntDir,Codigo_Articulo,Vendedor,cantidad,Mts3,Mts2,Rollos,Importe_Bruto,Importe_Neto,Dto_Contado,Dto_Flete,Dto_Especial,Bonificacion,Desc_Adicional,cantidad_elaborada,m2_ocupados,costo_unitario,costo_total_stock,Costo_de_venta,comp,C_Construccion,nomdoc
20170814,03003975,Alfombras Martinez SRL,Colectora Panamericana 981,06C001PI,Ventas Buenos Aires,1,0,0,1,0.1,0.12,0,0,0,0,0,0,0,0,0,0,002200006564,N,Factura de Venta
20170814,03003975,Alfombras Martinez SRL,Colectora Panamericana 981,01603AC,Ventas Buenos Aires,10,0.5,250,10,2755.06,3333.62,0,0,0,30,0,0,0,0,0,1227.6,002200006564,N,Factura de Venta
20170814,03003975,Alfombras Martinez SRL,Colectora Panamericana 981,01603B,Ventas Buenos Aires,30,1.5,750,30,6245.82,7557.44,0,0,0,30,0,0,0,0,0,2541,002200006564,N,Factura de Venta
20170814,20005772,Saltapor SRL,Leguizamon 1946,01555M,Pedro Cocaña,20,3,400,20,23314.01,28209.95,0,0,0,21,0,0,0,0,0,10836.8,002200006565,N,Factura de Venta
20170814,04005689,Polifoam SRL,Alte. Brown 3985,01763C,Isolant SI,1,0.06032,0,1,456.17,551.97,0,0,0,0,0,0,0,0,0,239.84,002200006574,N,Factura de Venta
20170814,01005292,Adamant SRL,Paysandu 923 (entre Crisologo Larralde y Lucena),01514DA,Isolant SI,1500,7.5,1500,1500,11685,14138.85,0,0,0,0,0,0,0,0,0,6990,002200006580,N,Factura de Venta
20170814,03005083,Pilkington Automotive Argentina S.A.,Fray Cayetano Rodriguez 2431 esq. Ambrosetti,01912A,Levy,15,5.4,0,15,25901.85,31341.24,0,0,0,0,0,0,0,0,0,6839.85,002200006550,N,Factura de Venta
20170814,16000917,Ramon Sanchez e Hijos SRL,Av Mitre 282,01558ES,Leandro Diaz,98,19.6,1960,98,33069.12,40013.64,0,0,0,0,0,0,0,0,0,24804.78,002200006577,N,Factura de Venta
20170814,16000917,Ramon Sanchez e Hijos SRL,Av Mitre 282,01558EC,Leandro Diaz,50,10,1000,50,21653,26200.13,0,0,0,0,0,0,0,0,0,19985.5,002200006577,N,Factura de Venta
20170814,03003751,Indupoles Argentina SA,Parque Ind. Campana - Km70 de Panamericana - Lote 12,01500AIN,Isolant SI,54000,27,54000,54000,82080,99316.8,0,0,0,0,0,0,0,0,0,64260,002200006548,N,Factura de Venta
20170814,03003751,Indupoles Argentina SA,Parque Ind. Campana - Km70 de Panamericana - Lote 12,01500CIN,Isolant SI,3750,1.875,3750,3750,5700,6897,0,0,0,0,0,0,0,0,0,3900,002200006548,N,Factura de Venta
20170814,03003751,Indupoles Argentina SA,Parque Ind. Campana - Km70 de Panamericana - Lote 12,01506BIN,Isolant SI,1440,2.16,1440,1440,4132.8,5000.69,0,0,0,0,0,0,0,0,0,2678.4,002200006548,N,Factura de Venta
20170814,03003751,Indupoles Argentina SA,Parque Ind. Campana - Km70 de Panamericana - Lote 12,01912B,Isolant SI,1,0.21,0,1,1020.41,1234.7,0,0,0,0,0,0,0,0,0,306.95,002200006549,N,Factura de Venta
20170814,02005702,Caps Ram,J. Díaz Solís 3535,01510D,Levy,4000,12,4000,4000,43440,52562.4,0,0,0,25,0,0,0,0,0,14720,002200006566,N,Factura de Venta
20170814,01005292,Adamant SRL,Paysandu 923 (entre Crisologo Larralde y Lucena),01514DA,Isolant SI,400,2,400,400,3116,3770.36,0,0,0,0,0,0,0,0,0,1864,002200006578,N,Factura de Venta
20170814,03005126,Cordani Ariel Antonio,Av. San Martín 62,01555A,Ventas Buenos Aires,11,1.1,220,11,5365.55,6492.32,0,0,0,21,0,0,0,0,0,1753.07,002200006562,N,Factura de Venta
20170814,03004763,Mundo Hierro S.A.,Ruta 9 Panamericana Km 46.30 Colectora Este,01568CB,Levy,30,6,600,30,44583.73,53946.31,0,0,0,21,0,0,0,0,0,15041.4,002200006563,N,Factura de Venta
20170814,14001329,Materiales Centro SA,Calle 20 nº 842,06C001CO,Disapla,1,0,0,1,0.1,0.12,0,0,0,0,0,0,0,0,0,0,002200006567,N,Factura de Venta
20170814,14001329,Materiales Centro SA,Calle 20 nº 842,01555A,Disapla,25,2.5,500,25,10731.11,12984.64,0,0,0,21,12,0,0,0,0,3984.25,002200006567,N,Factura de Venta
20170814,14001329,Materiales Centro SA,Calle 20 nº 842,01557A,Disapla,10,2,200,10,6554.97,7931.52,0,0,0,21,12,0,0,0,0,2563.4,002200006567,N,Factura de Venta
20170814,31000903,De Vito y Cia SA,Del Pejerrey 1560,01557A,Ventas Buenos Aires,25,5,500,25,18622.08,22532.71,0,0,0,21,0,0,0,0,0,6408.5,002200006568,N,Factura de Venta
20170814,01005861,DYCASA SA,Zona Cero Rosario Santa Fe,01558BRM,Diego Fani,2189.6,21.896,2189.6,109.48,113771.62,137663.66,0,0,0,0,0,0,0,0,0,1176012.26,002200006558,N,Factura de Venta
20170814,01005861,DYCASA SA,Zona Cero Rosario Santa Fe,01558BRM,Diego Fani,2046.8,20.468,2046.8,102.34,106351.73,128685.59,0,0,0,0,0,0,0,0,0,1099315.81,002200006559,N,Factura de Venta
20170814,24001793,Amiano S.A.,Av. Circunvalacion 384,06X001MT,Diego Fani,1,0,0,1,0.08,0.1,0,0,0,21,0,0,0,0,0,0,002200006560,N,Factura de Venta
20170814,24001793,Amiano S.A.,Av. Circunvalacion 384,01557A,Diego Fani,85,17,1700,85,55717.26,67417.88,0,0,0,21,12,0,0,0,0,21788.9,002200006560,N,Factura de Venta
20170814,24001793,Amiano S.A.,Av. Circunvalacion 384,01555M,Diego Fani,50,7.5,1000,50,51290.81,62061.88,0,0,0,21,12,0,0,0,0,27092,002200006560,N,Factura de Venta
20170814,01005861,DYCASA SA,Zona Cero Rosario Santa Fe,01558BRM,Diego Fani,343.2,3.432,343.2,17.16,17832.67,21577.53,0,0,0,0,0,0,0,0,0,184329.29,002200006561,N,Factura de Venta
20170814,22004417,Tekno Construcciones SRL,Av. 25 de Mayo Nº470,01900A,Leandro Diaz,2,0.1508,0,2,6123.1,7408.95,0,0,0,21,0,0,0,0,0,2436.86,002200006555,N,Factura de Venta
20170814,22004417,Tekno Construcciones SRL,Av. 25 de Mayo Nº470,01905A,Leandro Diaz,3,0.21354,0,3,2652.15,3209.1,0,0,0,21,0,0,0,0,0,1243.38,002200006555,N,Factura de Venta
20170814,11004566,Organizacion La Loma S.A.,Parana y Rivadavia,01557AR,Disapla,15,3,300,15,6117.55,7402.23,0,0,0,21,8,0,0,0,0,3387.75,002200006556,N,Factura de Venta
20170814,01001679,Gil Celso Ricardo,Juan Agustin Garcia 1130,01650DC,Hector Collia,25,0.25,25,0,763.5,923.83,0,0,0,0,0,0,0,0,0,383,002200006557,N,Factura de Venta
20170814,20003188,Emprendimiento Metalurgico Industrial SRL,,04C00291,Pedro Cocaña,1,0,0,1,27062,27062,0,0,0,0,0,0,0,0,0,0,001300001604,,Débito de Venta
20170814,20003188,Emprendimiento Metalurgico Industrial SRL,,04C00291,Pedro Cocaña,1,0,0,1,18163.2,18163.2,0,0,0,0,0,0,0,0,0,0,001300001604,,Débito de Venta
20170814,99005911,Onandia Antonela,Victor Garcia 869,06C001CO,Norberto Oppezzo,1,0,0,1,0.1,0.12,0,0,0,0,0,0,0,0,0,0,002200006553,N,Factura de Venta
20170814,99005911,Onandia Antonela,Victor Garcia 869,01557AR,Norberto Oppezzo,40,8,800,40,13467.36,16295.51,0,0,0,25,20,0,0,0,0,9034,002200006553,N,Factura de Venta
20170814,99005911,Onandia Antonela,Victor Garcia 869,01555AR,Norberto Oppezzo,30,3,600,30,6566.94,7946,0,0,0,25,20,0,0,0,0,3878.4,002200006553,N,Factura de Venta
20170814,29005922,F.M.Equipamientos S.A,Marcelino Ugarte 1754,01772AB,Ventas Buenos Aires,1,0.18944,0,1,1778.36,2151.82,0,0,0,21,0,0,0,0,0,309.67,002200006554,N,Factura de Venta
20170814,29005922,F.M.Equipamientos S.A,Marcelino Ugarte 1754,01662ACP,Ventas Buenos Aires,10,0.4,10,0,2135.05,2583.42,0,0,0,21,0,0,0,0,0,451.4,002200006554,N,Factura de Venta
20170814,29005922,F.M.Equipamientos S.A,Marcelino Ugarte 1754,01666ACP,Ventas Buenos Aires,10,0.5,10,0,2649.34,3205.71,0,0,0,21,0,0,0,0,0,541.4,002200006554,N,Factura de Venta
20170814,01005292,Adamant SRL,Paysandu 923 (entre Crisologo Larralde y Lucena),01505A,Isolant SI,400,0.4,400,0,1976,2390.96,0,0,0,0,0,0,0,0,0,840,002200006579,N,Factura de Venta
20170814,01005292,Adamant SRL,Paysandu 923 (entre Crisologo Larralde y Lucena),01500D,Isolant SI,450,0.225,450,0,688.5,833.08,0,0,0,0,0,0,0,0,0,814.5,002200006579,N,Factura de Venta
20170814,01005292,Adamant SRL,Paysandu 923 (entre Crisologo Larralde y Lucena),01666ACP,Isolant SI,390,19.5,390,0,38121.72,46127.28,0,0,0,30,0,0,0,0,0,21114.6,002200006581,N,Factura de Venta
20170814,01005292,Adamant SRL,Paysandu 923 (entre Crisologo Larralde y Lucena),01514DA,Isolant SI,1500,7.5,1500,1500,11685,14138.85,0,0,0,0,0,0,0,0,0,6990,002200006582,N,Factura de Venta
20170814,03002676,Tempur Sealy Argentina SRL,Marcos Sastre 2300,01510AC,Fernando Palmas,3000,9,3000,3000,21540,26063.4,0,0,0,0,0,0,0,0,0,11040,002200006552,N,Factura de Venta
20170814,03002676,Tempur Sealy Argentina SRL,Marcos Sastre 2300,01510CC,Fernando Palmas,2250,6.75,2250,2250,16155,19547.55,0,0,0,0,0,0,0,0,0,8280,002200006552,N,Factura de Venta
20170814,01005292,Adamant SRL,Paysandu 923 (entre Crisologo Larralde y Lucena),01508BA,Isolant SI,7200,14.4,7200,0,24264,29359.44,0,0,0,0,0,0,0,0,0,17280,002200006580,N,Factura de Venta
20170814,03000357,Laboratorios Valmax SA,Sub Perdomo 1619,01507VA,Isolant SI,6840,10.26,6840,0,37962,45934.02,0,0,0,0,0,0,0,0,0,21204,002200006571,N,Factura de Venta
20170814,03000357,Laboratorios Valmax SA,Sub Perdomo 1619,01507VA,Isolant SI,1200,1.8,1200,0,6660,8058.6,0,0,0,0,0,0,0,0,0,3720,002200006572,N,Factura de Venta
20170814,03000357,Laboratorios Valmax SA,Sub Perdomo 1619,01507VB,Isolant SI,600,0.9,600,0,3330,4029.3,0,0,0,0,0,0,0,0,0,1860,002200006572,N,Factura de Venta
20170814,04005689,Polifoam SRL,Alte. Brown 3985,01500AC,Isolant SI,6000,3,6000,0,12960,15681.6,0,0,0,0,0,0,0,0,0,8100,002200006573,N,Factura de Venta
20170814,04005689,Polifoam SRL,Alte. Brown 3985,01763C,Isolant SI,6,0.36192,0,6,2737.02,3311.79,0,0,0,0,0,0,0,0,0,1439.04,002200006575,N,Factura de Venta
20170814,14001329,Materiales Centro SA,Calle 20 nº 842,01555C,Disapla,3,0.3,60,3,0.3,0.36,0,0,0,0,0,0,0,0,0,77.12,002200006567,N,Factura de Venta
20170814,20005772,Saltapor SRL,Leguizamon 1946,01555MA,Pedro Cocaña,2,0.3,40,2,0.2,0.24,0,0,0,0,0,0,0,0,0,951.85,002200006565,N,Factura de Venta
20170814,24001793,Amiano S.A.,Av. Circunvalacion 384,01555MA,Diego Fani,5,0.75,100,5,0.5,0.61,0,0,0,0,0,0,0,0,0,2379.61,002200006560,N,Factura de Venta
20170814,24001793,Amiano S.A.,Av. Circunvalacion 384,01557C,Diego Fani,5,1,100,5,0.5,0.61,0,0,0,0,0,0,0,0,0,143.85,002200006560,N,Factura de Venta
20170814,31000903,De Vito y Cia SA,Del Pejerrey 1560,01557C,Ventas Buenos Aires,3,0.6,60,3,0.3,0.36,0,0,0,0,0,0,0,0,0,86.31,002200006568,N,Factura de Venta
20170814,31002801,Rango Comercial SA,,01IN,Esteban Bergamaschi,-1,0,0,-1,-171.21,-207.17,0,0,0,0,0,0,0,0,0,,001300000262,,Crédito de Venta
20170814,25004422,Vega Alfredo Eduardo,,04C00898,Pedro Cocaña,1,0,0,1,8.72,8.72,0,0,0,0,0,0,0,0,0,,000000011048,,Débito (Ajustes)
20170814,20003188,Emprendimiento Metalurgico Industrial SRL,,01IN,Pedro Cocaña,-1,0,0,-1,-746.75,-903.57,0,0,0,0,0,0,0,0,0,,001300000266,,Crédito de Venta
20170814,20003188,Emprendimiento Metalurgico Industrial SRL,,01IN,Pedro Cocaña,-1,0,0,-1,-781.21,-945.26,0,0,0,0,0,0,0,0,0,,001300000267,,Crédito de Venta
20170814,03000023,Industrias Saladillo SA,IS.SA. Planta Pilar,01776B,Isolant SI,80,2.261952,0,80,9955.2,12045.79,0,0,0,0,0,0,0,0,0,4129.6,002200006569,N,Factura de Venta
20170814,20003188,Emprendimiento Metalurgico Industrial SRL,,01IN,Pedro Cocaña,-1,0,0,-1,-955.32,-1155.94,0,0,0,0,0,0,0,0,0,,001300000268,,Crédito de Venta
20170814,20003188,Emprendimiento Metalurgico Industrial SRL,,01IN,Pedro Cocaña,-1,0,0,-1,-428.64,-518.66,0,0,0,0,0,0,0,0,0,,001300000264,,Crédito de Venta
20170814,24005133,San Miguel Center SRL,,04C00898,Diego Fani,1,0,0,1,8.1,8.1,0,0,0,0,0,0,0,0,0,,000000011045,,Débito (Ajustes)
20170814,16004354,Nahim Elias,,01IN,Leandro Diaz,-1,0,0,-1,-987.93,-1195.4,0,0,0,0,0,0,0,0,0,,001300000259,N,Crédito de Venta
20170814,16004354,Nahim Elias,,01IN,Leandro Diaz,-1,0,0,-1,-531.94,-643.65,0,0,0,0,0,0,0,0,0,,001300000260,,Crédito de Venta
20170814,03005083,Pilkington Automotive Argentina S.A.,Fray Cayetano Rodriguez 2431 esq. Ambrosetti,01764A,Levy,2,0.1036728,0,2,1115.58,1349.85,0,0,0,0,0,0,0,0,0,145.54,002200006551,N,Factura de Venta
20170814,14005049,Zoppo Gustavo Marcelo y Zoppo Raul Horacio Sociedad de Hecho,,04C00898,Norberto Oppezzo,1,0,0,1,2.67,2.67,0,0,0,0,0,0,0,0,0,,000000011044,,Débito (Ajustes)
20170814,03000023,Industrias Saladillo SA,IS.SA. Planta Pilar,01776B,Isolant SI,182,5.1459408,0,182,21568.82,26098.27,0,0,0,0,0,0,0,0,0,9394.84,002200006570,N,Factura de Venta
20170814,20003188,Emprendimiento Metalurgico Industrial SRL,,01IN,Pedro Cocaña,-1,0,0,-1,-1406.2,-1701.5,0,0,0,0,0,0,0,0,0,,001300000269,N,Crédito de Venta
20170814,01001679,Gil Celso Ricardo,Juan Agustin Garcia 1130,01658DC,Hector Collia,40,1.2,40,0,3602.8,4359.39,0,0,0,0,0,0,0,0,0,1570.4,002200006557,N,Factura de Venta
20170814,01001679,Gil Celso Ricardo,Juan Agustin Garcia 1130,01654DC,Hector Collia,30,0.6,30,0,1705.2,2063.29,0,0,0,0,0,0,0,0,0,775.2,002200006557,N,Factura de Venta
20170814,01001679,Gil Celso Ricardo,Juan Agustin Garcia 1130,01514PC,Hector Collia,25,0.125,25,0,372,450.12,0,0,0,0,0,0,0,0,0,172,002200006557,N,Factura de Venta
20170814,20003188,Emprendimiento Metalurgico Industrial SRL,,04C00205,Pedro Cocaña,1,0,0,1,24,29.04,0,0,0,0,0,0,0,0,0,,001300001604,,Débito de Venta
20170814,03003063,Divano Y Villar SRL,,04C00898,Levy,1,0,0,1,0.01,0.01,0,0,0,0,0,0,0,0,0,,000000011043,,Débito (Ajustes)
20170814,24002713,Casa Bureu SA,,01IN,Diego Fani,-1,0,0,-1,-219.63,-265.75,0,0,0,0,0,0,0,0,0,,001300000261,N,Crédito de Venta
20170814,24002713,Casa Bureu SA,,04C00898,Diego Fani,1,0,0,1,7.31,7.31,0,0,0,0,0,0,0,0,0,,000000011047,,Débito (Ajustes)
20170814,04005689,Polifoam SRL,Alte. Brown 3985,01504CC,Isolant SI,300,0.3,300,0,1062,1285.02,0,0,0,0,0,0,0,0,0,447,002200006576,N,Factura de Venta
20170814,29001934,Juan Valinoti SA,,04C00898,Hector Collia,1,0,0,1,1.34,1.34,0,0,0,0,0,0,0,0,0,,000000011049,,Débito (Ajustes)
20170814,20003188,Emprendimiento Metalurgico Industrial SRL,,01IN,Pedro Cocaña,-1,0,0,-1,-1312.43,-1588.04,0,0,0,0,0,0,0,0,0,,001300000263,,Crédito de Venta
20170814,20003188,Emprendimiento Metalurgico Industrial SRL,,01IN,Pedro Cocaña,-1,0,0,-1,-578.09,-699.49,0,0,0,0,0,0,0,0,0,,001300000265,,Crédito de Venta

