﻿FechaTxt,Codigo_Cliente,Cliente,EntDir,Codigo_Articulo,Vendedor,cantidad,Mts3,Mts2,Rollos,Importe_Bruto,Importe_Neto,Dto_Contado,Dto_Flete,Dto_Especial,Bonificacion,Desc_Adicional,cantidad_elaborada,m2_ocupados,costo_unitario,costo_total_stock,Costo_de_venta,comp,C_Construccion,nomdoc
20170912,03004729,Teknobayres S.A.,Av. Santa Fe 1546,01558ES,Levy,10,2,200,10,5091.39,6160.58,0,0,0,21,0,0,0,0,0,2505,002200007165,N,Factura de Venta
20170912,03004729,Teknobayres S.A.,Av. Santa Fe 1546,01905A,Levy,20,1.4236,0,20,17680.99,21394,0,0,0,21,0,0,0,0,0,13181.2,002200007166,N,Factura de Venta
20170912,03004729,Teknobayres S.A.,Av. Santa Fe 1546,01551I,Levy,10,1,200,10,2089.55,2528.36,0,0,0,21,0,0,0,0,0,778.6,002200007166,N,Factura de Venta
20170912,03000023,Industrias Saladillo SA,IS.SA. Planta Pilar,01777B,Isolant SI,186,4.9662,0,186,21177.96,25625.33,0,0,0,0,0,0,0,0,0,8526.24,002200007172,N,Factura de Venta
20170912,31004474,Polyfrio S.A.,Av. Polonia 1038,01515B,Fernando Palmas,1200,6,1200,0,13740,16625.4,0,0,0,0,0,0,0,0,0,9060,002200007173,N,Factura de Venta
20170912,01005292,Adamant SRL,Paysandu 923 (entre Crisologo Larralde y Lucena),01504AC,Isolant SI,8000,8,8000,0,20640,24974.4,0,0,0,0,0,0,0,0,0,13600,002200007175,N,Factura de Venta
20170912,07005932,Fluidos SA,Los Piamonteses 1160,01551A,Meier,5,0.5,100,5,1323.64,1601.6,0,5,10,32.5,12,0,0,0,0,581.65,002200007197,N,Factura de Venta
20170912,07005932,Fluidos SA,Los Piamonteses 1160,01557AK,Meier,5,0.525,75,5,1162.08,1406.12,0,5,10,32.5,12,0,0,0,0,898.35,002200007197,N,Factura de Venta
20170912,07005932,Fluidos SA,Los Piamonteses 1160,06C001CO,Meier,1,0,0,1,0.09,0.1,0,5,10,0,0,0,0,0,0,0,002200007198,N,Factura de Venta
20170912,07005932,Fluidos SA,Los Piamonteses 1160,01555AK,Meier,10,0.45,150,10,1511.07,1828.39,0,5,10,32.5,12,0,0,0,0,1021.1,002200007198,N,Factura de Venta
20170912,07005932,Fluidos SA,Los Piamonteses 1160,01550A,Meier,10,0.4,200,10,1356.88,1641.82,0,5,10,32.5,12,0,0,0,0,663.9,002200007196,N,Factura de Venta
20170912,07005932,Fluidos SA,Los Piamonteses 1160,01555A,Meier,25,2.5,500,25,7839.48,9485.77,0,5,10,32.5,12,0,0,0,0,3967.75,002200007196,N,Factura de Venta
20170912,07005932,Fluidos SA,Los Piamonteses 1160,01557A,Meier,12,2.4,240,12,5746.39,6953.13,0,5,10,32.5,12,0,0,0,0,3109.92,002200007196,N,Factura de Venta
20170912,07005932,Fluidos SA,Los Piamonteses 1160,01960DA,Meier,8,0,0,8,15145.74,18326.35,0,5,10,32.5,12,0,0,0,0,8680,002200007196,N,Factura de Venta
20170912,03000023,Industrias Saladillo SA,IS.SA. Planta Pilar,01763AS,Isolant SI,1,0.04712,0,1,126.44,152.99,0,0,0,0,0,0,0,0,0,66.11,002200007191,N,Factura de Venta
20170912,03000023,Industrias Saladillo SA,IS.SA. Planta Pilar,01764AS,Isolant SI,20,1.0368,0,20,2959.2,3580.63,0,0,0,0,0,0,0,0,0,1367.8,002200007191,N,Factura de Venta
20170912,09002438,Suc De Gustavo Lagerheim SA,Ruta Nacional 11 Km.1005,01557A,Victor Casañas,25,5,500,25,13581.86,16434.05,0,3,0,32.5,12,0,0,0,0,6479,002200007192,N,Factura de Venta
20170912,07005932,Fluidos SA,Los Piamonteses 1160,01555AR,Meier,120,12,2400,120,22192.38,26852.78,0,5,10,0,0,0,0,0,0,15536.4,002200007195,N,Factura de Venta
20170912,07005932,Fluidos SA,Los Piamonteses 1160,01557AR,Meier,103,20.6,2060,103,28119.15,34024.18,0,5,10,0,0,0,0,0,0,23139.98,002200007195,N,Factura de Venta
20170912,24005610,Pivin Gabriel Dario,Lisandro de la torre 2574/78,01700A,Meier,4,0.48,0,4,2500.99,3026.2,0,0,0,30,0,0,0,0,0,1066.04,002200007187,N,Factura de Venta
20170912,03000546,Rommel Talleres Metalurgicos,Peralta Ramos 4886,01852AA,Levy,20,10,500,20,43185.98,52255.04,0,0,0,21,0,0,0,0,0,14706.2,002200007184,N,Factura de Venta
20170912,04000978,Sacheco Sociedad Anonima,Av. San Martin 588,06C001PI,Luis Ramirez,1,0,0,1,0.1,0.12,0,0,0,0,0,0,0,0,0,0,002200007185,N,Factura de Venta
20170912,04000978,Sacheco Sociedad Anonima,Av. San Martin 588,01603AC,Luis Ramirez,30,1.5,750,30,6245.82,7557.44,0,0,0,30,0,0,0,0,0,3682.8,002200007185,N,Factura de Venta
20170912,07004166,Vella Marcos Pablo y Vella Luciano Domingo,Fray Luis Beltran 3277,01603B,Meier,30,1.5,750,30,6245.82,7557.44,0,0,0,30,0,0,0,0,0,2535.3,002200007186,N,Factura de Venta
20170912,07004166,Vella Marcos Pablo y Vella Luciano Domingo,Fray Luis Beltran 3277,01603AC,Meier,40,2,1000,40,11020.24,13334.49,0,0,0,30,0,0,0,0,0,4910.4,002200007186,N,Factura de Venta
20170912,03000023,Industrias Saladillo SA,IS.SA. Planta Pilar,01788BB,Isolant SI,16,1.26672,0,16,6542.56,7916.5,0,0,0,0,0,0,0,0,0,4288,002200007189,N,Factura de Venta
20170912,04004334,Fapex SA,Rio Potrero 175 (Esq. Rio de Rey) Barrio CinaCina,01557ARF,Isolant SI,265,53,5300,265,76296.15,92318.34,0,0,0,0,0,0,0,0,0,59534.9,002200007183,N,Factura de Venta
20170912,24005610,Pivin Gabriel Dario,Lisandro de la torre 2574/78,01603AC,Meier,18,0.9,450,18,4959.11,6000.52,0,0,0,30,0,0,0,0,0,2209.68,002200007188,N,Factura de Venta
20170912,09002438,Suc De Gustavo Lagerheim SA,Ruta Nacional 11 Km.1005,01551I,Victor Casañas,30,3,600,30,4104.4,4966.32,0,3,0,32.5,21,0,0,0,0,2335.8,002200007193,N,Factura de Venta
20170912,09002438,Suc De Gustavo Lagerheim SA,Ruta Nacional 11 Km.1005,01555AR,Victor Casañas,250,25,5000,250,47177.31,57084.54,0,3,0,32.5,21,0,0,0,0,32367.5,002200007193,N,Factura de Venta
20170912,09002438,Suc De Gustavo Lagerheim SA,Ruta Nacional 11 Km.1005,01557AR,Victor Casañas,25,5,500,25,7256.28,8780.09,0,3,0,32.5,21,0,0,0,0,5616.5,002200007193,N,Factura de Venta
20170912,09002438,Suc De Gustavo Lagerheim SA,Ruta Nacional 11 Km.1005,01551A,Victor Casañas,20,2,400,20,6006.68,7268.08,0,3,0,32.5,12,0,0,0,0,2326.6,002200007194,N,Factura de Venta
20170912,19002241,Carlos Isla y Cia. SA,Suc. Neuquen: Teodoro Plan 5055,01557AR,Latyn-Valle y Cordillera,35,7,700,35,9607.5,11625.07,0,0,10,0,0,0,0,0,0,7863.1,002200007169,N,Factura de Venta
20170912,10000785,Perren y Cia. SA,9 de Julio 975,01557A,Norberto Oppezzo,60,12,1200,60,39510.86,47808.14,0,3,0,25,4,0,0,0,0,15549.6,002200007171,N,Factura de Venta
20170912,10000785,Perren y Cia. SA,9 de Julio 975,01555A,Norberto Oppezzo,15,1.5,300,15,6468.3,7826.64,0,3,0,25,4,0,0,0,0,2380.65,002200007171,N,Factura de Venta
20170912,10000785,Perren y Cia. SA,9 de Julio 975,01960DC,Norberto Oppezzo,1,0,0,1,1395.83,1688.96,0,3,0,25,0,0,0,0,0,1085,002200007171,N,Factura de Venta
20170912,01005292,Adamant SRL,Paysandu 923 (entre Crisologo Larralde y Lucena),01509A,Isolant SI,750,1.5,750,0,3645,4410.45,0,0,0,0,0,0,0,0,0,2045.02,002200007174,N,Factura de Venta
20170912,04004334,Fapex SA,Rio Potrero 175 (Esq. Rio de Rey) Barrio CinaCina,01555ARF,Isolant SI,54,5.4,1080,54,9031.5,10928.11,0,0,0,0,0,0,0,0,0,6991.38,002200007183,N,Factura de Venta
20170912,01003694,Anacon SA,Nicasio Oronio 2243,01551I,Hector Collia,70,7,1400,70,11584.47,14017.2,0,0,10,21,12,0,0,0,0,5450.2,002200007182,N,Factura de Venta
20170912,01003694,Anacon SA,Nicasio Oronio 2243,01552I,Hector Collia,90,18,3600,90,29775.11,36027.88,0,0,10,21,12,0,0,0,0,17004.6,002200007182,N,Factura de Venta
20170912,03000741,Maderera Newton Sociedad Anonima,Acceso Norte 3085 (ramal Campana) y Haití- Frente la Ford,06C001CO,Esteban Bergamaschi,1,0,0,1,0.1,0.12,0,0,0,0,0,0,0,0,0,0,002200007167,S,Factura de Venta
20170912,19002241,Carlos Isla y Cia. SA,Suc. Neuquen: Teodoro Plan 5055,01552A,Latyn-Valle y Cordillera,10,2,200,10,3718.62,4499.53,0,0,10,0,0,0,0,0,0,2117.4,002200007168,N,Factura de Venta
20170912,19002241,Carlos Isla y Cia. SA,Suc. Neuquen: Teodoro Plan 5055,01558BC,Latyn-Valle y Cordillera,50,10,1000,50,38135.7,46144.2,0,0,10,0,0,0,0,0,0,27548,002200007168,N,Factura de Venta
20170912,19002241,Carlos Isla y Cia. SA,Suc. Neuquen: Teodoro Plan 5055,01555M,Latyn-Valle y Cordillera,20,3,400,20,14797.62,17905.12,0,0,10,0,0,0,0,0,0,10891.6,002200007168,N,Factura de Venta
20170912,01005292,Adamant SRL,Paysandu 923 (entre Crisologo Larralde y Lucena),01514DC,Isolant SI,3600,18,3600,3600,28872,34935.12,0,0,0,0,0,0,0,0,0,18252,002200007175,N,Factura de Venta
20170912,01005292,Adamant SRL,Paysandu 923 (entre Crisologo Larralde y Lucena),01500ASA,Isolant SI,18000,9,18000,0,29160,35283.6,0,0,0,0,0,0,0,0,0,22500,002200007176,N,Factura de Venta
20170912,01005292,Adamant SRL,Paysandu 923 (entre Crisologo Larralde y Lucena),01508BA,Isolant SI,2160,4.32,2160,0,7862.4,9513.5,0,0,0,0,0,0,0,0,0,5292,002200007177,N,Factura de Venta
20170912,01005292,Adamant SRL,Paysandu 923 (entre Crisologo Larralde y Lucena),01766A,Isolant SI,35,1.3853,0,35,6113.1,7396.85,0,0,0,0,0,0,0,0,0,1649.55,002200007178,N,Factura de Venta
20170912,11003570,Materiales De Zan SRL,Suc 2: Bv. Rivadavia 209,06C001CO,Victor Casañas,1,0,0,1,0.1,0.1,0,0,10,0,0,0,0,0,0,0,002200007179,S,Factura de Venta
20170912,03004499,Australtub S.A.,Panamericana Km 47.500 Colectora Oeste,01797B,Esteban Bergamaschi,10,0.19635,0,10,4043.7,4892.88,0,0,0,0,0,0,0,0,0,321.45,002200007181,N,Factura de Venta
20170912,03000741,Maderera Newton Sociedad Anonima,Acceso Norte 3085 (ramal Campana) y Haití- Frente la Ford,01554BRC,Esteban Bergamaschi,500,3,500,25,33785.4,40880.34,0,0,0,25,12,0,0,0,0,10187.71,002200007167,S,Factura de Venta
20170912,03000741,Maderera Newton Sociedad Anonima,Acceso Norte 3085 (ramal Campana) y Haití- Frente la Ford,01554BP,Esteban Bergamaschi,2,0.24,40,2,0.2,0.24,0,0,0,0,0,0,0,0,0,815.02,002200007167,S,Factura de Venta
20170912,07005932,Fluidos SA,Los Piamonteses 1160,01555C,Meier,3,0.3,60,3,0.26,0.31,0,5,10,0,0,0,0,0,0,83.45,002200007196,N,Factura de Venta
20170912,11003570,Materiales De Zan SRL,Suc 2: Bv. Rivadavia 209,01555ECC,Victor Casañas,1600,8,1600,80,20300.54,24563.66,0,0,10,25,12,0,0,0,0,1897.83,002200007179,S,Factura de Venta
20170912,11003570,Materiales De Zan SRL,Suc 2: Bv. Rivadavia 209,01555EDC,Victor Casañas,1600,8,1600,80,30279.74,36638.5,0,0,10,25,12,0,0,0,0,23308.54,002200007179,S,Factura de Venta
20170912,03000741,Maderera Newton Sociedad Anonima,Acceso Norte 3085 (ramal Campana) y Haití- Frente la Ford,01555MA,Esteban Bergamaschi,5,0.75,100,5,0.5,0.6,0,0,0,0,0,0,0,0,0,2455.86,002200007167,S,Factura de Venta
20170912,03000741,Maderera Newton Sociedad Anonima,Acceso Norte 3085 (ramal Campana) y Haití- Frente la Ford,01555MC,Esteban Bergamaschi,1000,7.5,1000,50,48721.2,58952.66,0,0,0,25,12,0,0,0,0,24558.57,002200007167,S,Factura de Venta
20170912,10000785,Perren y Cia. SA,9 de Julio 975,01557C,Norberto Oppezzo,6,1.2,120,6,0.58,0.7,0,3,0,0,0,0,0,0,0,184.42,002200007171,N,Factura de Venta
20170912,30001022,Eusebio D. Bouciguez SA,Chacabuco 2377 y Bolivar,01557ARC,Esteban Bergamaschi,1600,16,1600,80,23705.08,28683.16,0,0,20,25,12,0,0,0,0,2403.74,002200007199,S,Factura de Venta
20170912,11003570,Materiales De Zan SRL,Suc 2: Bv. Rivadavia 209,01558ESC,Victor Casañas,1000,10,1000,50,19138.68,23157.8,0,0,10,25,12,0,0,0,0,1459.53,002200007179,S,Factura de Venta
20170912,03000023,Industrias Saladillo SA,IS.SA. Planta Pilar,01777BB,Isolant SI,148,9.819887616,0,148,65615.8,79395.12,0,0,0,0,0,0,0,0,0,37862.84,002200007164,N,Factura de Venta
20170912,03000023,Industrias Saladillo SA,IS.SA. Planta Pilar,01778B,Isolant SI,46,1.127207,0,46,5413.74,6550.63,0,0,0,0,0,0,0,0,0,2183.16,002200007172,N,Factura de Venta
20170912,01005292,Adamant SRL,Paysandu 923 (entre Crisologo Larralde y Lucena),01763A,Isolant SI,30,1.41372,0,30,5824.5,7047.64,0,0,0,0,0,0,0,0,0,1983.3,002200007178,N,Factura de Venta
20170912,03000023,Industrias Saladillo SA,IS.SA. Planta Pilar,01777BA,Isolant SI,76,2.0294736,0,76,12822.72,15515.49,0,0,0,0,0,0,0,0,0,7914.64,002200007163,N,Factura de Venta
20170912,10000785,Perren y Cia. SA,9 de Julio 975,01790A,Norberto Oppezzo,6,0.23750496,0,6,3700.09,4477.11,0,3,0,30,0,0,0,0,0,829.05,002200007170,N,Factura de Venta
20170912,03000023,Industrias Saladillo SA,IS.SA. Planta Pilar,01776B,Isolant SI,100,2.82744,0,100,12444,15057.24,0,0,0,0,0,0,0,0,0,5211,002200007180,N,Factura de Venta
20170912,03000023,Industrias Saladillo SA,IS.SA. Planta Pilar,01778B,Isolant SI,79,1.9358555,0,79,9297.51,11249.99,0,0,0,0,0,0,0,0,0,3749.34,002200007180,N,Factura de Venta
20170912,03000023,Industrias Saladillo SA,IS.SA. Planta Pilar,01776BA,Isolant SI,65,1.837836,0,65,12338.3,14929.34,0,0,0,0,0,0,0,0,0,7394.4,002200007180,N,Factura de Venta
20170912,01004076,Diecinueve Cuarenta y Ocho S.A.,,04C00898,Levy,1,0,0,1,2.71,2.71,0,0,0,0,0,0,0,0,0,,000000011117,,Débito (Ajustes)
20170912,03000023,Industrias Saladillo SA,IS.SA. Planta Pilar,01776B,Isolant SI,92,2.6012448,0,92,11448.48,13852.66,0,0,0,0,0,0,0,0,0,4794.12,002200007190,N,Factura de Venta
20170912,03000023,Industrias Saladillo SA,IS.SA. Planta Pilar,01776BA,Isolant SI,82,2.3185008,0,82,15565.24,18833.94,0,0,0,0,0,0,0,0,0,9328.32,002200007190,N,Factura de Venta
20170912,02002202,Simmons De Argentina SAIC,,04C00898,Isolant SI,1,0,0,1,0.2,0.2,0,0,0,0,0,0,0,0,0,,000000011118,,Débito (Ajustes)

