﻿FechaTxt,Codigo_Cliente,Cliente,EntDir,Codigo_Articulo,Vendedor,cantidad,Mts3,Mts2,Rollos,Importe_Bruto,Importe_Neto,Dto_Contado,Dto_Flete,Dto_Especial,Bonificacion,Desc_Adicional,cantidad_elaborada,m2_ocupados,costo_unitario,costo_total_stock,Costo_de_venta,comp,C_Construccion,nomdoc
20170726,29000227,Moreno Alfredo German,Av. 44 nº 2721 entre 149/150,01764C,Isolant SA,10,0.6597,0,10,5365.26,6491.96,0,0,0,59,0,0,0,0,0,3934.48,002200006223,S,Factura de Venta
20170726,29000227,Moreno Alfredo German,Av. 44 nº 2721 entre 149/150,06C001CO,Isolant SA,1,0,0,1,0.1,0.12,0,0,0,0,0,0,0,0,0,0,002200006224,N,Factura de Venta
20170726,29000227,Moreno Alfredo German,Av. 44 nº 2721 entre 149/150,01762A,Isolant SA,15,0.76335,0,15,1393.71,1686.39,0,0,0,59,59,0,0,0,0,0,002200006224,N,Factura de Venta
20170726,29000227,Moreno Alfredo German,Av. 44 nº 2721 entre 149/150,01765A,Isolant SA,20,0.93,0,20,1697.41,2053.86,0,0,0,59,59,0,0,0,0,530.35,002200006224,N,Factura de Venta
20170726,29000227,Moreno Alfredo German,Av. 44 nº 2721 entre 149/150,01762A,Isolant SA,10,0.5089,0,10,2266.16,2742.04,0,0,0,59,0,0,0,0,0,0,002200006225,S,Factura de Venta
20170726,31003228,Giliberto Hnos. SA,Av. 131 nº 385 (entre 39 y 40),06C001CO,Ventas Buenos Aires,1,0,0,1,0.1,0.12,0,0,0,0,0,0,0,0,0,0,002200006226,N,Factura de Venta
20170726,15002285,Konstruya SRL,Ruta5 (Frente a plazoleta El Tria,01558EC,Pedro Cocaña,30,6,600,30,16244.95,19656.39,0,3,0,21,12,0,0,0,0,11544.49,002200006254,N,Factura de Venta
20170726,02005702,Caps Ram,J. Díaz Solís 3535,01510D,Levy,1400,4.2,1400,1400,15204,18396.84,0,0,0,25,0,0,0,0,0,8236.85,002200006248,N,Factura de Venta
20170726,11002802,Casa Schanton SA,Mitre 2250,01558BC,Victor Casañas,30,6,600,30,29045.08,35144.54,0,3,0,21,12,0,0,0,0,12413.67,002200006252,N,Factura de Venta
20170726,15002285,Konstruya SRL,Ruta5 (Frente a plazoleta El Tria,01558BC,Pedro Cocaña,30,6,600,30,33005.77,39936.98,0,3,0,21,0,0,0,0,0,12413.67,002200006254,N,Factura de Venta
20170726,15002285,Konstruya SRL,Ruta5 (Frente a plazoleta El Tria,01555M,Pedro Cocaña,60,9,1200,60,56859.34,68799.8,0,3,0,21,12,0,0,0,0,28555.36,002200006254,N,Factura de Venta
20170726,15002285,Konstruya SRL,Ruta5 (Frente a plazoleta El Tria,01557A,Pedro Cocaña,10,2,200,10,6055.54,7327.21,0,3,0,21,12,0,0,0,0,287.71,002200006254,N,Factura de Venta
20170726,15002285,Konstruya SRL,Ruta5 (Frente a plazoleta El Tria,01557AR,Pedro Cocaña,100,20,2000,100,36738.26,44453.3,0,3,0,21,12,0,0,0,0,2751.13,002200006254,N,Factura de Venta
20170726,05005851,Dimo Contrucciones S.A,Colectora Oeste 1590,04VARIOS,Hector Collia,-1,0,0,-1,-37380,-45229.8,0,0,0,0,0,0,0,0,0,0,001400007947,N,Crédito de Venta
20170726,05005851,Dimo Contrucciones S.A,Colectora Oeste 1590,04VARIOS,Hector Collia,-1,0,0,-1,-25200,-30492,0,0,0,0,0,0,0,0,0,0,001400007948,N,Crédito de Venta
20170726,05005851,Dimo Contrucciones S.A,Colectora Oeste 1590,04VARIOS,Hector Collia,-1,0,0,-1,-26880,-32524.8,0,0,0,0,0,0,0,0,0,0,001400007949,N,Crédito de Venta
20170726,05005851,Dimo Contrucciones S.A,Colectora Oeste 1590,04VARIOS,Hector Collia,-1,0,0,-1,-8400,-10164,0,0,0,0,0,0,0,0,0,0,001400007950,N,Crédito de Venta
20170726,03000023,Industrias Saladillo SA,IS.SA. Planta Pilar,01780B,Isolant SI,50,1.2975,0,50,6040,7308.4,0,0,0,0,0,0,0,0,0,2206.14,002200006239,N,Factura de Venta
20170726,29002212,Don Caracciolo SA,Colectora Sur 626,06C001PI,Esteban Bergamaschi,1,0,0,1,0.1,0.12,0,0,8,0,0,0,0,0,0,0,002200006242,S,Factura de Venta
20170726,16005819,Materiales E Ingenieria S.r.l,Diamante 194,01903A,Leandro Diaz,1,0.07599,0,1,1333.55,1613.6,0,0,0,21,0,0,0,0,0,407.99,002200006236,N,Factura de Venta
20170726,16005819,Materiales E Ingenieria S.r.l,Diamante 194,01905A,Leandro Diaz,1,0.07118,0,1,768.74,930.18,0,0,0,21,0,0,0,0,0,230.96,002200006236,N,Factura de Venta
20170726,29001927,Damioli Franca Amabile,Av. 520 nº 1681 e/11 Y 12,04VARIOS,NN (Ex MDT),-1,0,0,-1,-210.42,-254.61,0,0,0,0,0,0,0,0,0,0,001400007943,N,Crédito de Venta
20170726,29001927,Damioli Franca Amabile,Av. 520 nº 1681 e/11 Y 12,04VARIOS,NN (Ex MDT),-1,0,0,-1,-243.54,-294.68,0,0,0,0,0,0,0,0,0,0,001400007944,N,Crédito de Venta
20170726,13003662,A B Construcciones SRL,Av. Almte. Brown 198,04VARIOS,Pedro Cocaña,-1,0,0,-1,-1818.61,-2200.52,0,0,0,0,0,0,0,0,0,0,001400007945,N,Crédito de Venta
20170726,13003662,A B Construcciones SRL,Av. Almte. Brown 198,04VARIOS,Pedro Cocaña,-1,0,0,-1,-476.82,-576.95,0,0,0,0,0,0,0,0,0,0,001400007946,N,Crédito de Venta
20170726,29000227,Moreno Alfredo German,,04VARIOS,Isolant SA,-1,0,0,-1,-4028.93,-4875,0,0,0,0,0,0,0,0,0,0,001400007941,N,Crédito de Venta
20170726,16005819,Materiales E Ingenieria S.r.l,Diamante 194,01558EC,Leandro Diaz,6,1.2,120,6,3806.22,4605.53,0,0,0,21,0,0,0,0,0,2308.9,002200006236,N,Factura de Venta
20170726,16005819,Materiales E Ingenieria S.r.l,Diamante 194,01558ES,Leandro Diaz,5,1,100,5,2401.6,2905.94,0,0,0,21,0,0,0,0,0,144.55,002200006236,N,Factura de Venta
20170726,16005819,Materiales E Ingenieria S.r.l,Diamante 194,01654ON,Leandro Diaz,10,1.68,0,10,5024.4,6079.52,0,0,0,21,0,0,0,0,0,3468.76,002200006236,N,Factura de Venta
20170726,16005819,Materiales E Ingenieria S.r.l,Diamante 194,01655ON,Leandro Diaz,4,0.672,0,4,2388.96,2890.64,0,0,0,21,0,0,0,0,0,1641.6,002200006236,N,Factura de Venta
20170726,16005819,Materiales E Ingenieria S.r.l,Diamante 194,01901A,Leandro Diaz,1,0.07854,0,1,2038.59,2466.69,0,0,0,21,0,0,0,0,0,507.55,002200006236,N,Factura de Venta
20170726,13005695,Hiperplaca SRL,Avda. Almirante Brown No. 32,01557A,Pedro Cocaña,50,10,1000,50,31653.97,38301.3,0,3,0,21,8,0,0,0,0,1438.54,002200006245,N,Factura de Venta
20170726,11002802,Casa Schanton SA,Mitre 2250,01557A,Victor Casañas,100,20,2000,100,60555.42,73272.05,0,3,0,21,12,0,0,0,0,2877.07,002200006250,N,Factura de Venta
20170726,11002802,Casa Schanton SA,Mitre 2250,01555A,Victor Casañas,150,15,3000,150,59481.19,71972.24,0,3,0,21,12,0,0,0,0,3856.14,002200006251,N,Factura de Venta
20170726,06003911,Avellaneda Mario Orlando,Hipolito Irigoyen 2134 - Barrio La Viñita,06C001CO,Pedro Cocaña,1,0,0,1,0.1,0.12,0,3,0,0,0,0,0,0,0,0,002200006253,S,Factura de Venta
20170726,11002802,Casa Schanton SA,Mitre 2250,01552A,Victor Casañas,15,3,300,15,8809.9,10659.98,0,3,0,21,12,0,0,0,0,531.47,002200006249,N,Factura de Venta
20170726,31000402,Codimat SA,,04VARIOS,Norberto Oppezzo,-1,0,0,-1,-3776.86,-4570,0,0,0,0,0,0,0,0,0,0,001400007940,N,Crédito de Venta
20170726,13004189,Tecnoshop SRL,Av Alte Brown 1340,01750A,Pedro Cocaña,10,0,0,10,5767.92,6979.18,0,3,0,21,10,0,0,0,0,0,002200006244,N,Factura de Venta
20170726,13004189,Tecnoshop SRL,Av Alte Brown 1340,01555A,Pedro Cocaña,50,5,1000,50,19827.06,23990.75,0,3,0,21,12,0,0,0,0,1285.38,002200006244,N,Factura de Venta
20170726,13005695,Hiperplaca SRL,Avda. Almirante Brown No. 32,06C001CO,Pedro Cocaña,1,0,0,1,0.1,0.12,0,3,0,0,0,0,0,0,0,0,002200006245,N,Factura de Venta
20170726,13005695,Hiperplaca SRL,Avda. Almirante Brown No. 32,01555AK,Pedro Cocaña,10,0.45,150,10,1872.82,2266.11,0,3,0,21,8,0,0,0,0,1206.59,002200006245,N,Factura de Venta
20170726,13005695,Hiperplaca SRL,Avda. Almirante Brown No. 32,01557AK,Pedro Cocaña,20,2.1,300,20,5761.23,6971.09,0,3,0,21,8,0,0,0,0,570.27,002200006245,N,Factura de Venta
20170726,13005695,Hiperplaca SRL,Avda. Almirante Brown No. 32,01603AC,Pedro Cocaña,20,1,500,20,5285.21,6395.11,0,3,0,21,8,0,0,0,0,1342.65,002200006245,N,Factura de Venta
20170726,01004065,Balbin 3001 SRL,"Km 52, J.E. Uriburu 1232 (Ex Ruta 8)",04FLETE,Levy,-1,0,0,-1,-358.69,-434.01,0,0,0,0,0,0,0,0,0,0,001400007953,N,Crédito de Venta
20170726,13004189,Tecnoshop SRL,Av Alte Brown 1340,06C001CO,Pedro Cocaña,1,0,0,1,0.08,0.1,0,3,15,0,0,0,0,0,0,0,002200006243,N,Factura de Venta
20170726,13004189,Tecnoshop SRL,Av Alte Brown 1340,01555AR,Pedro Cocaña,100,10,2000,100,20302.47,24565.99,0,3,15,21,12,0,0,0,0,3264.54,002200006243,N,Factura de Venta
20170726,13004189,Tecnoshop SRL,Av Alte Brown 1340,01557AR,Pedro Cocaña,100,20,2000,100,31227.52,37785.3,0,3,15,21,12,0,0,0,0,2751.13,002200006243,N,Factura de Venta
20170726,03000741,Maderera Newton Sociedad Anonima,,04VARIOS,Esteban Bergamaschi,-1,0,0,-1,-648.76,-785,0,0,0,0,0,0,0,0,0,0,001400007939,N,Crédito de Venta
20170726,13004189,Tecnoshop SRL,Av Alte Brown 1340,01558BC,Pedro Cocaña,10,2,200,10,11001.92,13312.33,0,3,0,21,0,0,0,0,0,4137.89,002200006244,N,Factura de Venta
20170726,03004075,Comercial CMP SA,,04VARIOS,Hector Collia,-1,0,0,-1,-27694.21,-33510,0,0,0,0,0,0,0,0,0,0,001400007942,N,Crédito de Venta
20170726,31001137,Rafael y Ruben O. Fabi SA,Av. San Martin y España,06C001CO,Ventas Buenos Aires,1,0,0,1,0.1,0.12,0,0,0,0,0,0,0,0,0,0,002200006234,N,Factura de Venta
20170726,31001137,Rafael y Ruben O. Fabi SA,Av. San Martin y España,01555AR,Ventas Buenos Aires,100,10,2000,100,25743.26,31149.34,0,0,0,21,8,0,0,0,0,3264.54,002200006234,N,Factura de Venta
20170726,24002266,Gironacci Flavio Damian,Mitre 759,01557A,Diego Fani,10,2,200,10,7448.83,9013.09,0,0,0,21,0,0,0,0,0,287.71,002200006235,N,Factura de Venta
20170726,01004065,Balbin 3001 SRL,"Km 52, J.E. Uriburu 1232 (Ex Ruta 8)",04FLETE,Levy,-1,0,0,-1,-321.48,-388.99,0,0,0,0,0,0,0,0,0,0,001400007953,N,Crédito de Venta
20170726,01004065,Balbin 3001 SRL,"Km 52, J.E. Uriburu 1232 (Ex Ruta 8)",04FLETE,Levy,-1,0,0,-1,-358.69,-434.01,0,0,0,0,0,0,0,0,0,0,001400007953,N,Crédito de Venta
20170726,01001217,Diamore SA,Av. Cobo 1516/18,01768C,Luis Ramirez,2,0.1131,0,2,1659.65,2008.17,0,0,0,21,0,0,0,0,0,199.84,002200006229,N,Factura de Venta
20170726,01001217,Diamore SA,Av. Cobo 1516/18,01771C,Luis Ramirez,1,0.0475,0,1,672.33,813.52,0,0,0,21,0,0,0,0,0,262.46,002200006229,N,Factura de Venta
20170726,01001217,Diamore SA,Av. Cobo 1516/18,01765C,Luis Ramirez,2,0.11762,0,2,1830.26,2214.61,0,0,0,21,0,0,0,0,0,428.27,002200006229,N,Factura de Venta
20170726,11003570,Materiales De Zan SRL,Suc 2: Bv. Rivadavia 209,01558BC,Victor Casañas,40,8,800,40,44363.7,53680.08,0,0,0,25,0,0,0,0,0,16551.55,002200006232,N,Factura de Venta
20170726,11003570,Materiales De Zan SRL,Suc 2: Bv. Rivadavia 209,01750A,Victor Casañas,12,0,0,12,7903.35,9563.05,0,0,0,25,0,0,0,0,0,0,002200006232,N,Factura de Venta
20170726,01003820,Alvear Palace Hotel SAI,Posadas 1584,01700A,Pastore Pablo,20,2.4,0,20,13440.74,16263.3,0,0,0,21,0,0,0,0,0,5046.08,002200006233,N,Factura de Venta
20170726,31003228,Giliberto Hnos. SA,Av. 131 nº 385 (entre 39 y 40),01555M,Ventas Buenos Aires,120,18,2400,120,117235.75,141855.25,0,0,0,21,12,0,0,0,0,57110.71,002200006226,N,Factura de Venta
20170726,31003228,Giliberto Hnos. SA,Av. 131 nº 385 (entre 39 y 40),01558EC,Ventas Buenos Aires,100,20,2000,100,55824.56,67547.72,0,0,0,21,12,0,0,0,0,38481.64,002200006226,N,Factura de Venta
20170726,02005702,Caps Ram,J. Díaz Solís 3535,01510D,Levy,2200,6.6,2200,2200,23892,28909.32,0,0,0,25,0,0,0,0,0,12943.62,002200006227,N,Factura de Venta
20170726,02005702,Caps Ram,J. Díaz Solís 3535,01510D,Levy,2600,7.8,2600,2600,28236,34165.56,0,0,0,25,0,0,0,0,0,15297,002200006228,N,Factura de Venta
20170726,07002865,Boichuk Dora Beatriz,av. San Martin 932,06C001CO,Meier,1,0,0,1,0.1,0.12,0,0,0,0,0,0,0,0,0,0,002200006230,S,Factura de Venta
20170726,22003272,Placas y Macizas SRL,25 de Mayo 1121,01557A,Leandro Diaz,25,5,500,25,17735.3,21459.72,0,0,0,21,0,0,0,0,0,719.27,002200006231,N,Factura de Venta
20170726,03000023,Industrias Saladillo SA,IS.SA. Planta Pilar,01525AHC,Isolant SI,1940,19.4,1940,1940,30089.4,36408.17,0,0,0,0,0,0,0,0,0,3215.77,002200006238,N,Factura de Venta
20170726,01002303,Alcantara Jorge Damaso Hector,Zarraga 3561,01551IC,Levy,1000,5,1000,50,8926.36,10800.9,0,0,0,21,12,0,0,0,0,3881.51,002200006237,S,Factura de Venta
20170726,07002865,Boichuk Dora Beatriz,av. San Martin 932,01554BRC,Meier,80,0.48,80,4,5911.88,7153.38,0,0,0,21,4,0,0,0,0,1611.67,002200006230,S,Factura de Venta
20170726,02003757,Carmona Leonardo Esteban,Tte Juan D. Perón 3908,01554BRC,Ventas Buenos Aires,200,1.2,200,10,13556.4,16403.24,0,0,0,21,12,0,0,0,0,4029.18,002200006247,S,Factura de Venta
20170726,02003757,Carmona Leonardo Esteban,Tte Juan D. Perón 3908,01554BP,Ventas Buenos Aires,1,0.12,20,1,0.1,0.12,0,0,0,0,0,0,0,0,0,402.92,002200006247,S,Factura de Venta
20170726,07002865,Boichuk Dora Beatriz,av. San Martin 932,01555AA,Meier,500,2.5,500,25,11148.48,13489.66,0,0,0,21,4,0,0,0,0,642.69,002200006230,S,Factura de Venta
20170726,07002865,Boichuk Dora Beatriz,av. San Martin 932,01555C,Meier,3,0.3,60,3,0.3,0.36,0,0,0,0,0,0,0,0,0,77.12,002200006230,S,Factura de Venta
20170726,13004189,Tecnoshop SRL,Av Alte Brown 1340,01555C,Pedro Cocaña,6,0.6,120,6,0.58,0.7,0,3,0,0,0,0,0,0,0,154.25,002200006244,N,Factura de Venta
20170726,11002802,Casa Schanton SA,Mitre 2250,01555C,Victor Casañas,18,1.8,360,18,1.75,2.11,0,3,0,0,0,0,0,0,0,462.74,002200006251,N,Factura de Venta
20170726,29002212,Don Caracciolo SA,Colectora Sur 626,01555ECC,Esteban Bergamaschi,300,1.5,300,15,3434.54,4155.8,0,0,8,25,20,0,0,0,0,348.9,002200006242,S,Factura de Venta
20170726,29002212,Don Caracciolo SA,Colectora Sur 626,01555EDC,Esteban Bergamaschi,400,2,400,20,6831.56,8266.18,0,0,8,25,20,0,0,0,0,5949.69,002200006242,S,Factura de Venta
20170726,31003228,Giliberto Hnos. SA,Av. 131 nº 385 (entre 39 y 40),01555MA,Ventas Buenos Aires,12,1.8,240,12,1.2,1.45,0,0,0,0,0,0,0,0,0,5711.07,002200006226,N,Factura de Venta
20170726,02003757,Carmona Leonardo Esteban,Tte Juan D. Perón 3908,01555MC,Ventas Buenos Aires,400,3,400,20,19549.02,23654.32,0,0,0,21,12,0,0,0,0,9518.45,002200006247,S,Factura de Venta
20170726,02003757,Carmona Leonardo Esteban,Tte Juan D. Perón 3908,01555MA,Ventas Buenos Aires,2,0.3,40,2,0.2,0.24,0,0,0,0,0,0,0,0,0,951.85,002200006247,S,Factura de Venta
20170726,15002285,Konstruya SRL,Ruta5 (Frente a plazoleta El Tria,01555MA,Pedro Cocaña,8,1.2,160,8,0.78,0.94,0,3,0,0,0,0,0,0,0,3807.38,002200006254,N,Factura de Venta
20170726,07002865,Boichuk Dora Beatriz,av. San Martin 932,01559AA,Meier,500,5,500,25,17018.5,20592.38,0,0,0,21,4,0,0,0,0,719.27,002200006230,S,Factura de Venta
20170726,07002865,Boichuk Dora Beatriz,av. San Martin 932,01557C,Meier,3,0.6,60,3,0.3,0.36,0,0,0,0,0,0,0,0,0,86.31,002200006230,S,Factura de Venta
20170726,22003272,Placas y Macizas SRL,25 de Mayo 1121,01557C,Leandro Diaz,3,0.6,60,3,0.3,0.36,0,0,0,0,0,0,0,0,0,86.31,002200006231,N,Factura de Venta
20170726,13005695,Hiperplaca SRL,Avda. Almirante Brown No. 32,01557C,Pedro Cocaña,6,1.2,120,6,0.58,0.7,0,3,0,0,0,0,0,0,0,172.62,002200006245,N,Factura de Venta
20170726,20004663,Corralon San Lorenzo S.R.L.,Italia 1500,01559AA,Pedro Cocaña,700,7,700,35,22158.02,26811.2,0,3,0,21,8,0,0,0,0,1006.97,002200006246,S,Factura de Venta
20170726,20004663,Corralon San Lorenzo S.R.L.,Italia 1500,01557C,Pedro Cocaña,9,1.8,180,9,0.88,1.06,0,3,0,0,0,0,0,0,0,258.94,002200006246,S,Factura de Venta
20170726,11002802,Casa Schanton SA,Mitre 2250,01557C,Victor Casañas,12,2.4,240,12,1.16,1.41,0,3,0,0,0,0,0,0,0,345.25,002200006250,N,Factura de Venta
20170726,29002212,Don Caracciolo SA,Colectora Sur 626,01559AA,Esteban Bergamaschi,500,5,500,25,20654,24991.34,0,0,8,0,0,0,0,0,0,719.27,002200006242,S,Factura de Venta
20170726,29002212,Don Caracciolo SA,Colectora Sur 626,01557C,Esteban Bergamaschi,3,0.6,60,3,0.28,0.34,0,0,8,0,0,0,0,0,0,86.31,002200006242,S,Factura de Venta
20170726,06003911,Avellaneda Mario Orlando,Hipolito Irigoyen 2134 - Barrio La Viñita,01557ARC,Pedro Cocaña,1000,10,1000,50,20039.06,24247.26,0,3,0,21,4,0,0,0,0,1375.57,002200006253,S,Factura de Venta
20170726,02003757,Carmona Leonardo Esteban,Tte Juan D. Perón 3908,01557ARC,Ventas Buenos Aires,900,9,900,45,17043.52,20622.66,0,0,0,21,12,0,0,0,0,1238.01,002200006247,S,Factura de Venta
20170726,29002212,Don Caracciolo SA,Colectora Sur 626,01568BC,Esteban Bergamaschi,200,2,200,10,10767,13028.06,0,0,0,25,0,0,0,0,0,4137.89,002200006241,S,Factura de Venta
20170726,29002212,Don Caracciolo SA,Colectora Sur 626,01558ECC,Esteban Bergamaschi,200,2,200,10,4431.46,5362.06,0,0,8,25,20,0,0,0,0,3848.16,002200006242,S,Factura de Venta
20170726,29002212,Don Caracciolo SA,Colectora Sur 626,01558ESC,Esteban Bergamaschi,600,6,600,30,10068.48,12182.86,0,0,8,25,20,0,0,0,0,867.32,002200006242,S,Factura de Venta
20170726,29000227,Moreno Alfredo German,Av. 44 nº 2721 entre 149/150,01764A,Isolant SA,15,0.777546,0,15,1406.47,1701.83,0,0,0,59,59,0,0,0,0,1226.63,002200006224,N,Factura de Venta
20170726,29000227,Moreno Alfredo German,Av. 44 nº 2721 entre 149/150,01763A,Isolant SA,10,0.47124,0,10,2081.58,2518.7,0,0,0,59,0,0,0,0,0,388.35,002200006225,S,Factura de Venta
20170726,01001217,Diamore SA,Av. Cobo 1516/18,01790A,Luis Ramirez,2,0.07916832,0,2,1328.69,1607.71,0,0,0,21,0,0,0,0,0,276.35,002200006229,N,Factura de Venta
20170726,02005702,Caps Ram,,04ANTICIPOS,Levy,-1,0,0,-1,-28236,-34165.56,0,0,0,0,0,0,0,0,0,,001400007952,N,Crédito de Venta
20170726,03000023,Industrias Saladillo SA,IS.SA. Planta Pilar,01776B,Isolant SI,20,0.565488,0,20,2488.8,3011.45,0,0,0,0,0,0,0,0,0,914.18,002200006240,N,Factura de Venta
20170726,03000023,Industrias Saladillo SA,IS.SA. Planta Pilar,01779B,Isolant SI,67,2.1659157,0,67,10043.3,12152.39,0,0,0,0,0,0,0,0,0,2434.14,002200006240,N,Factura de Venta
20170726,30000177,Guerra Alfredo Felix,,04C00898,Disapla,1,0,0,1,0.04,0.04,0,0,0,0,0,0,0,0,0,,000000010989,,Débito (Ajustes)
20170726,03000023,Industrias Saladillo SA,IS.SA. Planta Pilar,01776BA,Isolant SI,93,2.6295192,0,93,17653.26,21360.44,0,0,0,0,0,0,0,0,0,8610.72,002200006240,N,Factura de Venta
20170726,24002752,Rusma SRL,,04C00898,Diego Fani,1,0,0,1,210.44,210.44,0,0,0,0,0,0,0,0,0,,000000010988,,Débito (Ajustes)
20170726,29002554,Perkusic Hnos SRL,,01IN,Hector Collia,-1,0,0,-1,-2787.92,-3373.38,0,0,0,0,0,0,0,0,0,,001300000240,,Crédito de Venta
20170726,29002554,Perkusic Hnos SRL,,01IN,Hector Collia,-1,0,0,-1,-461.83,-558.81,0,0,0,0,0,0,0,0,0,,001300000241,N,Crédito de Venta
20170726,02005702,Caps Ram,,04ANTICIPOS,Levy,-1,0,0,-1,-23892,-28909.32,0,0,0,0,0,0,0,0,0,,001400007951,N,Crédito de Venta
20170726,03000023,Industrias Saladillo SA,IS.SA. Planta Pilar,01778B,Isolant SI,20,0.49009,0,20,2241.8,2712.58,0,0,0,0,0,0,0,0,0,955.04,002200006239,N,Factura de Venta

