﻿FechaTxt,Codigo_Cliente,Cliente,EntDir,Codigo_Articulo,Vendedor,cantidad,Mts3,Mts2,Rollos,Importe_Bruto,Importe_Neto,Dto_Contado,Dto_Flete,Dto_Especial,Bonificacion,Desc_Adicional,cantidad_elaborada,m2_ocupados,costo_unitario,costo_total_stock,Costo_de_venta,comp,C_Construccion,nomdoc
20170928,03004521,Bell Industrial SH de Lasalle Diego y Lasalle Andres,Av. Ameghino 868 Local,01771A,Esteban Bergamaschi,1,0.03833,0,1,365.91,442.75,0,0,0,21,0,0,0,0,0,38.93,002200007557,N,Factura de Venta
20170928,01002854,Merito SA I.C. Y F.,Calle 109 (Los Eucaliptus) 6620,06C001PI,Hector Collia,1,0,0,1,0.1,0.12,0,0,0,0,0,0,0,0,0,0,002200007563,N,Factura de Venta
20170928,01002854,Merito SA I.C. Y F.,Calle 109 (Los Eucaliptus) 6620,06C001CS,Hector Collia,1,0,0,1,0.1,0.12,0,0,0,0,0,0,0,0,0,0,002200007563,N,Factura de Venta
20170928,01002854,Merito SA I.C. Y F.,Calle 109 (Los Eucaliptus) 6620,01700A,Hector Collia,80,9.6,0,80,51999.2,62919.03,0,0,0,0,0,0,0,0,0,21320.8,002200007563,N,Factura de Venta
20170928,05003825,Suarez Alfredo Virgilio,Camino Gral Belgrano e/495 y 496,06C001CO,Ventas Buenos Aires,1,0,0,1,0.1,0.12,0,0,0,0,0,0,0,0,0,0,002200007570,N,Factura de Venta
20170928,05003825,Suarez Alfredo Virgilio,Camino Gral Belgrano e/495 y 496,06C001CS,Ventas Buenos Aires,1,0,0,1,0.1,0.12,0,0,0,0,0,0,0,0,0,0,002200007570,N,Factura de Venta
20170928,31003219,Montero Miguel Angel,CORRALON DE MATERIALES - Av. nº 32 (entre 26 y 27),06C001CS,Ventas Buenos Aires,1,0,0,1,0.1,0.12,0,0,0,0,0,0,0,0,0,0,002200007571,N,Factura de Venta
20170928,31003219,Montero Miguel Angel,CORRALON DE MATERIALES - Av. nº 32 (entre 26 y 27),01960DA,Ventas Buenos Aires,50,0,0,50,147246.52,178168.29,0,0,0,21,0,0,0,0,0,54250,002200007571,N,Factura de Venta
20170928,03002930,Maderera Aguilera SA,"Ruta 8 Km 48,500",01555M,Levy,14,2.1,280,14,15830.21,19154.55,0,3,0,21,0,0,0,0,0,7624.12,002200007574,N,Factura de Venta
20170928,03001313,Prokrete Argentina SA,Austria Norte 2009,01903A,Esteban Bergamaschi,6,0.45594,0,6,10026.94,12132.59,0,0,0,10,0,0,0,0,0,4023.12,002200007568,N,Factura de Venta
20170928,29001133,Empresa Sposito SA,Alte Brown 241,01557A,Ventas Buenos Aires,25,5,500,25,18622.08,22532.71,0,0,0,21,0,0,0,0,0,6479,002200007561,N,Factura de Venta
20170928,29001133,Empresa Sposito SA,Alte Brown 241,01960DC,Ventas Buenos Aires,4,0,0,4,6063,7336.23,0,0,0,21,0,0,0,0,0,4340,002200007561,N,Factura de Venta
20170928,01004664,Construccion de Estructuras SRL,Sebastian Elcano 3461,01558BC,Ventas Buenos Aires,50,10,1000,50,38150,46161.5,0,0,0,0,0,0,0,0,0,27548,002200007566,N,Factura de Venta
20170928,31003219,Montero Miguel Angel,CORRALON DE MATERIALES - Av. nº 32 (entre 26 y 27),06C001CO,Ventas Buenos Aires,1,0,0,1,0.1,0.12,0,0,0,0,0,0,0,0,0,0,002200007571,N,Factura de Venta
20170928,31003219,Montero Miguel Angel,CORRALON DE MATERIALES - Av. nº 32 (entre 26 y 27),01957M,Ventas Buenos Aires,1,0,0,1,0.1,0.12,0,0,0,0,0,0,0,0,0,0,002200007571,N,Factura de Venta
20170928,05003825,Suarez Alfredo Virgilio,Camino Gral Belgrano e/495 y 496,01960DA,Ventas Buenos Aires,5,0,0,5,14724.65,17816.83,0,0,0,21,0,0,0,0,0,5425,002200007570,N,Factura de Venta
20170928,01000313,Montagne Outdoors SACIFIA,"Godoy Cruz 1360 - ""No enviar Semis""",01650D,Fernando Palmas,500,5,500,0,17370,21017.7,0,0,0,0,0,0,0,0,0,7765,002200007572,N,Factura de Venta
20170928,04004334,Fapex SA,Rio Potrero 175 (Esq. Rio de Rey) Barrio CinaCina,01555ARF,Isolant SI,330,33,6600,330,55192.5,66782.93,0,0,0,0,0,0,0,0,0,42725.1,002200007573,N,Factura de Venta
20170928,03000023,Industrias Saladillo SA,IS.SA. Planta Pilar,01784B,Isolant SI,50,1.32,0,50,3988,4825.48,0,0,0,0,0,0,0,0,0,2477.5,002200007559,N,Factura de Venta
20170928,03005223,Tubo Center SA,Av. Jose E.Uriburu 930 (ex Ruta 8) Pilar,01558EC,Levy,15,3,300,15,9801.02,11859.23,0,0,0,21,0,0,0,0,0,5956.5,002200007565,N,Factura de Venta
20170928,03001313,Prokrete Argentina SA,Austria Norte 2009,01900A,Esteban Bergamaschi,14,1.0556,0,14,48829.79,59084.04,0,0,0,10,0,0,0,0,0,17752.7,002200007568,N,Factura de Venta
20170928,05003825,Suarez Alfredo Virgilio,Camino Gral Belgrano e/495 y 496,01555AA,Ventas Buenos Aires,1000,5,1000,50,22443.58,27156.74,0,0,0,21,8,0,0,0,0,1192.9,002200007569,S,Factura de Venta
20170928,05003825,Suarez Alfredo Virgilio,Camino Gral Belgrano e/495 y 496,01555C,Ventas Buenos Aires,12,1.2,240,12,1.2,1.46,0,0,0,0,0,0,0,0,0,286.3,002200007569,S,Factura de Venta
20170928,05003825,Suarez Alfredo Virgilio,Camino Gral Belgrano e/495 y 496,01555ARC,Ventas Buenos Aires,1000,5,1000,50,13271.36,16058.36,0,0,0,21,8,0,0,0,0,1103.95,002200007569,S,Factura de Venta
20170928,03002930,Maderera Aguilera SA,"Ruta 8 Km 48,500",01555MA,Levy,1,0.15,20,1,0.1,0.12,0,3,0,0,0,0,0,0,0,497.34,002200007574,N,Factura de Venta
20170928,03002324,Taru Parq SRL,Av. Marquez 5775,01559AA,Levy,500,5,500,25,18620.3,22530.56,0,0,0,21,0,0,0,0,0,799.2,002200007562,S,Factura de Venta
20170928,03002324,Taru Parq SRL,Av. Marquez 5775,01557C,Levy,6,1.2,120,6,1.2,1.46,0,0,0,0,0,0,0,0,0,191.81,002200007562,S,Factura de Venta
20170928,29001133,Empresa Sposito SA,Alte Brown 241,01557C,Ventas Buenos Aires,6,1.2,120,6,0.6,0.73,0,0,0,0,0,0,0,0,0,191.81,002200007561,N,Factura de Venta
20170928,05003825,Suarez Alfredo Virgilio,Camino Gral Belgrano e/495 y 496,01568BC,Ventas Buenos Aires,200,2,200,10,11682.52,14135.84,0,0,0,21,0,0,0,0,0,5006.98,002200007569,S,Factura de Venta
20170928,05003825,Suarez Alfredo Virgilio,Camino Gral Belgrano e/495 y 496,01558ECC,Ventas Buenos Aires,400,4,400,20,12018.36,14542.22,0,0,0,21,8,0,0,0,0,7689.32,002200007569,S,Factura de Venta
20170928,03002324,Taru Parq SRL,Av. Marquez 5775,01603AD,Levy,2500,5,2500,100,18683.5,22607.04,0,0,0,21,0,0,0,0,0,2464.07,002200007562,S,Factura de Venta
20170928,02005900,Prata Leonel Martin,Av. Sixto Rodriguez 470,01654ONC,Norberto Oppezzo,27,4.536,27,0,14651.16,17727.9,0,0,0,21,0,0,0,0,0,0,002200007560,S,Factura de Venta
20170928,02005900,Prata Leonel Martin,Av. Sixto Rodriguez 470,01655ONC,Norberto Oppezzo,27,4.536,27,0,17738.02,21463.02,0,0,0,21,0,0,0,0,0,0,002200007560,S,Factura de Venta
20170928,03000023,Industrias Saladillo SA,IS.SA. Planta Pilar,01776BA,Isolant SI,181,5.1176664,0,181,34357.42,41572.48,0,0,0,0,0,0,0,0,0,20590.56,002200007556,N,Factura de Venta
20170928,99001808,Estudio Wagg SA,Armenia 3263,01504CC,Esteban Bergamaschi,4500,4.5,4500,0,19494,23587.74,0,0,0,40,0,0,0,0,0,6885,002200007567,N,Factura de Venta
20170928,01000313,Montagne Outdoors SACIFIA,"Godoy Cruz 1360 - ""No enviar Semis""",01651G,Fernando Palmas,650,6.5,650,0,29295.5,35447.56,0,0,0,0,0,0,0,0,0,12298,002200007572,N,Factura de Venta
20170928,03000023,Industrias Saladillo SA,IS.SA. Planta Pilar,01777BA,Isolant SI,50,1.33518,0,50,8436,10207.56,0,0,0,0,0,0,0,0,0,5207,002200007554,N,Factura de Venta
20170928,03000023,Industrias Saladillo SA,IS.SA. Planta Pilar,01776BA,Isolant SI,49,1.3854456,0,49,9301.18,11254.43,0,0,0,0,0,0,0,0,0,5574.24,002200007555,N,Factura de Venta
20170928,03000023,Industrias Saladillo SA,IS.SA. Planta Pilar,01777BA,Isolant SI,70,1.869252,0,70,11810.4,14290.58,0,0,0,0,0,0,0,0,0,7289.8,002200007558,N,Factura de Venta
20170928,03000023,Industrias Saladillo SA,IS.SA. Planta Pilar,01778BA,Isolant SI,85,2.0828825,0,85,15232.85,18431.75,0,0,0,0,0,0,0,0,0,7845.5,002200007559,N,Factura de Venta
20170928,03000023,Industrias Saladillo SA,IS.SA. Planta Pilar,01777BA,Isolant SI,67,1.7891412,0,67,11304.24,13678.13,0,0,0,0,0,0,0,0,0,6977.38,002200007564,N,Factura de Venta

