﻿FechaTxt,Codigo_Cliente,Cliente,EntDir,Codigo_Articulo,Vendedor,cantidad,Mts3,Mts2,Rollos,Importe_Bruto,Importe_Neto,Dto_Contado,Dto_Flete,Dto_Especial,Bonificacion,Desc_Adicional,cantidad_elaborada,m2_ocupados,costo_unitario,costo_total_stock,Costo_de_venta
20170117,03000357,Laboratorios Valmax SA,Sub Perdomo 1619,01507VK,Isolant SI,1560,2.34,1560,0,7940.4,9607.88,0,0,0,0,0,0,0,0,0,0
20170117,03000357,Laboratorios Valmax SA,Sub Perdomo 1619,01507VD,Isolant SI,4560,6.84,4560,0,23210.4,28084.58,0,0,0,0,0,0,0,0,0,0
20170117,03000357,Laboratorios Valmax SA,Sub Perdomo 1619,01507VC,Isolant SI,6000,9,6000,0,30540,36953.4,0,0,0,0,0,0,0,0,0,0
20170117,27001902,Josefa M. de Rodriguez SA,España y Buenos Aires,01558BC,Pedro Cocaña,34,6.8,680,34,36316.95,43943.51,0,3,0,21,0,0,0,0,0,0
20170117,27001902,Josefa M. de Rodriguez SA,España y Buenos Aires,01960DA,Pedro Cocaña,4,0,0,4,10266.24,12422.15,0,3,0,21,0,0,0,0,0,0
20170117,20003188,Emprendimiento Metalurgico Industrial SRL,LOS VALLISTOS - Ruta 9 Km 128 - Acc Norte,01557A,Pedro Cocaña,10,2,200,10,5461.49,6608.4,0,3,5,25,12,0,0,0,0,0
20170117,27003323,Bercovich SACIFIA,Centro Dist. Lastenia - Km 1296 (frente a Arco),01557A,Pedro Cocaña,25,5,500,25,13653.71,16520.99,0,3,5,25,12,0,0,0,0,0
20170117,27003323,Bercovich SACIFIA,Centro Dist. Lastenia - Km 1296 (frente a Arco),01557C,Pedro Cocaña,20,4,400,20,1.84,2.23,0,3,5,0,0,0,0,0,0,0
20170117,27003323,Bercovich SACIFIA,Centro Dist. Lastenia - Km 1296 (frente a Arco),01555M,Pedro Cocaña,12,1.8,240,12,9957.55,12048.64,0,3,5,25,12,0,0,0,0,0
20170117,27003323,Bercovich SACIFIA,Centro Dist. Lastenia - Km 1296 (frente a Arco),01555MA,Pedro Cocaña,1,0.15,20,1,0.09,0.11,0,3,5,0,0,0,0,0,0,0
20170117,27003323,Bercovich SACIFIA,Centro Dist. Lastenia - Km 1296 (frente a Arco),01558BC,Pedro Cocaña,50,10,1000,50,48167.96,58283.23,0,3,5,25,0,0,0,0,0,0
20170117,27003323,Bercovich SACIFIA,Centro Dist. Lastenia - Km 1296 (frente a Arco),01960DA,Pedro Cocaña,9,0,0,9,20833,25207.93,0,3,5,25,0,0,0,0,0,0
20170117,27003323,Bercovich SACIFIA,Suc. El Amigo - Ruta 38 Km 1541,01555A,Pedro Cocaña,60,6,1200,60,21458.4,25964.67,0,3,5,25,12,0,0,0,0,0
20170117,27003323,Bercovich SACIFIA,Suc. El Amigo - Ruta 38 Km 1541,01555C,Pedro Cocaña,15,1.5,300,15,1.38,1.67,0,3,5,0,0,0,0,0,0,0
20170117,27003323,Bercovich SACIFIA,Suc. El Amigo - Ruta 38 Km 1541,01557A,Pedro Cocaña,35,7,700,35,19115.2,23129.39,0,3,5,25,12,0,0,0,0,0
20170117,27003323,Bercovich SACIFIA,Suc. El Amigo - Ruta 38 Km 1541,01557C,Pedro Cocaña,10,2,200,10,0.92,1.12,0,3,5,0,0,0,0,0,0,0
20170117,01005292,Adamant SRL,,04C00898,Isolant SI,1,0,0,1,0.73,0.73,0,0,0,0,0,0,0,0,0,0
20170117,01005292,Adamant SRL,,04C00898,Isolant SI,1,0,0,1,0.66,0.66,0,0,0,0,0,0,0,0,0,0
20170117,10000181,Sagosa SCC,Av. Polonia 598,01551A,Guillermo Ghiretti,150,15,3000,150,48033.33,58120.32,0,3,0,30,5,0,0,0,0,0
20170117,10000181,Sagosa SCC,Av. Polonia 598,01558BC,Guillermo Ghiretti,50,10,1000,50,44956.76,54397.68,0,3,0,30,5,0,0,0,0,0
20170117,03000023,Industrias Saladillo SA,IS.SA. Planta Pilar,01781BB,Isolant SI,2,0.0784,0,2,526,636.46,0,0,0,0,0,0,0,0,0,0
20170117,03000023,Industrias Saladillo SA,IS.SA. Planta Pilar,01781B,Isolant SI,21,0.8232,0,21,2061.57,2494.5,0,0,0,0,0,0,0,0,0,0
20170117,03000023,Industrias Saladillo SA,IS.SA. Planta Pilar,01777BA,Isolant SI,150,4.00554,0,150,22738.5,27513.58,0,0,0,0,0,0,0,0,0,0
20170117,03000023,Industrias Saladillo SA,IS.SA. Planta Pilar,01780BB,Isolant SI,10,0.475,0,10,3047.4,3687.35,0,0,0,0,0,0,0,0,0,0
20170117,03000023,Industrias Saladillo SA,IS.SA. Planta Pilar,01781BB,Isolant SI,15,0.588,0,15,4181.7,5059.86,0,0,0,0,0,0,0,0,0,0
20170117,03000023,Industrias Saladillo SA,IS.SA. Planta Pilar,01779BB,Isolant SI,15,0.64465632,0,15,4247.85,5139.9,0,0,0,0,0,0,0,0,0,0
20170117,03000023,Industrias Saladillo SA,IS.SA. Planta Pilar,01780BB,Isolant SI,10,0.475,0,10,3047.4,3687.35,0,0,0,0,0,0,0,0,0,0
20170117,03000023,Industrias Saladillo SA,IS.SA. Planta Pilar,01781BB,Isolant SI,20,0.784,0,20,5575.6,6746.48,0,0,0,0,0,0,0,0,0,0
20170117,03000023,Industrias Saladillo SA,IS.SA. Planta Pilar,01779BB,Isolant SI,15,0.64465632,0,15,4247.85,5139.9,0,0,0,0,0,0,0,0,0,0
20170117,03000023,Industrias Saladillo SA,IS.SA. Planta Pilar,01780BB,Isolant SI,10,0.475,0,10,3047.4,3687.35,0,0,0,0,0,0,0,0,0,0
20170117,03000023,Industrias Saladillo SA,IS.SA. Planta Pilar,01781BA,Isolant SI,10,0.392,0,10,1611,1949.31,0,0,0,0,0,0,0,0,0,0
20170117,03000023,Industrias Saladillo SA,IS.SA. Planta Pilar,01510D,Isolant SI,3960,11.88,3960,3960,18691.2,22616.35,0,0,0,0,0,0,0,0,0,0
20170117,03003751,Indupoles Argentina SA,Parque Ind. Campana - Km70 de Panamericana - Lote 12,01506BIN,Isolant SI,16560,24.84,16560,16560,46202.4,55904.9,0,0,0,0,0,0,0,0,0,0
20170117,03003751,Indupoles Argentina SA,Parque Ind. Campana - Km70 de Panamericana - Lote 12,01500AIN,Isolant SI,9500,4.75,9500,9500,14060,17012.6,0,0,0,0,0,0,0,0,0,0
20170117,03003751,Indupoles Argentina SA,Parque Ind. Campana - Km70 de Panamericana - Lote 12,01500BIN,Isolant SI,9720,4.86,9720,9720,14385.6,17406.58,0,0,0,0,0,0,0,0,0,0
20170117,01001974,Obras Y Sistemas S.R.L,Matias Sturiza 406/440,01555A,Hector Collia,125,12.5,2500,125,55746.19,67452.89,0,0,0,21,4,0,0,0,0,0
20170117,01001974,Obras Y Sistemas S.R.L,Matias Sturiza 406/440,01555C,Hector Collia,15,1.5,300,15,1.5,1.82,0,0,0,0,0,0,0,0,0,0
20170117,01001974,Obras Y Sistemas S.R.L,Matias Sturiza 406/440,01750A,Hector Collia,7,0,0,7,4624.9,5596.13,0,0,0,21,0,0,0,0,0,0
20170117,17004188,Grama Sociedad Anonima,Yrigoyen 500,01555EC,Victor Casañas,10,1,200,10,3278.5,3966.98,0,0,0,21,0,0,0,0,0,0
20170117,17004188,Grama Sociedad Anonima,Yrigoyen 500,01558ES,Victor Casañas,10,2,200,10,4803.2,5811.87,0,0,0,21,0,0,0,0,0,0
20170117,17002355,Ceramica Obera SRL,Cordoba 411,01555A,Victor Casañas,25,2.5,500,25,11613.79,14052.69,0,0,0,21,0,0,0,0,0,0
20170117,17002355,Ceramica Obera SRL,Cordoba 411,01555C,Victor Casañas,6,0.6,120,6,0.6,0.73,0,0,0,0,0,0,0,0,0,0
20170117,17002355,Ceramica Obera SRL,Cordoba 411,01557A,Victor Casañas,25,5,500,25,17735.3,21459.72,0,0,0,21,0,0,0,0,0,0
20170117,17002355,Ceramica Obera SRL,Cordoba 411,01557C,Victor Casañas,6,1.2,120,6,0.6,0.73,0,0,0,0,0,0,0,0,0,0
20170117,17002355,Ceramica Obera SRL,Cordoba 411,01750A,Victor Casañas,1,0,0,1,660.7,799.45,0,0,0,21,0,0,0,0,0,0
20170117,23001202,Chuar SRL,Los Pioneros Nº539,01551A,Guillermo Ghiretti,20,2,400,20,7446.45,9010.2,0,0,0,25,0,0,0,0,0,0
20170117,23001202,Chuar SRL,Los Pioneros Nº539,01555A,Guillermo Ghiretti,10,1,200,10,4410.3,5336.46,0,0,0,25,0,0,0,0,0,0
20170117,13004055,Trujillo Delina Lia,Av. Antartida Argentina 599,01760A,Pedro Cocaña,1,0.06283,0,1,465.1,562.76,0,0,0,40,0,0,0,0,0,0
20170117,13004055,Trujillo Delina Lia,Av. Antartida Argentina 599,01761A,Pedro Cocaña,1,0.06503,0,1,425.78,515.18,0,0,0,40,0,0,0,0,0,0
20170117,13004055,Trujillo Delina Lia,Av. Antartida Argentina 599,01762A,Pedro Cocaña,1,0.05089,0,1,331.64,401.28,0,0,0,40,0,0,0,0,0,0
20170117,13004055,Trujillo Delina Lia,Av. Antartida Argentina 599,01563DC,Pedro Cocaña,200,1,200,10,8260.24,9994.9,0,0,0,21,0,0,0,0,0,0
20170117,03000161,Rush Juan Carlos,Av. Avellaneda 3112/4,01666ACP,Hector Collia,20,1,20,0,4558.26,5515.49,0,0,0,30,0,0,0,0,0,0
20170117,03000161,Rush Juan Carlos,Av. Avellaneda 3112/4,01652AC,Hector Collia,30,0.45,30,0,2193.24,2653.82,0,0,0,30,0,0,0,0,0,0
20170117,03000161,Rush Juan Carlos,Av. Avellaneda 3112/4,01658AC,Hector Collia,20,0.6,20,0,2791.46,3377.67,0,0,0,30,0,0,0,0,0,0
20170117,03000161,Rush Juan Carlos,Av. Avellaneda 3112/4,01658DC,Hector Collia,20,0.6,20,0,2791.46,3377.67,0,0,0,30,0,0,0,0,0,0
20170117,03000161,Rush Juan Carlos,Av. Avellaneda 3112/4,01557A,Hector Collia,5,1,100,5,3142.96,3802.99,0,0,0,30,0,0,0,0,0,0
20170117,18004542,Pan Antonio - Pan Pablo - Pan Guillermo SH,Felix San Martin 670,01558ES,De la Fuente,100,20,2000,100,37300,45133,0,0,0,0,0,0,0,0,0,0
20170117,24005520,Nocelli Ariel Jesus,Cerrityo 1114/1122,01750A,Isolant SA,2,0,0,2,1095.17,1325.16,0,3,0,32.5,0,0,0,0,0,0
20170117,04001855,Fernandez Pablo Marcelo,,04C00898,Levy,1,0,0,1,259.59,259.59,0,0,0,0,0,0,0,0,0,0
20170117,01000452,Caffaro Hnos Sociedad de Responsabilidad Limitada,Pavon 2632,01796A,Isolant SI,3150,4.158,3150,0,7437.5,8999.37,0,0,0,0,0,0,0,0,0,0
20170117,01000452,Caffaro Hnos Sociedad de Responsabilidad Limitada,Pavon 2632,01796A,Isolant SI,630,0.8316,630,0,1487.5,1799.87,0,0,0,0,0,0,0,0,0,0
20170117,23003121,Francisco Jorge,,04C00898,Guillermo Ghiretti,1,0,0,1,180,180,0,0,0,0,0,0,0,0,0,0
20170117,01002112,Obras Metalicas SA,Av. F Ravanal 3050,01904A,Esteban Bergamaschi,2,0.12566,0,2,1486.91,1799.16,0,0,0,21,0,0,0,0,0,0
20170117,01002112,Obras Metalicas SA,Av. F Ravanal 3050,01906A,Esteban Bergamaschi,2,0.1555,0,2,1439.3,1741.55,0,0,0,21,0,0,0,0,0,0
20170117,01002112,Obras Metalicas SA,Av. F Ravanal 3050,01901A,Esteban Bergamaschi,2,0.15708,0,2,3706.52,4484.89,0,0,0,21,0,0,0,0,0,0
20170117,01002112,Obras Metalicas SA,Av. F Ravanal 3050,01907A,Esteban Bergamaschi,2,0.377,0,2,2966.23,3589.14,0,0,0,21,0,0,0,0,0,0
20170117,05001164,Sika Argentina SAIC,Juan B. Alberdi 5250,01901A,Fernando Palmas,5,0.3927,0,5,4994,6042.74,0,0,0,0,0,0,0,0,0,0
20170117,24005520,Nocelli Ariel Jesus,Cerrityo 1114/1122,01558EC,Isolant SA,15,3,300,15,6940.09,8397.51,0,3,0,32.5,12,0,0,0,0,0
20170117,24005520,Nocelli Ariel Jesus,Cerrityo 1114/1122,01558ES,Isolant SA,50,10,1000,50,17515.87,21194.21,0,3,0,32.5,12,0,0,0,0,0
20170117,24005520,Nocelli Ariel Jesus,Cerrityo 1114/1122,01555AR,Isolant SA,50,5,1000,50,10204.15,12347.02,0,3,0,32.5,12,0,0,0,0,0
20170117,24005520,Nocelli Ariel Jesus,Cerrityo 1114/1122,01557AR,Isolant SA,100,20,2000,100,31390.29,37982.25,0,3,0,32.5,12,0,0,0,0,0
20170117,24005520,Nocelli Ariel Jesus,Cerrityo 1114/1122,01515R,Isolant SA,50,5,0,50,10204.15,12347.02,0,3,0,32.5,12,0,0,0,0,0
20170117,03000023,Industrias Saladillo SA,IS.SA. Planta Pilar,01506D,Isolant SI,1440,2.16,1440,1440,3902.4,4721.9,0,0,0,0,0,0,0,0,0,0
20170117,23003121,Francisco Jorge,,04C00898,Guillermo Ghiretti,-1,0,0,-1,-0.2,-0.2,0,0,0,0,0,0,0,0,0,0
20170117,03000023,Industrias Saladillo SA,IS.SA. Planta Pilar,01781B,Isolant SI,51,1.9992,0,51,5006.67,6058.07,0,0,0,0,0,0,0,0,0,0
20170117,03000023,Industrias Saladillo SA,IS.SA. Planta Pilar,01777BA,Isolant SI,39,1.0414404,0,39,5912.01,7153.53,0,0,0,0,0,0,0,0,0,0
20170117,03000023,Industrias Saladillo SA,IS.SA. Planta Pilar,01776BA,Isolant SI,11,0.3110184,0,11,1988.58,2406.18,0,0,0,0,0,0,0,0,0,0
20170117,03000023,Industrias Saladillo SA,IS.SA. Planta Pilar,01777B,Isolant SI,70,1.869,0,70,7590.8,9184.87,0,0,0,0,0,0,0,0,0,0
20170117,03000023,Industrias Saladillo SA,IS.SA. Planta Pilar,01762AS,Isolant SI,17,0.86513,0,17,2152.2,2604.16,0,0,0,0,0,0,0,0,0,0
20170117,03000023,Industrias Saladillo SA,IS.SA. Planta Pilar,01762AS,Isolant SI,4,0.20356,0,4,506.4,612.74,0,0,0,0,0,0,0,0,0,0
20170117,23003121,Francisco Jorge,,04C00898,Guillermo Ghiretti,1,0,0,1,0.2,0.2,0,0,0,0,0,0,0,0,0,0
20170117,03003937,Ref. La Lucila SA,Diaz Velez 1429,04VARIOS-NORMAL,Levy,-1,0,0,-1,-1500,-1815,0,0,0,0,0,0,0,0,0,0
20170117,02001475,Cono Sur SA,Andres Baranda 1242,04VARIOS,Levy,-1,0,0,-1,-3096.4,-3746.64,0,0,0,0,0,0,0,0,0,0
20170117,04005777,"Sociedad de Ayrad, Alejandro Omar y Ayrad, Marcelo Gustavo",,04C00898,Esteban Bergamaschi,1,0,0,1,0.64,0.64,0,0,0,0,0,0,0,0,0,0
20170117,01000452,Caffaro Hnos Sociedad de Responsabilidad Limitada,Martin Rodriguez 1433,01658D,Isolant SI,-30.96,-0.9288,-30.96,0,-4080,-4936.8,0,0,0,0,0,0,0,0,0,0
20170117,29000227,Moreno Alfredo German,Francisco Cafferata 3087 Pque. Ind. Alte. Brown,01902A,Isolant SA,-1,-0.08628,0,-1,-1238.25,-1498.28,0,0,0,32.5,7,0,0,0,0,0
20170117,24003676,Miceli Maderas SRL,Av. Pte. Peron 8130,04VARIOS-NORMAL,Diego Fani,-1,0,0,-1,-3337.53,-4038.41,0,0,0,0,0,0,0,0,0,0
20170117,07003238,Cooperativa de Provision de Servicios para Comerciantes,,01IN,Meier,-1,0,0,-1,-1447.2,-1751.12,0,0,0,0,0,0,0,0,0,0
20170117,07003238,Cooperativa de Provision de Servicios para Comerciantes,,01IN,Meier,-1,0,0,-1,-654.04,-791.39,0,0,0,0,0,0,0,0,0,0

