﻿FechaTxt,Codigo_Cliente,Cliente,EntDir,Codigo_Articulo,Vendedor,cantidad,Mts3,Mts2,Rollos,Importe_Bruto,Importe_Neto,Dto_Contado,Dto_Flete,Dto_Especial,Bonificacion,Desc_Adicional,cantidad_elaborada,m2_ocupados,costo_unitario,costo_total_stock,Costo_de_venta,comp,C_Construccion,nomdoc
20170607,24003271,Jose y Pedro Celotti S.A.C.I.F. E I.,Elisa Damiano 548,01557A,Natali Plasticos (Vta Directa),30,6,600,30,21282.36,25751.66,0,0,0,21,0,0,0,0,0,5191.25,002200005223,N,Factura de Venta
20170607,24003271,Jose y Pedro Celotti S.A.C.I.F. E I.,Elisa Damiano 548,01550A,Natali Plasticos (Vta Directa),5,0.2,100,5,1055.32,1276.94,0,0,0,21,0,0,0,0,0,493.37,002200005223,N,Factura de Venta
20170607,03000023,Industrias Saladillo SA,IS.SA. Planta Pilar,01766AS,Isolant SI,114,4.51212,0,114,11658.78,14107.12,0,0,0,0,0,0,0,0,0,6717.28,002200005234,N,Factura de Venta
20170607,26000747,Importadora Comercial Fueguina,Gdor. Deloqui 1027,01765A,Norberto Oppezzo,40,1.86,0,40,14136.8,14136.8,0,0,0,0,0,0,0,0,0,2296.04,002500000025,,Factura Exterior
20170607,26000747,Importadora Comercial Fueguina,Gdor. Deloqui 1027,01766A,Norberto Oppezzo,7,0.27706,0,7,2112.18,2112.18,0,0,0,0,0,0,0,0,0,394.62,002500000025,,Factura Exterior
20170607,11004861,Dekko Gualeguaychu SRL,Primera Junta 340,01603B,Levy,10,0.5,250,10,1982.82,2399.21,0,0,0,30,0,0,0,0,0,968.51,002200005230,N,Factura de Venta
20170607,19002241,Carlos Isla y Cia. SA,Suc. Gral Roca: San Juan 198,01557A,Latyn-Valle y Cordillera,65,13,1300,65,33806.5,40905.86,0,0,0,0,0,0,0,0,0,11247.7,002200005237,N,Factura de Venta
20170607,19002241,Carlos Isla y Cia. SA,Suc. Gral Roca: San Juan 198,01558AL,Latyn-Valle y Cordillera,80,16,3200,80,51199.2,61951.03,0,0,0,0,0,0,0,0,0,25393.06,002200005237,N,Factura de Venta
20170607,28004489,COMERCIAL E INVERSIONES CROSUR LTDA.,"Av. Principal sitio 26 Mz.11, Zona Franca, Punta Arenas",01603A,Isolant SI,425,21.25,10625,425,53840.34,53840.34,0,0,0,0,0,0,0,0,0,13027.03,001500000658,,Factura Exterior
20170607,28004489,COMERCIAL E INVERSIONES CROSUR LTDA.,"Av. Principal sitio 26 Mz.11, Zona Franca, Punta Arenas",01792AA,Isolant SI,20,1.0054,0,20,5041.89,5041.89,0,0,0,0,0,0,0,0,0,1135.55,001500000658,,Factura Exterior
20170607,28004489,COMERCIAL E INVERSIONES CROSUR LTDA.,"Av. Principal sitio 26 Mz.11, Zona Franca, Punta Arenas",01765A,Isolant SI,50,2.325,0,50,10967.55,10967.55,0,0,0,0,0,0,0,0,0,2870.04,001500000658,,Factura Exterior
20170607,28004489,COMERCIAL E INVERSIONES CROSUR LTDA.,"Av. Principal sitio 26 Mz.11, Zona Franca, Punta Arenas",0402GTOSCONSO,Isolant SI,1,0,0,1,11285.45,11285.45,0,0,0,0,0,0,0,0,0,0,001500000658,,Factura Exterior
20170607,03003751,Indupoles Argentina SA,Parque Ind. Campana - Km70 de Panamericana - Lote 12,01506BIN,Isolant SI,9000,13.5,9000,9000,25110,30383.1,0,0,0,0,0,0,0,0,0,5369.23,002200005221,N,Factura de Venta
20170607,03003751,Indupoles Argentina SA,Parque Ind. Campana - Km70 de Panamericana - Lote 12,01506BIN,Isolant SI,18000,27,18000,18000,51660,62508.6,0,0,0,0,0,0,0,0,0,10738.45,002200005221,N,Factura de Venta
20170607,03003751,Indupoles Argentina SA,Parque Ind. Campana - Km70 de Panamericana - Lote 12,01912A,Isolant SI,10,3.6,0,10,12292.3,14873.68,0,0,0,0,0,0,0,0,0,3449.63,002200005221,N,Factura de Venta
20170607,03002706,Cantera Sander SA,"Ruta Panamericana y 197 (calle Italia) ""FOSCHIA""",01555A,Esteban Bergamaschi,5,0.5,100,5,2322.76,2810.54,0,0,0,21,0,0,0,0,0,411.82,002200005227,N,Factura de Venta
20170607,03002706,Cantera Sander SA,"Ruta Panamericana y 197 (calle Italia) ""FOSCHIA""",01551A,Esteban Bergamaschi,10,1,200,10,4117.88,4982.63,0,0,0,21,0,0,0,0,0,1430.71,002200005227,N,Factura de Venta
20170607,19002241,Carlos Isla y Cia. SA,Suc. Neuquen: Teodoro Plan 5055,01558AL,Latyn-Valle y Cordillera,50,10,2000,50,31999.5,38719.39,0,0,0,0,0,0,0,0,0,15870.66,002200005236,N,Factura de Venta
20170607,22005801,Vargas Maria Elena,Sarmiento 253,01960DC,Leandro Diaz,10,0,0,10,13575.6,16426.48,0,0,0,25,0,0,0,0,0,6022.26,002200005242,S,Factura de Venta
20170607,01005292,Adamant SRL,Paysandu 923 (entre Crisologo Larralde y Lucena),01514DA,Isolant SI,2050,10.25,2050,2050,15969.5,19323.1,0,0,0,0,0,0,0,0,0,2241.74,002200005222,N,Factura de Venta
20170607,03003886,Indoterm SA,San Lorenzo 4558,01857A,Levy,3,1.5,75,3,19121.85,23137.44,0,0,0,21,0,0,0,0,0,5609.9,002200005226,N,Factura de Venta
20170607,03000023,Industrias Saladillo SA,IS.SA. Planta Pilar,01766AS,Isolant SI,20,0.7916,0,20,2045.4,2474.93,0,0,0,0,0,0,0,0,0,1178.47,002200005219,N,Factura de Venta
20170607,03004075,Comercial CMP SA,Ruta Panamericana Km. 39.5 Nº1166,01555M,Hector Collia,50,7.5,1000,50,46374.9,56113.63,0,0,0,25,12,0,0,0,0,25047.61,002200005224,N,Factura de Venta
20170607,03000023,Industrias Saladillo SA,IS.SA. Planta Pilar,01781BA,Isolant SI,195,7.644,0,195,31414.5,38011.54,0,0,0,0,0,0,0,0,0,27149.43,002200005220,N,Factura de Venta
20170607,11004861,Dekko Gualeguaychu SRL,Primera Junta 340,01603AC,Levy,20,1,500,20,5247.76,6349.79,0,0,0,30,0,0,0,0,0,1387.37,002200005230,N,Factura de Venta
20170607,04005689,Polifoam SRL,Alte. Brown 3985,01662DAP,Isolant SI,100,4,100,0,14491.95,17535.26,0,0,0,45,0,0,0,0,0,5695.78,002200005231,N,Factura de Venta
20170607,26000747,Importadora Comercial Fueguina,Gdor. Deloqui 1027,01765A,Norberto Oppezzo,18,0.837,0,18,6361.56,6361.56,0,0,0,0,0,0,0,0,0,1033.22,002500000024,,Factura Exterior
20170607,22003435,Sidermet San Luis SA,Ruta 3 Km 1 Extremo Sur,01555A,Leandro Diaz,75,7.5,1500,75,30660.41,37099.09,0,0,0,21,12,0,0,0,0,6177.24,002200005238,N,Factura de Venta
20170607,16004720,Calderon Sociedad Anonima,Espejo Oeste 1000,01960DA,Leandro Diaz,5,0,0,5,11605.3,14042.42,0,0,0,25,12,0,0,0,0,4673.64,002200005240,S,Factura de Venta
20170607,16004720,Calderon Sociedad Anonima,Espejo Oeste 1000,01960DC,Leandro Diaz,5,0,0,5,5973.26,7227.64,0,0,0,25,12,0,0,0,0,3011.13,002200005240,S,Factura de Venta
20170607,03000023,Industrias Saladillo SA,IS.SA. Planta Pilar,01525AHC,Isolant SI,600,6,600,600,9306,11260.26,0,0,0,0,0,0,0,0,0,3270.02,002200005229,N,Factura de Venta
20170607,22003435,Sidermet San Luis SA,Ruta 3 Km 1 Extremo Sur,01555C,Leandro Diaz,9,0.9,180,9,0.9,1.09,0,0,0,0,0,0,0,0,0,741.27,002200005238,N,Factura de Venta
20170607,22004291,El Refugio Azul SRL,Av Centenario y Ruta Nac 147,01555AA,Leandro Diaz,500,2.5,500,25,11613,14051.72,0,0,0,21,0,0,0,0,0,2059.08,002200005239,S,Factura de Venta
20170607,22004291,El Refugio Azul SRL,Av Centenario y Ruta Nac 147,01555C,Leandro Diaz,3,0.3,60,3,0.3,0.36,0,0,0,0,0,0,0,0,0,247.09,002200005239,S,Factura de Venta
20170607,16002804,Maderas Riccardi SRL,Mazza Norte 3565,01555MC,Leandro Diaz,200,1.5,200,10,11107.4,13439.96,0,0,0,21,0,0,0,0,0,5009.52,002200005241,S,Factura de Venta
20170607,16002804,Maderas Riccardi SRL,Mazza Norte 3565,01555MA,Leandro Diaz,1,0.15,20,1,0.1,0.12,0,0,0,0,0,0,0,0,0,500.95,002200005241,S,Factura de Venta
20170607,03004075,Comercial CMP SA,Ruta Panamericana Km. 39.5 Nº1166,01555MA,Hector Collia,5,0.75,100,5,0.5,0.61,0,0,0,0,0,0,0,0,0,2504.76,002200005224,N,Factura de Venta
20170607,22004623,Yavorski Hugo Alberto,Ruta 1 Km 7.2,01555MC,Leandro Diaz,1400,10.5,1400,70,66089.02,79967.72,0,0,0,21,15,0,0,0,0,35066.65,002200005225,S,Factura de Venta
20170607,22004623,Yavorski Hugo Alberto,Ruta 1 Km 7.2,01555MA,Leandro Diaz,7,1.05,140,7,0.7,0.84,0,0,0,0,0,0,0,0,0,3506.66,002200005225,S,Factura de Venta
20170607,24003271,Jose y Pedro Celotti S.A.C.I.F. E I.,Elisa Damiano 548,01557C,Natali Plasticos (Vta Directa),3,0.6,60,3,0.3,0.36,0,0,0,0,0,0,0,0,0,519.12,002200005223,N,Factura de Venta
20170607,25004564,Lo Bruno Sociedad Anonima,Saenz Peña 1305,01557ARC,Pedro Cocaña,4300,43,4300,215,59990.32,72588.3,0,3,20,25,12,0,0,0,0,24658.52,002200005235,S,Factura de Venta
20170607,22004291,El Refugio Azul SRL,Av Centenario y Ruta Nac 147,01603BD,Leandro Diaz,125,0.25,125,5,1117.84,1352.6,0,0,0,21,0,0,0,0,0,484.26,002200005239,S,Factura de Venta
20170607,29001247,Salazar Wilchelm Juan Carlos,,01IN,Fernando Palmas,-1,0,0,-1,-771.2,-933.15,0,0,0,0,0,0,0,0,0,,001300000154,,Crédito de Venta
20170607,29001247,Salazar Wilchelm Juan Carlos,,01IN,Fernando Palmas,-1,0,0,-1,-218.56,-264.46,0,0,0,0,0,0,0,0,0,,001300000155,,Crédito de Venta
20170607,24005807,Tecnica Fisherton Srl,,04C00898,Diego Fani,1,0,0,1,10.44,10.44,0,0,0,0,0,0,0,0,0,,000000010870,,Débito (Ajustes)
20170607,07002231,Acerco SA,,01IN,Meier,-1,0,0,-1,-1481.71,-1792.87,0,0,0,0,0,0,0,0,0,,001300000157,,Crédito de Venta
20170607,29001247,Salazar Wilchelm Juan Carlos,,01IN,Fernando Palmas,-1,0,0,-1,-1503.84,-1819.65,0,0,0,0,0,0,0,0,0,,001300000156,,Crédito de Venta
20170607,26000747,Importadora Comercial Fueguina,Gdor. Deloqui 1027,01764A,Norberto Oppezzo,36,1.8661104,0,36,14056.2,14056.2,0,0,0,0,0,0,0,0,0,2043.97,002500000025,,Factura Exterior
20170607,28004489,COMERCIAL E INVERSIONES CROSUR LTDA.,"Av. Principal sitio 26 Mz.11, Zona Franca, Punta Arenas",01769A,Isolant SI,10,0.33301,0,10,2174.44,2174.44,0,0,0,0,0,0,0,0,0,754.02,001500000658,,Factura Exterior
20170607,03000023,Industrias Saladillo SA,IS.SA. Planta Pilar,01778B,Isolant SI,176,4.312792,0,176,19727.84,23870.69,0,0,0,0,0,0,0,0,0,7294.77,002200005228,N,Factura de Venta
20170607,07002231,Acerco SA,,01IN,Meier,-1,0,0,-1,-5625.84,-6807.26,0,0,0,0,0,0,0,0,0,,001300000158,,Crédito de Venta
20170607,01005862,Disol Construcciones SA,,01IN,Luis Ramirez,-1,0,0,-1,-259.35,-313.81,0,0,0,0,0,0,0,0,0,,001300000160,N,Crédito de Venta
20170607,07002231,Acerco SA,,01IN,Meier,-1,0,0,-1,-5645.33,-6830.84,0,0,0,0,0,0,0,0,0,,001300000159,,Crédito de Venta
20170607,99088888,Ventas Contado,,04C00898,Isolant SA,1,0,0,1,96.24,96.24,0,0,0,0,0,0,0,0,0,,000000000214,,Débito (Ajustes)
20170607,28004489,COMERCIAL E INVERSIONES CROSUR LTDA.,"Av. Principal sitio 26 Mz.11, Zona Franca, Punta Arenas",01767A,Isolant SI,7,0.2968812,0,7,1542.13,1542.13,0,0,0,0,0,0,0,0,0,229.23,001500000658,,Factura Exterior
20170607,03000023,Industrias Saladillo SA,IS.SA. Planta Pilar,01778B,Isolant SI,48,1.176216,0,48,5380.32,6510.19,0,0,0,0,0,0,0,0,0,1989.48,002200005232,N,Factura de Venta
20170607,03000023,Industrias Saladillo SA,IS.SA. Planta Pilar,01778B,Isolant SI,92,2.254414,0,92,10312.28,12477.86,0,0,0,0,0,0,0,0,0,3813.18,002200005233,N,Factura de Venta
20170607,11004260,Prodema S.A.,,01IN,Disapla,-1,0,0,-1,-1353.21,-1637.39,0,0,0,0,0,0,0,0,0,,001300000161,N,Crédito de Venta
20170607,01005292,Adamant SRL,Paysandu 923 (entre Crisologo Larralde y Lucena),01508CC,Isolant SI,1050,2.1,1050,1050,3538.5,4281.58,0,0,0,0,0,0,0,0,0,981.27,002200005222,N,Factura de Venta
20170607,03000023,Industrias Saladillo SA,,04C00898,Isolant SI,1,0,0,1,0.01,0.01,0,0,0,0,0,0,0,0,0,,000000010869,,Débito (Ajustes)
20170607,29001247,Salazar Wilchelm Juan Carlos,,01IN,Fernando Palmas,-1,0,0,-1,-601.04,-727.26,0,0,0,0,0,0,0,0,0,,001300000153,,Crédito de Venta

