﻿FechaTxt,Codigo_Cliente,Cliente,EntDir,Codigo_Articulo,Vendedor,cantidad,Mts3,Mts2,Rollos,Importe_Bruto,Importe_Neto,Dto_Contado,Dto_Flete,Dto_Especial,Bonificacion,Desc_Adicional,cantidad_elaborada,m2_ocupados,costo_unitario,costo_total_stock,Costo_de_venta
20161222,01005292,Adamant SRL,,04C00898,Isolant SI,1,0,0,1,2.98,2.98,0,0,0,0,0,0,0,0,0,0
20161222,03000023,Industrias Saladillo SA,IS.SA. Planta Pilar,01525AH,Isolant SI,2000,20,2000,0,31520,38139.2,0,0,0,0,0,0,0,0,0,0
20161222,19002241,Carlos Isla y Cia. SA,Ruta 151 y Calle Rural A-1,01558BC,Latyn-Valle y Cordillera,20,4,400,20,16455.6,19911.28,0,0,0,0,0,0,0,0,0,0
20161222,02003203,Maderera La Loma SA,Calle 161 y 40,01557A,Ventas Buenos Aires,144,28.8,2880,144,89896.7,108775.01,0,0,0,21,12,0,0,0,0,0
20161222,02003203,Maderera La Loma SA,Calle 161 y 40,01557C,Ventas Buenos Aires,36,7.2,720,36,3.6,4.36,0,0,0,0,0,0,0,0,0,0
20161222,02003203,Maderera La Loma SA,Calle 161 y 40,01555A,Ventas Buenos Aires,48,4.8,960,48,19622.66,23743.42,0,0,0,21,12,0,0,0,0,0
20161222,02003203,Maderera La Loma SA,Calle 161 y 40,01555C,Ventas Buenos Aires,12,1.2,240,12,1.2,1.45,0,0,0,0,0,0,0,0,0,0
20161222,02003203,Maderera La Loma SA,Calle 161 y 40,01555M,Ventas Buenos Aires,80,12,1600,80,75880.8,91815.77,0,0,0,21,12,0,0,0,0,0
20161222,02003203,Maderera La Loma SA,Calle 161 y 40,01555MA,Ventas Buenos Aires,8,1.2,160,8,0.8,0.97,0,0,0,0,0,0,0,0,0,0
20161222,03000023,Industrias Saladillo SA,IS.SA. Planta Pilar,01782BA,Isolant SI,20,0.62,0,20,2496,3020.16,0,0,0,0,0,0,0,0,0,0
20161222,03000023,Industrias Saladillo SA,IS.SA. Planta Pilar,01782BA,Isolant SI,20,0.62,0,20,2496,3020.16,0,0,0,0,0,0,0,0,0,0
20161222,03000023,Industrias Saladillo SA,IS.SA. Planta Pilar,01782B,Isolant SI,40,1.24,0,40,3915.2,4737.39,0,0,0,0,0,0,0,0,0,0
20161222,03000023,Industrias Saladillo SA,IS.SA. Planta Pilar,01782B,Isolant SI,40,1.24,0,40,3915.2,4737.39,0,0,0,0,0,0,0,0,0,0
20161222,03000023,Industrias Saladillo SA,IS.SA. Planta Pilar,01777B,Isolant SI,70,1.869,0,70,7161,8664.81,0,0,0,0,0,0,0,0,0,0
20161222,03000023,Industrias Saladillo SA,IS.SA. Planta Pilar,01776B,Isolant SI,85,2.403324,0,85,9503,11498.63,0,0,0,0,0,0,0,0,0,0
20161222,03000023,Industrias Saladillo SA,IS.SA. Planta Pilar,01525AH,Isolant SI,980,9.8,980,0,15444.8,18688.21,0,0,0,0,0,0,0,0,0,0
20161222,04004434,Rodriguez Javier Alejandro,,04C00898,Ventas Buenos Aires,1,0,0,1,1,1,0,0,0,0,0,0,0,0,0,0
20161222,01000313,Montagne Outdoors SACIFIA,"Godoy Cruz 1360 - ""No enviar Semis""",01514PC,Fernando Palmas,300,1.5,300,0,3738,4522.98,0,0,0,0,0,0,0,0,0,0
20161222,01000313,Montagne Outdoors SACIFIA,"Godoy Cruz 1360 - ""No enviar Semis""",01510AC,Fernando Palmas,300,0.9,300,300,2199,2660.79,0,0,0,0,0,0,0,0,0,0
20161222,02005702,Caps Ram,J. Díaz Solís 3535,01510D,Levy,3300,9.9,3300,3300,35838,43363.98,0,0,0,25,0,0,0,0,0,0
20161222,17005208,Strieder Luciano,,04VARIOS,Disapla,-1,0,0,-1,-7479.34,-9050,0,0,0,0,0,0,0,0,0,0
20161222,04002644,Materiales Nuciari S R L,Acceso Oeste Km 44500 y puente Gorriti,01558BC,Hector Collia,8,1.6,160,8,8809.45,10659.43,0,0,0,21,0,0,0,0,0,0
20161222,01003118,Caputo Marcelo Claudio,,04C00898,Luis Ramirez,1,0,0,1,1.58,1.58,0,0,0,0,0,0,0,0,0,0
20161222,19002241,Carlos Isla y Cia. SA,Tucuman 225,01555C,Latyn-Valle y Cordillera,15,1.5,300,15,1.5,1.82,0,0,0,0,0,0,0,0,0,0
20161222,19002241,Carlos Isla y Cia. SA,Tucuman 225,01550A,Latyn-Valle y Cordillera,30,1.2,600,30,3613.2,4371.97,0,0,0,0,0,0,0,0,0,0
20161222,19002241,Carlos Isla y Cia. SA,Tucuman 225,01551A,Latyn-Valle y Cordillera,25,2.5,500,25,5926.75,7171.37,0,0,0,0,0,0,0,0,0,0
20161222,19002241,Carlos Isla y Cia. SA,Tucuman 225,01554BC,Latyn-Valle y Cordillera,25,2.5,500,25,16156.75,19549.67,0,0,0,0,0,0,0,0,0,0
20161222,07005226,Carrizo Jesica Y Carrizo Luciana S.H.,,04C00898,Meier,1,0,0,1,6.49,6.49,0,0,0,0,0,0,0,0,0,0
20161222,30005659,Tripodi Jorge Enrique,Av. Falucho 1140,01960DA,Esteban Bergamaschi,10,0,0,10,25119.68,30394.81,0,0,0,25,0,0,0,0,0,0
20161222,24001396,Fabbri Angel Antonio,Belgrano 1054,01558ES,Diego Fani,10,2,200,10,2668.94,3229.41,0,0,0,21,0,0,0,0,0,0
20161222,24001396,Fabbri Angel Antonio,Belgrano 1054,01557AK,Diego Fani,10,1.05,150,10,1899.48,2298.37,0,0,0,21,0,0,0,0,0,0
20161222,24001396,Fabbri Angel Antonio,Belgrano 1054,01603B,Diego Fani,10,0.5,250,10,1118.88,1353.84,0,0,0,21,0,0,0,0,0,0
20161222,24001396,Fabbri Angel Antonio,Belgrano 1054,01603AC,Diego Fani,15,0.75,375,15,2220.93,2687.32,0,0,0,21,0,0,0,0,0,0
20161222,30004147,Estructuras Metalicas Diceva SRL,Ruta 5 Km 160.8 Parque Ind Chivilcoy,01960DAC,Hector Collia,4,0,0,4,10583.78,12806.38,0,0,0,21,0,0,0,0,0,0
20161222,04004551,Jose Caserta e Hijos SA,Av. Julio A. Roca 211,01957A,Hector Collia,1,0,0,1,0.1,0.12,0,0,0,0,0,0,0,0,0,0
20161222,04004551,Jose Caserta e Hijos SA,Av. Julio A. Roca 211,01557A,Hector Collia,12,2.4,240,12,8512.95,10300.66,0,0,0,21,0,0,0,0,0,0
20161222,04004551,Jose Caserta e Hijos SA,Av. Julio A. Roca 211,01557C,Hector Collia,3,0.6,60,3,0.3,0.36,0,0,0,0,0,0,0,0,0,0
20161222,01002325,Centro Sec SRL,Av. Cordoba 5625,01569BC,Hector Collia,10,3,200,10,13571.17,16421.12,0,0,0,21,0,0,0,0,0,0
20161222,31004304,Olivera Nestor Oscar,Garay 5447,01851A,Ventas Buenos Aires,6,1.5,150,6,5695.39,6891.43,0,0,0,21,0,0,0,0,0,0
20161222,01003523,Outside Mountain Equipment SRL,,04C00898,Luis Ramirez,1,0,0,1,0.43,0.43,0,0,0,0,0,0,0,0,0,0
20161222,29003023,Fiol S R L,Ruta 205 Km 182 N°2144,01960DA,Hector Collia,10,0,0,10,26459.39,32015.86,0,0,0,21,0,0,0,0,0,0
20161222,24002785,Rivestimento SRL,Sarmiento 2260,01603B,Diego Fani,50,2.5,1250,50,9993.41,12092.03,0,0,2,25,4,0,0,0,0,0
20161222,24000215,Emcisa SRL,Pte. Roca 3108,01558BC,Meier,13,2.6,260,13,13590.53,16444.54,0,0,0,25,0,0,0,0,0,0
20161222,11005724,Corralon San Pio SA,Av. Illia y Ruta 11,01555MC,Natali Plasticos (Vta Directa),200,1.5,200,10,10785.08,13049.94,0,0,0,21,0,0,0,0,0,0
20161222,11005724,Corralon San Pio SA,Av. Illia y Ruta 11,01555MA,Natali Plasticos (Vta Directa),1,0.15,20,1,0.1,0.12,0,0,0,0,0,0,0,0,0,0
20161222,11004597,Decombard Martin Eloy y Decombard Fabio D. S.H.,Quebrachal 124,01555AA,Natali Plasticos (Vta Directa),240,1.2,240,12,5574.24,6744.84,0,0,0,21,0,0,0,0,0,0
20161222,11004597,Decombard Martin Eloy y Decombard Fabio D. S.H.,Quebrachal 124,01555C,Natali Plasticos (Vta Directa),3,0.3,60,3,0.3,0.36,0,0,0,0,0,0,0,0,0,0
20161222,19002241,Carlos Isla y Cia. SA,Tucuman 225,01558BC,Latyn-Valle y Cordillera,42,8.4,840,42,34556.76,41813.68,0,0,0,0,0,0,0,0,0,0
20161222,19002241,Carlos Isla y Cia. SA,Tucuman 225,01558AL,Latyn-Valle y Cordillera,20,4,800,20,12799.8,15487.76,0,0,0,0,0,0,0,0,0,0
20161222,19002241,Carlos Isla y Cia. SA,Tucuman 225,01655ON,Latyn-Valle y Cordillera,240,3.36,240,0,9388.8,11360.45,0,0,0,0,0,0,0,0,0,0
20161222,03003349,Homps Jorge Eduardo,Monteagudo 2865,01551I,Esteban Bergamaschi,6,0.6,120,6,1214.72,1469.82,0,0,0,30,0,0,0,0,0,0
20161222,03003349,Homps Jorge Eduardo,Monteagudo 2865,01524DC,Esteban Bergamaschi,200,2,200,0,5637.8,6821.74,0,0,0,30,0,0,0,0,0,0
20161222,03003751,Indupoles Argentina SA,Parque Ind. Campana - Km70 de Panamericana - Lote 12,01500BC,Isolant SI,5400,2.7,5400,0,7668,9278.28,0,0,0,0,0,0,0,0,0,0
20161222,03003751,Indupoles Argentina SA,Parque Ind. Campana - Km70 de Panamericana - Lote 12,01501ID,Isolant SI,6750,3.375,6750,0,12217.5,14783.17,0,0,0,0,0,0,0,0,0,0
20161222,03003751,Indupoles Argentina SA,Parque Ind. Campana - Km70 de Panamericana - Lote 12,01507BB,Isolant SI,5850,8.775,5850,0,24160.5,29234.2,0,0,0,0,0,0,0,0,0,0
20161222,03003751,Indupoles Argentina SA,Parque Ind. Campana - Km70 de Panamericana - Lote 12,01507BB,Isolant SI,900,1.35,900,0,3717,4497.57,0,0,0,0,0,0,0,0,0,0
20161222,03003751,Indupoles Argentina SA,Parque Ind. Campana - Km70 de Panamericana - Lote 12,01511BE,Isolant SI,2550,7.65,2550,0,27769.5,33601.1,0,0,0,0,0,0,0,0,0,0
20161222,03003751,Indupoles Argentina SA,Parque Ind. Campana - Km70 de Panamericana - Lote 12,01511BD,Isolant SI,500,1.5,500,0,5445,6588.45,0,0,0,0,0,0,0,0,0,0
20161222,03003751,Indupoles Argentina SA,Parque Ind. Campana - Km70 de Panamericana - Lote 12,01658ACP,Isolant SI,1000,30,1000,0,53860,65170.6,0,0,0,0,0,0,0,0,0,0
20161222,03000023,Industrias Saladillo SA,IS.SA. Planta Pilar,01765AS,Isolant SI,13,0.6045,0,13,1447.42,1751.38,0,0,0,0,0,0,0,0,0,0
20161222,03000023,Industrias Saladillo SA,IS.SA. Planta Pilar,01778BB,Isolant SI,17,0.9613296,0,17,5516.67,6675.17,0,0,0,0,0,0,0,0,0,0
20161222,03000023,Industrias Saladillo SA,IS.SA. Planta Pilar,01788BB,Isolant SI,4,0.31668,0,4,1469.6,1778.22,0,0,0,0,0,0,0,0,0,0
20161222,03000023,Industrias Saladillo SA,IS.SA. Planta Pilar,01779BB,Isolant SI,5,0.21488544,0,5,1335.8,1616.32,0,0,0,0,0,0,0,0,0,0
20161222,03000023,Industrias Saladillo SA,IS.SA. Planta Pilar,01780BB,Isolant SI,5,0.2375,0,5,1437.45,1739.31,0,0,0,0,0,0,0,0,0,0
20161222,03000023,Industrias Saladillo SA,IS.SA. Planta Pilar,01788BB,Isolant SI,2,0.15834,0,2,734.8,889.11,0,0,0,0,0,0,0,0,0,0
20161222,03000023,Industrias Saladillo SA,IS.SA. Planta Pilar,01779BB,Isolant SI,5,0.21488544,0,5,1335.8,1616.32,0,0,0,0,0,0,0,0,0,0
20161222,03000023,Industrias Saladillo SA,IS.SA. Planta Pilar,01788BB,Isolant SI,2,0.15834,0,2,734.8,889.11,0,0,0,0,0,0,0,0,0,0
20161222,03000023,Industrias Saladillo SA,IS.SA. Planta Pilar,01779BB,Isolant SI,5,0.21488544,0,5,1335.8,1616.32,0,0,0,0,0,0,0,0,0,0
20161222,07003893,Torres Carlos Hector,Juan B. Justo 3595,01558ESC,Meier,2000,20,2000,100,41089.32,49718.08,0,3,5,25,12,0,0,0,0,0
20161222,07003893,Torres Carlos Hector,Juan B. Justo 3595,01559AA,Meier,1440,14.4,1440,72,39323.14,47581,0,3,5,25,12,0,0,0,0,0
20161222,07003893,Torres Carlos Hector,Juan B. Justo 3595,01557C,Meier,18,3.6,360,18,1.66,2,0,3,5,0,0,0,0,0,0,0
20161222,07003893,Torres Carlos Hector,Juan B. Justo 3595,01555AA,Meier,240,1.2,240,12,4291.38,5192.58,0,3,5,25,12,0,0,0,0,0
20161222,07003893,Torres Carlos Hector,Juan B. Justo 3595,01555C,Meier,3,0.3,60,3,0.28,0.34,0,3,5,0,0,0,0,0,0,0
20161222,07003893,Torres Carlos Hector,Juan B. Justo 3595,01554BRC,Meier,200,1.2,200,10,11859.7,14350.24,0,3,5,25,12,0,0,0,0,0
20161222,07003893,Torres Carlos Hector,Juan B. Justo 3595,01554BP,Meier,1,0.12,20,1,0.1,0.12,0,3,5,0,0,0,0,0,0,0
20161222,07003893,Torres Carlos Hector,Juan B. Justo 3595,01568BC,Meier,600,6,600,30,28894.56,34962.42,0,3,5,25,0,0,0,0,0,0
20161222,01003923,Novoespuma SRL,,04C00898,Hector Collia,1,0,0,1,5.53,5.53,0,0,0,0,0,0,0,0,0,0
20161222,24002752,Rusma SRL,,04C00898,Diego Fani,1,0,0,1,0.04,0.04,0,0,0,0,0,0,0,0,0,0
20161222,24003676,Miceli Maderas SRL,Av. Pte. Peron 8130,01957A,Diego Fani,1,0,0,1,0.1,0.12,0,0,0,0,0,0,0,0,0,0
20161222,24003676,Miceli Maderas SRL,Av. Pte. Peron 8130,01603AC,Diego Fani,37,1.85,925,37,9153.59,11075.85,0,0,0,25,12,0,0,0,0,0
20161222,24003676,Miceli Maderas SRL,Av. Pte. Peron 8130,01558ES,Diego Fani,20,4,400,20,10135.2,12263.59,0,0,0,25,0,0,0,0,0,0
20161222,24003676,Miceli Maderas SRL,Av. Pte. Peron 8130,01555M,Diego Fani,10,1.5,200,10,10232.77,12381.66,0,0,0,25,0,0,0,0,0,0
20161222,24003676,Miceli Maderas SRL,Av. Pte. Peron 8130,01555MA,Diego Fani,1,0.15,20,1,0.1,0.12,0,0,0,0,0,0,0,0,0,0
20161222,24003676,Miceli Maderas SRL,Av. Pte. Peron 8130,01603B,Diego Fani,33,1.65,825,33,6169.4,7464.98,0,0,0,25,12,0,0,0,0,0
20161222,24002684,Centro De Chapas Rosario SA,Bv. Oroño 4190,01558ESC,Diego Fani,1100,11,1100,55,29354.82,35519.34,0,0,0,21,0,0,0,0,0,0
20161222,29002246,Ungaro Leonardo Roberto,,04C00898,Hector Collia,1,0,0,1,1.25,1.25,0,0,0,0,0,0,0,0,0,0

