﻿FechaTxt,Codigo_Cliente,Cliente,EntDir,Codigo_Articulo,Vendedor,cantidad,Mts3,Mts2,Rollos,Importe_Bruto,Importe_Neto,Dto_Contado,Dto_Flete,Dto_Especial,Bonificacion,Desc_Adicional,cantidad_elaborada,m2_ocupados,costo_unitario,costo_total_stock,Costo_de_venta
20170223,27003651,Linares Materiales SRL,Dalmacio Quiles 302,01555A,Pedro Cocaña,-100,-10,-2000,-100,-39654.12,-47981.49,0,3,0,21,12,0,0,0,0,0
20170223,27003651,Linares Materiales SRL,Dalmacio Quiles 302,01555C,Pedro Cocaña,-12,-1.2,-240,-12,-1.16,-1.41,0,3,0,0,0,0,0,0,0,0
20170223,27003651,Linares Materiales SRL,Dalmacio Quiles 302,01557A,Pedro Cocaña,-50,-10,-1000,-50,-30277.71,-36636.03,0,3,0,21,12,0,0,0,0,0
20170223,27003651,Linares Materiales SRL,Dalmacio Quiles 302,01557C,Pedro Cocaña,-6,-1.2,-120,-6,-0.58,-0.7,0,3,0,0,0,0,0,0,0,0
20170223,27003651,Linares Materiales SRL,Dalmacio Quiles 302,01554BR,Pedro Cocaña,-10,-1.2,-200,-10,-13143.37,-15903.48,0,3,0,21,12,0,0,0,0,0
20170223,01005738,Unimaco SA,Avenida Uruguay 5658,04VARIOS-NORMAL,Meier,-1,0,0,-1,-1883.09,-2278.54,0,0,0,0,0,0,0,0,0,0
20170223,01005738,Unimaco SA,Enrique Carbo 540,04VARIOS-NORMAL,Meier,-1,0,0,-1,-4768.6,-5770.01,0,0,0,0,0,0,0,0,0,0
20170223,01005738,Unimaco SA,Enrique Carbo 540,04VARIOS-NORMAL,Meier,-1,0,0,-1,-3556.04,-4302.81,0,0,0,0,0,0,0,0,0,0
20170223,07003893,Torres Carlos Hector,Juan B. Justo 3595,04FLETE,Meier,-1,0,0,-1,-478.24,-578.67,0,0,0,0,0,0,0,0,0,0
20170223,01005292,Adamant SRL,Paysandu 923 (entre Crisologo Larralde y Lucena),01654ACP,Isolant SI,250,5,250,0,9964.5,12057.05,0,0,0,30,0,0,0,0,0,0
20170223,01005292,Adamant SRL,Paysandu 923 (entre Crisologo Larralde y Lucena),01662ACP,Isolant SI,250,10,250,0,19316.5,23372.97,0,0,0,30,0,0,0,0,0,0
20170223,28000201,CASARINO S.R.L.,"Eusebio Ayala 4165 Km 4,5",01550A,Fernando Palmas,30,1.2,600,30,4415.58,4415.58,0,0,0,0,0,0,0,0,0,0
20170223,28000201,CASARINO S.R.L.,"Eusebio Ayala 4165 Km 4,5",01557A,Fernando Palmas,60,12,1200,60,35746.92,35746.92,0,0,0,0,0,0,0,0,0,0
20170223,28000201,CASARINO S.R.L.,"Eusebio Ayala 4165 Km 4,5",01558ES,Fernando Palmas,80,16,1600,80,37209.6,37209.6,0,0,0,0,0,0,0,0,0,0
20170223,28000201,CASARINO S.R.L.,"Eusebio Ayala 4165 Km 4,5",01554BC,Fernando Palmas,50,5,1000,50,37332,37332,0,0,0,0,0,0,0,0,0,0
20170223,28000201,CASARINO S.R.L.,"Eusebio Ayala 4165 Km 4,5",01550I,Fernando Palmas,150,6,3000,150,15147,15147,0,0,0,0,0,0,0,0,0,0
20170223,28000201,CASARINO S.R.L.,"Eusebio Ayala 4165 Km 4,5",01555EC,Fernando Palmas,150,15,3000,150,45900,45900,0,0,0,0,0,0,0,0,0,0
20170223,28000201,CASARINO S.R.L.,"Eusebio Ayala 4165 Km 4,5",01850A,Fernando Palmas,40,5,1000,40,12160.44,12160.44,0,0,0,0,0,0,0,0,0,0
20170223,28000201,CASARINO S.R.L.,"Eusebio Ayala 4165 Km 4,5",01957C,Fernando Palmas,100,0,0,100,27540,27540,0,0,0,0,0,0,0,0,0,0
20170223,28000201,CASARINO S.R.L.,"Eusebio Ayala 4165 Km 4,5",01654ON,Fernando Palmas,240,3.36,240,0,7527.6,7527.6,0,0,0,0,0,0,0,0,0,0
20170223,28000201,CASARINO S.R.L.,"Eusebio Ayala 4165 Km 4,5",01950B,Fernando Palmas,2,0.4572,0,2,2191.27,2191.27,0,0,0,0,0,0,0,0,0,0
20170223,28000201,CASARINO S.R.L.,"Eusebio Ayala 4165 Km 4,5",01957AD,Fernando Palmas,1,0,0,1,0.15,0.15,0,0,0,0,0,0,0,0,0,0
20170223,29002191,Maderera Don Fioravanti SRL,,01550I,Esteban Bergamaschi,-40,-1.6,-800,-40,-4600.96,-5567.16,0,0,0,21,0,0,0,0,0,0
20170223,03001501,Bautec SA,29 De Noviembre 2350,01524D,Esteban Bergamaschi,-200,-2,-200,0,-5235.1,-6334.47,0,0,0,35,0,0,0,0,0,0
20170223,10000181,Sagosa SCC,,01IN,Guillermo Ghiretti,-1,0,0,-1,-505.75,-611.95,0,0,0,0,0,0,0,0,0,0
20170223,01000165,Macroplast SA,,04C01237,Isolant SA,1,0,0,1,47225.9,59976.89,0,0,0,0,0,0,0,0,0,0
20170223,01000165,Macroplast SA,,04C01237,Isolant SA,1,0,0,1,3337.17,3337.17,0,0,0,0,0,0,0,0,0,0
20170223,07002454,Lutre Juan Ernesto,julio a rocca 1011,01568B,Meier,5252,52.52,5252,262.6,222627.02,269378.7,0,3,0,0,0,0,0,0,0,0
20170223,07002454,Lutre Juan Ernesto,julio a rocca 1011,01957A,Meier,1,0,0,1,0.1,0.12,0,3,0,0,0,0,0,0,0,0
20170223,07002454,Lutre Juan Ernesto,julio a rocca 1011,01568BC,Meier,600,6,600,30,29198.7,35330.44,0,3,0,25,4,0,0,0,0,0
20170223,29004247,Grupo Empresario SRL,,01557A,Levy,-7,-1.4,-140,-7,-4965.88,-6008.72,0,0,0,21,0,0,0,0,0,0
20170223,29004247,Grupo Empresario SRL,,01555A,Levy,-4,-0.4,-80,-4,-1858.21,-2248.43,0,0,0,21,0,0,0,0,0,0
20170223,02001685,Distribuidora Rach SRL,,01568BC,Hector Collia,-400,-4,-400,-20,-22018.88,-26642.84,0,0,0,21,0,0,0,0,0,0
20170223,28004997,PLUS STEEL LTDA.,Avenida Las Americas 428 - Santa Cruz - Bolivia,01557A,Isolant SI,50,10,1000,50,29789.1,29789.1,0,0,0,0,0,0,0,0,0,0
20170223,28004997,PLUS STEEL LTDA.,Avenida Las Americas 428 - Santa Cruz - Bolivia,01555A,Isolant SI,426,42.6,8520,426,153559.37,153559.37,0,0,0,0,0,0,0,0,0,0
20170223,19002241,Carlos Isla y Cia. SA,Teodoro Plan 5055,04VARIOS-NORMAL,Latyn-Valle y Cordillera,-1,0,0,-1,-38247.08,-46278.97,0,0,0,0,0,0,0,0,0,0
20170223,19002241,Carlos Isla y Cia. SA,Teodoro Plan 5055,04VARIOS-NORMAL,Latyn-Valle y Cordillera,-1,0,0,-1,-18583.84,-22486.45,0,0,0,0,0,0,0,0,0,0
20170223,01004664,Construccion de Estructuras SRL,,04ANTICIPOS,Ventas Buenos Aires,-1,0,0,-1,-76300,-92323,0,0,0,0,0,0,0,0,0,0
20170223,01005738,Unimaco SA,Avenida Uruguay 5658,04VARIOS-NORMAL,Meier,-1,0,0,-1,-1961.55,-2373.48,0,0,0,0,0,0,0,0,0,0
20170223,10000181,Sagosa SCC,,01IN,Guillermo Ghiretti,-1,0,0,-1,-1390.21,-1682.15,0,0,0,0,0,0,0,0,0,0
20170223,03004823,Saldaña Gilberto Orlando,Gaspar Campos 5282,01766A,Esteban Bergamaschi,15,0.5937,0,15,5107.94,6180.61,0,0,0,21,0,0,0,0,0,0
20170223,03004823,Saldaña Gilberto Orlando,Gaspar Campos 5282,01788A,Esteban Bergamaschi,1,0.05341,0,1,538.37,651.43,0,0,0,21,0,0,0,0,0,0
20170223,03004823,Saldaña Gilberto Orlando,Gaspar Campos 5282,01760A,Esteban Bergamaschi,1,0.06283,0,1,612.38,740.99,0,0,0,21,0,0,0,0,0,0
20170223,03004823,Saldaña Gilberto Orlando,Gaspar Campos 5282,01761A,Esteban Bergamaschi,1,0.06503,0,1,560.6,678.33,0,0,0,21,0,0,0,0,0,0
20170223,11005536,Favre Sebastian Javier,Jose Guex 1624,01555A,Victor Casañas,25,2.5,500,25,11149.24,13490.58,0,0,0,21,4,0,0,0,0,0
20170223,11005536,Favre Sebastian Javier,Jose Guex 1624,01557A,Victor Casañas,25,5,500,25,17025.89,20601.33,0,0,0,21,4,0,0,0,0,0
20170223,11005536,Favre Sebastian Javier,Jose Guex 1624,01558BC,Victor Casañas,10,2,200,10,11011.81,13324.29,0,0,0,21,0,0,0,0,0,0
20170223,11005536,Favre Sebastian Javier,Jose Guex 1624,01960DA,Victor Casañas,3,0,0,3,7937.82,9604.76,0,0,0,21,0,0,0,0,0,0
20170223,11005536,Favre Sebastian Javier,Jose Guex 1624,01555C,Victor Casañas,3,0.3,60,3,0.3,0.36,0,0,0,0,0,0,0,0,0,0
20170223,11005536,Favre Sebastian Javier,Jose Guex 1624,01557C,Victor Casañas,3,0.6,60,3,0.3,0.36,0,0,0,0,0,0,0,0,0,0
20170223,31002741,Corralon San Jose Salliquelo SRL,9 de Julio 495,01557A,Hector Collia,15,3,300,15,10641.18,12875.83,0,0,0,21,0,0,0,0,0,0
20170223,26000747,Importadora Comercial Fueguina,Gdor. Deloqui 1027,01765A,Guillermo Ghiretti,5,0.2325,0,5,1767.1,1767.1,0,0,0,0,0,0,0,0,0,0
20170223,26000747,Importadora Comercial Fueguina,Gdor. Deloqui 1027,01766A,Guillermo Ghiretti,14,0.55412,0,14,4224.36,4224.36,0,0,0,0,0,0,0,0,0,0
20170223,26000747,Importadora Comercial Fueguina,Gdor. Deloqui 1027,01769A,Guillermo Ghiretti,8,0.266408,0,8,2344.4,2344.4,0,0,0,0,0,0,0,0,0,0
20170223,26000747,Importadora Comercial Fueguina,Gdor. Deloqui 1027,01765C,Guillermo Ghiretti,5,0.29405,0,5,4054.35,4054.35,0,0,0,0,0,0,0,0,0,0
20170223,24005653,LKL Servicios SRL,Rodriguez Peña 2556 (Calle 111) Esq. Pte. Peron,04VARIOS-NORMAL,Fernando Palmas,-1,0,0,-1,-8996.98,-10886.35,0,0,0,0,0,0,0,0,0,0
20170223,03001935,Fama Carlos Mario,,01IN,Levy,-1,0,0,-1,-685.06,-828.92,0,0,0,0,0,0,0,0,0,0
20170223,10000181,Sagosa SCC,,04C00898,Guillermo Ghiretti,1,0,0,1,0.01,0.01,0,0,0,0,0,0,0,0,0,0
20170223,24002684,Centro De Chapas Rosario SA,Bv. Oroño 4190,04VARIOS-NORMAL,Diego Fani,-1,0,0,-1,-160.11,-193.73,0,0,0,0,0,0,0,0,0,0
20170223,07004480,Herrera Ricardo Cesar,,01IN,Meier,-1,0,0,-1,-214.37,-259.39,0,0,0,0,0,0,0,0,0,0
20170223,02000801,Ritrac SA,,01IN,Levy,-1,0,0,-1,-159.52,-193.02,0,0,0,0,0,0,0,0,0,0
20170223,22003435,Sidermet San Luis SA,Ruta 3 Km 1 Extremo Sur,01558BC,Leandro Diaz,30,6,600,30,33035.43,39972.87,0,0,0,21,0,0,0,0,0,0
20170223,31001364,Martinez Escalada S.A,,01IN,Esteban Bergamaschi,-1,0,0,-1,-230.17,-278.51,0,0,0,0,0,0,0,0,0,0
20170223,22003435,Sidermet San Luis SA,Ruta 3 Km 1 Extremo Sur,01555A,Leandro Diaz,75,7.5,1500,75,30660.41,37099.09,0,0,0,21,12,0,0,0,0,0
20170223,22003435,Sidermet San Luis SA,Ruta 3 Km 1 Extremo Sur,01555C,Leandro Diaz,9,0.9,180,9,0.9,1.09,0,0,0,0,0,0,0,0,0,0
20170223,22003435,Sidermet San Luis SA,Ruta 3 Km 1 Extremo Sur,01557A,Leandro Diaz,80,16,1600,80,49942.61,60430.56,0,0,0,21,12,0,0,0,0,0
20170223,22003435,Sidermet San Luis SA,Ruta 3 Km 1 Extremo Sur,01557C,Leandro Diaz,5,1,100,5,0.5,0.61,0,0,0,0,0,0,0,0,0,0
20170223,07005226,Carrizo Jesica Y Carrizo Luciana S.H.,,01IN,Meier,-1,0,0,-1,-137.09,-165.88,0,0,0,0,0,0,0,0,0,0
20170223,01005738,Unimaco SA,,01IN,Meier,-1,0,0,-1,-2926.12,-3540.61,0,0,0,0,0,0,0,0,0,0
20170223,24002684,Centro De Chapas Rosario SA,Bv. Oroño 4190,04VARIOS-NORMAL,Diego Fani,-1,0,0,-1,-3522.56,-4262.3,0,0,0,0,0,0,0,0,0,0
20170223,02003852,Aglolam SA,,01IN,Ventas Buenos Aires,-1,0,0,-1,-1011.41,-1223.8,0,0,0,0,0,0,0,0,0,0
20170223,03000023,Industrias Saladillo SA,IS.SA. Planta Pilar,01525AH,Isolant SI,1000,10,1000,0,15760,19069.6,0,0,0,0,0,0,0,0,0,0
20170223,13004856,Sucesion de Casasola Claudio,,01IN,Pedro Cocaña,-1,0,0,-1,-416.14,-503.53,0,0,0,0,0,0,0,0,0,0
20170223,24000215,Emcisa SRL,Pte. Roca 3108,04VARIOS-NORMAL,Meier,-1,0,0,-1,-141.97,-171.78,0,0,0,0,0,0,0,0,0,0
20170223,31002153,Pagnacco Hnos SC,,01IN,Ventas Buenos Aires,-1,0,0,-1,-172.09,-208.22,0,0,0,0,0,0,0,0,0,0
20170223,07003893,Torres Carlos Hector,,01IN,Meier,-1,0,0,-1,-3883.94,-4699.57,0,0,0,0,0,0,0,0,0,0
20170223,02004723,Garcia Matias Emanuel,,01IN,Hector Collia,-1,0,0,-1,-201.37,-243.65,0,0,0,0,0,0,0,0,0,0
20170223,29000227,Moreno Alfredo German,,01IN,Isolant SA,-1,0,0,-1,-276.5,-334.57,0,0,0,0,0,0,0,0,0,0
20170223,02003852,Aglolam SA,,04C00898,Ventas Buenos Aires,1,0,0,1,0.43,0.43,0,0,0,0,0,0,0,0,0,0
20170223,03000023,Industrias Saladillo SA,IS.SA. Planta Pilar,01525AH,Isolant SI,500,5,500,0,7880,9534.8,0,0,0,0,0,0,0,0,0,0
20170223,24004687,Morbidoni Ivan Raul,Av. Blas Parera 45,04FLETE,Diego Fani,-1,0,0,-1,-3489.5,-4222.3,0,0,0,0,0,0,0,0,0,0
20170223,29000227,Moreno Alfredo German,,01IN,Isolant SA,-1,0,0,-1,-697.03,-843.41,0,0,0,0,0,0,0,0,0,0
20170223,03000357,Laboratorios Valmax SA,Sub Perdomo 1619,01507VB,Isolant SI,3360,5.04,3360,0,17102.4,20693.9,0,0,0,0,0,0,0,0,0,0
20170223,03000357,Laboratorios Valmax SA,Sub Perdomo 1619,01507VC,Isolant SI,1200,1.8,1200,0,6108,7390.68,0,0,0,0,0,0,0,0,0,0
20170223,03000357,Laboratorios Valmax SA,Sub Perdomo 1619,01507VD,Isolant SI,1200,1.8,1200,0,6108,7390.68,0,0,0,0,0,0,0,0,0,0
20170223,24002684,Centro De Chapas Rosario SA,Bv. Oroño 4190,04VARIOS,Diego Fani,-1,0,0,-1,-4790.88,-5796.96,0,0,0,0,0,0,0,0,0,0
20170223,02000801,Ritrac SA,,04C00898,Levy,1,0,0,1,0.55,0.55,0,0,0,0,0,0,0,0,0,0
20170223,04005688,Longarte Gabriel Martin,Garay 2551,01650DC,Fernando Palmas,300,3,300,0,22110,26753.1,0,0,0,0,0,0,0,0,0,0
20170223,16004354,Nahim Elias,San Martin 830,01558ECC,Leandro Diaz,1400,14,1400,70,38775.24,46918.04,0,0,0,25,8,0,0,0,0,0
20170223,16004354,Nahim Elias,San Martin 830,01557ARC,Leandro Diaz,600,6,600,30,11277.36,13645.6,0,0,0,25,8,0,0,0,0,0
20170223,16004354,Nahim Elias,San Martin 830,01568BC,Leandro Diaz,400,4,400,20,20904,25293.84,0,0,0,25,0,0,0,0,0,0
20170223,16004354,Nahim Elias,San Martin 830,01750A,Leandro Diaz,2,0,0,2,1254.48,1517.92,0,0,0,25,0,0,0,0,0,0
20170223,22003435,Sidermet San Luis SA,Ruta 3 Km 1 Extremo Sur,01557A,Leandro Diaz,20,4,400,20,12485.65,15107.64,0,0,0,21,12,0,0,0,0,0
20170223,22003435,Sidermet San Luis SA,Ruta 3 Km 1 Extremo Sur,01557C,Leandro Diaz,7,1.4,140,7,0.7,0.85,0,0,0,0,0,0,0,0,0,0
20170223,22003435,Sidermet San Luis SA,Ruta 3 Km 1 Extremo Sur,01554BC,Leandro Diaz,25,2.5,500,25,20642.7,24977.67,0,0,0,21,0,0,0,0,0,0
20170223,22004291,El Refugio Azul SRL,Av Centenario y Ruta Nac 147,01960DA,Leandro Diaz,5,0,0,5,13229.66,16007.88,0,0,0,21,0,0,0,0,0,0
20170223,16002149,Samaco SA,Remedio de San Martin 2197,01550A,Leandro Diaz,70,2.8,1400,70,12945.4,15663.93,0,0,0,21,8,0,0,0,0,0
20170223,16002149,Samaco SA,Remedio de San Martin 2197,01551A,Leandro Diaz,10,1,200,10,3608.05,4365.74,0,0,0,21,8,0,0,0,0,0
20170223,16002149,Samaco SA,Remedio de San Martin 2197,01552A,Leandro Diaz,10,2,200,10,6330.14,7659.47,0,0,0,21,8,0,0,0,0,0
20170223,16002149,Samaco SA,Remedio de San Martin 2197,01557A,Leandro Diaz,10,2,200,10,6526.59,7897.18,0,0,0,21,8,0,0,0,0,0
20170223,01002018,Zanet SA,,01504BCC,Fernando Palmas,-7920,-7.92,-7920,0,-32076,-38811.96,0,0,0,0,0,0,0,0,0,0
20170223,17002355,Ceramica Obera SRL,Cordoba 411,01750A,Victor Casañas,-1,0,0,-1,-660.7,-799.45,0,0,0,21,0,0,0,0,0,0
20170223,02005125,Pablo Nicolas Sesma,Anacleto Rojas 630,04IIBB,Hector Collia,-1,0,0,-1,0,0,0,0,0,0,0,0,0,0,0,0

