﻿FechaTxt,Codigo_Cliente,Cliente,EntDir,Codigo_Articulo,Vendedor,cantidad,Mts3,Mts2,Rollos,Importe_Bruto,Importe_Neto,Dto_Contado,Dto_Flete,Dto_Especial,Bonificacion,Desc_Adicional,cantidad_elaborada,m2_ocupados,costo_unitario,costo_total_stock,Costo_de_venta,comp
20170428,26005647,Metalurgica 5 de Octubre SRL,Islas Malvinas 2665,01764A,Norberto Oppezzo,4,0.2073456,0,4,1762.6,1762.6,0,0,0,0,0,0,0,0,0,0,002500000023
20170428,26005647,Metalurgica 5 de Octubre SRL,Islas Malvinas 2665,01765A,Norberto Oppezzo,20,0.93,0,20,7977.2,7977.2,0,0,0,0,0,0,0,0,0,0,002500000023
20170428,26005647,Metalurgica 5 de Octubre SRL,Islas Malvinas 2665,01767A,Norberto Oppezzo,4,0.1696464,0,4,1411.84,1411.84,0,0,0,0,0,0,0,0,0,0,002500000023
20170428,09002438,Suc De Gustavo Lagerheim SA,Ruta Nacional 11 Km.1005,04VARIOS,Isolant SA,-1,0,0,-1,-1551.92,-1877.82,0,0,0,0,0,0,0,0,0,0,001400007686
20170428,09002438,Suc De Gustavo Lagerheim SA,Ruta Nacional 11 Km.1005,04FLETE,Isolant SA,-1,0,0,-1,-511.9,-619.4,0,0,0,0,0,0,0,0,0,0,001400007686
20170428,20003188,Emprendimiento Metalurgico Industrial SRL,LOS VALLISTOS - Ruta 9 Km 128 - Acc Norte,01957A,Pedro Cocaña,1,0,0,1,0.09,0.11,0,3,5,0,0,0,0,0,0,0,002200004446
20170428,20003188,Emprendimiento Metalurgico Industrial SRL,LOS VALLISTOS - Ruta 9 Km 128 - Acc Norte,01557AR,Pedro Cocaña,120,24,2400,120,31808.34,38488.09,0,3,5,0,0,0,0,0,0,0,002200004446
20170428,20003188,Emprendimiento Metalurgico Industrial SRL,LOS VALLISTOS - Ruta 9 Km 128 - Acc Norte,01555AK,Pedro Cocaña,60,2.7,900,60,7754.98,9383.52,0,3,5,0,0,0,0,0,0,0,002200004446
20170428,20003188,Emprendimiento Metalurgico Industrial SRL,LOS VALLISTOS - Ruta 9 Km 128 - Acc Norte,01557AK,Pedro Cocaña,60,6.3,900,60,11928.82,14433.87,0,3,5,0,0,0,0,0,0,0,002200004446
20170428,20003188,Emprendimiento Metalurgico Industrial SRL,LOS VALLISTOS - Ruta 9 Km 128 - Acc Norte,01557A,Pedro Cocaña,75,15,1500,75,36574.33,44254.95,0,3,5,0,0,0,0,0,0,0,002200004446
20170428,20003188,Emprendimiento Metalurgico Industrial SRL,LOS VALLISTOS - Ruta 9 Km 128 - Acc Norte,01555M,Pedro Cocaña,42,6.3,840,42,31683.44,38336.96,0,3,5,0,0,0,0,0,0,0,002200004446
20170428,30001022,Eusebio D. Bouciguez SA,Chacabuco 2377 y Bolivar,04VARIOS,Esteban Bergamaschi,-1,0,0,-1,-6157.6,-7450.7,0,0,0,0,0,0,0,0,0,0,001400007688
20170428,09002438,Suc De Gustavo Lagerheim SA,Ruta Nacional 11 Km.1005,04FLETE,Isolant SA,-1,0,0,-1,-1426.7,-1726.31,0,0,0,0,0,0,0,0,0,0,001400007689
20170428,09002438,Suc De Gustavo Lagerheim SA,Ruta Nacional 11 Km.1005,04FLETE,Isolant SA,-1,0,0,-1,-2052.97,-2484.09,0,0,0,0,0,0,0,0,0,0,001400007690
20170428,09002479,Elias Yapur S.A,Alvear 1160,04FLETE,Diego Fani,-1,0,0,-1,-3325.6,-4023.98,0,0,0,0,0,0,0,0,0,0,001400007691
20170428,19002241,Carlos Isla y Cia. SA,Ruta 151 y Calle Rural A-1,01555A,Latyn-Valle y Cordillera,50,5,1000,50,17029.5,20605.69,0,0,0,0,0,0,0,0,0,0,002200004449
20170428,24004687,Morbidoni Ivan Raul,Av. Blas Parera 45,04FLETE,Diego Fani,-1,0,0,-1,-476.28,-576.3,0,0,0,0,0,0,0,0,0,0,001400007692
20170428,24004687,Morbidoni Ivan Raul,Av. Blas Parera 45,04FLETE,Diego Fani,-1,0,0,-1,-2140.98,-2590.58,0,0,0,0,0,0,0,0,0,0,001400007693
20170428,31000124,Drap Sociedad de Responsabilidad Limitada,Victoriano Montes 2060,04VARIOS,Luis Ramirez,-1,0,0,-1,-1395.12,-1688.1,0,0,0,0,0,0,0,0,0,0,001400007695
20170428,16005687,Plafal SRL,Manuel A. Saenz y Acceso Norte,01558ESC,Leandro Diaz,2000,20,2000,100,37452.8,45317.88,0,0,0,30,12,0,0,0,0,0,002200004451
20170428,20003695,Himetal SA,Juan M. Leguizamon 1450,01551A,Pedro Cocaña,20,2,400,20,6695.29,8101.3,0,3,0,21,12,0,0,0,0,0,002200004454
20170428,20003695,Himetal SA,Juan M. Leguizamon 1450,01558AL,Pedro Cocaña,40,8,1600,40,33250.82,40233.5,0,3,0,21,12,0,0,0,0,0,002200004454
20170428,20003695,Himetal SA,Juan M. Leguizamon 1450,01558ALP,Pedro Cocaña,4,0.8,160,4,0.39,0.47,0,3,0,0,0,0,0,0,0,0,002200004454
20170428,20003695,Himetal SA,Juan M. Leguizamon 1450,01557AK,Pedro Cocaña,30,3.15,450,30,8266.11,10001.99,0,3,0,21,12,0,0,0,0,0,002200004454
20170428,20003695,Himetal SA,Juan M. Leguizamon 1450,01555EC,Pedro Cocaña,20,2,400,20,5597.06,6772.44,0,3,0,21,12,0,0,0,0,0,002200004454
20170428,20003695,Himetal SA,Juan M. Leguizamon 1450,01558ES,Pedro Cocaña,20,4,400,20,8200.02,9922.03,0,3,0,21,12,0,0,0,0,0,002200004454
20170428,20004697,Ramos Raul Higinio,Av. San Milan y Marrupe,01559AA,Pedro Cocaña,500,5,500,25,16515.3,19983.52,0,3,0,21,4,0,0,0,0,0,002200004455
20170428,20004697,Ramos Raul Higinio,Av. San Milan y Marrupe,01557C,Pedro Cocaña,6,1.2,120,6,0.58,0.7,0,3,0,0,0,0,0,0,0,0,002200004455
20170428,03000031,Industrias MB S A,Julian S. Aguero 3288,01511BD,Esteban Bergamaschi,-500,-1.5,-500,0,-11500.5,-13915.6,0,0,0,15,0,0,0,0,0,0,001400007664
20170428,03000031,Industrias MB S A,Julian S. Aguero 3288,01511BD,Esteban Bergamaschi,-100,-0.3,-100,0,-1894.2,-2291.98,0,0,0,30,0,0,0,0,0,0,001400007665
20170428,07002231,Acerco SA,Av La Voz del Interior y Av. Japon,01558AL,Meier,25,5,1000,25,20339.72,24611.06,0,0,0,25,12,0,0,0,0,0,002200004429
20170428,07002231,Acerco SA,Av La Voz del Interior y Av. Japon,01558ALP,Meier,3,0.6,120,3,0.3,0.36,0,0,0,0,0,0,0,0,0,0,002200004429
20170428,07002231,Acerco SA,Av La Voz del Interior y Av. Japon,01555A,Meier,75,7.5,1500,75,29107.98,35220.66,0,0,0,25,12,0,0,0,0,0,002200004430
20170428,07002231,Acerco SA,Av La Voz del Interior y Av. Japon,01555C,Meier,18,1.8,360,18,1.8,2.18,0,0,0,0,0,0,0,0,0,0,002200004430
20170428,07002231,Acerco SA,Av La Voz del Interior y Av. Japon,01557A,Meier,100,20,2000,100,59267.34,71713.48,0,0,0,25,12,0,0,0,0,0,002200004430
20170428,07002231,Acerco SA,Av La Voz del Interior y Av. Japon,01557C,Meier,24,4.8,480,24,2.4,2.9,0,0,0,0,0,0,0,0,0,0,002200004430
20170428,07002231,Acerco SA,Av La Voz del Interior y Av. Japon,01558AL,Meier,50,10,2000,50,40679.43,49222.11,0,0,0,25,12,0,0,0,0,0,002200004431
20170428,07002231,Acerco SA,Av La Voz del Interior y Av. Japon,01558ALP,Meier,5,1,200,5,0.5,0.61,0,0,0,0,0,0,0,0,0,0,002200004431
20170428,07002231,Acerco SA,Av La Voz del Interior y Av. Japon,01558BC,Meier,50,10,1000,50,52271.25,63248.21,0,0,0,25,0,0,0,0,0,0,002200004431
20170428,07002231,Acerco SA,Av La Voz del Interior y Av. Japon,01957A,Meier,6,0,0,6,0.6,0.73,0,0,0,0,0,0,0,0,0,0,002200004431
20170428,07005677,Iron Pack SRL,Montecatini 3158,01514DC,Meier,480,2.4,480,480,4540.8,5494.36,0,0,0,0,0,0,0,0,0,0,002200004432
20170428,11002934,Proyectos SRL,Bolivar 805,04VARIOS,Disapla,-1,0,0,-1,-448.28,-542.42,0,0,0,0,0,0,0,0,0,0,001400007668
20170428,07004880,Agrochapaleufu SRL,,01IN,Norberto Oppezzo,-1,0,0,-1,-497.57,-602.06,0,0,0,0,0,0,0,0,0,0,001400007671
20170428,16000158,Valerio Oliva SACIA,,01IN,Leandro Diaz,-1,0,0,-1,-1634.26,-1977.45,0,0,0,0,0,0,0,0,0,0,001400007672
20170428,03000741,Maderera Newton Sociedad Anonima,,04VARIOS,Esteban Bergamaschi,-1,0,0,-1,-3049.59,-3690,0,0,0,0,0,0,0,0,0,0,001400007673
20170428,29003156,J Nardelli y Cia SRL,Moreno 1180 y Pte Peron,01552IC,Hector Collia,200,2,200,10,2284.68,2764.46,0,0,0,21,0,0,0,0,0,0,001400000132
20170428,24004200,Mariutti Hnos SH,,01IN,Meier,-1,0,0,-1,-317.76,-384.49,0,0,0,0,0,0,0,0,0,0,001400007674
20170428,29000227,Moreno Alfredo German,,01IN,Isolant SA,-1,0,0,-1,-1227.2,-1484.92,0,0,0,0,0,0,0,0,0,0,001400007675
20170428,29000227,Moreno Alfredo German,,01IN,Isolant SA,-1,0,0,-1,-212.99,-257.71,0,0,0,0,0,0,0,0,0,0,001400007676
20170428,29000227,Moreno Alfredo German,,01IN,Isolant SA,-1,0,0,-1,-1183.26,-1431.75,0,0,0,0,0,0,0,0,0,0,001400007677
20170428,03000023,Industrias Saladillo SA,IS.SA. Planta Pilar,01763AS,Isolant SI,60,2.8272,0,60,7225.2,8742.49,0,0,0,0,0,0,0,0,0,0,002200004433
20170428,16003025,Fopiani Ricardo Arturo,,01IN,Leandro Diaz,-1,0,0,-1,-110.3,-133.47,0,0,0,0,0,0,0,0,0,0,001400007679
20170428,20004067,Hierronort Salta SRL,,01IN,Pedro Cocaña,-1,0,0,-1,-3104.4,-3756.32,0,0,0,0,0,0,0,0,0,0,001400007680
20170428,20004067,Hierronort Salta SRL,,01IN,Pedro Cocaña,-1,0,0,-1,-865.3,-1047.01,0,0,0,0,0,0,0,0,0,0,001400007681
20170428,04005551,Armado y Montado SA,Irigoyen 668,01557A,Ventas Buenos Aires,150,30,3000,150,93642.4,113307.3,0,0,0,21,12,0,0,0,0,0,002200004426
20170428,04005551,Armado y Montado SA,Irigoyen 668,01557C,Ventas Buenos Aires,18,3.6,360,18,1.8,2.18,0,0,0,0,0,0,0,0,0,0,002200004426
20170428,01004664,Construccion de Estructuras SRL,,04ANTICIPOS,Ventas Buenos Aires,1,0,0,1,615550,744815.5,0,0,0,0,0,0,0,0,0,0,001400000688
20170428,16003025,Fopiani Ricardo Arturo,,04VARIOS,Leandro Diaz,-1,0,0,-1,-8471.07,-10250,0,0,0,0,0,0,0,0,0,0,001400007669
20170428,29004635,Laurito Sergio Ricardo,,04VARIOS,Hector Collia,-1,0,0,-1,-801.65,-970,0,0,0,0,0,0,0,0,0,0,001400007670
20170428,01004760,Alfa y Omega Interiores S.R.L.,,01IN,Pastore Pablo,-1,0,0,-1,-134.28,-162.47,0,0,0,0,0,0,0,0,0,0,001400007684
20170428,03000023,Industrias Saladillo SA,IS.SA. Planta Pilar,01763AS,Isolant SI,8,0.37696,0,8,963.36,1165.67,0,0,0,0,0,0,0,0,0,0,002200004437
20170428,03000023,Industrias Saladillo SA,IS.SA. Planta Pilar,01764AS,Isolant SI,40,2.0736,0,40,5368,6495.28,0,0,0,0,0,0,0,0,0,0,002200004437
20170428,01000313,Montagne Outdoors SACIFIA,,04C00898,Fernando Palmas,1,0,0,1,0.06,0.06,0,0,0,0,0,0,0,0,0,0,000000010779
20170428,03003751,Indupoles Argentina SA,Parque Ind. Campana - Km70 de Panamericana - Lote 12,01510D,Isolant SI,540,1.62,540,540,2689.2,3253.93,0,0,0,0,0,0,0,0,0,0,002200004428
20170428,03003751,Indupoles Argentina SA,Parque Ind. Campana - Km70 de Panamericana - Lote 12,01766E,Isolant SI,15,3.1668,0,15,7113.45,8607.27,0,0,0,50,0,0,0,0,0,0,002200004428
20170428,03003751,Indupoles Argentina SA,Parque Ind. Campana - Km70 de Panamericana - Lote 12,01912B,Isolant SI,10,2.1,0,10,5102.05,6173.48,0,0,0,50,0,0,0,0,0,0,002200004428
20170428,03003751,Indupoles Argentina SA,Parque Ind. Campana - Km70 de Panamericana - Lote 12,01508D,Isolant SI,4500,9,4500,4500,16200,19602,0,0,0,0,0,0,0,0,0,0,002200004428
20170428,03003751,Indupoles Argentina SA,Parque Ind. Campana - Km70 de Panamericana - Lote 12,01500CC,Isolant SI,22500,11.25,22500,0,33300,40293,0,0,0,0,0,0,0,0,0,0,002200004428
20170428,03003751,Indupoles Argentina SA,Parque Ind. Campana - Km70 de Panamericana - Lote 12,01654ACP,Isolant SI,180,3.6,180,0,6345,7677.45,0,0,0,0,0,0,0,0,0,0,002200004428
20170428,03003751,Indupoles Argentina SA,Parque Ind. Campana - Km70 de Panamericana - Lote 12,01500AIN,Isolant SI,13000,6.5,13000,13000,19240,23280.4,0,0,0,0,0,0,0,0,0,0,002200004428
20170428,10000785,Perren y Cia. SA,,01IN,Norberto Oppezzo,-1,0,0,-1,-3408.03,-4123.72,0,0,0,0,0,0,0,0,0,0,001400007682
20170428,03000023,Industrias Saladillo SA,IS.SA. Planta Pilar,01776BA,Isolant SI,88,2.4881472,0,88,15908.64,19249.45,0,0,0,0,0,0,0,0,0,0,002200004434
20170428,03000023,Industrias Saladillo SA,IS.SA. Planta Pilar,01763AS,Isolant SI,24,1.13088,0,24,2890.08,3497,0,0,0,0,0,0,0,0,0,0,002200004434
20170428,03000023,Industrias Saladillo SA,IS.SA. Planta Pilar,01764AS,Isolant SI,27,1.39968,0,27,3623.4,4384.31,0,0,0,0,0,0,0,0,0,0,002200004434
20170428,04001855,Fernandez Pablo Marcelo,,01IN,Levy,-1,0,0,-1,-89.46,-108.25,0,0,0,0,0,0,0,0,0,0,001400007683
20170428,03000023,Industrias Saladillo SA,IS.SA. Planta Pilar,01774AS,Isolant SI,20,0.5592,0,20,3063.2,3706.47,0,0,0,0,0,0,0,0,0,0,002200004435
20170428,03000023,Industrias Saladillo SA,IS.SA. Planta Pilar,01767AS,Isolant SI,3,0.12723,0,3,326.04,394.51,0,0,0,0,0,0,0,0,0,0,002200004436
20170428,03000023,Industrias Saladillo SA,IS.SA. Planta Pilar,01774AS,Isolant SI,5,0.1398,0,5,765.8,926.62,0,0,0,0,0,0,0,0,0,0,002200004436
20170428,24003194,Coco Mario,Lamadrid 280 (esq. Ayacucho),01555A,Diego Fani,230,23,4600,230,83313.51,100809.34,0,0,0,30,12,0,0,0,0,0,002200004438
20170428,24003194,Coco Mario,Lamadrid 280 (esq. Ayacucho),01555C,Diego Fani,30,3,600,30,3,3.63,0,0,0,0,0,0,0,0,0,0,002200004438
20170428,24003241,Orso Marcelo Ariel,,01558EC,Natali Plasticos (Vta Directa),120,24,2400,120,57600,69696,0,0,0,0,0,0,0,0,0,0,001400000689
20170428,24003241,Orso Marcelo Ariel,Ruta 8 y G. Dimmer,01558EC ,Natali Plasticos (Vta Directa),-120,-24,-2400,-120,-55872,-67605.12,0,3,0,0,0,0,0,0,0,0,001400007685
20170428,29003933,Grosman Marcelo Fabian,Av Lacroze 2708,01772AB,Luis Ramirez,1,0.18944,0,1,1646.63,1992.42,0,0,0,21,0,0,0,0,0,0,002200004439
20170428,29003933,Grosman Marcelo Fabian,Av Lacroze 2708,01772AD,Luis Ramirez,1,0.18944,0,1,1646.63,1992.42,0,0,0,21,0,0,0,0,0,0,002200004439
20170428,29003933,Grosman Marcelo Fabian,Av Lacroze 2708,01772A,Luis Ramirez,1,0.18944,0,1,1646.63,1992.42,0,0,0,21,0,0,0,0,0,0,002200004440
20170428,29003933,Grosman Marcelo Fabian,Av Lacroze 2708,01772AC,Luis Ramirez,1,0.18944,0,1,1646.63,1992.42,0,0,0,21,0,0,0,0,0,0,002200004440
20170428,29003933,Grosman Marcelo Fabian,Av Lacroze 2708,01788A,Luis Ramirez,1,0.05341,0,1,538.37,651.43,0,0,0,21,0,0,0,0,0,0,002200004440
20170428,29003933,Grosman Marcelo Fabian,Av Lacroze 2708,01760A,Luis Ramirez,1,0.06283,0,1,612.38,740.99,0,0,0,21,0,0,0,0,0,0,002200004440
20170428,29003933,Grosman Marcelo Fabian,Av Lacroze 2708,01761A,Luis Ramirez,1,0.06503,0,1,560.6,678.33,0,0,0,21,0,0,0,0,0,0,002200004440
20170428,29003933,Grosman Marcelo Fabian,Av Lacroze 2708,01762A,Luis Ramirez,1,0.05089,0,1,436.66,528.35,0,0,0,21,0,0,0,0,0,0,002200004440
20170428,29003933,Grosman Marcelo Fabian,Av Lacroze 2708,01763A,Luis Ramirez,1,0.047124,0,1,401.08,485.31,0,0,0,21,0,0,0,0,0,0,002200004440
20170428,29003933,Grosman Marcelo Fabian,Av Lacroze 2708,01764A,Luis Ramirez,1,0.0518364,0,1,440.65,533.19,0,0,0,21,0,0,0,0,0,0,002200004440
20170428,29003933,Grosman Marcelo Fabian,Av Lacroze 2708,01765A,Luis Ramirez,1,0.0465,0,1,398.86,482.61,0,0,0,21,0,0,0,0,0,0,002200004441
20170428,29003933,Grosman Marcelo Fabian,Av Lacroze 2708,01766A,Luis Ramirez,1,0.03958,0,1,340.53,412.04,0,0,0,21,0,0,0,0,0,0,002200004441
20170428,29003933,Grosman Marcelo Fabian,Av Lacroze 2708,01767A,Luis Ramirez,1,0.0424116,0,1,352.96,427.08,0,0,0,21,0,0,0,0,0,0,002200004441
20170428,29003933,Grosman Marcelo Fabian,Av Lacroze 2708,01768A,Luis Ramirez,1,0.04524,0,1,399.24,483.08,0,0,0,21,0,0,0,0,0,0,002200004441
20170428,29003933,Grosman Marcelo Fabian,Av Lacroze 2708,01769A,Luis Ramirez,1,0.033301,0,1,330.73,400.18,0,0,0,21,0,0,0,0,0,0,002200004441
20170428,29003933,Grosman Marcelo Fabian,Av Lacroze 2708,01771A,Luis Ramirez,2,0.076655,0,2,677.61,819.91,0,0,0,21,0,0,0,0,0,0,002200004441
20170428,29003933,Grosman Marcelo Fabian,Av Lacroze 2708,01773A,Luis Ramirez,1,0.032547,0,1,285.58,345.55,0,0,0,21,0,0,0,0,0,0,002200004441
20170428,16002082,Grupo La Alianza SA,Alte. Brown 939,01764C,Leandro Diaz,15,0.98955,0,15,15507.03,18763.5,0,0,0,21,0,0,0,0,0,0,002200004444
20170428,16002082,Grupo La Alianza SA,Alte. Brown 939,01765C,Leandro Diaz,11,0.64691,0,11,10066.41,12180.36,0,0,0,21,0,0,0,0,0,0,002200004444
20170428,16002082,Grupo La Alianza SA,Alte. Brown 939,01767C,Leandro Diaz,15,0.7974,0,15,11683.27,14136.76,0,0,0,21,0,0,0,0,0,0,002200004444
20170428,16002082,Grupo La Alianza SA,Alte. Brown 939,01769D,Leandro Diaz,10,0.4147,0,10,6445.93,7799.57,0,0,0,21,0,0,0,0,0,0,002200004444
20170428,16002082,Grupo La Alianza SA,Alte. Brown 939,01771C,Leandro Diaz,10,0.475,0,10,6723.3,8135.19,0,0,0,21,0,0,0,0,0,0,002200004444
20170428,16002082,Grupo La Alianza SA,Alte. Brown 939,01790A,Leandro Diaz,10,0.3958416,0,10,6643.43,8038.55,0,0,0,21,0,0,0,0,0,0,002200004444
20170428,11004940,Materiales Parana SRL,Av Zanni 1894,01957A,Victor Casañas,1,0,0,1,0.1,0.12,0,3,0,0,0,0,0,0,0,0,002200004447
20170428,11004940,Materiales Parana SRL,Av Zanni 1894,01555ARC,Victor Casañas,600,3,600,30,8147.3,9858.24,0,3,0,21,0,0,0,0,0,0,002200004447
20170428,11004940,Materiales Parana SRL,Av Zanni 1894,01557ARC,Victor Casañas,600,6,600,30,12524.4,15154.54,0,3,0,21,0,0,0,0,0,0,002200004447
20170428,11004940,Materiales Parana SRL,Av Zanni 1894,01551AA,Victor Casañas,120,0.6,120,6,2284.18,2763.86,0,3,0,21,0,0,0,0,0,0,002200004447
20170428,11004940,Materiales Parana SRL,Av Zanni 1894,01508DB,Victor Casañas,400,0.8,400,0,3132.64,3790.48,0,3,0,21,0,0,0,0,0,0,002200004447
20170428,24004687,Morbidoni Ivan Raul,Av. Blas Parera 45,04FLETE,Diego Fani,-1,0,0,-1,-588.36,-711.92,0,0,0,0,0,0,0,0,0,0,001400007694
20170428,16005658,Majul Ariel Horacio,Av. Sarmiento 856,01558ESC,Leandro Diaz,2200,22,2200,110,41198.08,49849.68,0,0,0,30,12,0,0,0,0,0,002200004450
20170428,16005658,Majul Ariel Horacio,Av. Sarmiento 856,01960DA,Leandro Diaz,3,0,0,3,7033.48,8510.52,0,0,0,30,0,0,0,0,0,0,002200004450
20170428,20004208,Reston Maderas SRL,Acevedo 188,01555AA,Pedro Cocaña,1700,8.5,1700,85,32018.52,38742.42,0,3,5,21,12,0,0,0,0,0,002200004452
20170428,20004208,Reston Maderas SRL,Acevedo 188,01555C,Pedro Cocaña,10,1,200,10,0.92,1.12,0,3,5,0,0,0,0,0,0,0,002200004452
20170428,20004208,Reston Maderas SRL,Acevedo 188,01559AA,Pedro Cocaña,1000,10,1000,50,28764.14,34804.62,0,3,5,21,12,0,0,0,0,0,002200004452
20170428,20004208,Reston Maderas SRL,Acevedo 188,01557C,Pedro Cocaña,12,2.4,240,12,1.1,1.34,0,3,5,0,0,0,0,0,0,0,002200004452
20170428,20003695,Himetal SA,Juan M. Leguizamon 1450,01555M,Pedro Cocaña,10,1.5,200,10,9200.55,11132.66,0,3,0,21,12,0,0,0,0,0,002200004453
20170428,20003695,Himetal SA,Juan M. Leguizamon 1450,01555MA,Pedro Cocaña,1,0.15,20,1,0.1,0.12,0,3,0,0,0,0,0,0,0,0,002200004453
20170428,20003695,Himetal SA,Juan M. Leguizamon 1450,01558BC,Pedro Cocaña,20,4,400,20,18799.36,22747.23,0,3,0,21,12,0,0,0,0,0,002200004453
20170428,20003695,Himetal SA,Juan M. Leguizamon 1450,01960DA,Pedro Cocaña,2,0,0,2,5133.12,6211.08,0,3,0,21,0,0,0,0,0,0,002200004453
20170428,01004029,Sologoma SRL,Av Boedo 1900 - Esquina Barrio,01524GC,Hector Collia,50,0.5,50,0,1590.67,1924.7,0,0,0,21,0,0,0,0,0,0,002200004442
20170428,01004029,Sologoma SRL,Av Boedo 1900 - Esquina Barrio,01761A,Hector Collia,2,0.13006,0,2,1121.2,1356.65,0,0,0,21,0,0,0,0,0,0,002200004442
20170428,01004029,Sologoma SRL,Av Boedo 1900 - Esquina Barrio,01762A,Hector Collia,2,0.10178,0,2,873.31,1056.71,0,0,0,21,0,0,0,0,0,0,002200004442
20170428,01004029,Sologoma SRL,Av Boedo 1900 - Esquina Barrio,01765A,Hector Collia,1,0.0465,0,1,398.86,482.61,0,0,0,21,0,0,0,0,0,0,002200004442
20170428,01004029,Sologoma SRL,Av Boedo 1900 - Esquina Barrio,01766A,Hector Collia,1,0.03958,0,1,340.53,412.04,0,0,0,21,0,0,0,0,0,0,002200004442
20170428,01004029,Sologoma SRL,Av Boedo 1900 - Esquina Barrio,01773A,Hector Collia,1,0.032547,0,1,285.58,345.55,0,0,0,21,0,0,0,0,0,0,002200004442
20170428,31003010,Lago Sociedad Anonima,Gorriti 48,01603AC,NN (Ex MDT),85,4.25,2125,85,19626.62,23748.21,0,0,0,30,12,0,0,0,0,0,002200004443
20170428,07003238,Cooperativa de Provision de Servicios para Comerciantes,,04C00898,Meier,1,0,0,1,2.44,2.44,0,0,0,0,0,0,0,0,0,0,000000010781
20170428,19002241,Carlos Isla y Cia. SA,Ruta 151 y Calle Rural A-1,01557A,Latyn-Valle y Cordillera,100,20,2000,100,52010,62932.1,0,0,0,0,0,0,0,0,0,0,002200004448
20170428,19002241,Carlos Isla y Cia. SA,Ruta 151 y Calle Rural A-1,01558BC,Latyn-Valle y Cordillera,30,6,600,30,24683.4,29866.91,0,0,0,0,0,0,0,0,0,0,002200004448
20170428,24001540,Aserraderos SRL,Santa Fe S/N- Puerto Santa Fe 0,01555MC,Meier,2000,15,2000,100,94908.7,114839.54,0,0,0,21,12,0,0,0,0,0,002200004423
20170428,24001540,Aserraderos SRL,Santa Fe S/N- Puerto Santa Fe 0,01555MA,Meier,10,1.5,200,10,2,2.42,0,0,0,0,0,0,0,0,0,0,002200004423
20170428,24001540,Aserraderos SRL,Santa Fe S/N- Puerto Santa Fe 0,01559AA,Meier,1500,15,1500,75,46821.72,56654.28,0,0,0,21,12,0,0,0,0,0,002200004423
20170428,24001540,Aserraderos SRL,Santa Fe S/N- Puerto Santa Fe 0,01557C,Meier,18,3.6,360,18,1.8,2.18,0,0,0,0,0,0,0,0,0,0,002200004423
20170428,24001540,Aserraderos SRL,Santa Fe S/N- Puerto Santa Fe 0,01555AA,Meier,1600,8,1600,80,32702.2,39569.68,0,0,0,21,12,0,0,0,0,0,002200004423
20170428,24001540,Aserraderos SRL,Santa Fe S/N- Puerto Santa Fe 0,01555C,Meier,12,1.2,240,12,1.2,1.46,0,0,0,0,0,0,0,0,0,0,002200004423
20170428,01005292,Adamant SRL,Paysandu 923 (entre Crisologo Larralde y Lucena),01514DC,Isolant SI,1140,5.7,1140,1140,8880.6,10745.53,0,0,0,0,0,0,0,0,0,0,002200004424
20170428,01005292,Adamant SRL,Paysandu 923 (entre Crisologo Larralde y Lucena),01510AC,Isolant SI,1300,3.9,1300,1300,6201,7503.21,0,0,0,0,0,0,0,0,0,0,002200004424
20170428,01005292,Adamant SRL,Paysandu 923 (entre Crisologo Larralde y Lucena),01650DC,Isolant SI,825,8.25,825,0,13467.3,16295.43,0,0,0,30,0,0,0,0,0,0,002200004424
20170428,02003297,Caivano Antonio,Av. Santa Fe 512,01555AA,Hector Collia,1000,5,1000,50,22296.96,26979.32,0,0,0,21,4,0,0,0,0,0,002200004425
20170428,02003297,Caivano Antonio,Av. Santa Fe 512,01555C,Hector Collia,12,1.2,240,12,1.2,1.46,0,0,0,0,0,0,0,0,0,0,002200004425
20170428,29003156,J Nardelli y Cia SRL,Moreno 1180 y Pte Peron,01552IC,Hector Collia,-200,-2,-200,-10,-4569.36,-5528.92,0,0,0,21,0,0,0,0,0,0,001400007662
20170428,29003156,J Nardelli y Cia SRL,Moreno 1180 y Pte Peron,01552IC,Hector Collia,-40,-0.4,-40,-2,-913.88,-1105.78,0,0,0,21,0,0,0,0,0,0,001400007663
20170428,11001938,Bassi Gustavo Eduardo,,01IN,Meier,-1,0,0,-1,-3617.37,-4377.02,0,0,0,0,0,0,0,0,0,0,001400007678
20170428,02005654,Nesue SRL,,04C00898,Hector Collia,1,0,0,1,0.39,0.39,0,0,0,0,0,0,0,0,0,0,000000010780
20170428,25004174,Lo Bruno Estructuras Sociedad Anonima,Fray Luis Beltran y Tte. 1º Ardiles (Barrio La Isla),01558AL,Pedro Cocaña,50,10,2000,50,45342.03,54863.86,0,3,0,21,4,0,0,0,0,0,002200004445
20170428,09002438,Suc De Gustavo Lagerheim SA,Ruta Nacional 11 Km.1005,04VARIOS,Isolant SA,-1,0,0,-1,-872.96,-1056.28,0,0,0,0,0,0,0,0,0,0,001400007687
20170428,09002438,Suc De Gustavo Lagerheim SA,Ruta Nacional 11 Km.1005,04FLETE,Isolant SA,-1,0,0,-1,-287.93,-348.4,0,0,0,0,0,0,0,0,0,0,001400007687
20170428,28000201,CASARINO S.R.L.,,04C00625,Fernando Palmas,-1,0,0,-1,-5714.07,-5714.07,0,0,0,0,0,0,0,0,0,0,000000000926
20170428,04005689,Polifoam SRL,Alte. Brown 3985,01771A,Isolant SI,-3,-0.1149825,0,-3,-451.68,-546.53,0,0,0,0,0,0,0,0,0,0,001400007666
20170428,07005686,Fuace SA,,01666ACP,Meier,-80,-4,-80,0,-20577.29,-24898.52,0,0,0,21,0,0,0,0,0,0,001400007667
20170428,03001269,Naclerio SRL,Acceso Pilar Km 40,01559AA,Levy,500,5,500,25,17026.08,20601.56,0,0,0,21,4,0,0,0,0,0,002200004427
20170428,03001269,Naclerio SRL,Acceso Pilar Km 40,01557C,Levy,6,1.2,120,6,0.6,0.72,0,0,0,0,0,0,0,0,0,0,002200004427
20170428,03001269,Naclerio SRL,Acceso Pilar Km 40,01555AA,Levy,500,2.5,500,25,11148.48,13489.66,0,0,0,21,4,0,0,0,0,0,002200004427
20170428,03001269,Naclerio SRL,Acceso Pilar Km 40,01555C,Levy,6,0.6,120,6,0.6,0.72,0,0,0,0,0,0,0,0,0,0,002200004427

