﻿FechaTxt,Codigo_Cliente,Cliente,EntDir,Codigo_Articulo,Vendedor,cantidad,Mts3,Mts2,Rollos,Importe_Bruto,Importe_Neto,Dto_Contado,Dto_Flete,Dto_Especial,Bonificacion,Desc_Adicional,cantidad_elaborada,m2_ocupados,costo_unitario,costo_total_stock,Costo_de_venta,comp,C_Construccion,nomdoc
20171031,20005772,Saltapor SRL,,04VARIOS,Pedro Cocaña,-1,0,0,-1,-1103.31,-1335,0,0,0,0,0,0,0,0,0,0,001400008081,N,Crédito de Venta
20171031,07005921,Lutre Domingo Alejandro,,04VARIOS,Meier,-1,0,0,-1,-3545.45,-4290,0,0,0,0,0,0,0,0,0,0,001400008083,N,Crédito de Venta
20171031,03000741,Maderera Newton Sociedad Anonima,,04VARIOS,Esteban Bergamaschi,-1,0,0,-1,-834.71,-1010,0,0,0,0,0,0,0,0,0,0,001400008091,N,Crédito de Venta
20171031,99001808,Estudio Wagg SA,Armenia 3263,01506AC,Esteban Bergamaschi,-3000,-4.5,-3000,-3000,-16596,-20081.16,0,0,0,40,0,0,0,0,0,5597.46,001400008092,N,Crédito de Venta
20171031,01005058,Galea S.R.L,,04VARIOS,Diego Fani,-1,0,0,-1,-43867.77,-53080,0,0,0,0,0,0,0,0,0,0,001400008093,N,Crédito de Venta
20171031,04005689,Polifoam SRL,Alte. Brown 3985,01761A,Isolant SI,-13,-0.84539,0,-13,-3558.36,-4305.62,0,0,0,0,0,0,0,0,0,1171.43,001400008094,N,Crédito de Venta
20171031,01005089,Homeclick S.A,Av. Centenario 1630 4To H,01603BG,Isolant SA,5,0.25,125,5,856.84,1036.77,0,3,0,32.5,12,0,0,0,0,479.45,002200008222,N,Factura de Venta
20171031,01002325,Centro Sec SRL,,04VARIOS,Hector Collia,-1,0,0,-1,-950.41,-1150,0,0,0,0,0,0,0,0,0,0,001400008102,N,Crédito de Venta
20171031,03000023,Industrias Saladillo SA,IS.SA. Planta Pilar,01777B,Isolant SI,89,2.3763,0,89,10133.54,12261.58,0,0,0,0,0,0,0,0,0,4085.99,002200008195,N,Factura de Venta
20171031,03000546,Rommel Talleres Metalurgicos,Peralta Ramos 4886,01852AA,Levy,7,3.5,175,7,15115.09,18289.26,0,0,0,21,0,0,0,0,0,5171.81,002200008214,N,Factura de Venta
20171031,19002241,Carlos Isla y Cia. SA,Suc. Neuquen: Teodoro Plan 5055,01557A,Latyn-Valle y Cordillera,85,17,1700,85,44208.5,53492.28,0,0,0,0,0,0,0,0,0,23001.85,002200008220,N,Factura de Venta
20171031,19002241,Carlos Isla y Cia. SA,Suc. Neuquen: Teodoro Plan 5055,01554BC,Latyn-Valle y Cordillera,20,2,400,20,13313.2,16108.97,0,0,0,0,0,0,0,0,0,8105.4,002200008220,N,Factura de Venta
20171031,11005536,Favre Sebastian Javier,,04VARIOS,Victor Casañas,-1,0,0,-1,-1578.51,-1910,0,0,0,0,0,0,0,0,0,0,001400008084,N,Crédito de Venta
20171031,24004815,Budassi German Federico,,04VARIOS,Diego Fani,-1,0,0,-1,-11355.37,-13740,0,0,0,0,0,0,0,0,0,0,001400008086,N,Crédito de Venta
20171031,20004067,Hierronort Salta SRL,,04VARIOS,Pedro Cocaña,-1,0,0,-1,-11078.51,-13405,0,0,0,0,0,0,0,0,0,0,001400008087,N,Crédito de Venta
20171031,24005817,Multimat A.C.E,Av Belgrano 518,01766C,Diego Fani,2,0.09952,0,2,1437.49,1739.36,0,0,0,21,10,0,0,0,0,321.26,002200008212,N,Factura de Venta
20171031,24005817,Multimat A.C.E,Av Belgrano 518,01766A,Diego Fani,3,0.11874,0,3,992.98,1201.5,0,0,0,21,10,0,0,0,0,144.6,002200008212,N,Factura de Venta
20171031,24005817,Multimat A.C.E,Av Belgrano 518,01764C,Diego Fani,4,0.26388,0,4,4019.43,4863.5,0,0,0,21,10,0,0,0,0,983.44,002200008212,N,Factura de Venta
20171031,24005817,Multimat A.C.E,Av Belgrano 518,01765A,Diego Fani,6,0.279,0,6,2326.12,2814.61,0,0,0,21,10,0,0,0,0,357.12,002200008212,N,Factura de Venta
20171031,01005089,Homeclick S.A,Av. Centenario 1630 4To H,01603AC,Isolant SA,2,0.1,50,2,342.73,414.71,0,3,0,32.5,12,0,0,0,0,251.98,001400000807,N,Factura de Venta
20171031,19002241,Carlos Isla y Cia. SA,Suc. Neuquen: Teodoro Plan 5055,01554BC,Latyn-Valle y Cordillera,18,1.8,360,18,11622.42,14063.13,0,3,0,0,0,0,0,0,0,7294.86,002200008219,N,Factura de Venta
20171031,04000007,Disapla S.A.,Mercedes 2867,01765C,Isolant SA,3,0.17643,0,3,2533.4,3065.41,0,0,0,32.5,0,0,0,0,0,616.35,002200008216,N,Factura de Venta
20171031,04000007,Disapla S.A.,Mercedes 2867,01764C,Isolant SA,2,0.13194,0,2,1907.96,2308.63,0,0,0,32.5,0,0,0,0,0,491.72,002200008216,N,Factura de Venta
20171031,04000007,Disapla S.A.,Mercedes 2867,01763C,Isolant SA,1,0.06032,0,1,846.65,1024.44,0,0,0,32.5,0,0,0,0,0,239.8,002200008216,N,Factura de Venta
20171031,03005896,Cela Ricardo,Jose Hernández 6136,01650DC,Fernando Palmas,100,1,100,0,2144,2594.24,0,0,0,0,0,0,0,0,0,1572,002200008217,N,Factura de Venta
20171031,29002246,Ungaro Leonardo Roberto,Calle 20 nº 1178,01960DB,Hector Collia,1270,0,1270,0,17745.08,21471.54,0,0,0,25,0,0,0,0,0,1377950,002200008207,N,Factura de Venta
20171031,24005817,Multimat A.C.E,Av Belgrano 518,01765C,Diego Fani,1,0.05881,0,1,889.5,1076.3,0,0,0,21,10,0,0,0,0,205.45,002200008212,N,Factura de Venta
20171031,11000969,Bourlot Nestor Conrado,Bolivar e Italia,01750A,Victor Casañas,6,0,0,6,3951.67,4781.53,0,0,0,25,0,0,0,0,0,1125.6,002200008210,N,Factura de Venta
20171031,11000969,Bourlot Nestor Conrado,Bolivar e Italia,01551I,Victor Casañas,20,2,400,20,3967.5,4800.68,0,0,0,25,0,0,0,0,0,1620.4,002200008210,N,Factura de Venta
20171031,11004476,Massaferro Pedro Juan,25 de Mayo Nº1409,01950D,Victor Casañas,6,1.3716,0,6,3754.08,4542.44,0,0,0,21,0,0,0,0,0,1912.56,002200008211,S,Factura de Venta
20171031,11004476,Massaferro Pedro Juan,25 de Mayo Nº1409,01901A,Victor Casañas,1,0.07854,0,1,2242.44,2713.36,0,0,0,21,0,0,0,0,0,894.5,002200008211,S,Factura de Venta
20171031,01002018,Zanet SA,Erezcano 3021/35,01508F,Fernando Palmas,1700,3.4,1700,0,12257,14830.97,0,0,0,0,0,0,0,0,0,4991.09,002200008213,N,Factura de Venta
20171031,04000007,Disapla S.A.,Mercedes 2867,01766C,Isolant SA,5,0.2488,0,5,3411.75,4128.22,0,0,0,32.5,0,0,0,0,0,803.15,002200008216,N,Factura de Venta
20171031,31005961,Gomez Adolfo Ismael,Zelarrayan 2602,01761A,Norberto Oppezzo,2,0.13006,0,2,1210.9,1465.18,0,0,0,21,0,0,0,0,0,180.22,002200008209,N,Factura de Venta
20171031,31005961,Gomez Adolfo Ismael,Zelarrayan 2602,01762A,Norberto Oppezzo,3,0.15267,0,3,1414.77,1711.87,0,0,0,21,0,0,0,0,0,227.61,002200008209,N,Factura de Venta
20171031,31005961,Gomez Adolfo Ismael,Zelarrayan 2602,01765A,Norberto Oppezzo,4,0.186,0,4,1723.05,2084.89,0,0,0,21,0,0,0,0,0,238.08,002200008209,N,Factura de Venta
20171031,11000969,Bourlot Nestor Conrado,Bolivar e Italia,01903A,Victor Casañas,1,0.07599,0,1,1392.63,1685.08,0,0,0,25,0,0,0,0,0,644.54,002200008210,N,Factura de Venta
20171031,11000969,Bourlot Nestor Conrado,Bolivar e Italia,01907A,Victor Casañas,1,0.1885,0,1,1703.71,2061.49,0,0,0,25,0,0,0,0,0,300.33,002200008210,N,Factura de Venta
20171031,11000969,Bourlot Nestor Conrado,Bolivar e Italia,01901A,Victor Casañas,1,0.07854,0,1,2128.9,2575.98,0,0,0,25,0,0,0,0,0,894.5,002200008210,N,Factura de Venta
20171031,18000136,Corralon Patagonico De Los Andes SA,Gral. Roca 1296,01767A,Latyn-Valle y Cordillera,4,0.16964,0,4,1524.76,1844.96,0,0,0,21,0,0,0,0,0,214.2,002200008204,N,Factura de Venta
20171031,18000136,Corralon Patagonico De Los Andes SA,Gral. Roca 1296,01765C,Latyn-Valle y Cordillera,3,0.17643,0,3,2965.01,3587.66,0,0,0,21,0,0,0,0,0,616.35,002200008204,N,Factura de Venta
20171031,03000023,Industrias Saladillo SA,IS.SA. Planta Pilar,01777B,Isolant SI,118,3.1506,0,118,13435.48,16256.93,0,0,0,0,0,0,0,0,0,5417.38,002200008200,N,Factura de Venta
20171031,01002811,Gonzalez Dario R Iglesias Nelida C SH,Julian Alvarez 469,01552I,Levy,25,5,1000,25,9607.57,11625.16,0,0,0,21,8,0,0,0,0,4979,002200008205,N,Factura de Venta
20171031,01002811,Gonzalez Dario R Iglesias Nelida C SH,Julian Alvarez 469,01551I,Levy,50,5,1000,50,9611.93,11630.44,0,0,0,21,8,0,0,0,0,4051,002200008205,N,Factura de Venta
20171031,31005961,Gomez Adolfo Ismael,Zelarrayan 2602,01760A,Norberto Oppezzo,2,0.12566,0,2,1322.74,1600.52,0,0,0,21,0,0,0,0,0,195.42,002200008209,N,Factura de Venta
20171031,16005797,Carmelo Aleo e Hijos SA,Tiburcio Benegas 609,01764C,Leandro Diaz,10,0.6597,0,10,11165.07,13509.73,0,0,0,21,0,0,0,0,0,2458.6,002200008203,N,Factura de Venta
20171031,16005797,Carmelo Aleo e Hijos SA,Tiburcio Benegas 609,01765C,Leandro Diaz,10,0.5881,0,10,9883.37,11958.88,0,0,0,21,0,0,0,0,0,2054.5,002200008203,N,Factura de Venta
20171031,16005797,Carmelo Aleo e Hijos SA,Tiburcio Benegas 609,01767C,Leandro Diaz,10,0.5316,0,10,8411.92,10178.42,0,0,0,21,0,0,0,0,0,1670.7,002200008203,N,Factura de Venta
20171031,16005797,Carmelo Aleo e Hijos SA,Tiburcio Benegas 609,01514Q,Leandro Diaz,250,1.25,250,250,1875,2268.75,0,0,0,0,0,0,0,0,0,726.2,002200008203,N,Factura de Venta
20171031,16005797,Carmelo Aleo e Hijos SA,Tiburcio Benegas 609,01524HC,Leandro Diaz,500,5,500,0,7150,8651.5,0,0,0,0,0,0,0,0,0,5580,002200008203,N,Factura de Venta
20171031,18000136,Corralon Patagonico De Los Andes SA,Gral. Roca 1296,01765A,Latyn-Valle y Cordillera,5,0.2325,0,5,2153.82,2606.12,0,0,0,21,0,0,0,0,0,297.6,002200008204,N,Factura de Venta
20171031,04004334,Fapex SA,Rio Potrero 175 (Esq. Rio de Rey) Barrio CinaCina,01557ARF,Isolant SI,300,60,6000,300,86373,104511.33,0,0,0,0,0,0,0,0,0,71118,002200008188,N,Factura de Venta
20171031,03000023,Industrias Saladillo SA,IS.SA. Planta Pilar,01760AS,Isolant SI,10,0.6283,0,10,1747.2,2114.11,0,0,0,0,0,0,0,0,0,977.1,002200008191,N,Factura de Venta
20171031,03000023,Industrias Saladillo SA,IS.SA. Planta Pilar,01774AS,Isolant SI,40,1.1184,0,40,6432.8,7783.69,0,0,0,0,0,0,0,0,0,9241.91,002200008191,N,Factura de Venta
20171031,07004833,Budimir Andres Maximo y Budimir Juan Mateo S.H.,Jeronimo Cortez 1244,01500AC,Meier,4200,2.1,4200,0,12161.52,14715.44,0,0,0,40,5,0,0,0,0,5754,002200008206,S,Factura de Venta
20171031,03000023,Industrias Saladillo SA,IS.SA. Planta Pilar,01764AS,Isolant SI,74,3.83616,0,74,10949.04,13248.34,0,0,0,0,0,0,0,0,0,4837.38,002200008194,N,Factura de Venta
20171031,01002811,Gonzalez Dario R Iglesias Nelida C SH,Julian Alvarez 469,01550I,Levy,25,1.75,875,25,2489.11,3011.82,0,0,0,21,8,0,0,0,0,1064.25,002200008202,N,Factura de Venta
20171031,01002389,Mercovan Argentina SRL,Gral.Ferre 1040,01654ACP,Fernando Palmas,30,0.6,30,0,2954.7,3575.19,0,0,0,30,0,0,0,0,0,739.2,002200008197,N,Factura de Venta
20171031,01002389,Mercovan Argentina SRL,Gral.Ferre 1040,01662ACP,Fernando Palmas,20,0.8,20,0,3783.64,4578.2,0,0,0,30,0,0,0,0,0,941.8,002200008197,N,Factura de Venta
20171031,02002202,Simmons De Argentina SAIC,Heredia 626,01907A,Fernando Palmas,34,6.409,0,34,31796.12,38473.31,0,0,0,0,0,0,0,0,0,10211.22,002200008198,N,Factura de Venta
20171031,02002202,Simmons De Argentina SAIC,Heredia 626,01514D,Fernando Palmas,400,2,400,400,4984,6030.64,0,0,0,0,0,0,0,0,0,2112,002200008198,N,Factura de Venta
20171031,02002202,Simmons De Argentina SAIC,Heredia 626,01524D,Fernando Palmas,300,3,300,0,8706,10534.26,0,0,0,0,0,0,0,0,0,3060,002200008198,N,Factura de Venta
20171031,04004334,Fapex SA,Rio Potrero 175 (Esq. Rio de Rey) Barrio CinaCina,01555ARF,Isolant SI,599,59.9,11980,599,100182.75,121221.13,0,0,0,0,0,0,0,0,0,81110.59,002200008201,N,Factura de Venta
20171031,27003324,Supermat S A,"Av. Chile 1450 - El Amigo, Salta",04VARIOS,Pedro Cocaña,-1,0,0,-1,-1437.24,-1739.06,0,0,0,0,0,0,0,0,0,0,001400008105,N,Crédito de Venta
20171031,27003324,Supermat S A,Av. Belgrano 956-Santiago del Estero,04VARIOS,Pedro Cocaña,-1,0,0,-1,-1959.52,-2371.02,0,0,0,0,0,0,0,0,0,0,001400008106,N,Crédito de Venta
20171031,27003324,Supermat S A,Av. Alte. Brown 1350,04VARIOS,Pedro Cocaña,-1,0,0,-1,-1558.9,-1886.27,0,0,0,0,0,0,0,0,0,0,001400008107,N,Crédito de Venta
20171031,18005912,Materser SRL,Maestro Espinoza S/N /Ex Bodega La Falda),04FLETE,Norberto Oppezzo,-1,0,0,-1,-14000,-16940,0,0,0,0,0,0,0,0,0,0,001400008114,N,Crédito de Venta
20171031,10000758,Mottesi Materiales SA,SARGENTO CABRAL 320,04FLETE,Norberto Oppezzo,-1,0,0,-1,-11570.25,-14000,0,0,0,0,0,0,0,0,0,0,001400008115,N,Crédito de Venta
20171031,10005925,Neomat De La Patagonia S.A,Paseo de los arrieros 2622 E/ Balbin y Los Sauces,04FLETE,Norberto Oppezzo,-1,0,0,-1,-14000,-16940,0,0,0,0,0,0,0,0,0,0,001400008116,N,Crédito de Venta
20171031,25004422,Vega Alfredo Eduardo,,04VARIOS,Pedro Cocaña,-1,0,0,-1,-36628.1,-44320,0,0,0,0,0,0,0,0,0,0,001400008100,N,Crédito de Venta
20171031,24003194,Coco Mario,Lamadrid 280 (esq. Ayacucho),01558ES,Diego Fani,-2,-0.4,-40,-2,-714.6,-864.67,0,0,10,30,12,0,0,0,0,519.92,001400008101,N,Crédito de Venta
20171031,01005089,Homeclick S.A,Av. Centenario 1630 4To H,04VARIOS-NORMAL,Isolant SA,-1,0,0,-1,-346.24,-418.95,0,0,0,0,0,0,0,0,0,0,001400008113,N,Crédito de Venta
20171031,24003194,Coco Mario,Lamadrid 280 (esq. Ayacucho),01557AR,Diego Fani,2,0.4,40,2,622.19,752.85,0,0,10,30,12,0,0,0,0,474.12,001400000808,N,Factura de Venta
20171031,03003751,Indupoles Argentina SA,Parque Ind. Campana - Km70 de Panamericana - Lote 12,01500AIN,Isolant SI,30500,15.25,30500,30500,48190,58309.9,0,0,0,0,0,0,0,0,0,37515,002200008223,N,Factura de Venta
20171031,27003324,Supermat S A,Av. Colon (s) 3380-Santiago del Estero,04VARIOS,Pedro Cocaña,-1,0,0,-1,-5749.05,-6956.35,0,0,0,0,0,0,0,0,0,0,001400008104,N,Crédito de Venta
20171031,20004067,Hierronort Salta SRL,Av. Corrientes y Parroco Marquez,04VARIOS,Pedro Cocaña,-1,0,0,-1,-688.16,-832.67,0,0,0,0,0,0,0,0,0,0,001400008109,N,Crédito de Venta
20171031,20004067,Hierronort Salta SRL,Av. Corrientes y Parroco Marquez,04VARIOS,Pedro Cocaña,-1,0,0,-1,-1311.37,-1586.75,0,0,0,0,0,0,0,0,0,0,001400008109,N,Crédito de Venta
20171031,20004067,Hierronort Salta SRL,Av. Corrientes y Parroco Marquez,04VARIOS,Pedro Cocaña,-1,0,0,-1,-1032.25,-1249.02,0,0,0,0,0,0,0,0,0,0,001400008109,N,Crédito de Venta
20171031,29004635,Laurito Sergio Ricardo,"Ruta nº 5 Km 159,500",04VARIOS-NORMAL,Hector Collia,-1,0,0,-1,-10177.68,-12315,0,0,0,0,0,0,0,0,0,0,001400008111,S,Crédito de Venta
20171031,09002438,Suc De Gustavo Lagerheim SA,Ruta Nacional 11 Km.1005,01555AR,Victor Casañas,300,30,6000,300,56612.77,68501.45,0,3,0,32.5,21,0,0,0,0,40623,002200008221,N,Factura de Venta
20171031,09002438,Suc De Gustavo Lagerheim SA,Ruta Nacional 11 Km.1005,01557AR,Victor Casañas,56,11.2,1120,56,16254.06,19667.41,0,3,0,32.5,21,0,0,0,0,13275.36,002200008221,N,Factura de Venta
20171031,04005689,Polifoam SRL,Alte. Brown 3985,01771A,Isolant SI,-1,-0.03833,0,-1,-150.56,-182.18,0,0,0,0,0,0,0,0,0,39.78,001400008096,N,Crédito de Venta
20171031,19002677,Juanma SRL,Diagonal Capraro 1115,04FLETE,Isolant SA,-1,0,0,-1,-5063.15,-6126.41,0,0,0,0,0,0,0,0,0,0,001400008097,N,Crédito de Venta
20171031,29004635,Laurito Sergio Ricardo,,04VARIOS,Hector Collia,-1,0,0,-1,-2504.13,-3030,0,0,0,0,0,0,0,0,0,0,001400008098,N,Crédito de Venta
20171031,03003300,Aserradero Vagol SRL,,04VARIOS,Esteban Bergamaschi,-1,0,0,-1,-2823.97,-3417,0,0,0,0,0,0,0,0,0,0,001400008099,N,Crédito de Venta
20171031,20004067,Hierronort Salta SRL,Av. Corrientes y Parroco Marquez,04VARIOS,Pedro Cocaña,-1,0,0,-1,-2044.06,-2473.31,0,0,0,0,0,0,0,0,0,0,001400008109,N,Crédito de Venta
20171031,20004067,Hierronort Salta SRL,Av. Corrientes y Parroco Marquez,04VARIOS,Pedro Cocaña,-1,0,0,-1,-1484.94,-1796.78,0,0,0,0,0,0,0,0,0,0,001400008109,N,Crédito de Venta
20171031,24005969,Albanese Vanina Eugenia,Av. Francia 3371,01551IC,Victor Casañas,200,1,200,10,1983,2399.42,0,0,0,25,0,0,0,0,0,375.24,002200008208,S,Factura de Venta
20171031,24005969,Albanese Vanina Eugenia,Av. Francia 3371,01552IC,Victor Casañas,200,2,200,10,3969,4802.48,0,0,0,25,0,0,0,0,0,476.93,002200008208,S,Factura de Venta
20171031,03004883,Porosin S.A.,Av. Mitre Nro. 1338,01555ARC,Levy,100,0.5,100,5,1442.54,1745.48,0,0,0,21,0,0,0,0,0,108.91,002200008215,S,Factura de Venta
20171031,24005969,Albanese Vanina Eugenia,Av. Francia 3371,01555ARC,Victor Casañas,200,1,200,10,2739,3314.18,0,0,0,25,0,0,0,0,0,217.81,002200008208,S,Factura de Venta
20171031,11004447,La Pastora SRL,San Martin Nº2480,01555ECC,Victor Casañas,-20,-0.1,-20,-1,-253.76,-307.04,0,0,10,25,12,0,0,0,0,24.15,001400008110,S,Crédito de Venta
20171031,11005824,Directo Srl,Luis Noaco 123,01555ECC,Victor Casañas,-1,-0.005,-1,-0.05,-6989.82,-8457.68,0,0,0,0,0,0,0,0,0,1.21,001400008108,S,Crédito de Venta
20171031,03004883,Porosin S.A.,Av. Mitre Nro. 1338,01557ARC,Levy,200,2,200,10,4433.48,5364.52,0,0,0,21,0,0,0,0,0,276.57,002200008215,S,Factura de Venta
20171031,24005969,Albanese Vanina Eugenia,Av. Francia 3371,01557ARC,Victor Casañas,200,2,200,10,4209,5092.88,0,0,0,25,0,0,0,0,0,276.57,002200008208,S,Factura de Venta
20171031,01003694,Anacon SA,Nicasio Oronio 2243,04IIBB,Hector Collia,-1,0,0,-1,0,0,0,0,0,0,0,0,0,0,0,,001400008080,N,Crédito de Venta
20171031,01003694,Anacon SA,Sucursal : Av. San Martín 1072,04IIBB,Hector Collia,-1,0,0,-1,0,0,0,0,0,0,0,0,0,0,0,,001400008085,N,Crédito de Venta
20171031,01004664,Construccion de Estructuras SRL,Sebastian Elcano 3461,04ANTICIPOS,Ventas Buenos Aires,-1,0,0,-1,-38150,-46161.5,0,0,0,0,0,0,0,0,0,,001400008089,N,Crédito de Venta
20171031,01005857,Empiro Sociedad Anonima,Avenida Bemberg y Calle 146,04ANTICIPOS,Ventas Buenos Aires,-1,0,0,-1,-25374.8,-30703.51,0,0,0,0,0,0,0,0,0,,001400008090,N,Crédito de Venta
20171031,29001247,Salazar Wilchelm Juan Carlos,,01IN,Fernando Palmas,-1,0,0,-1,-185.09,-223.96,0,0,0,0,0,0,0,0,0,,001300000416,,Crédito de Venta
20171031,29001247,Salazar Wilchelm Juan Carlos,,01IN,Fernando Palmas,-1,0,0,-1,-1610.67,-1948.91,0,0,0,0,0,0,0,0,0,,001300000417,,Crédito de Venta
20171031,04002072,Iñaqui SA,,01IN,Levy,-1,0,0,-1,-168.16,-203.47,0,0,0,0,0,0,0,0,0,,001300000415,,Crédito de Venta
20171031,01003694,Anacon SA,Juan B. Justo 6502,04IIBB,Hector Collia,-1,0,0,-1,0,0,0,0,0,0,12,0,0,0,0,,001400008088,N,Crédito de Venta
20171031,03000023,Industrias Saladillo SA,IS.SA. Planta Pilar,01778BA,Isolant SI,100,2.45045,0,100,18459,22335.39,0,0,0,0,0,0,0,0,0,9265,002200008193,N,Factura de Venta
20171031,03000023,Industrias Saladillo SA,IS.SA. Planta Pilar,01776B,Isolant SI,97,2.7426168,0,97,12070.68,14605.52,0,0,0,0,0,0,0,0,0,5067.28,002200008195,N,Factura de Venta
20171031,03000023,Industrias Saladillo SA,IS.SA. Planta Pilar,01777BB,Isolant SI,66,4.379139072,0,66,30724.32,37176.43,0,0,0,0,0,0,0,0,0,16975.86,002200008192,N,Factura de Venta
20171031,03005965,Ferrozinc SA,,04ANTICIPOS,Mariano Martinez,1,0,0,1,224638.66,271812.78,0,0,0,0,0,0,0,0,0,,001400000803,N,Factura de Venta
20171031,03001796,Hoffman Ernesto Guillermo,,01IN,Levy,-1,0,0,-1,-180.02,-217.82,0,0,0,0,0,0,0,0,0,,001300000414,,Crédito de Venta
20171031,01003694,Anacon SA,Nicasio Oronio 2243,04ANTICIPOS,Hector Collia,1,0,0,1,45083.52,54551.06,0,0,0,0,0,0,0,0,0,,001400000806,N,Factura de Venta
20171031,03005896,Cela Ricardo,Jose Hernández 6136,01654DC,Fernando Palmas,100,2,100,0,3993,4831.53,0,0,0,0,0,0,0,0,0,2661,002200008217,N,Factura de Venta
20171031,03005896,Cela Ricardo,Jose Hernández 6136,01658DC,Fernando Palmas,100,3,100,0,6103,7384.63,0,0,0,0,0,0,0,0,0,4050,002200008217,N,Factura de Venta
20171031,24005817,Multimat A.C.E,Av Belgrano 518,01764A,Diego Fani,11,0.5702004,0,11,4711.45,5700.85,0,0,0,21,10,0,0,0,0,719.07,002200008212,N,Factura de Venta
20171031,03005896,Cela Ricardo,Jose Hernández 6136,01654DC,Fernando Palmas,300,6,300,0,11979,14494.59,0,0,0,0,0,0,0,0,0,7983,002200008218,N,Factura de Venta
20171031,01003694,Anacon SA,Juan B. Justo 6502,04IIBB,Hector Collia,-1,0,0,-1,0,0,0,0,0,0,0,0,0,0,0,,001400008082,N,Crédito de Venta
20171031,03000023,Industrias Saladillo SA,IS.SA. Planta Pilar,01777BA,Isolant SI,203,5.4208308,0,203,35277.34,42685.58,0,0,0,0,0,0,0,0,0,21176.96,002200008189,N,Factura de Venta
20171031,03000023,Industrias Saladillo SA,IS.SA. Planta Pilar,01776BB,Isolant SI,17,1.24972848,0,17,8663.03,10482.27,0,0,0,0,0,0,0,0,0,5233.45,002200008190,N,Factura de Venta
20171031,01002345,Refrigeracion Lope de Vega SRL,,04C00898,Levy,1,0,0,1,0.34,0.34,0,0,0,0,0,0,0,0,0,,000000011269,,Débito (Ajustes)
20171031,07002231,Acerco SA,Bv. Domingo Zipoli Nº 440,04ANTICIPOS,Meier,1,0,0,1,226005.13,273466.21,0,0,0,0,0,0,0,0,0,,001400000805,N,Factura de Venta
20171031,31005961,Gomez Adolfo Ismael,Zelarrayan 2602,01764A,Norberto Oppezzo,3,0.1555092,0,3,1427.71,1727.53,0,0,0,21,0,0,0,0,0,196.11,002200008209,N,Factura de Venta
20171031,01000769,Gadaes SA,,04C00898,Levy,1,0,0,1,0.53,0.53,0,0,0,0,0,0,0,0,0,,000000011270,,Débito (Ajustes)
20171031,02000130,Telas Plasticas Miliavaca SA,Av. Hipolito Yrigoyen 11037,01654DC,Hector Collia,300,6,300,0,21000,25410,0,0,0,0,0,0,0,0,0,7983,002200008196,S,Factura de Venta
20171031,03000023,Industrias Saladillo SA,IS.SA. Planta Pilar,01776BA,Isolant SI,133,3.7604952,0,133,26002.83,31463.42,0,0,0,0,0,0,0,0,0,15043.63,002200008199,N,Factura de Venta
20171031,03000023,Industrias Saladillo SA,IS.SA. Planta Pilar,01778BA,Isolant SI,5,0.1225225,0,5,922.95,1116.77,0,0,0,0,0,0,0,0,0,463.25,002200008199,N,Factura de Venta
20171031,07002231,Acerco SA,Bv. Domingo Zipoli Nº 440,04ANTICIPOS,Meier,1,0,0,1,317814.19,384555.17,0,0,0,0,0,0,0,0,0,,001400000804,N,Factura de Venta
20171031,01005461,Corifersa S.A,,04C00898,Levy,1,0,0,1,0.02,0.02,0,0,0,0,0,0,0,0,0,,000000011268,,Débito (Ajustes)
20171031,03000023,Industrias Saladillo SA,IS.SA. Planta Pilar,01776BA,Isolant SI,75,2.12058,0,75,14663.25,17742.53,0,0,0,0,0,0,0,0,0,8483.25,002200008189,N,Factura de Venta
20171031,09002479,Elias Yapur S.A,Alvear 1160,04ANTICIPOS,Diego Fani,-1,0,0,-1,-124629.28,-150801.42,0,0,0,0,0,0,0,0,0,,001400008112,S,Crédito de Venta
20171031,04005551,Armado y Montado SA,Irigoyen 668,04ANTICIPOS,Ventas Buenos Aires,-1,0,0,-1,-120650.64,-145987.27,0,0,0,0,0,0,0,0,0,,001400008095,N,Crédito de Venta
20171031,11002934,Proyectos SRL,,04C00677,Victor Casañas,-1,0,0,-1,-215.49,-215.49,0,0,0,0,0,0,0,0,0,,000000011271,,Crédito (Ajustes)
20171031,02005702,Caps Ram,,04ANTICIPOS,Levy,-1,0,0,-1,-46050,-55720.5,0,0,0,0,0,0,0,0,0,,001400008103,N,Crédito de Venta
20171031,13005695,Hiperplaca SRL,Avda. Almirante Brown No. 32,04ANTICIPOS,Pedro Cocaña,1,0,0,1,35450.3,42894.86,0,0,0,0,0,0,0,0,0,,001400000809,N,Factura de Venta
20171031,03001796,Hoffman Ernesto Guillermo,,01IN,Levy,-1,0,0,-1,-84.03,-101.68,0,0,0,0,0,0,0,0,0,,001300000413,,Crédito de Venta

