﻿FechaTxt,Codigo_Cliente,Cliente,EntDir,Codigo_Articulo,Vendedor,cantidad,Mts3,Mts2,Rollos,Importe_Bruto,Importe_Neto,Dto_Contado,Dto_Flete,Dto_Especial,Bonificacion,Desc_Adicional,cantidad_elaborada,m2_ocupados,costo_unitario,costo_total_stock,Costo_de_venta
20161123,01002825,Iel SRL,Palestina 631 (Ex Rawson),01902A,Luis Ramirez,30,2.5884,0,30,37280.63,45109.56,0,0,10,30,0,0,0,0,0,0
20161123,01002825,Iel SRL,Palestina 631 (Ex Rawson),01901A,Luis Ramirez,9,0.70686,0,9,13301.25,16094.52,0,0,10,30,0,0,0,0,0,0
20161123,01002825,Iel SRL,Palestina 631 (Ex Rawson),01903A,Luis Ramirez,5,0.37995,0,5,4833.93,5849.05,0,0,10,30,0,0,0,0,0,0
20161123,01002825,Iel SRL,Palestina 631 (Ex Rawson),01904A,Luis Ramirez,1,0.06283,0,1,592.88,717.39,0,0,10,30,0,0,0,0,0,0
20161123,01002825,Iel SRL,Palestina 631 (Ex Rawson),01905A,Luis Ramirez,10,0.7118,0,10,5573.17,6743.53,0,0,10,30,0,0,0,0,0,0
20161123,04005689,Polifoam SRL,Alte. Brown 3985,01666DAP,Isolant SI,210,10.5,210,0,34571.46,41831.46,0,0,0,45,0,0,0,0,0,0
20161123,04005689,Polifoam SRL,Alte. Brown 3985,01524DC,Isolant SI,500,5,500,0,11780,14253.8,0,0,0,0,0,0,0,0,0,0
20161123,25003503,Mishima SRL,Alsina (O) 1468,01900A,Pedro Cocaña,2,0.1508,0,2,4773.97,5776.5,0,0,0,21,0,0,0,0,0,0
20161123,25003503,Mishima SRL,Alsina (O) 1468,01903A,Pedro Cocaña,10,0.7599,0,10,11436.99,13838.76,0,0,0,21,0,0,0,0,0,0
20161123,25003503,Mishima SRL,Alsina (O) 1468,01905A,Pedro Cocaña,10,0.7118,0,10,6593.02,7977.56,0,0,0,21,0,0,0,0,0,0
20161123,10000562,Poliplastica del Golfo,,04C00898,Guillermo Ghiretti,1,0,0,1,3.12,3.12,0,0,0,0,0,0,0,0,0,0
20161123,29002212,Don Caracciolo SA,Colectora Sur 626,01957A,Esteban Bergamaschi,1,0,0,1,0.2,0.24,0,0,0,0,0,0,0,0,0,0
20161123,29002212,Don Caracciolo SA,Colectora Sur 626,01851A,Esteban Bergamaschi,12,3,300,12,10814.04,13084.98,0,0,0,25,0,0,0,0,0,0
20161123,29002212,Don Caracciolo SA,Colectora Sur 626,01558ECC,Esteban Bergamaschi,600,6,600,30,20349,24622.3,0,0,0,25,0,0,0,0,0,0
20161123,03002793,Chindamo Francisco Juan,Pte. Derqui 4993,01850A,Esteban Bergamaschi,15,1.875,375,15,8416.27,10183.69,0,0,0,30,0,0,0,0,0,0
20161123,09005745,Comercial Ruta 11 SRL,Ruta 11 km 1006.50,01555AK,Ind Saladillo Chaco,3,0.135,45,3,778.42,941.89,0,0,0,17,0,0,0,0,0,0
20161123,09002438,Suc De Gustavo Lagerheim SA,Ruta 11 Km 1006.5,01555AK,Isolant SA,1,0.045,15,1,211.02,255.33,0,0,0,32.5,0,0,0,0,0,0
20161123,09005745,Comercial Ruta 11 SRL,Ruta 11 km 1006.50,01555AK,Ind Saladillo Chaco,6,0.27,90,6,1556.85,1883.79,0,0,0,17,0,0,0,0,0,0
20161123,09002438,Suc De Gustavo Lagerheim SA,Ruta 11 Km 1006.5,01555A,Isolant SA,1,0.1,20,1,396.93,480.28,0,0,0,32.5,0,0,0,0,0,0
20161123,08003998,Scofano Angel Domingo,Jhon Kennedy 250,01555A,Ind Saladillo Chaco,50,5,1000,50,22002.34,26622.83,0,0,2,17,8,0,0,0,0,0
20161123,08003998,Scofano Angel Domingo,Jhon Kennedy 250,01555C,Ind Saladillo Chaco,3,0.3,60,3,0.29,0.36,0,0,2,0,0,0,0,0,0,0
20161123,03003751,Indupoles Argentina SA,,04C00291,Isolant SI,1,0,0,1,5573.75,5573.75,0,0,0,0,0,0,0,0,0,0
20161123,01004065,Balbin 3001 SRL,"Km 52, J.E. Uriburu 1232 (Ex Ruta 8)",01900A,Levy,1,0.0754,0,1,2454.3,2969.7,0,3,0,21,0,0,0,0,0,0
20161123,01004065,Balbin 3001 SRL,"Km 52, J.E. Uriburu 1232 (Ex Ruta 8)",01905A,Levy,2,0.14236,0,2,1355.78,1640.5,0,3,0,21,0,0,0,0,0,0
20161123,01004065,Balbin 3001 SRL,"Km 52, J.E. Uriburu 1232 (Ex Ruta 8)",01555EC,Levy,4,0.4,80,4,1445.98,1749.63,0,3,0,21,0,0,0,0,0,0
20161123,03003886,Indoterm SA,San Lorenzo 4558,01857A,Levy,-8,-4,-200,-8,-50027.52,-60533.3,0,0,0,21,4,0,0,0,0,0
20161123,20003188,Emprendimiento Metalurgico Industrial SRL,,04C00898,Pedro Cocaña,1,0,0,1,3.13,3.13,0,0,0,0,0,0,0,0,0,0
20161123,01000452,Caffaro Hnos Sociedad de Responsabilidad Limitada,Martin Rodriguez 1433,01950B,Isolant SI,165,37.719,0,165,162756,196934.76,0,0,0,0,0,0,0,0,0,0
20161123,01000452,Caffaro Hnos Sociedad de Responsabilidad Limitada,Martin Rodriguez 1433,01950F,Isolant SI,65,14.85890406,0,65,32058,38790.18,0,0,0,0,0,0,0,0,0,0
20161123,08003085,Gomez Jose Nazario,9 de Julio 1448,01558BC,Ind Saladillo Chaco,2,0.4,40,2,2232.89,2701.79,0,0,0,17,3.5,0,0,0,0,0
20161123,17003541,Mielniczuk Materiales SRL,Av. Beltrame 1161,01558BC,Ind Saladillo Chaco,2,0.4,40,2,2267.6,2743.79,0,0,2,17,0,0,0,0,0,0
20161123,17003541,Mielniczuk Materiales SRL,Av. Beltrame 1161,01550A,Ind Saladillo Chaco,10,0.4,200,10,2069.7,2504.33,0,0,2,17,0,0,0,0,0,0
20161123,17003541,Mielniczuk Materiales SRL,Av. Beltrame 1161,01551A,Ind Saladillo Chaco,10,1,200,10,4037.96,4885.93,0,0,2,17,0,0,0,0,0,0
20161123,17003541,Mielniczuk Materiales SRL,Av. Beltrame 1161,01555A,Ind Saladillo Chaco,10,1,200,10,4783.12,5787.57,0,0,2,17,0,0,0,0,0,0
20161123,17003541,Mielniczuk Materiales SRL,Av. Beltrame 1161,01555M,Ind Saladillo Chaco,10,1.5,200,10,11097.79,13428.32,0,0,2,17,0,0,0,0,0,0
20161123,09005745,Comercial Ruta 11 SRL,Ruta 11 km 1006.50,01555AK,Ind Saladillo Chaco,6,0.27,90,6,1556.85,1883.79,0,0,0,17,0,0,0,0,0,0
20161123,09004167,Finos Carlos Miguel,Antartida Argentina 155,01555AK,Ind Saladillo Chaco,50,2.25,750,50,12205.69,14768.88,0,0,2,17,4,0,0,0,0,0
20161123,24000055,Impack SA,Galvez 1544,01524DC,Victor Casañas,750,7.5,750,0,16470,19928.7,0,0,0,0,0,0,0,0,0,0
20161123,07001830,Schafer Alfredo,Pedro Zanni 1030,01957A,Meier,1,0,0,1,0.1,0.12,0,0,0,0,0,0,0,0,0,0
20161123,07001830,Schafer Alfredo,Pedro Zanni 1030,01555MC,Meier,400,3,400,20,21570.16,26099.9,0,0,0,21,0,0,0,0,0,0
20161123,07001830,Schafer Alfredo,Pedro Zanni 1030,01555MA,Meier,2,0.3,40,2,0.2,0.24,0,0,0,0,0,0,0,0,0,0
20161123,07001830,Schafer Alfredo,Pedro Zanni 1030,01559AA,Meier,200,2,200,10,7094.2,8583.98,0,0,0,21,0,0,0,0,0,0
20161123,09003352,Silvestri Alejandro Geronimo,,04C00291,Ind Saladillo Chaco,1,0,0,1,3000,3000,0,0,0,0,0,0,0,0,0,0
20161123,24003402,Tecno Part S.A.,Bv. Segui 1357,01559AA,Victor Casañas,80,0.8,80,4,2837.68,3433.6,0,0,0,21,0,0,0,0,0,0
20161123,24003402,Tecno Part S.A.,Bv. Segui 1357,01764C,Victor Casañas,1,0.06597,0,1,1950.58,2360.2,0,0,0,21,0,0,0,0,0,0
20161123,24003402,Tecno Part S.A.,Bv. Segui 1357,01765C,Victor Casañas,1,0.05881,0,1,863.32,1044.62,0,0,0,21,0,0,0,0,0,0
20161123,24005520,Nocelli Ariel Jesus,Cerrityo 1114/1122,01558ES,Diego Fani,50,10,1000,50,18898.7,22867.43,0,3,0,32.5,12,0,0,0,0,0
20161123,23003121,Francisco Jorge,Gobernador Moyano 158,01957AA,Guillermo Ghiretti,1,0,0,1,0.1,0.12,0,0,0,0,0,0,0,0,0,0
20161123,23003121,Francisco Jorge,Gobernador Moyano 158,01700A,Guillermo Ghiretti,10,1.2,0,10,5954.76,7205.26,0,0,0,30,0,0,0,0,0,0
20161123,23003121,Francisco Jorge,Gobernador Moyano 158,01603B,Guillermo Ghiretti,20,1,500,20,3965.64,4798.42,0,0,0,30,0,0,0,0,0,0
20161123,31003963,Sanitarios Carosio SA,Alte. Brown 54,01555AA,Ventas Buenos Aires,500,2.5,500,25,11148.48,13489.66,0,0,0,21,4,0,0,0,0,0
20161123,31003963,Sanitarios Carosio SA,Alte. Brown 54,01555C,Ventas Buenos Aires,3,0.3,60,3,0.3,0.36,0,0,0,0,0,0,0,0,0,0
20161123,31003963,Sanitarios Carosio SA,Alte. Brown 54,01559AA,Ventas Buenos Aires,500,5,500,25,17026.08,20601.56,0,0,0,21,4,0,0,0,0,0
20161123,31003963,Sanitarios Carosio SA,Alte. Brown 54,01557C,Ventas Buenos Aires,3,0.6,60,3,0.3,0.36,0,0,0,0,0,0,0,0,0,0
20161123,03001501,Bautec SA,29 De Noviembre 2350,01524D,Hector Collia,200,2,200,0,5235.1,6334.47,0,0,0,35,0,0,0,0,0,0
20161123,03001501,Bautec SA,29 De Noviembre 2350,01524D,Hector Collia,175,1.75,175,0,4580.71,5542.66,0,0,0,35,0,0,0,0,0,0
20161123,24003150,Germena Vito Antonio,Belgrano 832,01555AA,Diego Fani,300,1.5,300,15,6967.8,8431.04,0,0,0,21,0,0,0,0,0,0
20161123,24003150,Germena Vito Antonio,Belgrano 832,01559AA,Diego Fani,300,3,300,15,10641.3,12875.98,0,0,0,21,0,0,0,0,0,0
20161123,24003150,Germena Vito Antonio,Belgrano 832,01555AKC,Diego Fani,225,6.75,225,15,3704.3,4482.22,0,0,0,21,0,0,0,0,0,0
20161123,30005659,Tripodi Jorge Enrique,Av. Falucho 1140,01960DA,Esteban Bergamaschi,25,0,0,25,62799.19,75987.02,0,0,0,25,0,0,0,0,0,0
20161123,01005803,Semadis SRL,,04ANTICIPOS,Ventas Buenos Aires,1,0,0,1,91254.24,110417.64,0,0,0,0,0,0,0,0,0,0

