﻿FechaTxt,Codigo_Cliente,Cliente,EntDir,Codigo_Articulo,Vendedor,cantidad,Mts3,Mts2,Rollos,Importe_Bruto,Importe_Neto,Dto_Contado,Dto_Flete,Dto_Especial,Bonificacion,Desc_Adicional,cantidad_elaborada,m2_ocupados,costo_unitario,costo_total_stock,Costo_de_venta
20170118,99004274,Maderas Sucre S.A.,Docentes Argentinos 6600,01957A,Meier,1,0,0,1,0.1,0.12,0,0,0,0,0,0,0,0,0,0
20170118,99004274,Maderas Sucre S.A.,Docentes Argentinos 6600,01957AA,Meier,1,0,0,1,0.1,0.12,0,0,0,0,0,0,0,0,0,0
20170118,99004274,Maderas Sucre S.A.,Docentes Argentinos 6600,01603BD,Meier,250,0.5,250,10,2235.7,2705.2,0,0,0,21,0,0,0,0,0,0
20170118,99004274,Maderas Sucre S.A.,Docentes Argentinos 6600,01555MC,Meier,200,1.5,200,10,10785.08,13049.94,0,0,0,21,0,0,0,0,0,0
20170118,99004274,Maderas Sucre S.A.,Docentes Argentinos 6600,01555MA,Meier,1,0.15,20,1,0.1,0.12,0,0,0,0,0,0,0,0,0,0
20170118,99004274,Maderas Sucre S.A.,Docentes Argentinos 6600,01559AA,Meier,500,5,500,25,17735.5,21459.96,0,0,0,21,0,0,0,0,0,0
20170118,99004274,Maderas Sucre S.A.,Docentes Argentinos 6600,01557C,Meier,3,0.6,60,3,0.3,0.36,0,0,0,0,0,0,0,0,0,0
20170118,27001542,Rosso Hnos. de Alvaro S. Rosso y Raul E. Rosso,Suc. 09- Ruta 301 (ex38) Km 1541,01559AA,Pedro Cocaña,1200,12,1200,60,34493.98,41737.72,0,3,0,25,12,0,0,0,0,0
20170118,27001542,Rosso Hnos. de Alvaro S. Rosso y Raul E. Rosso,Suc. 09- Ruta 301 (ex38) Km 1541,01557C,Pedro Cocaña,15,3,300,15,1.46,1.76,0,3,0,0,0,0,0,0,0,0
20170118,27001542,Rosso Hnos. de Alvaro S. Rosso y Raul E. Rosso,Suc. 09- Ruta 301 (ex38) Km 1541,01559AA,Pedro Cocaña,600,6,600,30,17246.98,20868.86,0,3,0,25,12,0,0,0,0,0
20170118,27001542,Rosso Hnos. de Alvaro S. Rosso y Raul E. Rosso,Suc. 09- Ruta 301 (ex38) Km 1541,01557C,Pedro Cocaña,3,0.6,60,3,0.3,0.36,0,3,0,0,0,0,0,0,0,0
20170118,01000313,Montagne Outdoors SACIFIA,,04C00898,Fernando Palmas,1,0,0,1,0.26,0.26,0,0,0,0,0,0,0,0,0,0
20170118,16003985,Goma Sur SRL,Ballofet 1199,01551I,Leandro Diaz,4,0.4,80,4,770.4,932.18,0,0,0,25,0,0,0,0,0,0
20170118,16003985,Goma Sur SRL,Ballofet 1199,01524HC,Leandro Diaz,50,0.5,50,0,1510.13,1827.25,0,0,0,25,0,0,0,0,0,0
20170118,16003985,Goma Sur SRL,Ballofet 1199,01524GC,Leandro Diaz,50,0.5,50,0,1510.13,1827.25,0,0,0,25,0,0,0,0,0,0
20170118,16003985,Goma Sur SRL,Ballofet 1199,01514DB,Leandro Diaz,300,1.5,300,300,5613.75,6792.64,0,0,0,25,0,0,0,0,0,0
20170118,16003985,Goma Sur SRL,Ballofet 1199,01764A,Leandro Diaz,1,0.0518364,0,1,418.34,506.19,0,0,0,25,0,0,0,0,0,0
20170118,16003985,Goma Sur SRL,Ballofet 1199,01765A,Leandro Diaz,1,0.0465,0,1,378.66,458.18,0,0,0,25,0,0,0,0,0,0
20170118,16003985,Goma Sur SRL,Ballofet 1199,01766A,Leandro Diaz,1,0.03958,0,1,323.29,391.18,0,0,0,25,0,0,0,0,0,0
20170118,01002325,Centro Sec SRL,Av. Cordoba 5625,01558AL,Hector Collia,20,4,800,20,18490.65,22373.69,0,0,0,25,0,0,0,0,0,0
20170118,01002325,Centro Sec SRL,Av. Cordoba 5625,01558ALP,Hector Collia,2,0.4,80,2,0.2,0.24,0,0,0,0,0,0,0,0,0,0
20170118,01002325,Centro Sec SRL,Av. Cordoba 5625,01568CB,Hector Collia,6,1.2,120,6,7986.1,9663.19,0,0,0,25,0,0,0,0,0,0
20170118,03000023,Industrias Saladillo SA,IS.SA. Planta Pilar,01781B,Isolant SI,40,1.568,0,40,3926.8,4751.43,0,0,0,0,0,0,0,0,0,0
20170118,03000023,Industrias Saladillo SA,IS.SA. Planta Pilar,01779B,Isolant SI,28,0.9051588,0,28,3997.28,4836.71,0,0,0,0,0,0,0,0,0,0
20170118,07000012,Natali Plasticos SRL,Av. Savio 864,01558BC,Isolant SA,15,3,300,15,14113.24,17077.02,0,0,0,32.5,0,0,0,0,0,0
20170118,03003751,Indupoles Argentina SA,Parque Ind. Campana - Km70 de Panamericana - Lote 12,01500AIN,Isolant SI,18000,9,18000,18000,26640,32234.4,0,0,0,0,0,0,0,0,0,0
20170118,03003751,Indupoles Argentina SA,Parque Ind. Campana - Km70 de Panamericana - Lote 12,01500AIN,Isolant SI,14000,7,14000,14000,20720,25071.2,0,0,0,0,0,0,0,0,0,0
20170118,03003751,Indupoles Argentina SA,Parque Ind. Campana - Km70 de Panamericana - Lote 12,01500BIN,Isolant SI,41400,20.7,41400,41400,61272,74139.12,0,0,0,0,0,0,0,0,0,0
20170118,10000181,Sagosa SCC,Av. Polonia 598,01557A,Guillermo Ghiretti,120,24,2400,120,69509.81,84106.87,0,3,0,30,5,0,0,0,0,0
20170118,10000181,Sagosa SCC,Av. Polonia 598,01557C,Guillermo Ghiretti,20,4,400,20,1.94,2.35,0,3,0,0,0,0,0,0,0,0
20170118,01003705,Rosenblatt Daniel y Rosenblatt Carlos S.H.,Av. Forest 540,01603B,Hector Collia,27,1.35,675,27,5353.61,6477.87,0,0,0,30,0,0,0,0,0,0
20170118,01003705,Rosenblatt Daniel y Rosenblatt Carlos S.H.,Av. Forest 540,01700A,Hector Collia,3,0.36,0,3,2016.11,2439.5,0,0,0,21,0,0,0,0,0,0
20170118,04000007,Disapla S.A.,Mercedes 2867,01557A,Isolant SA,25,5,500,25,15153.58,18335.83,0,0,0,32.5,0,0,0,0,0,0
20170118,04000007,Disapla S.A.,Mercedes 2867,01557C,Isolant SA,3,0.6,60,3,0.3,0.36,0,0,0,0,0,0,0,0,0,0
20170118,04000007,Disapla S.A.,Mercedes 2867,01555A,Isolant SA,25,2.5,500,25,9923.18,12007.04,0,0,0,32.5,0,0,0,0,0,0
20170118,04000007,Disapla S.A.,Mercedes 2867,01555C,Isolant SA,3,0.3,60,3,0.3,0.36,0,0,0,0,0,0,0,0,0,0
20170118,27001542,Rosso Hnos. de Alvaro S. Rosso y Raul E. Rosso,Suc.05 - 25 DE MAYO 69,01559AA,Pedro Cocaña,1200,12,1200,60,34493.98,41737.72,0,3,0,25,12,0,0,0,0,0
20170118,27001542,Rosso Hnos. de Alvaro S. Rosso y Raul E. Rosso,Suc.05 - 25 DE MAYO 69,01557C,Pedro Cocaña,15,3,300,15,1.46,1.76,0,3,0,0,0,0,0,0,0,0
20170118,27001542,Rosso Hnos. de Alvaro S. Rosso y Raul E. Rosso,Suc.05 - 25 DE MAYO 69,01555AA,Pedro Cocaña,300,1.5,300,15,5646.56,6832.34,0,3,0,25,12,0,0,0,0,0
20170118,27001542,Rosso Hnos. de Alvaro S. Rosso y Raul E. Rosso,Suc.05 - 25 DE MAYO 69,01555C,Pedro Cocaña,3,0.3,60,3,0.3,0.36,0,3,0,0,0,0,0,0,0,0
20170118,27001542,Rosso Hnos. de Alvaro S. Rosso y Raul E. Rosso,Suc.05 - 25 DE MAYO 69,01559AA,Pedro Cocaña,1200,12,1200,60,34493.98,41737.72,0,3,0,25,12,0,0,0,0,0
20170118,27001542,Rosso Hnos. de Alvaro S. Rosso y Raul E. Rosso,Suc.05 - 25 DE MAYO 69,01557C,Pedro Cocaña,6,1.2,120,6,0.58,0.7,0,3,0,0,0,0,0,0,0,0
20170118,27001542,Rosso Hnos. de Alvaro S. Rosso y Raul E. Rosso,Suc.05 - 25 DE MAYO 69,01555AA,Pedro Cocaña,500,2.5,500,25,9410.94,11387.24,0,3,0,25,12,0,0,0,0,0
20170118,27001542,Rosso Hnos. de Alvaro S. Rosso y Raul E. Rosso,Suc.05 - 25 DE MAYO 69,01555C,Pedro Cocaña,3,0.3,60,3,0.3,0.36,0,3,0,0,0,0,0,0,0,0
20170118,27001542,Rosso Hnos. de Alvaro S. Rosso y Raul E. Rosso,Suc.05 - 25 DE MAYO 69,01750A,Pedro Cocaña,10,0,0,10,6084.22,7361.92,0,3,0,25,0,0,0,0,0,0
20170118,30000177,Guerra Alfredo Felix,Lavalle 20,01957A,Disapla,1,0,0,1,0.1,0.12,0,0,0,0,0,0,0,0,0,0
20170118,30000177,Guerra Alfredo Felix,Lavalle 20,01555M,Disapla,50,7.5,1000,50,51736.91,62601.66,0,0,0,21,4,0,0,0,0,0
20170118,30000177,Guerra Alfredo Felix,Lavalle 20,01555MA,Disapla,5,0.75,100,5,0.5,0.61,0,0,0,0,0,0,0,0,0,0
20170118,31003963,Sanitarios Carosio SA,Alte. Brown 54,01957A,Ventas Buenos Aires,1,0,0,1,0.1,0.12,0,0,0,0,0,0,0,0,0,0
20170118,31003963,Sanitarios Carosio SA,Alte. Brown 54,01555AA,Ventas Buenos Aires,960,4.8,960,48,21405.08,25900.14,0,0,0,21,4,0,0,0,0,0
20170118,31003963,Sanitarios Carosio SA,Alte. Brown 54,01559AA,Ventas Buenos Aires,480,4.8,480,24,16345.04,19777.5,0,0,0,21,4,0,0,0,0,0
20170118,31003963,Sanitarios Carosio SA,Alte. Brown 54,01555C,Ventas Buenos Aires,12,1.2,240,12,1.2,1.46,0,0,0,0,0,0,0,0,0,0
20170118,31003963,Sanitarios Carosio SA,Alte. Brown 54,01557C,Ventas Buenos Aires,6,1.2,120,6,0.6,0.72,0,0,0,0,0,0,0,0,0,0
20170118,02001281,Maderera Llavallol SA,Camino De Cintura 490,01557A,Hector Collia,30,6,600,30,21282.36,25751.66,0,0,0,21,0,0,0,0,0,0
20170118,02001281,Maderera Llavallol SA,Camino De Cintura 490,01557C,Hector Collia,3,0.6,60,3,0.3,0.36,0,0,0,0,0,0,0,0,0,0
20170118,02001281,Maderera Llavallol SA,Camino De Cintura 490,01555A,Hector Collia,25,2.5,500,25,11613.79,14052.69,0,0,0,21,0,0,0,0,0,0
20170118,02001281,Maderera Llavallol SA,Camino De Cintura 490,01555C,Hector Collia,3,0.3,60,3,0.3,0.36,0,0,0,0,0,0,0,0,0,0
20170118,03000023,Industrias Saladillo SA,IS.SA. Planta Pilar,01777B,Isolant SI,178,4.7526,0,178,18209.4,22033.37,0,0,0,0,0,0,0,0,0,0
20170118,03000023,Industrias Saladillo SA,IS.SA. Planta Pilar,01777B,Isolant SI,45,1.2015,0,45,4603.5,5570.23,0,0,0,0,0,0,0,0,0,0
20170118,03000023,Industrias Saladillo SA,IS.SA. Planta Pilar,01777B,Isolant SI,47,1.2549,0,47,5096.68,6166.98,0,0,0,0,0,0,0,0,0,0
20170118,03000023,Industrias Saladillo SA,IS.SA. Planta Pilar,01778B,Isolant SI,60,1.47027,0,60,6725.4,8137.73,0,0,0,0,0,0,0,0,0,0
20170118,03004764,Gutkoski Antenor Jose,Av. Juan M. Rosas 2034,01555MC,Levy,300,2.25,300,15,16177.62,19574.92,0,0,0,21,0,0,0,0,0,0
20170118,01000313,Montagne Outdoors SACIFIA,"Godoy Cruz 1360 - ""No enviar Semis""",01650DC,Fernando Palmas,50,0.5,50,0,1686.5,2040.67,0,0,0,0,0,0,0,0,0,0
20170118,16004492,Roberto Fiorentini SRL,Cervantes Nº2740,01552IC,Leandro Diaz,300,3,300,15,6086.16,7364.26,0,0,0,21,0,0,0,0,0,0
20170118,04005689,Polifoam SRL,Alte. Brown 3985,01761A,Isolant SI,30,1.9509,0,30,7603.2,9199.87,0,0,0,0,0,0,0,0,0,0
20170118,04005689,Polifoam SRL,Alte. Brown 3985,01504D,Isolant SI,1920,1.92,1920,0,6105.6,7387.78,0,0,0,0,0,0,0,0,0,0
20170118,02005193,Maderera Salgueiro SA,Av. Centenario 4829,01957A,Ventas Buenos Aires,1,0,0,1,0.1,0.12,0,0,0,0,0,0,0,0,0,0
20170118,02005193,Maderera Salgueiro SA,Av. Centenario 4829,01555MC,Ventas Buenos Aires,400,3,400,20,21570.16,26099.9,0,0,0,21,0,0,0,0,0,0
20170118,02005193,Maderera Salgueiro SA,Av. Centenario 4829,01555MA,Ventas Buenos Aires,2,0.3,40,2,0.2,0.24,0,0,0,0,0,0,0,0,0,0
20170118,29000227,Moreno Alfredo German,Diego Laure 264,01558BC,Isolant SA,25,5,500,25,22581.18,27323.23,0,0,0,32.5,4,0,0,0,0,0
20170118,03003751,Indupoles Argentina SA,Parque Ind. Campana - Km70 de Panamericana - Lote 12,01510CC,Isolant SI,1650,4.95,1650,1650,7903.5,9563.24,0,0,0,0,0,0,0,0,0,0
20170118,03003751,Indupoles Argentina SA,Parque Ind. Campana - Km70 de Panamericana - Lote 12,01500AIN,Isolant SI,11400,5.7,11400,11400,16872,20415.12,0,0,0,0,0,0,0,0,0,0
20170118,03003751,Indupoles Argentina SA,Parque Ind. Campana - Km70 de Panamericana - Lote 12,01500BIN,Isolant SI,42600,21.3,42600,42600,63048,76288.08,0,0,0,0,0,0,0,0,0,0

