﻿FechaTxt,Codigo_Cliente,Cliente,EntDir,Codigo_Articulo,Vendedor,cantidad,Mts3,Mts2,Rollos,Importe_Bruto,Importe_Neto,Dto_Contado,Dto_Flete,Dto_Especial,Bonificacion,Desc_Adicional,cantidad_elaborada,m2_ocupados,costo_unitario,costo_total_stock,Costo_de_venta,comp,C_Construccion,nomdoc
20171030,22003435,Sidermet San Luis SA,Ruta 3 Km 1 Extremo Sur,06C001CO,Leandro Diaz,1,0,0,1,0.1,0.12,0,0,0,0,0,0,0,0,0,0,002200008187,N,Factura de Venta
20171030,22003435,Sidermet San Luis SA,Ruta 3 Km 1 Extremo Sur,01555A,Leandro Diaz,100,10,2000,100,42924.43,51938.56,0,0,0,21,12,0,0,0,0,16699,002200008187,N,Factura de Venta
20171030,22003435,Sidermet San Luis SA,Ruta 3 Km 1 Extremo Sur,01557A,Leandro Diaz,50,10,1000,50,32774.86,39657.58,0,0,0,21,12,0,0,0,0,13530.5,002200008187,N,Factura de Venta
20171030,22003435,Sidermet San Luis SA,Ruta 3 Km 1 Extremo Sur,01558BC,Leandro Diaz,30,6,600,30,33645.43,40710.97,0,0,0,21,4,0,0,0,0,16770.3,002200008187,N,Factura de Venta
20171030,03003063,Divano Y Villar SRL,Av. Mitre 2898,01950D,Levy,1,0.2286,0,1,612,740.52,0,0,0,0,0,0,0,0,0,318.76,002200008170,N,Factura de Venta
20171030,03003063,Divano Y Villar SRL,Av. Mitre 2898,01652AC,Levy,10,0.15,10,0,849.8,1028.26,0,0,0,21,0,0,0,0,0,196.9,002200008170,N,Factura de Venta
20171030,11005543,Baldi Mario Manuel Ramon,Pellegrini 1140,06C001CS,Victor Casañas,1,0,0,1,0.1,0.12,0,0,0,0,0,0,0,0,0,0,002200008176,N,Factura de Venta
20171030,11005543,Baldi Mario Manuel Ramon,Pellegrini 1140,06T001BM,Victor Casañas,1,0,0,1,0.1,0.12,0,0,0,0,0,0,0,0,0,0,002200008176,N,Factura de Venta
20171030,04005689,Polifoam SRL,Alte. Brown 3985,01761A,Isolant SI,53,3.44659,0,53,14507.16,17553.66,0,0,0,0,0,0,0,0,0,4775.83,002200008177,N,Factura de Venta
20171030,28000201,CASARINO S.R.L.,"Eusebio Ayala 4165 Km 4,5",01852AA,Fernando Palmas,5,2.5,125,5,6384.74,6384.74,0,0,0,0,0,0,0,0,0,3694.15,001500000684,,Factura Exterior
20171030,28000201,CASARINO S.R.L.,"Eusebio Ayala 4165 Km 4,5",01603AC,Fernando Palmas,25,1.25,625,25,5230.04,5230.04,0,0,0,0,0,0,0,0,0,3149.75,001500000684,,Factura Exterior
20171030,30004147,Estructuras Metalicas Diceva SRL,Ruta 5 Km 160.8 Parque Ind Chivilcoy,01960DA,Hector Collia,4,0,0,4,11779.72,14253.46,0,0,0,21,0,0,0,0,0,4340,002200008175,S,Factura de Venta
20171030,11005543,Baldi Mario Manuel Ramon,Pellegrini 1140,01557AR,Victor Casañas,10,2,200,10,4433.01,5363.94,0,0,0,21,0,0,0,0,0,2370.6,002200008176,N,Factura de Venta
20171030,11005543,Baldi Mario Manuel Ramon,Pellegrini 1140,01558ET,Victor Casañas,5,1,100,5,2723.88,3295.9,0,0,0,21,0,0,0,0,0,1265.55,002200008176,N,Factura de Venta
20171030,11005543,Baldi Mario Manuel Ramon,Pellegrini 1140,01750A,Victor Casañas,1,0,0,1,693.74,839.42,0,0,0,21,0,0,0,0,0,187.6,002200008176,N,Factura de Venta
20171030,03004883,Porosin S.A.,Av. Mitre Nro. 1338,01654ACP,Levy,50,1,50,0,5557.65,6724.76,0,0,0,21,0,0,0,0,0,1232,002200008172,N,Factura de Venta
20171030,03004883,Porosin S.A.,Av. Mitre Nro. 1338,01950D,Levy,2,0.4572,0,2,1224,1481.04,0,0,0,0,0,0,0,0,0,637.52,002200008172,N,Factura de Venta
20171030,03004883,Porosin S.A.,Av. Mitre Nro. 1338,01552I,Levy,5,1,200,5,2088.6,2527.21,0,0,0,21,0,0,0,0,0,995.8,002200008172,N,Factura de Venta
20171030,03004883,Porosin S.A.,Av. Mitre Nro. 1338,01551I,Levy,5,0.5,100,5,1044.78,1264.18,0,0,0,21,0,0,0,0,0,405.1,002200008172,N,Factura de Venta
20171030,03004883,Porosin S.A.,Av. Mitre Nro. 1338,01550I,Levy,5,0.35,175,5,541.11,654.74,0,0,0,21,0,0,0,0,0,212.85,002200008172,N,Factura de Venta
20171030,28000201,CASARINO S.R.L.,"Eusebio Ayala 4165 Km 4,5",01851A,Fernando Palmas,30,7.5,750,30,19975.89,19975.89,0,0,0,0,0,0,0,0,0,10307.4,001500000684,,Factura Exterior
20171030,28002335,TUBACERO S.A.,Coronel Raiz 949,01753A,Fernando Palmas,1,0.0375,0,1,719.95,719.95,0,0,0,0,0,0,0,0,0,471.04,001500000686,,Factura Exterior
20171030,28005957,SOCIEDAD SYNERGY LTDA,BOLIVIA,01753B,Fernando Palmas,20,1.05,0,20,17390,17390,0,0,0,0,0,0,0,0,0,13765.4,001500000688,,Factura Exterior
20171030,28005957,SOCIEDAD SYNERGY LTDA,BOLIVIA,01605A,Fernando Palmas,610,76.25,0,610,204202.07,204202.07,0,0,0,0,0,0,0,0,0,52618.6,001500000688,,Factura Exterior
20171030,02004573,La Plata Ceramicos S A,125 y 69 La Plata,06C001PI,Ventas Buenos Aires,1,0,0,1,0.1,0.12,0,0,0,0,0,0,0,0,0,0,002200008181,N,Factura de Venta
20171030,02004573,La Plata Ceramicos S A,125 y 69 La Plata,01603AC,Ventas Buenos Aires,32,1.6,800,32,7518.78,9097.72,0,0,0,21,0,0,0,0,0,4031.68,002200008181,N,Factura de Venta
20171030,11005824,Directo Srl,Luis Noaco 123,01950D,Victor Casañas,100,22.86,0,100,52380,63379.8,0,3,0,0,0,0,0,0,0,31876,002200008186,S,Factura de Venta
20171030,28002335,TUBACERO S.A.,Coronel Raiz 949,01557A,Fernando Palmas,170,34,3400,170,107431.94,107431.94,0,0,0,0,0,0,0,0,0,46003.7,001500000686,,Factura Exterior
20171030,28002335,TUBACERO S.A.,Coronel Raiz 949,01554BR,Fernando Palmas,5,0.6,100,5,5284.82,5284.82,0,0,0,0,0,0,0,0,0,2277.6,001500000686,,Factura Exterior
20171030,28002335,TUBACERO S.A.,Coronel Raiz 949,01550I,Fernando Palmas,300,21,10500,300,20868,20868,0,0,0,0,0,0,0,0,0,12771,001500000686,,Factura Exterior
20171030,28002335,TUBACERO S.A.,Coronel Raiz 949,01555AR,Fernando Palmas,20,2,400,20,5356.12,5356.12,0,0,0,0,0,0,0,0,0,2708.2,001500000686,,Factura Exterior
20171030,28002335,TUBACERO S.A.,Coronel Raiz 949,01654ON,Fernando Palmas,16,2.688,0,16,6844.7,6844.7,0,0,0,0,0,0,0,0,0,4694.72,001500000686,,Factura Exterior
20171030,28002335,TUBACERO S.A.,Coronel Raiz 949,01655ON,Fernando Palmas,6,1.008,0,6,3051.95,3051.95,0,0,0,0,0,0,0,0,0,2092.68,001500000686,,Factura Exterior
20171030,28000201,CASARINO S.R.L.,"Eusebio Ayala 4165 Km 4,5",01554BC,Fernando Palmas,30,3,600,30,25458.96,25458.96,0,0,0,0,0,0,0,0,0,12158.1,001500000685,,Factura Exterior
20171030,28000201,CASARINO S.R.L.,"Eusebio Ayala 4165 Km 4,5",01850A,Fernando Palmas,20,2.5,500,20,6910.79,6910.79,0,0,0,0,0,0,0,0,0,2547.4,001500000685,,Factura Exterior
20171030,28000201,CASARINO S.R.L.,"Eusebio Ayala 4165 Km 4,5",01700A,Fernando Palmas,145,17.4,0,145,70401.68,70401.68,0,0,0,0,0,0,0,0,0,38735.3,001500000685,,Factura Exterior
20171030,28000201,CASARINO S.R.L.,"Eusebio Ayala 4165 Km 4,5",01603AC,Fernando Palmas,40,2,1000,40,8368.07,8368.07,0,0,0,0,0,0,0,0,0,5039.6,001500000685,,Factura Exterior
20171030,28002335,TUBACERO S.A.,Coronel Raiz 949,01550A,Fernando Palmas,30,1.2,600,30,5018.75,5018.75,0,0,0,0,0,0,0,0,0,2048.1,001500000686,,Factura Exterior
20171030,28002335,TUBACERO S.A.,Coronel Raiz 949,01555A,Fernando Palmas,100,10,2000,100,38240.61,38240.61,0,0,0,0,0,0,0,0,0,16699,001500000686,,Factura Exterior
20171030,03003063,Divano Y Villar SRL,Av. Mitre 2898,01772AC,Levy,1,0.18944,0,1,1778.36,2151.82,0,0,0,21,0,0,0,0,0,324.11,002200008169,N,Factura de Venta
20171030,28000201,CASARINO S.R.L.,"Eusebio Ayala 4165 Km 4,5",01550A,Fernando Palmas,100,4,2000,100,16729.18,16729.18,0,0,0,0,0,0,0,0,0,6827,001500000685,,Factura Exterior
20171030,28000201,CASARINO S.R.L.,"Eusebio Ayala 4165 Km 4,5",01555A,Fernando Palmas,115,11.5,2300,115,39657.03,39657.03,0,0,0,0,0,0,0,0,0,19203.85,001500000685,,Factura Exterior
20171030,28000201,CASARINO S.R.L.,"Eusebio Ayala 4165 Km 4,5",01558ES,Fernando Palmas,35,7,700,35,18502.96,18502.96,0,0,0,0,0,0,0,0,0,9098.6,001500000685,,Factura Exterior
20171030,28000201,CASARINO S.R.L.,"Eusebio Ayala 4165 Km 4,5",01555AR,Fernando Palmas,50,5,1000,50,11999.1,11999.1,0,0,0,0,0,0,0,0,0,6770.5,001500000685,,Factura Exterior
20171030,28000201,CASARINO S.R.L.,"Eusebio Ayala 4165 Km 4,5",01558EC,Fernando Palmas,50,10,1000,50,33041,33041,0,0,0,0,0,0,0,0,0,20393,001500000685,,Factura Exterior
20171030,28003683,SIKA BOLIVIA S.A.,Carretera Cotoca km 11 - Zona Industrial Guapilo,0402GTOSCONSO,Fernando Palmas,1,0,0,1,14781.5,14781.5,0,0,0,0,0,0,0,0,0,0,001500000687,,Factura Exterior
20171030,04005689,Polifoam SRL,Alte. Brown 3985,01761A,Isolant SI,13,0.84539,0,13,3558.36,4305.62,0,0,0,0,0,0,0,0,0,1171.43,002200008179,N,Factura de Venta
20171030,03004763,Mundo Hierro S.A.,Ruta 9 Panamericana Km 46.30 Colectora Este,01557A,Levy,25,5,500,25,18622.08,22532.71,0,0,0,21,0,0,0,0,0,6765.25,002200008180,N,Factura de Venta
20171030,29001247,Salazar Wilchelm Juan Carlos,Calle 5 Nº1998 (Esq. 512),01514DC,Fernando Palmas,1440,7.2,1440,1440,14716.8,17807.33,0,0,0,0,0,0,0,0,0,7603.2,002200008182,N,Factura de Venta
20171030,29001247,Salazar Wilchelm Juan Carlos,Calle 5 Nº1998 (Esq. 512),01514DA,Fernando Palmas,2500,12.5,2500,2500,25550,30915.5,0,0,0,0,0,0,0,0,0,12200,002200008182,N,Factura de Venta
20171030,03003063,Divano Y Villar SRL,Av. Mitre 2898,01772AD,Levy,1,0.18944,0,1,1778.36,2151.82,0,0,0,21,0,0,0,0,0,324.11,002200008169,N,Factura de Venta
20171030,28000201,CASARINO S.R.L.,"Eusebio Ayala 4165 Km 4,5",01554BC,Fernando Palmas,20,2,400,20,16972.64,16972.64,0,0,0,0,0,0,0,0,0,8105.4,001500000683,,Factura Exterior
20171030,28000201,CASARINO S.R.L.,"Eusebio Ayala 4165 Km 4,5",01568B,Fernando Palmas,1456,14.56,1456,72.8,74668.21,74668.21,0,0,0,0,0,0,0,0,0,813918.56,001500000683,,Factura Exterior
20171030,28000201,CASARINO S.R.L.,"Eusebio Ayala 4165 Km 4,5",01850A,Fernando Palmas,30,3.75,750,30,10366.18,10366.18,0,0,0,0,0,0,0,0,0,3821.1,001500000683,,Factura Exterior
20171030,28000201,CASARINO S.R.L.,"Eusebio Ayala 4165 Km 4,5",01554BR,Fernando Palmas,15,1.8,300,15,15854.46,15854.46,0,0,0,0,0,0,0,0,0,6832.8,001500000683,,Factura Exterior
20171030,28003683,SIKA BOLIVIA S.A.,Carretera Cotoca km 11 - Zona Industrial Guapilo,01900A,Fernando Palmas,40,3.016,0,40,79493.17,79493.17,0,0,0,0,0,0,0,0,0,47615.6,001500000687,,Factura Exterior
20171030,28003683,SIKA BOLIVIA S.A.,Carretera Cotoca km 11 - Zona Industrial Guapilo,01901A,Fernando Palmas,20,1.5708,0,20,27876.17,27876.17,0,0,0,0,0,0,0,0,0,17890,001500000687,,Factura Exterior
20171030,07004833,Budimir Andres Maximo y Budimir Juan Mateo S.H.,Jeronimo Cortez 1244,01500AC,Meier,4800,2.4,4800,0,13898.88,16817.64,0,0,0,40,5,0,0,0,0,6576,002200008173,S,Factura de Venta
20171030,28000201,CASARINO S.R.L.,"Eusebio Ayala 4165 Km 4,5",01550I,Fernando Palmas,100,7,3500,100,11477.4,11477.4,0,0,0,0,0,0,0,0,0,4257,001500000683,,Factura Exterior
20171030,28000201,CASARINO S.R.L.,"Eusebio Ayala 4165 Km 4,5",01555EC,Fernando Palmas,50,5,1000,50,17390,17390,0,0,0,0,0,0,0,0,0,7954.5,001500000683,,Factura Exterior
20171030,28000201,CASARINO S.R.L.,"Eusebio Ayala 4165 Km 4,5",01558ES,Fernando Palmas,40,8,800,40,21146.24,21146.24,0,0,0,0,0,0,0,0,0,10398.4,001500000683,,Factura Exterior
20171030,28000201,CASARINO S.R.L.,"Eusebio Ayala 4165 Km 4,5",01555AR,Fernando Palmas,80,8,1600,80,19198.56,19198.56,0,0,0,0,0,0,0,0,0,10832.8,001500000683,,Factura Exterior
20171030,28000201,CASARINO S.R.L.,"Eusebio Ayala 4165 Km 4,5",01557AR,Fernando Palmas,30,6,600,30,11164.38,11164.38,0,0,0,0,0,0,0,0,0,7111.8,001500000683,,Factura Exterior
20171030,03003063,Divano Y Villar SRL,Av. Mitre 2898,01524HC,Levy,25,0.25,25,0,843.13,1020.18,0,0,0,21,0,0,0,0,0,279,002200008170,N,Factura de Venta
20171030,03003063,Divano Y Villar SRL,Av. Mitre 2898,01771A,Levy,1,0.03833,0,1,365.91,442.75,0,0,0,21,0,0,0,0,0,39.78,002200008170,N,Factura de Venta
20171030,03003063,Divano Y Villar SRL,Av. Mitre 2898,01753A,Levy,1,0.0375,0,1,896.02,1084.18,0,0,0,21,0,0,0,0,0,471.04,002200008170,N,Factura de Venta
20171030,03003751,Indupoles Argentina SA,Parque Ind. Campana - Km70 de Panamericana - Lote 12,01500AIN,Isolant SI,18000,9,18000,18000,29520,35719.2,0,0,0,0,0,0,0,0,0,22140,002200008165,N,Factura de Venta
20171030,03003751,Indupoles Argentina SA,Parque Ind. Campana - Km70 de Panamericana - Lote 12,01500BIN,Isolant SI,34800,17.4,34800,34800,57072,69057.12,0,0,0,0,0,0,0,0,0,40020,002200008165,N,Factura de Venta
20171030,07004833,Budimir Andres Maximo y Budimir Juan Mateo S.H.,Jeronimo Cortez 1244,01514DC,Meier,1800,9,1800,1800,27127.44,32824.2,0,0,0,40,5,0,0,0,0,9504,002200008173,S,Factura de Venta
20171030,11005824,Directo Srl,Luis Noaco 123,01563DC,Victor Casañas,40,0.2,40,2,1480.78,1791.74,0,3,0,32.5,0,0,0,0,0,457.24,002200008185,S,Factura de Venta
20171030,22003435,Sidermet San Luis SA,Ruta 3 Km 1 Extremo Sur,01555C,Leandro Diaz,12,1.2,240,12,1.2,1.45,0,0,0,0,0,0,0,0,0,271.58,002200008187,N,Factura de Venta
20171030,02003885,Isomad SA,Av. 122 y 41,01555AA,Ventas Buenos Aires,1400,7,1400,70,30054.88,36366.42,0,0,0,21,12,0,0,0,0,1584.22,002200008166,S,Factura de Venta
20171030,02003885,Isomad SA,Av. 122 y 41,01555C,Ventas Buenos Aires,10,1,200,10,1,1.22,0,0,0,0,0,0,0,0,0,226.32,002200008166,S,Factura de Venta
20171030,11005824,Directo Srl,Luis Noaco 123,01555ECC,Victor Casañas,1000,5,1000,50,10489.1,12691.8,0,3,0,32.5,25,0,0,0,0,1207.35,002200008185,S,Factura de Venta
20171030,11005824,Directo Srl,Luis Noaco 123,01555EDC,Victor Casañas,600,3,600,30,9387.16,11358.46,0,3,0,32.5,25,0,0,0,0,9962.38,002200008185,S,Factura de Venta
20171030,02003885,Isomad SA,Av. 122 y 41,01555MC,Ventas Buenos Aires,4000,30,4000,200,205278.66,248387.18,0,0,0,21,12,0,0,0,0,104195.57,002200008166,S,Factura de Venta
20171030,02003885,Isomad SA,Av. 122 y 41,01555MA,Ventas Buenos Aires,20,3,400,20,2,2.42,0,0,0,0,0,0,0,0,0,10419.56,002200008166,S,Factura de Venta
20171030,11005824,Directo Srl,Luis Noaco 123,01555MC,Victor Casañas,40,0.3,40,2,1701.34,2058.62,0,3,0,32.5,12,0,0,0,0,1041.96,002200008185,S,Factura de Venta
20171030,24005828,Pedro Bravin S.A,Sequi 162,01555MC,Diego Fani,400,3,400,20,18189.24,22009,0,0,0,30,12,0,0,0,0,10419.56,002200008183,S,Factura de Venta
20171030,24005828,Pedro Bravin S.A,Sequi 162,01555MA,Diego Fani,2,0.3,40,2,0.2,0.24,0,0,0,0,0,0,0,0,0,1041.96,002200008183,S,Factura de Venta
20171030,22003435,Sidermet San Luis SA,Ruta 3 Km 1 Extremo Sur,01557C,Leandro Diaz,6,1.2,120,6,0.6,0.73,0,0,0,0,0,0,0,0,0,186.42,002200008187,N,Factura de Venta
20171030,03004763,Mundo Hierro S.A.,Ruta 9 Panamericana Km 46.30 Colectora Este,01557C,Levy,3,0.6,60,3,0.3,0.36,0,0,0,0,0,0,0,0,0,93.21,002200008180,N,Factura de Venta
20171030,11005824,Directo Srl,Luis Noaco 123,01568BC,Victor Casañas,40,0.4,40,2,1936.48,2343.16,0,3,0,32.5,0,0,0,0,0,1032.86,002200008185,S,Factura de Venta
20171030,24005828,Pedro Bravin S.A,Sequi 162,01558ECC,Diego Fani,1000,10,1000,50,25465.44,30813.18,0,0,0,30,12,0,0,0,0,19527.09,002200008184,S,Factura de Venta
20171030,11005824,Directo Srl,Luis Noaco 123,01558ETC,Victor Casañas,1000,10,1000,50,16922.02,20475.64,0,3,0,32.5,25,0,0,0,0,1766.12,002200008185,S,Factura de Venta
20171030,24005828,Pedro Bravin S.A,Sequi 162,01558ETC,Diego Fani,4000,40,4000,200,79390.08,96062,0,0,0,30,12,0,0,0,0,7064.49,002200008183,S,Factura de Venta
20171030,03000023,Industrias Saladillo SA,IS.SA. Planta Pilar,01776B,Isolant SI,170,4.806648,0,170,21154.8,25597.31,0,0,0,0,0,0,0,0,0,8880.8,002200008167,N,Factura de Venta
20171030,03000023,Industrias Saladillo SA,IS.SA. Planta Pilar,01778B,Isolant SI,72,1.764324,0,72,8473.68,10253.15,0,0,0,0,0,0,0,0,0,3461.76,002200008167,N,Factura de Venta
20171030,16005736,Frimont SA,,04C00898,Leandro Diaz,1,0,0,1,0.05,0.05,0,0,0,0,0,0,0,0,0,,000000011266,,Débito (Ajustes)
20171030,03000023,Industrias Saladillo SA,IS.SA. Planta Pilar,01776B,Isolant SI,32,0.9047808,0,32,3982.08,4818.32,0,0,0,0,0,0,0,0,0,1671.68,002200008171,N,Factura de Venta
20171030,03000023,Industrias Saladillo SA,IS.SA. Planta Pilar,01778B,Isolant SI,225,5.5135125,0,225,26480.25,32041.1,0,0,0,0,0,0,0,0,0,10818,002200008171,N,Factura de Venta
20171030,22003435,Sidermet San Luis SA,Ruta 3 Km 1 Extremo Sur,04ANTICIPOS,Leandro Diaz,1,0,0,1,87013.73,105286.61,0,0,0,0,0,0,0,0,0,,001400000802,N,Factura de Venta
20171030,24004200,Mariutti Hnos SH,,01IN,Meier,-1,0,0,-1,-409.97,-496.06,0,0,0,0,0,0,0,0,0,,001300000412,,Crédito de Venta
20171030,03004729,Teknobayres S.A.,,04C00898,Levy,1,0,0,1,2.45,2.45,0,0,0,0,0,0,0,0,0,,000000011267,,Débito (Ajustes)
20171030,28000201,CASARINO S.R.L.,"Eusebio Ayala 4165 Km 4,5",01957AD,Fernando Palmas,3,0,0,3,5.22,5.22,0,0,0,0,0,0,0,0,0,,001500000684,,Factura Exterior
20171030,16005637,Rios del Oeste SA,Felix Olazabal 780,01505C,Fernando Palmas,6000,6,6000,0,43800,52998,0,0,0,0,0,0,0,0,0,63109.59,002200008174,S,Factura de Venta
20171030,04005689,Polifoam SRL,Alte. Brown 3985,01763A,Isolant SI,6,0.282744,0,6,1144.56,1384.92,0,0,0,0,0,0,0,0,0,399.84,002200008178,N,Factura de Venta

