﻿FechaTxt,Codigo_Cliente,Cliente,EntDir,Codigo_Articulo,Vendedor,cantidad,Mts3,Mts2,Rollos,Importe_Bruto,Importe_Neto,Dto_Contado,Dto_Flete,Dto_Especial,Bonificacion,Desc_Adicional,cantidad_elaborada,m2_ocupados,costo_unitario,costo_total_stock,Costo_de_venta,comp,C_Construccion,nomdoc
20171121,24002397,Trobbiani Daniel Ramon,27 De Febrero 2439,01851A,Diego Fani,4,1,100,4,3523.65,4263.62,0,0,0,21,0,0,0,0,0,1400.04,002200008635,N,Factura de Venta
20171121,24002397,Trobbiani Daniel Ramon,27 De Febrero 2439,01854B,Diego Fani,4,1,100,4,5706.77,6905.19,0,0,0,21,0,0,0,0,0,2106.72,002200008635,N,Factura de Venta
20171121,24005780,Prat Daniel Ruben,Freyre 1675,01760A,Diego Fani,2,0.12566,0,2,1004.62,1215.59,0,0,0,40,0,0,0,0,0,198.72,002200008636,N,Factura de Venta
20171121,24005780,Prat Daniel Ruben,Freyre 1675,01762A,Diego Fani,3,0.15267,0,3,1074.51,1300.16,0,0,0,40,0,0,0,0,0,231.18,002200008636,N,Factura de Venta
20171121,24005780,Prat Daniel Ruben,Freyre 1675,01765A,Diego Fani,1,0.0465,0,1,327.16,395.87,0,0,0,40,0,0,0,0,0,54.97,002200008636,N,Factura de Venta
20171121,24005780,Prat Daniel Ruben,Freyre 1675,01750A,Diego Fani,5,0,0,5,3073.52,3718.97,0,0,0,30,0,0,0,0,0,956.75,002200008636,N,Factura de Venta
20171121,01002325,Centro Sec SRL,Av. Cordoba 5625,01558BR,Hector Collia,10,2,200,10,13885.5,16801.45,0,0,0,25,0,0,0,0,0,6103.2,002200008633,N,Factura de Venta
20171121,01000769,Gadaes SA,Warnes 940,01552I,Levy,20,4,800,20,8354.41,10108.83,0,0,0,21,0,0,0,0,0,4036.6,002200008634,N,Factura de Venta
20171121,04004334,Fapex SA,Rio Potrero 175 (Esq. Rio de Rey) Barrio CinaCina,01514AF,Isolant SI,-226,-1.13,-226,0,-1218.14,-1473.95,0,0,0,0,0,0,0,0,0,1010.22,001400008130,N,Crédito de Venta
20171121,03000023,Industrias Saladillo SA,IS.SA. Planta Pilar,01507AS,Isolant SI,1800,2.7,1800,0,15750,19057.5,0,0,0,0,0,0,0,0,0,20874.15,001400000814,N,Factura de Venta
20171121,03000023,Industrias Saladillo SA,IS.SA. Planta Pilar,01507AS,Isolant SI,-1080,-1.62,-1080,0,-9450,-11434.5,0,0,0,0,0,0,0,0,0,12524.49,001400008132,N,Crédito de Venta
20171121,03000023,Industrias Saladillo SA,IS.SA. Planta Pilar,01507AS,Isolant SI,-720,-1.08,-720,0,-6300,-7623,0,0,0,0,0,0,0,0,0,8349.66,001400008133,N,Crédito de Venta
20171121,01005089,Homeclick S.A,Pte. Derqui 4836,01950D,Isolant SA,20,4.572,0,20,8856,10715.76,0,0,0,0,0,0,0,0,0,6375.2,002200008631,N,Factura de Venta
20171121,03000480,Krasuk SRL,Av. Mitre 3261,01569BC,Esteban Bergamaschi,6,1.8,120,6,9290.26,11241.21,0,0,0,21,0,0,0,0,0,4113.36,002200008632,N,Factura de Venta
20171121,04004334,Fapex SA,Rio Potrero 175 (Esq. Rio de Rey) Barrio CinaCina,01508AF,Isolant SI,-306,-0.612,-306,-306,-774.18,-936.76,0,0,0,0,0,0,0,0,0,636.48,001400008131,N,Crédito de Venta
20171121,02003203,Maderera La Loma SA,Calle 161 y 40,01555M,Ventas Buenos Aires,115,17.25,2300,115,117968.87,142742.33,0,0,0,21,12,0,0,0,0,64682.9,002200008622,N,Factura de Venta
20171121,31003228,Giliberto Hnos. SA,Av. 131 nº 385 (entre 39 y 40),01558EC,Ventas Buenos Aires,150,30,3000,150,86248.95,104361.22,0,0,0,21,12,0,0,0,0,63970.5,002200008623,N,Factura de Venta
20171121,04004334,Fapex SA,Rio Potrero 175 (Esq. Rio de Rey) Barrio CinaCina,01514AF,Isolant SI,-226,-1.13,-226,0,-1218.14,-1473.95,0,0,0,0,0,0,0,0,0,1010.22,001400008129,N,Crédito de Venta
20171121,29003023,Fiol S R L,Ruta 205 Km 182 N°2144,01558EC,Hector Collia,22,4.4,440,22,15381.13,18611.16,0,0,0,21,0,0,0,0,0,9382.34,002200008627,N,Factura de Venta
20171121,07005677,Iron Pack SRL,Montecatini 3158,01524HC,Meier,6000,60,6000,0,78517.5,95006.18,0,5,5,0,0,0,0,0,0,67740,002200008630,S,Factura de Venta
20171121,11002784,Madersa SRL,Pte. Peron y Hereñu,01957M,Disapla,1,0,0,1,0.1,0.12,0,0,0,0,0,0,0,0,0,0,002200008624,N,Factura de Venta
20171121,11002784,Madersa SRL,Pte. Peron y Hereñu,01555A,Disapla,75,7.5,1500,75,33641.77,40706.54,0,0,0,21,12,0,0,0,0,12784.5,002200008624,N,Factura de Venta
20171121,11002784,Madersa SRL,Pte. Peron y Hereñu,01557A,Disapla,35,7,700,35,23974.81,29009.52,0,0,0,21,12,0,0,0,0,9650.55,002200008624,N,Factura de Venta
20171121,14005049,Zoppo Gustavo Marcelo y Zoppo Raul Horacio Sociedad de Hecho,Calle 12 N° 75 Norte,06C001MA,Norberto Oppezzo,1,0,0,1,0.1,0.12,0,0,0,0,0,0,0,0,0,0,002200008625,N,Factura de Venta
20171121,14005049,Zoppo Gustavo Marcelo y Zoppo Raul Horacio Sociedad de Hecho,Calle 12 N° 75 Norte,01555M,Norberto Oppezzo,6,0.9,120,6,6994.2,8462.98,0,0,0,21,0,0,0,0,0,3374.76,002200008625,N,Factura de Venta
20171121,14005049,Zoppo Gustavo Marcelo y Zoppo Raul Horacio Sociedad de Hecho,Calle 12 N° 75 Norte,01558ET,Norberto Oppezzo,10,2,200,10,5447.76,6591.79,0,0,0,21,0,0,0,0,0,2531.1,002200008625,N,Factura de Venta
20171121,11004566,Organizacion La Loma S.A.,Parana y Rivadavia,01558BC,Disapla,35,7,700,35,40888.54,49475.14,0,0,0,21,0,0,0,0,0,19551,002200008644,N,Factura de Venta
20171121,11004566,Organizacion La Loma S.A.,Parana y Rivadavia,01558EC,Disapla,50,10,1000,50,28749.65,34787.07,0,0,0,21,12,0,0,0,0,21323.5,002200008644,N,Factura de Venta
20171121,11004566,Organizacion La Loma S.A.,Parana y Rivadavia,01557AR,Disapla,50,10,1000,50,19505.23,23601.32,0,0,0,21,12,0,0,0,0,12050,002200008644,N,Factura de Venta
20171121,16005696,Aditivos del Plata SA,Chivilcoy 1908,01900A,Leandro Diaz,3,0.2262,0,3,9184.65,11113.43,0,0,0,21,0,0,0,0,0,3590.88,002200008626,N,Factura de Venta
20171121,16005696,Aditivos del Plata SA,Chivilcoy 1908,01905A,Leandro Diaz,3,0.21354,0,3,2652.15,3209.1,0,0,0,21,0,0,0,0,0,1215.57,002200008626,N,Factura de Venta
20171121,04004334,Fapex SA,Rio Potrero 175 (Esq. Rio de Rey) Barrio CinaCina,01555ARF,Isolant SI,-1,-0.1,-20,-1,-167.25,-202.37,0,0,0,0,0,0,0,0,0,138.03,001400008128,N,Crédito de Venta
20171121,20003188,Emprendimiento Metalurgico Industrial SRL,LOS VALLISTOS - Ruta 9 Km 128 - Acc Norte,01557AR,Pedro Cocaña,45,9,900,45,11523.6,13943.56,0,3,0,0,0,0,0,0,0,10845,002200008639,N,Factura de Venta
20171121,27005725,Lietuva SRL,Ruta 9 KM 1286,06C002CT,Pedro Cocaña,1,0,0,1,0.08,0.1,0,3,20,0,0,0,0,0,0,0,002200008643,S,Factura de Venta
20171121,27005725,Lietuva SRL,Ruta 9 KM 1286,06X001AF,Pedro Cocaña,1,0,0,1,0.08,0.1,0,3,20,0,0,0,0,0,0,0,002200008643,S,Factura de Venta
20171121,27005725,Lietuva SRL,Ruta 9 KM 1286,06X001MT,Pedro Cocaña,1,0,0,1,0.08,0.1,0,3,20,0,0,0,0,0,0,0,002200008643,S,Factura de Venta
20171121,27005725,Lietuva SRL,Ruta 9 KM 1286,06C001CS,Pedro Cocaña,1,0,0,1,0.08,0.1,0,3,20,0,0,0,0,0,0,0,002200008643,S,Factura de Venta
20171121,04005689,Polifoam SRL,Alte. Brown 3985,01666DAP,Isolant SI,-75,-3.75,-75,0,-14289,-17289.69,0,0,0,45,0,0,0,0,0,5028,001400008134,N,Crédito de Venta
20171121,27001898,Distribuidora Lamadrid SA,Ejercito del Norte 395,01700A,Pedro Cocaña,10,1.2,0,10,5577.25,6748.47,0,3,0,30,12,0,0,0,0,2716,002200008637,N,Factura de Venta
20171121,27001898,Distribuidora Lamadrid SA,Ejercito del Norte 395,01603A,Pedro Cocaña,30,1.5,750,30,4431.57,5362.2,0,3,0,30,12,0,0,0,0,1642.8,002200008637,N,Factura de Venta
20171121,27001898,Distribuidora Lamadrid SA,Ejercito del Norte 395,01552I,Pedro Cocaña,30,6,1200,30,11178.26,13525.7,0,3,0,21,12,0,0,0,0,6054.9,002200008637,N,Factura de Venta
20171121,16000917,Ramon Sanchez e Hijos SRL,Av Mitre 282,01558ET,Leandro Diaz,40,8,800,40,14442.4,17475.3,0,0,0,0,0,0,0,0,0,10124.4,002200008640,N,Factura de Venta
20171121,20003188,Emprendimiento Metalurgico Industrial SRL,LOS VALLISTOS - Ruta 9 Km 128 - Acc Norte,01555A,Pedro Cocaña,30,3,600,30,10588.62,12812.23,0,3,0,0,0,0,0,0,0,5113.8,002200008638,N,Factura de Venta
20171121,20003188,Emprendimiento Metalurgico Industrial SRL,LOS VALLISTOS - Ruta 9 Km 128 - Acc Norte,01557A,Pedro Cocaña,30,6,600,30,16169.71,19565.34,0,3,0,0,0,0,0,0,0,8271.9,002200008638,N,Factura de Venta
20171121,11002784,Madersa SRL,Pte. Peron y Hereñu,01555C,Disapla,9,0.9,180,9,0.9,1.09,0,0,0,0,0,0,0,0,0,193.73,002200008624,N,Factura de Venta
20171121,27005725,Lietuva SRL,Ruta 9 KM 1286,01555ARC,Pedro Cocaña,1000,5,1000,50,9352.04,11315.98,0,3,20,25,12,0,0,0,0,1029.9,002200008643,S,Factura de Venta
20171121,02004191,Tolifeda SA,Av. Calchaqui 2175,01555MC,Ventas Buenos Aires,400,3,400,20,24376.24,29495.26,0,0,0,21,0,0,0,0,0,10357.32,002200008629,S,Factura de Venta
20171121,02004191,Tolifeda SA,Av. Calchaqui 2175,01555MA,Ventas Buenos Aires,2,0.3,40,2,0.2,0.24,0,0,0,0,0,0,0,0,0,1035.73,002200008629,S,Factura de Venta
20171121,02003203,Maderera La Loma SA,Calle 161 y 40,01555MA,Ventas Buenos Aires,10,1.5,200,10,1,1.21,0,0,0,0,0,0,0,0,0,5178.66,002200008622,N,Factura de Venta
20171121,11002784,Madersa SRL,Pte. Peron y Hereñu,01557C,Disapla,7,1.4,140,7,0.7,0.85,0,0,0,0,0,0,0,0,0,207.57,002200008624,N,Factura de Venta
20171121,27005725,Lietuva SRL,Ruta 9 KM 1286,01557ARC,Pedro Cocaña,2000,20,2000,100,28742.42,34778.32,0,3,20,25,12,0,0,0,0,2509.23,002200008643,S,Factura de Venta
20171121,16004354,Nahim Elias,San Martin 830,01558BRC,Leandro Diaz,200,2,200,10,13884,16799.64,0,0,0,25,0,0,0,0,0,5144.3,002200008641,S,Factura de Venta
20171121,16005687,Plafal SRL,Manuel A. Saenz y Acceso Norte,01558ECC,Leandro Diaz,900,9,900,45,24526.66,29677.26,0,0,0,30,12,0,0,0,0,16910.21,002200008642,S,Factura de Venta
20171121,02001685,Distribuidora Rach SRL,Av. La Plata 3749,01558ECC,Hector Collia,800,8,800,40,21827.52,26411.3,0,0,0,25,12,0,0,0,0,15031.3,002200008628,S,Factura de Venta
20171121,24005780,Prat Daniel Ruben,Freyre 1675,01763A,Diego Fani,6,0.282744,0,6,1973.95,2388.48,0,0,0,40,0,0,0,0,0,372.48,002200008636,N,Factura de Venta
20171121,24005780,Prat Daniel Ruben,Freyre 1675,01764A,Diego Fani,1,0.0518364,0,1,361.45,437.35,0,0,0,40,0,0,0,0,0,66.48,002200008636,N,Factura de Venta

