﻿FechaTxt,Codigo_Cliente,Cliente,EntDir,Codigo_Articulo,Vendedor,cantidad,Mts3,Mts2,Rollos,Importe_Bruto,Importe_Neto,Dto_Contado,Dto_Flete,Dto_Especial,Bonificacion,Desc_Adicional,cantidad_elaborada,m2_ocupados,costo_unitario,costo_total_stock,Costo_de_venta,comp,C_Construccion,nomdoc
20171013,16004335,Alvarez Victor Horacio,,04C00291,Leandro Diaz,1,0,0,1,13932.77,13932.77,0,0,0,0,0,0,0,0,0,0,001300001635,,Débito de Venta
20171013,03004075,Comercial CMP SA,,04C00291,Hector Collia,1,0,0,1,4100,4100,0,0,0,0,0,0,0,0,0,0,001300001636,,Débito de Venta
20171013,01005292,Adamant SRL,Paysandu 923 (entre Crisologo Larralde y Lucena),01552I,Isolant SI,100,20,4000,100,27000,32670,0,0,0,0,0,0,0,0,0,19916,002200007849,N,Factura de Venta
20171013,01005292,Adamant SRL,Paysandu 923 (entre Crisologo Larralde y Lucena),01514D,Isolant SI,3000,15,3000,3000,24060,29112.6,0,0,0,0,0,0,0,0,0,15840,002200007851,N,Factura de Venta
20171013,30005659,Tripodi Jorge Enrique,Av. Falucho 1140,06C001CO,Esteban Bergamaschi,1,0,0,1,0.1,0.12,0,0,0,0,0,0,0,0,0,0,002200007861,S,Factura de Venta
20171013,03005875,Coria Sandra Patricia,Presidente Peron 5786,01552I,Levy,8,1.6,320,8,3341.76,4043.53,0,0,0,21,0,0,0,0,0,1593.28,002200007863,N,Factura de Venta
20171013,19002241,Carlos Isla y Cia. SA,Suc. Gral Roca: San Juan 198,01555A,Latyn-Valle y Cordillera,50,5,1000,50,15377.64,18606.94,0,0,0,0,9.7,0,0,0,0,8349.5,002200007879,N,Factura de Venta
20171013,01000313,Montagne Outdoors SACIFIA,"Godoy Cruz 1360 - ""No enviar Semis""",01650D,Fernando Palmas,375,3.75,375,0,13027.5,15763.27,0,0,0,0,0,0,0,0,0,5895,002200007869,N,Factura de Venta
20171013,19002241,Carlos Isla y Cia. SA,Suc. Gral Roca: San Juan 198,01558BR,Latyn-Valle y Cordillera,50,10,1000,50,48920,59193.2,0,0,0,0,0,0,0,0,0,30667,002200007878,N,Factura de Venta
20171013,29003289,Industrial Maderera Kopruch SA,Ciudadela 3450,01555AR,Hector Collia,132,13.2,2640,132,28605.59,34612.76,0,0,10,25,12,0,0,0,0,17874.12,002200007870,N,Factura de Venta
20171013,27001542,Rosso Hnos. SA,Suc.05 - 25 DE MAYO 69,01960DA,Pedro Cocaña,6,0,0,6,16271.68,19688.72,0,3,0,25,0,0,0,0,0,6510,002200007874,S,Factura de Venta
20171013,99005911,Onandia Antonela,Victor Garcia 869,01557AR,Norberto Oppezzo,40,8,800,40,13467.36,16295.51,0,0,0,25,20,0,0,0,0,9482.4,002200007860,N,Factura de Venta
20171013,29003156,J Nardelli y Cia SRL,Moreno 1180 y Pte Peron,01750A,Hector Collia,1,0,0,1,693.74,839.44,0,0,0,21,0,0,0,0,0,187.6,002200007864,S,Factura de Venta
20171013,11001472,Santiago Claudio Maria,Av. San Martin S/N,01555AR,Victor Casañas,25,2.5,500,25,5634.62,6817.89,0,0,15,21,8,0,0,0,0,3385.25,002200007865,N,Factura de Venta
20171013,11001472,Santiago Claudio Maria,Av. San Martin S/N,01557AR,Victor Casañas,25,5,500,25,8666.53,10486.5,0,0,15,21,8,0,0,0,0,5926.5,002200007865,N,Factura de Venta
20171013,19002241,Carlos Isla y Cia. SA,Suc. Gral Roca: San Juan 198,01557AR,Latyn-Valle y Cordillera,10,2,200,10,2958.5,3579.78,0,3,0,0,0,0,0,0,0,2370.6,002200007877,N,Factura de Venta
20171013,19002241,Carlos Isla y Cia. SA,Suc. Gral Roca: San Juan 198,01557A,Latyn-Valle y Cordillera,35,7,700,35,16437.76,19889.69,0,0,0,0,9.7,0,0,0,0,9471.35,002200007879,N,Factura de Venta
20171013,03003751,Indupoles Argentina SA,Parque Ind. Campana - Km70 de Panamericana - Lote 12,01658ACP,Isolant SI,380,11.4,380,0,21082.4,25509.7,0,0,0,0,0,0,0,0,0,14269,002200007858,N,Factura de Venta
20171013,03003751,Indupoles Argentina SA,Parque Ind. Campana - Km70 de Panamericana - Lote 12,01515BG,Isolant SI,2000,10,2000,0,20000,24200,0,0,0,0,0,0,0,0,0,18600,002200007858,N,Factura de Venta
20171013,03003751,Indupoles Argentina SA,Parque Ind. Campana - Km70 de Panamericana - Lote 12,01662ACP,Isolant SI,660,26.4,660,0,46688.4,56492.96,0,0,0,0,0,0,0,0,0,31079.4,002200007858,N,Factura de Venta
20171013,03003751,Indupoles Argentina SA,Parque Ind. Campana - Km70 de Panamericana - Lote 12,01654ACP,Isolant SI,600,12,600,0,21786,26361.06,0,0,0,0,0,0,0,0,0,14784,002200007858,N,Factura de Venta
20171013,03003751,Indupoles Argentina SA,Parque Ind. Campana - Km70 de Panamericana - Lote 12,01658ACP,Isolant SI,320,9.6,320,0,17753.6,21481.86,0,0,0,0,0,0,0,0,0,12016,002200007858,N,Factura de Venta
20171013,99005911,Onandia Antonela,Victor Garcia 869,01555AR,Norberto Oppezzo,20,2,400,20,4377.96,5297.33,0,0,0,25,20,0,0,0,0,2708.2,002200007860,N,Factura de Venta
20171013,30005033,Sanitarios Trenque Lauquen SA,Carmen Granadas 1755,01555M,Hector Collia,10,1.5,200,10,11657,14104.97,0,0,0,21,0,0,0,0,0,5541.6,002200007856,N,Factura de Venta
20171013,11001472,Santiago Claudio Maria,Av. San Martin S/N,06X002CS,Victor Casañas,1,0,0,1,0.1,0.12,0,0,0,0,0,0,0,0,0,0,002200007857,N,Factura de Venta
20171013,11001472,Santiago Claudio Maria,Av. San Martin S/N,06C001CO,Victor Casañas,1,0,0,1,0.1,0.12,0,0,0,0,0,0,0,0,0,0,002200007857,N,Factura de Venta
20171013,11001472,Santiago Claudio Maria,Av. San Martin S/N,06M001BA,Victor Casañas,1,0,0,1,0.1,0.12,0,0,0,0,0,0,0,0,0,0,002200007857,N,Factura de Venta
20171013,11001472,Santiago Claudio Maria,Av. San Martin S/N,01557A,Victor Casañas,50,10,1000,50,34264.62,41460.19,0,0,0,21,8,0,0,0,0,13530.5,002200007857,N,Factura de Venta
20171013,11001472,Santiago Claudio Maria,Av. San Martin S/N,01555A,Victor Casañas,35,3.5,700,35,15706.44,19004.79,0,0,0,21,8,0,0,0,0,5844.65,002200007857,N,Factura de Venta
20171013,31003223,Hierros Trotta SA,Av. 44 nº 2588 (entre 146 y 147),01557A,Ventas Buenos Aires,150,30,3000,150,98324.57,118972.73,0,0,0,21,12,0,0,0,0,40591.5,002200007847,N,Factura de Venta
20171013,01004516,All Covering Argentina SRL,Zuviria 6643,06C001CO,Mariano Martinez,1,0,0,1,0.1,0.12,0,0,0,0,0,0,0,0,0,0,002200007862,N,Factura de Venta
20171013,01004516,All Covering Argentina SRL,Zuviria 6643,06C001PI,Mariano Martinez,1,0,0,1,0.1,0.12,0,0,0,0,0,0,0,0,0,0,002200007862,N,Factura de Venta
20171013,01004516,All Covering Argentina SRL,Zuviria 6643,01700A,Mariano Martinez,17,2.04,0,17,10629.2,12861.33,0,0,0,30,0,0,0,0,0,4541.38,002200007862,N,Factura de Venta
20171013,04001595,Dommarco Hnos Sociedad Anonima,Pte Peron (ex Kennedy) 1759,01557A,Hector Collia,25,5,500,25,18622.08,22532.71,0,0,0,21,0,0,0,0,0,6765.25,002200007872,N,Factura de Venta
20171013,03000023,Industrias Saladillo SA,IS.SA. Planta Pilar,01777B,Isolant SI,79,2.1093,0,79,8994.94,10883.88,0,0,0,0,0,0,0,0,0,3626.89,002200007855,N,Factura de Venta
20171013,11005871,Crapiz Hector Nicolas,Supremo Entrerriano 565,01555EC,Victor Casañas,10,1,200,10,3376.86,4085.99,0,0,0,21,0,0,0,0,0,1590.9,002200007868,N,Factura de Venta
20171013,11005871,Crapiz Hector Nicolas,Supremo Entrerriano 565,01558ES,Victor Casañas,10,2,200,10,5091.39,6160.58,0,0,0,21,0,0,0,0,0,2599.6,002200007868,N,Factura de Venta
20171013,11005871,Crapiz Hector Nicolas,Supremo Entrerriano 565,01555AR,Victor Casañas,10,1,200,10,2882.16,3487.41,0,0,0,21,0,0,0,0,0,1354.1,002200007868,N,Factura de Venta
20171013,11005871,Crapiz Hector Nicolas,Supremo Entrerriano 565,01557AR,Victor Casañas,10,2,200,10,4433.01,5363.94,0,0,0,21,0,0,0,0,0,2370.6,002200007868,N,Factura de Venta
20171013,01005292,Adamant SRL,Paysandu 923 (entre Crisologo Larralde y Lucena),01514DC,Isolant SI,3000,15,3000,3000,24060,29112.6,0,0,0,0,0,0,0,0,0,15840,002200007850,N,Factura de Venta
20171013,31003223,Hierros Trotta SA,Av. 44 nº 2588 (entre 146 y 147),01555A,Ventas Buenos Aires,150,15,3000,150,64386.64,77907.84,0,0,0,21,12,0,0,0,0,25048.5,002200007847,N,Factura de Venta
20171013,03005875,Coria Sandra Patricia,Presidente Peron 5786,01551I,Levy,8,0.8,160,8,1671.64,2022.68,0,0,0,21,0,0,0,0,0,648.16,002200007863,N,Factura de Venta
20171013,24000324,Compañia Americana SRL,Corrientes 2499,01551A,Diego Fani,10,1,200,10,4117.88,4982.63,0,0,0,21,0,0,0,0,0,1206,002200007867,N,Factura de Venta
20171013,24000324,Compañia Americana SRL,Corrientes 2499,01552A,Diego Fani,3,0.6,60,3,2064.18,2497.65,0,0,0,21,0,0,0,0,0,666.36,002200007867,N,Factura de Venta
20171013,24000324,Compañia Americana SRL,Corrientes 2499,01900A,Diego Fani,3,0.2262,0,3,9184.65,11113.43,0,0,0,21,0,0,0,0,0,3571.17,002200007867,N,Factura de Venta
20171013,24000324,Compañia Americana SRL,Corrientes 2499,01905A,Diego Fani,3,0.21354,0,3,2652.15,3209.1,0,0,0,21,0,0,0,0,0,1212.84,002200007867,N,Factura de Venta
20171013,11005871,Crapiz Hector Nicolas,Supremo Entrerriano 565,06C001CO,Victor Casañas,1,0,0,1,0.1,0.12,0,0,0,0,0,0,0,0,0,0,002200007868,N,Factura de Venta
20171013,03000023,Industrias Saladillo SA,IS.SA. Planta Pilar,01525AHC,Isolant SI,600,6,600,600,9774,11826.54,0,0,0,0,0,0,0,0,0,899.28,002200007859,N,Factura de Venta
20171013,29003156,J Nardelli y Cia SRL,Moreno 1180 y Pte Peron,01550IC,Hector Collia,400,0.8,400,20,2161.44,2615.34,0,0,0,21,0,0,0,0,0,535.36,002200007864,S,Factura de Venta
20171013,24003402,Tecno Part S.A.,Bv. Segui 1357,01554BRC,Victor Casañas,100,0.6,100,5,8088.02,9786.5,0,0,0,21,0,0,0,0,0,1942.99,002200007866,S,Factura de Venta
20171013,30005659,Tripodi Jorge Enrique,Av. Falucho 1140,01555AA,Esteban Bergamaschi,600,3,600,30,12228.48,14796.46,0,0,0,25,12,0,0,0,0,715.74,002200007861,S,Factura de Venta
20171013,31003223,Hierros Trotta SA,Av. 44 nº 2588 (entre 146 y 147),01555C,Ventas Buenos Aires,36,3.6,720,36,3.6,4.36,0,0,0,0,0,0,0,0,0,858.89,002200007847,N,Factura de Venta
20171013,11001472,Santiago Claudio Maria,Av. San Martin S/N,01555C,Victor Casañas,12,1.2,240,12,1.2,1.45,0,0,0,0,0,0,0,0,0,286.3,002200007857,N,Factura de Venta
20171013,27001542,Rosso Hnos. SA,Suc.07 - A. DEL VALLE 44,01555AA,Pedro Cocaña,1000,5,1000,50,19769.38,23920.94,0,3,0,25,12,0,0,0,0,1192.9,002200007876,S,Factura de Venta
20171013,27001542,Rosso Hnos. SA,Suc.07 - A. DEL VALLE 44,01555C,Pedro Cocaña,12,1.2,240,12,1.16,1.4,0,3,0,0,0,0,0,0,0,286.3,002200007876,S,Factura de Venta
20171013,27001542,Rosso Hnos. SA,Suc.05 - 25 DE MAYO 69,01555AA,Pedro Cocaña,1000,5,1000,50,19769.38,23920.94,0,3,0,25,12,0,0,0,0,1192.9,002200007874,S,Factura de Venta
20171013,27001542,Rosso Hnos. SA,Suc.05 - 25 DE MAYO 69,01555C,Pedro Cocaña,12,1.2,240,12,1.16,1.4,0,3,0,0,0,0,0,0,0,286.3,002200007874,S,Factura de Venta
20171013,30005033,Sanitarios Trenque Lauquen SA,Carmen Granadas 1755,01555MA,Hector Collia,1,0.15,20,1,0.1,0.12,0,0,0,0,0,0,0,0,0,497.34,002200007856,N,Factura de Venta
20171013,02003885,Isomad SA,Av. 122 y 41,01559AA,Ventas Buenos Aires,400,4,400,20,13108.7,15861.52,0,0,0,21,12,0,0,0,0,639.36,002200007848,S,Factura de Venta
20171013,24003402,Tecno Part S.A.,Bv. Segui 1357,01559AA,Victor Casañas,100,1,100,5,3724.06,4506.12,0,0,0,21,0,0,0,0,0,159.84,002200007866,S,Factura de Venta
20171013,31003223,Hierros Trotta SA,Av. 44 nº 2588 (entre 146 y 147),01557C,Ventas Buenos Aires,36,7.2,720,36,3.6,4.36,0,0,0,0,0,0,0,0,0,1150.85,002200007847,N,Factura de Venta
20171013,04001595,Dommarco Hnos Sociedad Anonima,Pte Peron (ex Kennedy) 1759,01557C,Hector Collia,3,0.6,60,3,0.3,0.36,0,0,0,0,0,0,0,0,0,95.9,002200007872,N,Factura de Venta
20171013,11001472,Santiago Claudio Maria,Av. San Martin S/N,01557C,Victor Casañas,12,2.4,240,12,1.2,1.45,0,0,0,0,0,0,0,0,0,383.62,002200007857,N,Factura de Venta
20171013,27001542,Rosso Hnos. SA,Suc.07 - A. DEL VALLE 44,01559AA,Pedro Cocaña,1000,10,1000,50,30179.02,36516.62,0,3,0,25,12,0,0,0,0,1598.4,002200007876,S,Factura de Venta
20171013,27001542,Rosso Hnos. SA,Suc.07 - A. DEL VALLE 44,01557C,Pedro Cocaña,12,2.4,240,12,1.16,1.4,0,3,0,0,0,0,0,0,0,383.62,002200007875,S,Factura de Venta
20171013,27001542,Rosso Hnos. SA,Suc.07 - A. DEL VALLE 44,01557C,Pedro Cocaña,12,2.4,240,12,1.16,1.4,0,3,0,0,0,0,0,0,0,383.62,002200007876,S,Factura de Venta
20171013,27001542,Rosso Hnos. SA,Suc. 09- Ruta 301 (ex38) Km 1541,01559AA,Pedro Cocaña,500,5,500,25,15089.52,18258.32,0,3,0,25,12,0,0,0,0,799.2,002200007873,S,Factura de Venta
20171013,27001542,Rosso Hnos. SA,Suc. 09- Ruta 301 (ex38) Km 1541,01557C,Pedro Cocaña,34,6.8,680,34,3.3,4,0,3,0,0,0,0,0,0,0,1086.91,002200007873,S,Factura de Venta
20171013,27001542,Rosso Hnos. SA,Suc.05 - 25 DE MAYO 69,01559AA,Pedro Cocaña,1000,10,1000,50,30179.02,36516.62,0,3,0,25,12,0,0,0,0,1598.4,002200007874,S,Factura de Venta
20171013,27001542,Rosso Hnos. SA,Suc.05 - 25 DE MAYO 69,01557C,Pedro Cocaña,12,2.4,240,12,1.16,1.4,0,3,0,0,0,0,0,0,0,383.62,002200007874,S,Factura de Venta
20171013,27001542,Rosso Hnos. SA,Suc.07 - A. DEL VALLE 44,01559AA,Pedro Cocaña,1000,10,1000,50,30179.02,36516.62,0,3,0,25,12,0,0,0,0,1598.4,002200007875,S,Factura de Venta
20171013,29003156,J Nardelli y Cia SRL,Moreno 1180 y Pte Peron,01557ARC,Hector Collia,400,4,400,20,8866.96,10729.02,0,0,0,21,0,0,0,0,0,565.25,002200007864,S,Factura de Venta
20171013,04003978,Maderas El Aleman de General Rodriguez SRL,Ruta 5 KM 55.200 Esquina: Guido Spano,01557ARC,Hector Collia,400,4,400,20,8866.96,10729.02,0,0,0,21,0,0,0,0,0,565.25,002200007871,S,Factura de Venta
20171013,07000012,Natali Plasticos SRL,,01IN,Isolant SA,-1,0,0,-1,-830.09,-1004.41,0,0,0,0,0,0,0,0,0,,001300000381,N,Crédito de Venta
20171013,16004335,Alvarez Victor Horacio,,04C00205,Leandro Diaz,1,0,0,1,12,14.52,0,0,0,0,0,0,0,0,0,,001300001635,,Débito de Venta
20171013,03004075,Comercial CMP SA,,04C00205,Hector Collia,1,0,0,1,12,14.52,0,0,0,0,0,0,0,0,0,,001300001636,,Débito de Venta
20171013,24002752,Rusma SRL,,01IN,Diego Fani,-1,0,0,-1,-162.56,-196.7,0,0,0,0,0,0,0,0,0,,001300000383,,Crédito de Venta
20171013,03000023,Industrias Saladillo SA,IS.SA. Planta Pilar,01777BA,Isolant SI,158,4.2191688,0,158,27457.24,33223.26,0,0,0,0,0,0,0,0,0,16482.56,002200007853,N,Factura de Venta
20171013,03000023,Industrias Saladillo SA,IS.SA. Planta Pilar,01778B,Isolant SI,68,1.666306,0,68,8002.92,9683.53,0,0,0,0,0,0,0,0,0,3269.44,002200007854,N,Factura de Venta
20171013,20000029,Tubonor SA,,04C00898,Isolant SA,1,0,0,1,123.89,123.89,0,0,0,0,0,0,0,0,0,,000000011238,,Débito (Ajustes)
20171013,24002752,Rusma SRL,,01IN,Diego Fani,-1,0,0,-1,-466.71,-564.71,0,0,0,0,0,0,0,0,0,,001300000382,,Crédito de Venta
20171013,28004489,COMERCIAL E INVERSIONES CROSUR LTDA.,,04C00624,Fernando Palmas,1,0,0,1,192.47,192.47,0,0,0,0,0,0,0,0,0,,000000000953,,Dif. Cambio (+)
20171013,03000023,Industrias Saladillo SA,IS.SA. Planta Pilar,01778B,Isolant SI,76,1.862342,0,76,8944.44,10822.77,0,0,0,0,0,0,0,0,0,3654.08,002200007855,N,Factura de Venta
20171013,03000023,Industrias Saladillo SA,IS.SA. Planta Pilar,01781B,Isolant SI,85,3.332,0,85,9287.1,11237.39,0,0,0,0,0,0,0,0,0,5468.05,002200007855,N,Factura de Venta
20171013,01005292,Adamant SRL,,04C00898,Isolant SI,1,0,0,1,0.27,0.27,0,0,0,0,0,0,0,0,0,,000000011236,,Débito (Ajustes)
20171013,01000313,Montagne Outdoors SACIFIA,"Godoy Cruz 1360 - ""No enviar Semis""",01651G,Fernando Palmas,450,4.5,450,0,20281.5,24540.61,0,0,0,0,0,0,0,0,0,8644.5,002200007869,N,Factura de Venta
20171013,24002752,Rusma SRL,,01IN,Diego Fani,-1,0,0,-1,-737.21,-892.02,0,0,0,0,0,0,0,0,0,,001300000384,,Crédito de Venta
20171013,24002752,Rusma SRL,,04C00898,Diego Fani,1,0,0,1,90.74,90.74,0,0,0,0,0,0,0,0,0,,000000011233,,Débito (Ajustes)
20171013,01004173,Bemos SA,,04C00898,Mariano Martinez,1,0,0,1,648.38,648.38,0,0,0,0,0,0,0,0,0,,000000011234,,Débito (Ajustes)
20171013,05004238,Ostojic Mauro Xavier,,04C00677,Mariano Martinez,-1,0,0,-1,-595.24,-595.24,0,0,0,0,0,0,0,0,0,,000000011235,,Crédito (Ajustes)
20171013,29001927,Damioli Franca Amabile,,04C00898,NN (Ex MDT),1,0,0,1,0.42,0.42,0,0,0,0,0,0,0,0,0,,000000011237,,Débito (Ajustes)
20171013,03000023,Industrias Saladillo SA,IS.SA. Planta Pilar,01777BA,Isolant SI,18,0.4806648,0,18,3036.96,3674.72,0,0,0,0,0,0,0,0,0,1877.76,002200007852,N,Factura de Venta

