﻿FechaTxt,Codigo_Cliente,Cliente,EntDir,Codigo_Articulo,Vendedor,cantidad,Mts3,Mts2,Rollos,Importe_Bruto,Importe_Neto,Dto_Contado,Dto_Flete,Dto_Especial,Bonificacion,Desc_Adicional,cantidad_elaborada,m2_ocupados,costo_unitario,costo_total_stock,Costo_de_venta,comp
20170526,03003751,Indupoles Argentina SA,Parque Ind. Campana - Km70 de Panamericana - Lote 12,01506D,Isolant SI,2100,3.15,2100,2100,5859,7089.39,0,0,0,0,0,0,0,0,0,0,002200004947
20170526,03003751,Indupoles Argentina SA,Parque Ind. Campana - Km70 de Panamericana - Lote 12,01500AIN,Isolant SI,26000,13,26000,26000,38480,46560.8,0,0,0,0,0,0,0,0,0,0,002200004947
20170526,03003751,Indupoles Argentina SA,Parque Ind. Campana - Km70 de Panamericana - Lote 12,01500CIN,Isolant SI,9750,4.875,9750,9750,14430,17460.3,0,0,0,0,0,0,0,0,0,0,002200004947
20170526,03003751,Indupoles Argentina SA,Parque Ind. Campana - Km70 de Panamericana - Lote 12,01511BD,Isolant SI,800,2.4,800,0,8712,10541.52,0,0,0,0,0,0,0,0,0,0,002200004947
20170526,03003751,Indupoles Argentina SA,Parque Ind. Campana - Km70 de Panamericana - Lote 12,01500AIN,Isolant SI,18500,9.25,18500,18500,28120,34025.2,0,0,0,0,0,0,0,0,0,0,002200004947
20170526,16002149,Samaco SA,,04C00898,Leandro Diaz,1,0,0,1,0.6,0.6,0,0,0,0,0,0,0,0,0,0,000000010834
20170526,16005442,LAFE SRL,,04C00898,Leandro Diaz,1,0,0,1,0.19,0.19,0,0,0,0,0,0,0,0,0,0,000000010835
20170526,31001137,Rafael y Ruben O. Fabi SA,Av. San Martin y España,01764C,Ventas Buenos Aires,8,0.52776,0,8,8270.42,10007.2,0,0,0,21,0,0,0,0,0,0,002200004948
20170526,31001137,Rafael y Ruben O. Fabi SA,Av. San Martin y España,01765C,Ventas Buenos Aires,5,0.29405,0,5,4575.64,5536.53,0,0,0,21,0,0,0,0,0,0,002200004948
20170526,31001137,Rafael y Ruben O. Fabi SA,Av. San Martin y España,01767C,Ventas Buenos Aires,6,0.31896,0,6,4673.31,5654.7,0,0,0,21,0,0,0,0,0,0,002200004948
20170526,24000324,Compañia Americana SRL,Corrientes 2499,01557A,Diego Fani,10,2,200,10,7094.12,8583.89,0,0,0,21,0,0,0,0,0,0,002200004949
20170526,24000324,Compañia Americana SRL,Corrientes 2499,01900A,Diego Fani,5,0.377,0,5,13916.13,16838.51,0,0,0,21,0,0,0,0,0,0,002200004950
20170526,07003929,Daniel Hernandez e hijos SRL,Ruta A005 y Castelli 0,01765C,Meier,5,0.29405,0,5,4054.36,4905.78,0,0,0,30,0,0,0,0,0,0,002200004951
20170526,07003929,Daniel Hernandez e hijos SRL,Ruta A005 y Castelli 0,01764C,Meier,4,0.26388,0,4,3664.11,4433.57,0,0,0,30,0,0,0,0,0,0,002200004951
20170526,07003929,Daniel Hernandez e hijos SRL,Ruta A005 y Castelli 0,01767C,Meier,7,0.37212,0,7,4831.06,5845.58,0,0,0,30,0,0,0,0,0,0,002200004951
20170526,16005797,Carmelo Aleo e Hijos SA,Tiburcio Benegas 609,01764C,Leandro Diaz,6,0.39582,0,6,6202.81,7505.4,0,0,0,21,0,0,0,0,0,0,002200004952
20170526,16005797,Carmelo Aleo e Hijos SA,Tiburcio Benegas 609,01765C,Leandro Diaz,10,0.5881,0,10,9151.28,11073.05,0,0,0,21,0,0,0,0,0,0,002200004952
20170526,16005797,Carmelo Aleo e Hijos SA,Tiburcio Benegas 609,01767C,Leandro Diaz,6,0.31896,0,6,4673.31,5654.7,0,0,0,21,0,0,0,0,0,0,002200004952
20170526,04003131,Maderera Mitre SA,Av. Presidente Peron 2499,01603B,Esteban Bergamaschi,20,1,500,20,3965.64,4798.42,0,0,0,30,0,0,0,0,0,0,002200004953
20170526,04003131,Maderera Mitre SA,Av. Presidente Peron 2499,01557A,Esteban Bergamaschi,5,1,100,5,3547.06,4291.94,0,0,0,21,0,0,0,0,0,0,002200004953
20170526,04003978,Maderas El Aleman de General Rodriguez SRL,,04C00898,Hector Collia,1,0,0,1,0.21,0.21,0,0,0,0,0,0,0,0,0,0,000000010836
20170526,99088888,Ventas Contado,América 353,01558EC,Isolant SA,4,0.8,80,4,2116,2560.36,0,0,0,0,0,0,0,0,0,0,002200000033
20170526,29003023,Fiol S R L,,04C00898,Hector Collia,1,0,0,1,0.82,0.82,0,0,0,0,0,0,0,0,0,0,000000010837
20170526,29000133,El Emporio Del Terciado S A,,04C00898,Ventas Buenos Aires,1,0,0,1,1.08,1.08,0,0,0,0,0,0,0,0,0,0,000000010839
20170526,03004823,Saldaña Gilberto Orlando,Gaspar Campos 5282,01766A,Esteban Bergamaschi,30,1.1874,0,30,10215.89,12361.22,0,0,0,21,0,0,0,0,0,0,002200004956
20170526,03004813,Loma Hermosa Plast SA,Saavedra 6440,01514D,Levy,1050,5.25,1050,1050,11088,13416.48,0,0,0,0,0,0,0,0,0,0,002200004954
20170526,03004764,Gutkoski Antenor Jose,Av. Juan M. Rosas 2034,01555MA,Levy,1,0.15,20,1,0.08,0.1,0,0,15,0,0,0,0,0,0,0,002200004955
20170526,03004764,Gutkoski Antenor Jose,Av. Juan M. Rosas 2034,01555MC,Levy,200,1.5,200,10,9441.28,11423.96,0,0,15,21,0,0,0,0,0,0,002200004955
20170526,29003156,J Nardelli y Cia SRL,,04C00898,Hector Collia,1,0,0,1,0.01,0.01,0,0,0,0,0,0,0,0,0,0,000000010838
20170526,03005223,Tubo Center SA,Av. Presidente Arturo Illia 6204,01558ES,Levy,15,3,300,15,7204.8,8717.81,0,0,0,21,0,0,0,0,0,0,002200004957
20170526,03005223,Tubo Center SA,Av. Presidente Arturo Illia 6204,01558EC,Levy,20,4,400,20,12687.4,15351.75,0,0,0,21,0,0,0,0,0,0,002200004957
20170526,03003063,Divano Y Villar SRL,Av. Mitre 2898,01514PC,Levy,50,0.25,50,0,985.53,1192.49,0,0,0,21,0,0,0,0,0,0,002200004958
20170526,03004729,Teknobayres S.A.,Av. santa Fe 2777,01555MC,Levy,400,3,400,20,18882.58,22847.92,0,0,15,21,0,0,0,0,0,0,002200004959
20170526,03004729,Teknobayres S.A.,Av. santa Fe 2777,01555MA,Levy,3,0.45,60,3,0.26,0.3,0,0,15,0,0,0,0,0,0,0,002200004959
20170526,03005083,Pilkington Automotive Argentina S.A.,Fray Cayetano Rodriguez 2431 esq. Ambrosetti,01912A,Levy,15,5.4,0,15,23547.15,28492.05,0,0,0,0,0,0,0,0,0,0,002200004960
20170526,05005851,Dimo Contrucciones S.A,Colectora Oeste 1590,01558EC,Hector Collia,64,12.8,1280,64,26880,32524.8,0,0,0,0,0,0,0,0,0,0,002200004961
20170526,05003080,Dominguez Martha Ofelia,Iturraspe 695,01850A,Levy,3,0.375,75,3,1596.64,1931.94,0,0,0,21,4,0,0,0,0,0,002200004962
20170526,01004688,Studio TG S.R.L.,Senillosa 1596,01603A,Levy,30,1.5,750,30,5339.61,6460.93,0,0,0,21,0,0,0,0,0,0,002200004963
20170526,29004625,Rionda Hnos SRL,Ruta Nº5 Km 127,01750A,Hector Collia,10,0,0,10,6607.01,7994.48,0,0,0,21,0,0,0,0,0,0,002200004964
20170526,11005536,Favre Sebastian Javier,Jose Guex 1624,01654ON,Victor Casañas,5,0.84,0,5,2135.37,2583.8,0,0,15,21,0,0,0,0,0,0,002200004965
20170526,11004421,Campostrini Hnos SA,A. Palacios 202,01555EC,Victor Casañas,50,5,1000,50,12818.94,15510.91,0,0,8,21,15,0,0,0,0,0,002200004966
20170526,11004421,Campostrini Hnos SA,A. Palacios 202,01558ES,Victor Casañas,50,10,1000,50,18780.51,22724.42,0,0,8,21,15,0,0,0,0,0,002200004966
20170526,27003323,Bercovich SACIFIA,Asunción 237,01558BC,Pedro Cocaña,70,14,1400,70,65529.48,79290.66,0,3,0,25,4,0,0,0,0,0,002200004970
20170526,27003323,Bercovich SACIFIA,Asunción 237,01568B,Pedro Cocaña,1575,15.75,1575,78.75,73720.66,89202,0,3,0,25,4,0,0,0,0,0,002200004970
20170526,27003323,Bercovich SACIFIA,Diagonal Juan XXIII,01557AK,Pedro Cocaña,20,2.1,300,20,5231.71,6330.37,0,3,0,25,12,0,0,0,0,0,002200004971
20170526,28000201,CASARINO S.R.L.,,04C00624,Fernando Palmas,1,0,0,1,4512.49,4512.49,0,0,0,0,0,0,0,0,0,0,000000000932
20170526,03000023,Industrias Saladillo SA,IS.SA. Planta Pilar,01525AHC,Isolant SI,620,6.2,620,620,9616.2,11635.6,0,0,0,0,0,0,0,0,0,0,002200004967
20170526,09003821,Caballero Maximo Octavio,,04C00898,Ind Saladillo Chaco,-1,0,0,-1,-0.01,-0.01,0,0,0,0,0,0,0,0,0,0,000000010840
20170526,19002241,Carlos Isla y Cia. SA,Suc. Gral Roca: San Juan 198,01555C,Latyn-Valle y Cordillera,15,1.5,300,15,1.5,1.82,0,0,0,0,0,0,0,0,0,0,002200004982
20170526,27003323,Bercovich SACIFIA,Suc. Concepcion - San Martin 670,01557C,Pedro Cocaña,6,1.2,120,6,0.58,0.7,0,3,0,0,0,0,0,0,0,0,002200004968
20170526,27003323,Bercovich SACIFIA,Suc. Concepcion - San Martin 670,01557A,Pedro Cocaña,50,10,1000,50,28744.66,34781.04,0,3,0,25,12,0,0,0,0,0,002200004968
20170526,27003323,Bercovich SACIFIA,Suc. El Amigo - Ruta 38 Km 1541,01555AK,Pedro Cocaña,30,1.35,450,30,5102.07,6173.51,0,3,0,25,12,0,0,0,0,0,002200004969
20170526,27003323,Bercovich SACIFIA,Suc. El Amigo - Ruta 38 Km 1541,01557AK,Pedro Cocaña,40,4.2,600,40,10463.43,12660.75,0,3,0,25,12,0,0,0,0,0,002200004969
20170526,01005292,Adamant SRL,Paysandu 923 (entre Crisologo Larralde y Lucena),01508D,Isolant SI,100,0.2,100,100,371,448.91,0,0,0,0,0,0,0,0,0,0,002200004972
20170526,01005292,Adamant SRL,Paysandu 923 (entre Crisologo Larralde y Lucena),01500ASA,Isolant SI,9200,4.6,9200,0,13708,16586.68,0,0,0,0,0,0,0,0,0,0,002200004972
20170526,01005292,Adamant SRL,Paysandu 923 (entre Crisologo Larralde y Lucena),01500ASA,Isolant SI,23600,11.8,23600,0,36108,43690.68,0,0,0,0,0,0,0,0,0,0,002200004972
20170526,01005292,Adamant SRL,Paysandu 923 (entre Crisologo Larralde y Lucena),01508DB,Isolant SI,4000,8,4000,0,13480,16310.8,0,0,0,0,0,0,0,0,0,0,002200004972
20170526,01005292,Adamant SRL,Paysandu 923 (entre Crisologo Larralde y Lucena),01508BA,Isolant SI,6960,13.92,6960,0,23455.2,28380.79,0,0,0,0,0,0,0,0,0,0,002200004972
20170526,01005292,Adamant SRL,Paysandu 923 (entre Crisologo Larralde y Lucena),01650DC,Isolant SI,225,2.25,225,0,5404.5,6539.44,0,0,0,0,0,0,0,0,0,0,002200004972
20170526,01005292,Adamant SRL,Paysandu 923 (entre Crisologo Larralde y Lucena),01508D,Isolant SI,2400,4.8,2400,2400,8904,10773.84,0,0,0,0,0,0,0,0,0,0,002200004972
20170526,01005292,Adamant SRL,Paysandu 923 (entre Crisologo Larralde y Lucena),01505A,Isolant SI,3600,3.6,3600,0,17784,21518.64,0,0,0,0,0,0,0,0,0,0,002200004972
20170526,01005292,Adamant SRL,Paysandu 923 (entre Crisologo Larralde y Lucena),01500D,Isolant SI,10800,5.4,10800,0,16524,19994.04,0,0,0,0,0,0,0,0,0,0,002200004972
20170526,19002241,Carlos Isla y Cia. SA,Suc. Neuquen: Teodoro Plan 5055,01555A,Latyn-Valle y Cordillera,300,30,6000,300,102177,123634.17,0,0,0,0,0,0,0,0,0,0,002200004983
20170526,01005292,Adamant SRL,Paysandu 923 (entre Crisologo Larralde y Lucena),01500D,Isolant SI,450,0.225,450,0,670.5,811.3,0,0,0,0,0,0,0,0,0,0,002200004973
20170526,03000741,Maderera Newton Sociedad Anonima,Acceso Norte 3085 (ramal Campana) y Haití- Frente la Ford,01960FC,Esteban Bergamaschi,2,0,0,2,3952,4781.92,0,0,15,21,0,0,0,0,0,0,002200004974
20170526,27003324,Supermat S A,Av. Alte. Brown 1350-Jujuy,01557A,Pedro Cocaña,100,20,2000,100,57489.32,69562.08,0,3,0,25,12,0,0,0,0,0,002200004975
20170526,27003324,Supermat S A,Av. Alte. Brown 1350-Jujuy,01557C,Pedro Cocaña,12,2.4,240,12,1.16,1.41,0,3,0,0,0,0,0,0,0,0,002200004975
20170526,16005773,Metales Dibo SA,Maza Norte 3536,01558ECC,Leandro Diaz,4000,40,4000,200,80400,97284,0,0,0,0,0,0,0,0,0,0,002200004976
20170526,16005773,Metales Dibo SA,Maza Norte 3536,01571ECC,Leandro Diaz,180,3.6,180,9,8460,10236.6,0,0,0,0,0,0,0,0,0,0,002200004976
20170526,04003978,Maderas El Aleman de General Rodriguez SRL,,04C00898,Hector Collia,-1,0,0,-1,-0.21,-0.21,0,0,0,0,0,0,0,0,0,0,000000010841
20170526,04003978,Maderas El Aleman de General Rodriguez SRL,,04C00898,Hector Collia,1,0,0,1,0.21,0.21,0,0,0,0,0,0,0,0,0,0,000000010842
20170526,27003324,Supermat S A,Av. Alte. Brown 1350-Jujuy,01557A,Pedro Cocaña,50,10,1000,50,28744.66,34781.04,0,3,0,25,12,0,0,0,0,0,002200004977
20170526,27003324,Supermat S A,Av. Alte. Brown 1350-Jujuy,01557C,Pedro Cocaña,6,1.2,120,6,0.58,0.7,0,3,0,0,0,0,0,0,0,0,002200004977
20170526,20003736,Ortiz Marcelo Jesus,Tte Ibañez 810,01557A,Pedro Cocaña,25,5,500,25,17203.24,20815.92,0,3,0,21,0,0,0,0,0,0,002200004980
20170526,20003736,Ortiz Marcelo Jesus,Tte Ibañez 810,01557C,Pedro Cocaña,6,1.2,120,6,0.58,0.7,0,3,0,0,0,0,0,0,0,0,002200004980
20170526,20001454,Corralon Cedroran SRL,Caseros 1750,01557A,Pedro Cocaña,15,3,300,15,8629.15,10441.27,0,3,5,21,12,0,0,0,0,0,002200004981
20170526,20001454,Corralon Cedroran SRL,Caseros 1750,01557C,Pedro Cocaña,1,0.2,20,1,0.09,0.11,0,3,5,0,0,0,0,0,0,0,002200004981
20170526,20001454,Corralon Cedroran SRL,Caseros 1750,01555M,Pedro Cocaña,30,4.5,600,30,26221.56,31728.09,0,3,5,21,12,0,0,0,0,0,002200004981
20170526,20001454,Corralon Cedroran SRL,Caseros 1750,01555MA,Pedro Cocaña,3,0.45,60,3,0.28,0.33,0,3,5,0,0,0,0,0,0,0,002200004981
20170526,13004184,Apaza Felipe,Av. Mosconi 270,01558ESC,Pedro Cocaña,200,2,200,10,3485,4216.86,0,3,15,21,12,0,0,0,0,0,002200004978
20170526,13004184,Apaza Felipe,Av. Mosconi 270,01555ECC,Pedro Cocaña,1000,5,1000,50,11888.02,14384.5,0,3,15,21,12,0,0,0,0,0,002200004978
20170526,13005636,Clauser Elvis Guillermo,Av. San Martin 375,01559AA,Pedro Cocaña,1000,10,1000,50,28764.14,34804.62,0,3,5,21,12,0,0,0,0,0,002200004979
20170526,13005636,Clauser Elvis Guillermo,Av. San Martin 375,01557C,Pedro Cocaña,12,2.4,240,12,1.1,1.34,0,3,5,0,0,0,0,0,0,0,002200004979
20170526,24002684,Centro De Chapas Rosario SA,,04ANTICIPOS,Diego Fani,1,0,0,1,344700.48,417087.58,0,0,0,0,0,0,0,0,0,0,001400000709
20170526,02005702,Caps Ram,,04ANTICIPOS,Levy,1,0,0,1,43440,52562.4,0,0,0,0,0,0,0,0,0,0,001400000710
20170526,02005702,Caps Ram,,04ANTICIPOS,Levy,1,0,0,1,43440,52562.4,0,0,0,0,0,0,0,0,0,0,001400000711
20170526,27003324,Supermat S A,Av. Belgrano 956-Santiago del Estero,01557A,Pedro Cocaña,50,10,1000,50,28744.66,34781.04,0,3,0,25,12,0,0,0,0,0,002200004984
20170526,27003324,Supermat S A,Av. Belgrano 956-Santiago del Estero,01557C,Pedro Cocaña,6,1.2,120,6,0.58,0.7,0,3,0,0,0,0,0,0,0,0,002200004984
20170526,27003324,Supermat S A,Av. Belgrano 956-Santiago del Estero,01558BC,Pedro Cocaña,10,2,200,10,10444.86,12638.28,0,3,0,25,0,0,0,0,0,0,002200004984
20170526,27003323,Bercovich SACIFIA,Centro Dist. Lastenia - Km 1296 (frente a Arco),01557A,Pedro Cocaña,190,38,3800,190,109229.71,132167.95,0,3,0,25,12,0,0,0,0,0,002200004985
20170526,27003323,Bercovich SACIFIA,Centro Dist. Lastenia - Km 1296 (frente a Arco),01557C,Pedro Cocaña,24,4.8,480,24,2.33,2.82,0,3,0,0,0,0,0,0,0,0,002200004985

