﻿FechaTxt,Codigo_Cliente,Cliente,EntDir,Codigo_Articulo,Vendedor,cantidad,Mts3,Mts2,Rollos,Importe_Bruto,Importe_Neto,Dto_Contado,Dto_Flete,Dto_Especial,Bonificacion,Desc_Adicional,cantidad_elaborada,m2_ocupados,costo_unitario,costo_total_stock,Costo_de_venta,comp
20170502,24004687,Morbidoni Ivan Raul,,04C00898,Diego Fani,1,0,0,1,0.47,0.47,0,0,0,0,0,0,0,0,0,0,000000010785
20170502,29002246,Ungaro Leonardo Roberto,Calle 20 nº 1178,01557A,Hector Collia,200,40,4000,200,118534.68,143426.96,0,0,0,25,12,0,0,0,0,0,002200004472
20170502,29002246,Ungaro Leonardo Roberto,Calle 20 nº 1178,01557C,Hector Collia,48,9.6,960,48,4.8,5.81,0,0,0,0,0,0,0,0,0,0,002200004472
20170502,29002246,Ungaro Leonardo Roberto,Calle 20 nº 1178,01960DA,Hector Collia,10,0,0,10,25119.68,30394.81,0,0,0,25,0,0,0,0,0,0,002200004472
20170502,29002246,Ungaro Leonardo Roberto,Calle 20 nº 1178,01558BC,Hector Collia,20,4,400,20,20908.5,25299.28,0,0,0,25,0,0,0,0,0,0,002200004472
20170502,02003757,Carmona Leonardo Esteban,Tte Juan D. Perón 3908,01558ECC,Ventas Buenos Aires,1000,10,1000,50,27905.32,33765.44,0,0,0,21,12,0,0,0,0,0,002200004466
20170502,02003757,Carmona Leonardo Esteban,Tte Juan D. Perón 3908,01555ARC,Ventas Buenos Aires,1000,5,1000,50,12318.94,14905.92,0,0,0,21,12,0,0,0,0,0,002200004466
20170502,02003757,Carmona Leonardo Esteban,Tte Juan D. Perón 3908,01557ARC,Ventas Buenos Aires,1000,10,1000,50,18937.24,22914.08,0,0,0,21,12,0,0,0,0,0,002200004466
20170502,11001938,Bassi Gustavo Eduardo,,04C00898,Meier,1,0,0,1,0.01,0.01,0,0,0,0,0,0,0,0,0,0,000000010784
20170502,04005689,Polifoam SRL,Alte. Brown 3985,01788A,Isolant SI,29,1.54889,0,29,6889.82,8336.68,0,0,0,0,0,0,0,0,0,0,002200004470
20170502,04005689,Polifoam SRL,Alte. Brown 3985,01905A,Isolant SI,2,0.14236,0,2,969.39,1172.96,0,0,0,30,0,0,0,0,0,0,002200004470
20170502,04005689,Polifoam SRL,Alte. Brown 3985,01769A,Isolant SI,16,0.532816,0,16,2344.16,2836.43,0,0,0,0,0,0,0,0,0,0,002200004470
20170502,04005689,Polifoam SRL,Alte. Brown 3985,01551I,Isolant SI,25,2.5,500,25,3813.5,4614.34,0,0,0,0,0,0,0,0,0,0,002200004470
20170502,04005689,Polifoam SRL,Alte. Brown 3985,01771A,Isolant SI,20,0.76655,0,20,3011.2,3643.55,0,0,0,0,0,0,0,0,0,0,002200004470
20170502,24003831,Motta Maderas y Decorac. SRL,Santa Fe 2066,01555EC,Diego Fani,10,1,200,10,3278.5,3966.98,0,0,0,21,0,0,0,0,0,0,002200004471
20170502,24003831,Motta Maderas y Decorac. SRL,Santa Fe 2066,01557A,Diego Fani,5,1,100,5,3547.06,4291.94,0,0,0,21,0,0,0,0,0,0,002200004471
20170502,24003831,Motta Maderas y Decorac. SRL,Santa Fe 2066,01960F,Diego Fani,1,0,0,1,2138.73,2587.87,0,0,0,21,8,0,0,0,0,0,002200004471
20170502,24003831,Motta Maderas y Decorac. SRL,Santa Fe 2066,01654ON,Diego Fani,3,0.504,0,3,1386.73,1677.95,0,0,0,21,8,0,0,0,0,0,002200004471
20170502,24003831,Motta Maderas y Decorac. SRL,Santa Fe 2066,01500AC,Diego Fani,300,0.15,300,0,1099.68,1330.61,0,0,0,21,0,0,0,0,0,0,002200004471
20170502,03000023,Industrias Saladillo SA,IS.SA. Planta Pilar,01525AH,Isolant SI,2160,21.6,2160,0,36093.6,43673.26,0,0,0,0,0,0,0,0,0,0,002200004459
20170502,01003118,Caputo Marcelo Claudio,Acevedo 65,01658ACP,Luis Ramirez,40,1.2,40,0,4785.6,5790.58,0,0,0,40,0,0,0,0,0,0,002200004460
20170502,01003118,Caputo Marcelo Claudio,Acevedo 65,01551IC,Luis Ramirez,400,2,400,20,4057.44,4909.5,0,0,0,21,0,0,0,0,0,0,002200004460
20170502,01003118,Caputo Marcelo Claudio,Acevedo 65,01700AD,Luis Ramirez,100,0.6,100,5.45454545454545,2979.2,3604.84,0,0,0,30,0,0,0,0,0,0,002200004460
20170502,03000856,Divano Jorge Luis,Av. Mitre 2102,01557A,Levy,25,5,500,25,17735.3,21459.72,0,0,0,21,0,0,0,0,0,0,002200004468
20170502,03000856,Divano Jorge Luis,Av. Mitre 2102,01557C,Levy,6,1.2,120,6,0.6,0.73,0,0,0,0,0,0,0,0,0,0,002200004468
20170502,16000158,Valerio Oliva SACIA,,04C00898,Leandro Diaz,1,0,0,1,0.65,0.65,0,0,0,0,0,0,0,0,0,0,000000010783
20170502,07003893,Torres Carlos Hector,"Osvaldo Cruz 4004, CABA (Planta de Quilmes)",01568CBM,Meier,340,3.4,340,17,19013.06,23005.8,5,3,5,25,4,0,0,0,0,0,002200004469
20170502,24005520,Nocelli Ariel Jesus,Cerrityo 1114/1122,01555AR,Isolant SA,50,5,1000,50,10204.15,12347.02,0,3,0,32.5,12,0,0,0,0,0,002200004467
20170502,24005520,Nocelli Ariel Jesus,Cerrityo 1114/1122,01557AR,Isolant SA,50,10,1000,50,15695.14,18991.12,0,3,0,32.5,12,0,0,0,0,0,002200004467
20170502,01005203,"Salomon Chamma, Mauricio Chamma y Marcos E. Chama S.H.",Alberdi 5975,01550I,Luis Ramirez,50,2,1000,50,5095.89,6166.03,0,0,0,21,3,0,0,0,0,0,002200004461
20170502,20004357,Sucesores de Yeizel Katz,Alberdi Nº75,01957A,Pedro Cocaña,1,0,0,1,0.1,0.12,0,0,0,0,0,0,0,0,0,0,002200004462
20170502,20004357,Sucesores de Yeizel Katz,Alberdi Nº75,01555A,Pedro Cocaña,25,2.5,500,25,11613.79,14052.69,0,0,0,21,0,0,0,0,0,0,002200004462
20170502,20004357,Sucesores de Yeizel Katz,Alberdi Nº75,01555C,Pedro Cocaña,6,0.6,120,6,0.6,0.73,0,0,0,0,0,0,0,0,0,0,002200004462
20170502,07004166,Vella Marcos Pablo y Vella Luciano Domingo,Fray Luis Beltran Esq. Cardeñosa,01603B,Meier,20,1,500,20,3965.64,4798.42,0,0,0,30,0,0,0,0,0,0,002200004463
20170502,07004166,Vella Marcos Pablo y Vella Luciano Domingo,Fray Luis Beltran Esq. Cardeñosa,01603AC,Meier,20,1,500,20,5247.76,6349.79,0,0,0,30,0,0,0,0,0,0,002200004463
20170502,01005878,Corralón Construcciones El Bolson S.R.L,Azcuenaga 375,01555EC,Isolant SA,15,1.5,300,15,3894.86,4712.78,0,0,10,21,12,0,0,0,0,0,002200004464
20170502,01005878,Corralón Construcciones El Bolson S.R.L,Azcuenaga 375,01558ES,Isolant SA,10,2,200,10,3804.13,4603,0,0,10,21,12,0,0,0,0,0,002200004464
20170502,07003740,"Metalica, Construcciones y Montajes S.A.",Cochabamba 2340,01568CBC,Meier,600,6,600,30,39924,48308.04,0,0,0,25,0,0,0,0,0,0,002200004465
20170502,07003740,"Metalica, Construcciones y Montajes S.A.",Cochabamba 2340,01957A,Meier,1,0,0,1,0.1,0.12,0,0,0,0,0,0,0,0,0,0,002200004465
20170502,07003893,Torres Carlos Hector,"Osvaldo Cruz 4004, CABA (Planta de Quilmes)",01568CBM,Meier,2244,22.44,2244,112.2,125486.16,151838.26,5,3,5,25,4,0,0,0,0,0,002200004456
20170502,07003893,Torres Carlos Hector,"Osvaldo Cruz 4004, CABA (Planta de Quilmes)",01960DA,Meier,12,0,0,12,26388.4,31929.96,5,3,5,25,0,0,0,0,0,0,002200004456
20170502,07003929,Daniel Hernandez e hijos SRL,Ruta A005 y Castelli 0,01558BC,Meier,20,4,400,20,22023.62,26648.58,0,0,0,21,0,0,0,0,0,0,002200004457
20170502,04005401,Interlicchia Felix Salvador,Avenida Pedro Diaz 2865,01957A,Esteban Bergamaschi,1,0,0,1,0.1,0.1,0,0,10,0,0,0,0,0,0,0,002200004458
20170502,04005401,Interlicchia Felix Salvador,Avenida Pedro Diaz 2865,01557AKC,Esteban Bergamaschi,750,5.25,750,50,12782.64,15467,0,0,10,21,12,0,0,0,0,0,002200004458
20170502,04005401,Interlicchia Felix Salvador,Avenida Pedro Diaz 2865,01555AKC,Esteban Bergamaschi,1500,45,1500,100,16611.8,20100.28,0,0,10,21,12,0,0,0,0,0,002200004458

