﻿FechaTxt,Codigo_Cliente,Cliente,EntDir,Codigo_Articulo,Vendedor,cantidad,Mts3,Mts2,Rollos,Importe_Bruto,Importe_Neto,Dto_Contado,Dto_Flete,Dto_Especial,Bonificacion,Desc_Adicional,cantidad_elaborada,m2_ocupados,costo_unitario,costo_total_stock,Costo_de_venta,comp,C_Construccion,nomdoc
20171205,01001961,El Espartano SA,Ruta 202 Nº 3685,01700A,Hector Collia,220,26.4,0,220,143743.6,173929.76,0,0,0,30,0,0,0,0,0,59752,002200008986,N,Factura de Venta
20171205,04004334,Fapex SA,Rio Potrero 175 (Esq. Rio de Rey) Barrio CinaCina,01555ARF,Isolant SI,140,14,2800,140,21971.6,26585.64,0,0,0,0,0,0,0,0,0,19324.2,002200008984,N,Factura de Venta
20171205,04004334,Fapex SA,Rio Potrero 175 (Esq. Rio de Rey) Barrio CinaCina,01557ARF,Isolant SI,145,29,2900,145,39618.35,47938.2,0,0,0,0,0,0,0,0,0,34945,002200008984,N,Factura de Venta
20171205,03002676,Tempur Sealy Argentina SRL,Marcos Sastre 2300,01510AC,Fernando Palmas,1500,4.5,1500,1500,11925,14429.25,0,0,0,0,0,0,0,0,0,5850,002200008990,N,Factura de Venta
20171205,03002676,Tempur Sealy Argentina SRL,Marcos Sastre 2300,01510CC,Fernando Palmas,2250,6.75,2250,2250,17887.5,21643.88,0,0,0,0,0,0,0,0,0,8775,002200008990,N,Factura de Venta
20171205,03002676,Tempur Sealy Argentina SRL,Marcos Sastre 2300,01510AC,Fernando Palmas,2200,6.6,2200,2200,17490,21162.9,0,0,0,0,0,0,0,0,0,8580,002200008991,N,Factura de Venta
20171205,01005657,Perna Franco,Manco Capac 1540,01957AB,Levy,1,0,0,1,0.1,0.12,0,0,0,0,0,0,0,0,0,0,002200008997,N,Factura de Venta
20171205,24005520,Nocelli Ariel Jesus,Cerrityo 1114/1122,01555AR,Isolant SA,60,6,1200,60,12352.5,14946.53,0,0,0,32.5,20,0,0,0,0,8281.8,002200009006,N,Factura de Venta
20171205,24005520,Nocelli Ariel Jesus,Cerrityo 1114/1122,01555AR,Isolant SA,235,23.5,4700,235,48380.63,58540.56,0,0,0,32.5,20,0,0,0,0,32437.05,002200009007,N,Factura de Venta
20171205,04004334,Fapex SA,Rio Potrero 175 (Esq. Rio de Rey) Barrio CinaCina,01558A,Isolant SI,12,2.4,240,12,5279.28,6387.93,0,0,0,0,0,0,0,0,0,3109.92,002200008985,N,Factura de Venta
20171205,31001364,Martinez Escalada S.A,H. Irigoyen 1493/99,01960DC,Esteban Bergamaschi,60,0,0,60,90944.96,110043.4,0,0,0,21,0,0,0,0,0,62118,002200008988,N,Factura de Venta
20171205,24005969,Albanese Vanina Eugenia,Av. Francia 3371,01772AB,Victor Casañas,1,0.18944,0,1,1688.3,2042.86,0,0,0,25,0,0,0,0,0,330.77,002200008996,S,Factura de Venta
20171205,01005657,Perna Franco,Manco Capac 1540,01555EC,Levy,35,3.5,700,35,11856.94,14346.9,0,0,0,21,4,0,0,0,0,5884.9,002200008997,N,Factura de Venta
20171205,11000969,Bourlot Nestor Conrado,Bolivar e Italia,01654ON,Victor Casañas,1,0.168,0,1,1291.69,1562.94,0,0,0,25,0,0,0,0,0,296.75,002200009001,N,Factura de Venta
20171205,11000969,Bourlot Nestor Conrado,Bolivar e Italia,01655ON,Victor Casañas,1,0.168,0,1,1564.05,1892.5,0,0,0,25,0,0,0,0,0,353.28,002200009001,N,Factura de Venta
20171205,24004025,Flavio Gangale SRL,Santa Fe 3254,01900A,Diego Fani,6,0.4524,0,6,20206.24,24449.55,0,0,0,21,0,0,0,0,0,7181.76,002200009002,N,Factura de Venta
20171205,18000136,Corralon Patagonico De Los Andes SA,Gral. Roca 1296,01767C,Latyn-Valle y Cordillera,6,0.31896,0,6,5274.29,6381.89,0,0,0,21,0,0,0,0,0,1025.94,002200009003,N,Factura de Venta
20171205,18000136,Corralon Patagonico De Los Andes SA,Gral. Roca 1296,01765A,Latyn-Valle y Cordillera,4,0.186,0,4,1800.6,2178.73,0,0,0,21,0,0,0,0,0,219.88,002200009003,N,Factura de Venta
20171205,03000023,Industrias Saladillo SA,IS.SA. Planta Pilar,01525AH,Isolant SI,1000,10,1000,0,15770,19081.7,0,0,0,0,0,0,0,0,0,11030,002200009004,N,Factura de Venta
20171205,11000969,Bourlot Nestor Conrado,Bolivar e Italia,01960F,Victor Casañas,4,0,0,4,9778.8,11832.35,0,0,0,25,0,0,0,0,0,4335.4,002200008999,N,Factura de Venta
20171205,11000969,Bourlot Nestor Conrado,Bolivar e Italia,06M009CC,Victor Casañas,1,0,0,1,0.1,0.12,0,0,0,0,0,0,0,0,0,0,002200008999,N,Factura de Venta
20171205,24005817,Multimat A.C.E,Av Belgrano 518,01551I,Diego Fani,40,4,800,40,8734.24,10568.43,0,0,0,21,0,0,0,0,0,3286.4,002200009000,N,Factura de Venta
20171205,24005817,Multimat A.C.E,Av Belgrano 518,01552I,Diego Fani,15,3,600,15,6547.72,7922.74,0,0,0,21,0,0,0,0,0,3027.45,002200009000,N,Factura de Venta
20171205,24005817,Multimat A.C.E,Av Belgrano 518,01765A,Diego Fani,1,0.0465,0,1,450.15,544.68,0,0,0,21,0,0,0,0,0,54.97,002200009000,N,Factura de Venta
20171205,24005817,Multimat A.C.E,Av Belgrano 518,01569BC,Diego Fani,5,1.5,100,5,7741.88,9367.68,0,0,0,21,0,0,0,0,0,3427.8,002200009000,N,Factura de Venta
20171205,04004334,Fapex SA,Rio Potrero 175 (Esq. Rio de Rey) Barrio CinaCina,01552IF,Isolant SI,39,7.8,1560,39,8900.58,10769.7,0,0,0,0,0,0,0,0,0,7927.14,002200009008,N,Factura de Venta
20171205,04004334,Fapex SA,Rio Potrero 175 (Esq. Rio de Rey) Barrio CinaCina,01555ARF,Isolant SI,109,10.9,2180,109,17106.46,20698.82,0,0,0,0,0,0,0,0,0,15045.27,002200009008,N,Factura de Venta
20171205,04004334,Fapex SA,Rio Potrero 175 (Esq. Rio de Rey) Barrio CinaCina,01555ARF,Isolant SI,308,30.8,6160,308,48337.52,58488.4,0,0,0,0,0,0,0,0,0,42513.24,002200009008,N,Factura de Venta
20171205,24005520,Nocelli Ariel Jesus,Cerrityo 1114/1122,01557AR,Isolant SA,250,50,5000,250,79162.65,95786.81,0,0,0,32.5,20,0,0,0,0,60250,002200009009,N,Factura de Venta
20171205,11000969,Bourlot Nestor Conrado,Bolivar e Italia,01907A,Victor Casañas,4,0.754,0,4,7496.31,9070.54,0,0,0,25,0,0,0,0,0,1205.48,002200008999,N,Factura de Venta
20171205,11000969,Bourlot Nestor Conrado,Bolivar e Italia,01557A,Victor Casañas,10,2,200,10,7389.9,8941.78,0,0,0,25,0,0,0,0,0,2757.3,002200008999,N,Factura de Venta
20171205,16003985,Goma Sur SRL,Ballofet 1199,01772AB,Leandro Diaz,1,0.18944,0,1,1688.32,2042.86,0,0,0,25,0,0,0,0,0,330.77,002200008998,N,Factura de Venta
20171205,16003985,Goma Sur SRL,Ballofet 1199,01772AC,Leandro Diaz,1,0.18944,0,1,1688.32,2042.86,0,0,0,25,0,0,0,0,0,330.77,002200008998,N,Factura de Venta
20171205,16003985,Goma Sur SRL,Ballofet 1199,01772AD,Leandro Diaz,1,0.18944,0,1,1688.32,2042.86,0,0,0,25,0,0,0,0,0,330.77,002200008998,N,Factura de Venta
20171205,16003985,Goma Sur SRL,Ballofet 1199,01950D,Leandro Diaz,3,0.6858,0,3,1377,1666.17,0,0,0,25,0,0,0,0,0,956.28,002200008998,N,Factura de Venta
20171205,04004334,Fapex SA,Rio Potrero 175 (Esq. Rio de Rey) Barrio CinaCina,01555ARF,Isolant SI,16,1.6,320,16,2511.04,3038.36,0,0,0,0,0,0,0,0,0,2208.48,002200009008,N,Factura de Venta
20171205,04004334,Fapex SA,Rio Potrero 175 (Esq. Rio de Rey) Barrio CinaCina,01557ARF,Isolant SI,27,5.4,540,27,7377.21,8926.42,0,0,0,0,0,0,0,0,0,6507,002200009008,N,Factura de Venta
20171205,03002676,Tempur Sealy Argentina SRL,Marcos Sastre 2300,01510CC,Fernando Palmas,450,1.35,450,450,3577.5,4328.77,0,0,0,0,0,0,0,0,0,1755,002200008991,N,Factura de Venta
20171205,01003347,Hormetal SA,Calle 2 de Abril 865 (E/J Hernandez y Eva Peron),01552I,Hector Collia,23,4.6,920,23,10039.83,12148.2,0,0,0,21,0,0,0,0,0,4642.09,002200008992,N,Factura de Venta
20171205,03000480,Krasuk SRL,Av. Mitre 3261,01569BC,Esteban Bergamaschi,20,6,400,20,29634.01,35857.15,0,0,0,21,0,0,0,0,0,13711.2,002200008994,N,Factura de Venta
20171205,01002325,Centro Sec SRL,Av. Cordoba 5625,01569BC,Hector Collia,11,3.3,220,11,15473.45,18722.88,0,0,0,25,0,0,0,0,0,7541.16,002200008995,N,Factura de Venta
20171205,16003985,Goma Sur SRL,Ballofet 1199,01765A,Leandro Diaz,1,0.0465,0,1,408.95,494.83,0,0,0,25,0,0,0,0,0,54.97,002200008998,N,Factura de Venta
20171205,16003985,Goma Sur SRL,Ballofet 1199,01772A,Leandro Diaz,1,0.18944,0,1,1688.32,2042.86,0,0,0,25,0,0,0,0,0,330.77,002200008998,N,Factura de Venta
20171205,30000891,Jose Luis Gonzalez SA,Coronel Zuarez 460/64,01550AA,Esteban Bergamaschi,400,0.8,400,20,4058.46,4910.72,0,0,0,21,8,0,0,0,0,1855.64,002200008989,S,Factura de Venta
20171205,30000891,Jose Luis Gonzalez SA,Coronel Zuarez 460/64,01555AA,Esteban Bergamaschi,600,3,600,30,14067.94,17022.2,0,0,0,21,8,0,0,0,0,645.77,002200008989,S,Factura de Venta
20171205,30005659,Tripodi Jorge Enrique,Av. Falucho 1140,01555ECC,Esteban Bergamaschi,4000,20,4000,200,47139.84,57039.2,0,0,12,25,20,0,0,0,0,4673.38,002200008987,S,Factura de Venta
20171205,29004604,Deposito San Martin S.R.L.,San Martin 770,01555ECC,Ventas Buenos Aires,700,3.5,700,35,10861.8,13142.78,0,0,0,21,12,0,0,0,0,817.84,002200009005,S,Factura de Venta
20171205,30005659,Tripodi Jorge Enrique,Av. Falucho 1140,01555EDC,Esteban Bergamaschi,1400,7,1400,70,23564.22,28512.7,0,0,12,25,20,0,0,0,0,23245.54,002200008987,S,Factura de Venta
20171205,11005821,Bh Maderas SA,Ruta 18 Km 14.5,01559AA,Victor Casañas,1900,19,1900,95,57340.16,69381.58,0,3,0,25,12,0,0,0,0,2817.03,002200008993,S,Factura de Venta
20171205,11005821,Bh Maderas SA,Ruta 18 Km 14.5,01557C,Victor Casañas,12,2.4,240,12,1.16,1.4,0,3,0,0,0,0,0,0,0,355.84,002200008993,S,Factura de Venta
20171205,29004604,Deposito San Martin S.R.L.,San Martin 770,01558ALC,Ventas Buenos Aires,1000,10,1000,50,47009.42,56881.4,0,0,0,21,12,0,0,0,0,18214.57,002200009005,S,Factura de Venta
20171205,29004604,Deposito San Martin S.R.L.,San Martin 770,01558ALP,Ventas Buenos Aires,5,1,200,5,0.5,0.6,0,0,0,0,0,0,0,0,0,1821.46,002200009005,S,Factura de Venta
20171205,29004604,Deposito San Martin S.R.L.,San Martin 770,01558BRC,Ventas Buenos Aires,600,6,600,30,45845.28,55472.78,0,0,0,21,0,0,0,0,0,15432.91,002200009005,S,Factura de Venta
20171205,30005659,Tripodi Jorge Enrique,Av. Falucho 1140,01558ETC,Esteban Bergamaschi,2000,20,2000,100,38037.12,46024.92,0,0,12,25,20,0,0,0,0,3397.86,002200008987,S,Factura de Venta
20171205,30000891,Jose Luis Gonzalez SA,Coronel Zuarez 460/64,01558ETC,Esteban Bergamaschi,600,6,600,30,15707.6,19006.2,0,0,0,21,8,0,0,0,0,1019.36,002200008989,S,Factura de Venta
20171205,29000227,Moreno Alfredo German,,04C00898,Isolant SA,1,0,0,1,0.61,0.61,0,0,0,0,0,0,0,0,0,,000000011380,,Débito (Ajustes)
20171205,24005843,Grupo Cis SRL,,01IN,Diego Fani,-1,0,0,-1,-1744.58,-2110.94,0,0,0,0,0,0,0,0,0,,001300000474,N,Crédito de Venta
20171205,24002684,Centro De Chapas Rosario SA,,04C00898,Diego Fani,1,0,0,1,0.01,0.01,0,0,0,0,0,0,0,0,0,,000000011377,,Débito (Ajustes)
20171205,02003030,Curia SACI,,04C00898,Mariano Martinez,1,0,0,1,0.19,0.19,0,0,0,0,0,0,0,0,0,,000000011378,,Débito (Ajustes)
20171205,16003985,Goma Sur SRL,Ballofet 1199,01764A,Leandro Diaz,1,0.0518364,0,1,451.81,546.69,0,0,0,25,0,0,0,0,0,66.48,002200008998,N,Factura de Venta
20171205,07002231,Acerco SA,,01IN,Meier,-1,0,0,-1,-9389.18,-11360.91,0,0,0,0,0,0,0,0,0,,001300000475,,Crédito de Venta
20171205,29001133,Empresa Sposito SA,,04C00898,Ventas Buenos Aires,1,0,0,1,1.19,1.19,0,0,0,0,0,0,0,0,0,,000000011379,,Débito (Ajustes)
20171205,24005817,Multimat A.C.E,Av Belgrano 518,01764A,Diego Fani,1,0.0518364,0,1,497.32,601.76,0,0,0,21,0,0,0,0,0,66.48,002200009000,N,Factura de Venta
20171205,18000136,Corralon Patagonico De Los Andes SA,Gral. Roca 1296,01790A,Latyn-Valle y Cordillera,3,0.11875248,0,3,2249.34,2721.71,0,0,0,21,0,0,0,0,0,402.42,002200009003,N,Factura de Venta
20171205,18000136,Corralon Patagonico De Los Andes SA,Gral. Roca 1296,01764A,Latyn-Valle y Cordillera,4,0.2073456,0,4,1989.28,2407.03,0,0,0,21,0,0,0,0,0,265.92,002200009003,N,Factura de Venta

