﻿FechaTxt,Codigo_Cliente,Cliente,EntDir,Codigo_Articulo,Vendedor,cantidad,Mts3,Mts2,Rollos,Importe_Bruto,Importe_Neto,Dto_Contado,Dto_Flete,Dto_Especial,Bonificacion,Desc_Adicional,cantidad_elaborada,m2_ocupados,costo_unitario,costo_total_stock,Costo_de_venta,comp
20170522,24000055,Impack SA,Galvez 1544,01500AC,Victor Casañas,3600,1.8,3600,0,6660,8058.6,0,0,0,0,0,0,0,0,0,0,002200004826
20170522,11002933,La Agricola Regional Cooperativa Limitada,Moreno 1404,01555AR,Natali Plasticos (Vta Directa),210,21,4200,210,51193.26,61943.85,0,0,1,21,12,0,0,0,0,0,002200004835
20170522,11002933,La Agricola Regional Cooperativa Limitada,Moreno 1404,01554BC,Natali Plasticos (Vta Directa),30,3,600,30,25259.33,30563.79,0,0,1,21,0,0,0,0,0,0,002200004835
20170522,02002812,Moron Goma SA,Av Irigoyen 1049,01654D,Hector Collia,100.5,2.01,100.5,0,11170.88,13516.76,0,0,0,21,0,0,0,0,0,0,002200004836
20170522,16003448,Tapicenter SA,Gobernador Videla 801,01650DC,Leandro Diaz,125,1.25,125,0,5694,6889.74,0,0,0,40,0,0,0,0,0,0,002200004818
20170522,16003448,Tapicenter SA,Gobernador Videla 801,01652AC,Leandro Diaz,50,0.75,50,0,3227.1,3904.79,0,0,0,40,0,0,0,0,0,0,002200004818
20170522,16003448,Tapicenter SA,Gobernador Videla 801,01555A,Leandro Diaz,2,0.2,40,2,740.93,896.53,0,0,0,37,0,0,0,0,0,0,002200004818
20170522,16003448,Tapicenter SA,Gobernador Videla 801,01662DQ,Leandro Diaz,100,4,100,0,16215.6,19620.88,0,0,0,40,0,0,0,0,0,0,002200004818
20170522,03004731,Ferrara SA,Av. del Libertador 124,01558BC,Levy,5,1,100,5,5671.09,6862.02,0,0,0,21,0,0,0,0,0,0,002200004820
20170522,03000741,Maderera Newton Sociedad Anonima,Acceso Norte 3085 (ramal Campana) y Haití- Frente la Ford,01555M,Esteban Bergamaschi,40,6,800,40,37099.92,44890.9,0,0,0,25,12,0,0,0,0,0,002200004821
20170522,03000741,Maderera Newton Sociedad Anonima,Acceso Norte 3085 (ramal Campana) y Haití- Frente la Ford,01555MA,Esteban Bergamaschi,5,0.75,100,5,0.5,0.61,0,0,0,0,0,0,0,0,0,0,002200004821
20170522,05005851,Dimo Contrucciones S.A,Colectora Oeste 1590,01558EC,Hector Collia,60,12,1200,60,25200,30492,0,0,0,0,0,0,0,0,0,0,002200004822
20170522,24000055,Impack SA,Galvez 1544,01514DA,Victor Casañas,5000,25,5000,5000,45400,54934,0,0,0,0,0,0,0,0,0,0,002200004825
20170522,24002129,Germat SRL,9 de Julio 3769,01559AA,Meier,2000,20,2000,100,65266.64,78972.64,0,0,0,21,8,0,0,0,0,0,002200004827
20170522,24002129,Germat SRL,9 de Julio 3769,01557C,Meier,24,4.8,480,24,2.4,2.9,0,0,0,0,0,0,0,0,0,0,002200004827
20170522,24005520,Nocelli Ariel Jesus,Cerrityo 1114/1122,01558EC,Isolant SA,20,4,400,20,9253.45,11196.68,0,3,0,32.5,12,0,0,0,0,0,002200004833
20170522,24005520,Nocelli Ariel Jesus,Cerrityo 1114/1122,01558ES,Isolant SA,40,8,800,40,14012.7,16955.36,0,3,0,32.5,12,0,0,0,0,0,002200004833
20170522,24005520,Nocelli Ariel Jesus,Cerrityo 1114/1122,01558ES,Isolant SA,10,2,200,10,3611.52,4369.94,0,0,0,32.5,12,0,0,0,0,0,002200004834
20170522,01003705,Rosenblatt Daniel y Rosenblatt Carlos S.H.,Av. Forest 540,01603B,Hector Collia,20,1,500,20,3965.64,4798.42,0,0,0,30,0,0,0,0,0,0,002200004837
20170522,01003705,Rosenblatt Daniel y Rosenblatt Carlos S.H.,Av. Forest 540,01700A,Hector Collia,6,0.72,0,6,4032.22,4878.99,0,0,0,21,0,0,0,0,0,0,002200004837
20170522,24002856,Alonso Eduardo Oscar,Tucuman 1304,01654D,Victor Casañas,255,5.1,255,0,26124.75,31610.95,0,0,0,25,0,0,0,0,0,0,002200004838
20170522,07004706,Ananda SRL,Guido Spano 2532,01508D,Meier,500,1,500,500,3063,3706.23,0,0,0,40,0,0,0,0,0,0,002200004839
20170522,11004447,La Pastora SRL,San Martin Nº2480,01555EC,Victor Casañas,25,2.5,500,25,6162.75,7456.93,0,0,10,25,12,0,0,0,0,0,002200004840
20170522,11004447,La Pastora SRL,San Martin Nº2480,01558ES,Victor Casañas,25,5,500,25,9028.8,10924.85,0,0,10,25,12,0,0,0,0,0,002200004840
20170522,04000857,Aserradero Teco SA,Aquilino Colombo 1947,01555MC,Levy,200,1.5,200,10,11107.4,13439.96,0,0,0,21,0,0,0,0,0,0,002200004841
20170522,04000857,Aserradero Teco SA,Aquilino Colombo 1947,01555MA,Levy,1,0.15,20,1,0.1,0.12,0,0,0,0,0,0,0,0,0,0,002200004841
20170522,03000023,Industrias Saladillo SA,IS.SA. Planta Pilar,01788B,Isolant SI,28,0.65968,0,28,2415.28,2922.49,0,0,0,0,0,0,0,0,0,0,002200004842
20170522,03000023,Industrias Saladillo SA,IS.SA. Planta Pilar,01776B,Isolant SI,177,5.0045688,0,177,20976.27,25381.29,0,0,0,0,0,0,0,0,0,0,002200004842
20170522,03000023,Industrias Saladillo SA,IS.SA. Planta Pilar,01778B,Isolant SI,57,1.3967565,0,57,6389.13,7730.85,0,0,0,0,0,0,0,0,0,0,002200004842
20170522,03000023,Industrias Saladillo SA,IS.SA. Planta Pilar,01778B,Isolant SI,50,1.225225,0,50,5604.5,6781.44,0,0,0,0,0,0,0,0,0,0,002200004828
20170522,03000023,Industrias Saladillo SA,IS.SA. Planta Pilar,01776BA,Isolant SI,46,1.3006224,0,46,8315.88,10062.21,0,0,0,0,0,0,0,0,0,0,002200004829
20170522,03000023,Industrias Saladillo SA,IS.SA. Planta Pilar,01777BA,Isolant SI,85,2.269806,0,85,13658.65,16526.97,0,0,0,0,0,0,0,0,0,0,002200004829
20170522,03000023,Industrias Saladillo SA,IS.SA. Planta Pilar,01779BB,Isolant SI,78,3.352212864,0,78,22088.82,26727.47,0,0,0,0,0,0,0,0,0,0,002200004830
20170522,31003963,Sanitarios Carosio SA,Alte. Brown 54,01555A,Ventas Buenos Aires,50,5,1000,50,22298.48,26981.16,0,0,0,21,4,0,0,0,0,0,002200004831
20170522,31003963,Sanitarios Carosio SA,Alte. Brown 54,01558BC,Ventas Buenos Aires,2,0.4,40,2,2268.44,2744.81,0,0,0,21,0,0,0,0,0,0,002200004831
20170522,31003963,Sanitarios Carosio SA,Alte. Brown 54,01555C,Ventas Buenos Aires,6,0.6,120,6,0.6,0.73,0,0,0,0,0,0,0,0,0,0,002200004831
20170522,24005520,Nocelli Ariel Jesus,Cerrityo 1114/1122,01550I,Isolant SA,36,1.44,720,36,2758.75,3338.09,0,3,0,32.5,12,0,0,0,0,0,002200004832
20170522,04004334,Fapex SA,Rio Potrero 175 (Esq. Rio de Rey) Barrio CinaCina,01555ARF,Isolant SI,561,56.1,11220,561,89535.6,108338.08,0,0,0,0,0,0,0,0,0,0,002200004843
20170522,16002240,Diaz Jorge Vidal,Av. Mazza Norte 3433,01571EC,Leandro Diaz,87,34.8,1740,87,75342,91163.82,0,0,0,0,0,0,0,0,0,0,002200004844
20170522,28000201,CASARINO S.R.L.,"Eusebio Ayala 4165 Km 4,5",01550A,Fernando Palmas,60,2.4,1200,60,9004.32,9004.32,0,0,0,0,0,0,0,0,0,0,001500000652
20170522,28000201,CASARINO S.R.L.,"Eusebio Ayala 4165 Km 4,5",01551A,Fernando Palmas,50,5,1000,50,13096.2,13096.2,0,0,0,0,0,0,0,0,0,0,001500000652
20170522,28000201,CASARINO S.R.L.,"Eusebio Ayala 4165 Km 4,5",01552A,Fernando Palmas,10,2,200,10,5445.96,5445.96,0,0,0,0,0,0,0,0,0,0,001500000652
20170522,28000201,CASARINO S.R.L.,"Eusebio Ayala 4165 Km 4,5",01555A,Fernando Palmas,100,10,2000,100,36753.6,36753.6,0,0,0,0,0,0,0,0,0,0,001500000652
20170522,28000201,CASARINO S.R.L.,"Eusebio Ayala 4165 Km 4,5",01557A,Fernando Palmas,7,1.4,140,7,4252.25,4252.25,0,0,0,0,0,0,0,0,0,0,001500000652
20170522,28000201,CASARINO S.R.L.,"Eusebio Ayala 4165 Km 4,5",01550I,Fernando Palmas,50,2,1000,50,5148,5148,0,0,0,0,0,0,0,0,0,0,001500000652
20170522,28000201,CASARINO S.R.L.,"Eusebio Ayala 4165 Km 4,5",01551I,Fernando Palmas,80,8,1600,80,15225.6,15225.6,0,0,0,0,0,0,0,0,0,0,001500000652
20170522,28000201,CASARINO S.R.L.,"Eusebio Ayala 4165 Km 4,5",01557AR,Fernando Palmas,60,12,1200,60,20030.4,20030.4,0,0,0,0,0,0,0,0,0,0,001500000652
20170522,28000201,CASARINO S.R.L.,"Eusebio Ayala 4165 Km 4,5",01568CB,Fernando Palmas,72,14.4,1440,72,80095.39,80095.39,0,0,0,0,0,0,0,0,0,0,001500000653
20170522,28000201,CASARINO S.R.L.,"Eusebio Ayala 4165 Km 4,5",01851A,Fernando Palmas,10,2.5,250,10,5973.24,5973.24,0,0,0,0,0,0,0,0,0,0,001500000653
20170522,28000201,CASARINO S.R.L.,"Eusebio Ayala 4165 Km 4,5",01603B,Fernando Palmas,60,3,1500,60,11260.08,11260.08,0,0,0,0,0,0,0,0,0,0,001500000653
20170522,28002335,TUBACERO S.A.,Coronel Raiz 949,01550I,Fernando Palmas,600,24,12000,600,37440,37440,0,0,0,0,0,0,0,0,0,0,001500000654
20170522,28002335,TUBACERO S.A.,Coronel Raiz 949,01603A,Fernando Palmas,300,15,7500,300,31356,31356,0,0,0,0,0,0,0,0,0,0,001500000654
20170522,28002335,TUBACERO S.A.,Coronel Raiz 949,01555A,Fernando Palmas,149,14.9,2980,149,51113.56,51113.56,0,0,0,0,0,0,0,0,0,0,001500000654
20170522,28002335,TUBACERO S.A.,Coronel Raiz 949,01557A,Fernando Palmas,35,7,700,35,19841.64,19841.64,0,0,0,0,0,0,0,0,0,0,001500000654
20170522,28002335,TUBACERO S.A.,Coronel Raiz 949,01906A,Fernando Palmas,27,2.09925,0,27,10298.34,10298.34,0,0,0,0,0,0,0,0,0,0,001500000654
20170522,28002335,TUBACERO S.A.,Coronel Raiz 949,01957AD,Fernando Palmas,1,0,0,1,1.56,1.56,0,0,0,0,0,0,0,0,0,0,001500000654
20170522,07005677,Iron Pack SRL,Montecatini 3158,01558ECC,Meier,200,2,200,10,4575.96,5536.92,0,5,0,40,0,0,0,0,0,0,002200004846
20170522,07005677,Iron Pack SRL,Montecatini 3158,01700AD,Meier,200,1.2,200,10.9090909090909,4851.84,5870.72,0,5,0,40,0,0,0,0,0,0,002200004846
20170522,07005677,Iron Pack SRL,Montecatini 3158,01557ARC,Meier,200,2,200,10,2950.1,3569.62,0,5,5,40,0,0,0,0,0,0,002200004845
20170522,07005677,Iron Pack SRL,Montecatini 3158,01514DA,Meier,800,4,800,800,7204.8,8717.8,0,5,0,0,0,0,0,0,0,0,002200004847
20170522,07005677,Iron Pack SRL,Montecatini 3158,01515A,Meier,1500,7.5,1500,0,14962.5,18104.62,0,5,0,0,0,0,0,0,0,0,002200004850
20170522,07005677,Iron Pack SRL,Montecatini 3158,01515BE,Meier,1500,7.5,1500,0,20040,24248.4,0,0,0,0,0,0,0,0,0,0,002200004851
20170522,07005677,Iron Pack SRL,Montecatini 3158,01662ACP,Meier,280,11.2,280,0,18268.88,22105.34,0,5,0,0,0,0,0,0,0,0,002200004852
20170522,27001542,Rosso Hnos. de Alvaro S. Rosso y Raul E. Rosso,Suc.07 - A. DEL VALLE 44,01559AA,Pedro Cocaña,1000,10,1000,50,28744.98,34781.42,0,3,0,25,12,0,0,0,0,0,002200004854
20170522,27001542,Rosso Hnos. de Alvaro S. Rosso y Raul E. Rosso,Suc.07 - A. DEL VALLE 44,01557C,Pedro Cocaña,12,2.4,240,12,1.16,1.4,0,3,0,0,0,0,0,0,0,0,002200004854
20170522,27001542,Rosso Hnos. de Alvaro S. Rosso y Raul E. Rosso,Suc.05 - 25 DE MAYO 69,01559AA,Pedro Cocaña,1000,10,1000,50,28744.98,34781.42,0,3,0,25,12,0,0,0,0,0,002200004855
20170522,27001542,Rosso Hnos. de Alvaro S. Rosso y Raul E. Rosso,Suc.05 - 25 DE MAYO 69,01557C,Pedro Cocaña,12,2.4,240,12,1.16,1.4,0,3,0,0,0,0,0,0,0,0,002200004855
20170522,07005677,Iron Pack SRL,Montecatini 3158,01550IC,Meier,200,0.4,200,10,756.96,915.92,0,5,0,40,0,0,0,0,0,0,002200004848
20170522,07005677,Iron Pack SRL,Montecatini 3158,01514PC,Meier,200,1,200,0,1078.44,1304.92,0,5,0,40,0,0,0,0,0,0,002200004848
20170522,27001542,Rosso Hnos. de Alvaro S. Rosso y Raul E. Rosso,Suc. 09- Ruta 301 (ex38) Km 1541,01559AA,Pedro Cocaña,400,4,400,20,11498,13912.58,0,3,0,25,12,0,0,0,0,0,002200004856
20170522,27001542,Rosso Hnos. de Alvaro S. Rosso y Raul E. Rosso,Suc. 09- Ruta 301 (ex38) Km 1541,01557C,Pedro Cocaña,9,1.8,180,9,0.88,1.06,0,3,0,0,0,0,0,0,0,0,002200004856
20170522,06001901,Bernardi SRL,Prado 663,01960DA,Pedro Cocaña,50,0,0,50,138911.63,168083.07,0,0,0,21,0,0,0,0,0,0,002200004857
20170522,03000023,Industrias Saladillo SA,IS.SA. Planta Pilar,01777BA,Isolant SI,223,5.9549028,0,223,35833.87,43358.98,0,0,0,0,0,0,0,0,0,0,002200004816
20170522,04004334,Fapex SA,Rio Potrero 175 (Esq. Rio de Rey) Barrio CinaCina,01555ARF,Isolant SI,557,55.7,11140,557,88897.2,107565.61,0,0,0,0,0,0,0,0,0,0,002200004817
20170522,02005125,Pablo Nicolas Sesma,A. Rojas 630,01559AA,Hector Collia,500,5,500,25,17735.5,21459.96,0,0,0,21,0,0,0,0,0,0,002200004813
20170522,02005125,Pablo Nicolas Sesma,A. Rojas 630,01557C,Hector Collia,3,0.6,60,3,0.3,0.36,0,0,0,0,0,0,0,0,0,0,002200004813
20170522,03004075,Comercial CMP SA,Ruta Panamericana Km. 39.5 Nº1166,01557A,Hector Collia,100,20,2000,100,59267.34,71713.48,0,0,0,25,12,0,0,0,0,0,002200004814
20170522,03004075,Comercial CMP SA,Ruta Panamericana Km. 39.5 Nº1166,01557C,Hector Collia,12,2.4,240,12,1.2,1.45,0,0,0,0,0,0,0,0,0,0,002200004814
20170522,29003156,J Nardelli y Cia SRL,Moreno 1180 y Pte Peron,01559AA,Hector Collia,2000,20,2000,100,62428.96,75539.04,0,0,0,21,12,0,0,0,0,0,002200004815
20170522,29003156,J Nardelli y Cia SRL,Moreno 1180 y Pte Peron,01557C,Hector Collia,24,4.8,480,24,2.4,2.9,0,0,0,0,0,0,0,0,0,0,002200004815
20170522,99001808,Estudio Wagg SA,Armenia 3263,01504CC,Esteban Bergamaschi,4500,4.5,4500,0,18387,22248.27,0,0,0,40,0,0,0,0,0,0,002200004819
20170522,03000023,Industrias Saladillo SA,IS.SA. Planta Pilar,01776BA,Isolant SI,194,5.4852336,0,194,35071.32,42436.3,0,0,0,0,0,0,0,0,0,0,002200004823
20170522,03000023,Industrias Saladillo SA,IS.SA. Planta Pilar,01777BA,Isolant SI,16,0.4272576,0,16,2571.04,3110.96,0,0,0,0,0,0,0,0,0,0,002200004823
20170522,03000023,Industrias Saladillo SA,IS.SA. Planta Pilar,01776BB,Isolant SI,40,2.9405376,0,40,19412.8,23489.49,0,0,0,0,0,0,0,0,0,0,002200004824
20170522,03000023,Industrias Saladillo SA,IS.SA. Planta Pilar,01779BB,Isolant SI,22,0.945495936,0,22,6230.18,7538.52,0,0,0,0,0,0,0,0,0,0,002200004824
20170522,03000480,Krasuk SRL,,04C00898,Esteban Bergamaschi,1,0,0,1,0.78,0.78,0,0,0,0,0,0,0,0,0,0,000000010825
20170522,07005677,Iron Pack SRL,Montecatini 3158,01852AA,Meier,6,3,150,6,8818.74,10670.68,0,5,0,40,0,0,0,0,0,0,002200004849
20170522,07005677,Iron Pack SRL,Montecatini 3158,01666ACP,Meier,150,7.5,150,0,5839.64,7065.98,0,5,0,50,0,0,0,0,0,0,002200004849
20170522,07005677,Iron Pack SRL,Montecatini 3158,01658D,Meier,500,15,500,0,48773,59015.32,0,5,0,50,0,0,0,0,0,0,002200004849
20170522,07005677,Iron Pack SRL,Montecatini 3158,01514DC,Meier,480,2.4,480,480,4313.76,5219.64,0,5,0,0,0,0,0,0,0,0,002200004849
20170522,07005677,Iron Pack SRL,Montecatini 3158,01514DB,Meier,450,2.25,450,450,10670.4,12911.18,0,5,0,0,0,0,0,0,0,0,002200004849
20170522,27003323,Bercovich SACIFIA,Centro Dist. Lastenia - Km 1296 (frente a Arco),01555A,Pedro Cocaña,75,7.5,1500,75,28234.74,34164.04,0,3,0,25,12,0,0,0,0,0,002200004853
20170522,27003323,Bercovich SACIFIA,Centro Dist. Lastenia - Km 1296 (frente a Arco),01555C,Pedro Cocaña,9,0.9,180,9,0.87,1.06,0,3,0,0,0,0,0,0,0,0,002200004853
20170522,27003323,Bercovich SACIFIA,Centro Dist. Lastenia - Km 1296 (frente a Arco),01557A,Pedro Cocaña,110,22,2200,110,63238.25,76518.28,0,3,0,25,12,0,0,0,0,0,002200004853
20170522,27003323,Bercovich SACIFIA,Centro Dist. Lastenia - Km 1296 (frente a Arco),01557C,Pedro Cocaña,12,2.4,240,12,1.16,1.41,0,3,0,0,0,0,0,0,0,0,002200004853

