﻿FechaTxt,Codigo_Cliente,Cliente,EntDir,Codigo_Articulo,Vendedor,cantidad,Mts3,Mts2,Rollos,Importe_Bruto,Importe_Neto,Dto_Contado,Dto_Flete,Dto_Especial,Bonificacion,Desc_Adicional,cantidad_elaborada,m2_ocupados,costo_unitario,costo_total_stock,Costo_de_venta,comp,C_Construccion,nomdoc
20170830,09002438,Suc De Gustavo Lagerheim SA,Ruta Nacional 11 Km.1005,01555AR,Victor Casañas,200,20,4000,200,37741.85,45667.63,0,3,0,32.5,21,0,0,0,0,25856,002200006885,N,Factura de Venta
20170830,09002438,Suc De Gustavo Lagerheim SA,Ruta Nacional 11 Km.1005,01555EC,Victor Casañas,50,5,1000,50,11054.98,13376.52,0,3,0,32.5,21,0,0,0,0,7838,002200006885,N,Factura de Venta
20170830,09002438,Suc De Gustavo Lagerheim SA,Ruta Nacional 11 Km.1005,01557AR,Victor Casañas,12,2.4,240,12,3483.01,4214.45,0,3,0,32.5,21,0,0,0,0,2710.2,002200006885,N,Factura de Venta
20170830,09002438,Suc De Gustavo Lagerheim SA,Ruta Nacional 11 Km.1005,01552I,Victor Casañas,20,4,800,20,5470.05,6618.76,0,3,0,32.5,21,0,0,0,0,3805.8,002200006885,N,Factura de Venta
20170830,04004333,Busnelli Esteban,,01SCRES,Isolant SA,450,0,0,450,1107,1339.47,0,0,0,0,0,0,0,0,0,0,001400000776,N,Factura de Venta
20170830,04004333,Busnelli Esteban,,01SCRES,Isolant SA,595,0,0,595,1463.7,1771.08,0,0,0,0,0,0,0,0,0,0,001400000777,N,Factura de Venta
20170830,07003929,Daniel Hernandez e hijos SRL,Ruta A005 y Castelli 0,01557A,Meier,25,5,500,25,17877.19,21631.41,0,0,0,21,4,0,0,0,0,6408.5,002200006893,N,Factura de Venta
20170830,03000357,Laboratorios Valmax SA,Sub Perdomo 1619,01507VJ,Isolant SI,1560,2.34,1560,0,8658,10476.18,0,0,0,0,0,0,0,0,0,4836,002200006896,N,Factura de Venta
20170830,24005795,Foam Plus SRL,Domingo Victor Cochet 496,01570B,Diego Fani,1716,25.74,1716,85.8,54634.54,66107.8,0,3,0,30,0,0,0,0,0,1082229.72,002200006902,S,Factura de Venta
20170830,01002811,Gonzalez Dario R Iglesias Nelida C SH,Santiago del Estero 3331,01551I,Levy,50,5,1000,50,9194.02,11124.76,0,0,0,21,12,0,0,0,0,3888,002200006889,N,Factura de Venta
20170830,09002438,Suc De Gustavo Lagerheim SA,Ruta Nacional 11 Km.1005,01555AR,Victor Casañas,10,1,200,10,1887.09,2283.38,0,3,0,32.5,21,0,0,0,0,1292.8,002200006884,N,Factura de Venta
20170830,09002438,Suc De Gustavo Lagerheim SA,Ruta Nacional 11 Km.1005,01557A,Victor Casañas,75,15,1500,75,40745.58,49302.15,0,3,0,32.5,12,0,0,0,0,19225.5,002200006884,N,Factura de Venta
20170830,09002438,Suc De Gustavo Lagerheim SA,Ruta Nacional 11 Km.1005,01603B,Victor Casañas,20,1,500,20,3427.35,4147.09,0,3,0,32.5,12,0,0,0,0,1694,002200006884,N,Factura de Venta
20170830,07003929,Daniel Hernandez e hijos SRL,Ruta A005 y Castelli 0,01555A,Meier,25,2.5,500,25,11706.66,14165.06,0,0,0,21,4,0,0,0,0,3984.25,002200006893,N,Factura de Venta
20170830,04004334,Fapex SA,Rio Potrero 175 (Esq. Rio de Rey) Barrio CinaCina,01555ARF,Isolant SI,400,40,8000,400,66900,80949,0,0,0,0,0,0,0,0,0,51712,002200006882,N,Factura de Venta
20170830,04004334,Fapex SA,Rio Potrero 175 (Esq. Rio de Rey) Barrio CinaCina,01557ARF,Isolant SI,90,18,1800,90,25911.9,31353.4,0,0,0,0,0,0,0,0,0,20326.5,002200006882,N,Factura de Venta
20170830,02005702,Caps Ram,J. Díaz Solís 3535,01510D,Levy,1400,4.2,1400,1400,15204,18396.84,0,0,0,25,0,0,0,0,0,5152,002200006894,N,Factura de Venta
20170830,24005795,Foam Plus SRL,Domingo Victor Cochet 496,01568B,Diego Fani,874,8.74,874,43.7,21939.7,26547.04,0,3,0,30,0,0,0,0,0,469416.66,002200006899,S,Factura de Venta
20170830,24005795,Foam Plus SRL,Domingo Victor Cochet 496,01568B,Diego Fani,798,7.98,798,39.9,20031.9,24238.6,0,3,0,30,0,0,0,0,0,428597.82,002200006900,S,Factura de Venta
20170830,24005795,Foam Plus SRL,Domingo Victor Cochet 496,01570B,Diego Fani,375,5.625,375,18.75,11941.92,14449.72,0,3,0,30,0,0,0,0,0,236501.25,002200006901,S,Factura de Venta
20170830,26000442,Materiales y Servicios Sevillano SRL,Aldecoa 661,01654ON,Norberto Oppezzo,4,0.672,0,4,1567.12,1567.12,0,0,0,0,0,0,0,0,0,1131.68,002500000031,,Factura Exterior
20170830,26000442,Materiales y Servicios Sevillano SRL,Aldecoa 661,01765C,Norberto Oppezzo,7,0.41167,0,7,5676.09,5676.09,0,0,0,0,0,0,0,0,0,1480.78,002500000031,,Factura Exterior
20170830,26000442,Materiales y Servicios Sevillano SRL,Aldecoa 661,01765A,Norberto Oppezzo,7,0.3255,0,7,2347.94,2347.94,0,0,0,0,0,0,0,0,0,455.56,002500000031,,Factura Exterior
20170830,02002202,Simmons De Argentina SAIC,Heredia 626,01907A,Isolant SI,40,7.54,0,40,34006.4,41147.74,0,0,0,0,0,0,0,0,0,12027.6,002200006895,N,Factura de Venta
20170830,03000357,Laboratorios Valmax SA,Sub Perdomo 1619,01507VF,Isolant SI,6000,9,6000,0,33300,40293,0,0,0,0,0,0,0,0,0,18600,002200006897,N,Factura de Venta
20170830,03000357,Laboratorios Valmax SA,Sub Perdomo 1619,01507VD,Isolant SI,6000,9,6000,0,33300,40293,0,0,0,0,0,0,0,0,0,18600,002200006897,N,Factura de Venta
20170830,03000023,Industrias Saladillo SA,IS.SA. Planta Pilar,01777B,Isolant SI,3,0.0801,0,3,341.58,413.31,0,0,0,0,0,0,0,0,0,136.2,002200006886,N,Factura de Venta
20170830,01005292,Adamant SRL,Paysandu 923 (entre Crisologo Larralde y Lucena),01514DC,Isolant SI,1800,9,1800,1800,14022,16966.62,0,0,0,0,0,0,0,0,0,9126,002200006888,N,Factura de Venta
20170830,01005292,Adamant SRL,Paysandu 923 (entre Crisologo Larralde y Lucena),01514DC,Isolant SI,3000,15,3000,3000,23370,28277.7,0,0,0,0,0,0,0,0,0,15210,002200006888,N,Factura de Venta
20170830,01005292,Adamant SRL,Paysandu 923 (entre Crisologo Larralde y Lucena),01652AC,Isolant SI,300,4.5,300,0,9267.3,11213.43,0,0,0,30,0,0,0,0,0,5736,002200006888,N,Factura de Venta
20170830,01005292,Adamant SRL,Paysandu 923 (entre Crisologo Larralde y Lucena),01500ASA,Isolant SI,7800,3.9,7800,0,12636,15289.56,0,0,0,0,0,0,0,0,0,9672,002200006888,N,Factura de Venta
20170830,26000442,Materiales y Servicios Sevillano SRL,Aldecoa 661,01551I,Norberto Oppezzo,75,7.5,1500,75,11440.5,11440.5,0,0,0,0,0,0,0,0,0,5832,002500000031,,Factura Exterior
20170830,04004333,Busnelli Esteban,,01SCRES,Isolant SA,260,0,0,260,639.6,773.92,0,0,0,0,0,0,0,0,0,0,001400000777,N,Factura de Venta
20170830,03000357,Laboratorios Valmax SA,Sub Perdomo 1619,01507VK,Isolant SI,1080,1.62,1080,0,5994,7252.74,0,0,0,0,0,0,0,0,0,3348,002200006898,N,Factura de Venta
20170830,04004333,Busnelli Esteban,,01SCRES,Isolant SA,649,0,0,649,1596.54,1931.81,0,0,0,0,0,0,0,0,0,0,001400000778,N,Factura de Venta
20170830,04004334,Fapex SA,Rio Potrero 175 (Esq. Rio de Rey) Barrio CinaCina,01557ARF,Isolant SI,225,45,4500,225,64779.75,78383.5,0,0,0,0,0,0,0,0,0,50816.25,002200006883,N,Factura de Venta
20170830,04004334,Fapex SA,Rio Potrero 175 (Esq. Rio de Rey) Barrio CinaCina,01555ARF,Isolant SI,141,14.1,2820,141,23582.25,28534.52,0,0,0,0,0,0,0,0,0,18228.48,002200006883,N,Factura de Venta
20170830,03003300,Aserradero Vagol SRL,,04C00291,Esteban Bergamaschi,1,0,0,1,10000,10000,0,0,0,0,0,0,0,0,0,0,001300001611,,Débito de Venta
20170830,07005921,Lutre Domingo Alejandro,Rivadavia 850,01555AA,Meier,500,2.5,500,25,12197.6,14759.1,0,0,0,21,0,0,0,0,0,695.44,002200006892,S,Factura de Venta
20170830,07005921,Lutre Domingo Alejandro,Rivadavia 850,01555C,Meier,3,0.3,60,3,0.3,0.36,0,0,0,0,0,0,0,0,0,83.45,002200006892,S,Factura de Venta
20170830,07003929,Daniel Hernandez e hijos SRL,Ruta A005 y Castelli 0,01555C,Meier,3,0.3,60,3,0.3,0.36,0,0,0,0,0,0,0,0,0,83.45,002200006893,N,Factura de Venta
20170830,03000632,Materiales Yrigoyen SRL,Hipolito Yrigoyen 3090,01559AA,Levy,400,4,400,20,14896.24,18024.46,0,0,0,21,0,0,0,0,0,614.73,002200006891,S,Factura de Venta
20170830,09002438,Suc De Gustavo Lagerheim SA,Ruta Nacional 11 Km.1005,01557C,Victor Casañas,12,2.4,240,12,1.16,1.41,0,3,0,0,0,0,0,0,0,368.84,002200006884,N,Factura de Venta
20170830,07003929,Daniel Hernandez e hijos SRL,Ruta A005 y Castelli 0,01557C,Meier,3,0.6,60,3,0.3,0.36,0,0,0,0,0,0,0,0,0,92.21,002200006893,N,Factura de Venta
20170830,03004816,Maderera Yacuy SRL,Mariano Pelliza N°3535,01557ARC,Levy,400,4,400,20,8866.96,10729.02,0,0,0,21,0,0,0,0,0,600.93,002200006890,S,Factura de Venta
20170830,03004816,Maderera Yacuy SRL,Mariano Pelliza N°3535,01603AD,Levy,25,0.05,25,1,186.84,226.08,0,0,0,21,0,0,0,0,0,27.18,002200006890,S,Factura de Venta
20170830,24005795,Foam Plus SRL,Domingo Victor Cochet 496,01659TC,Diego Fani,40,1.2,40,0,1913.6,2315.46,0,0,0,0,0,0,0,0,0,0,002200006904,S,Factura de Venta
20170830,24005795,Foam Plus SRL,Domingo Victor Cochet 496,01659TC,Diego Fani,100,3,100,0,5978,7233.38,0,0,0,0,0,0,0,0,0,0,002200006903,S,Factura de Venta
20170830,29001247,Salazar Wilchelm Juan Carlos,,01IN,Fernando Palmas,-1,0,0,-1,-647.81,-783.85,0,0,0,0,0,0,0,0,0,,001300000297,,Crédito de Venta
20170830,03000546,Rommel Talleres Metalurgicos,Peralta Ramos 4886,04ANTICIPOS,Levy,1,0,0,1,43185.98,52255.04,0,0,0,0,0,0,0,0,0,,001400000775,N,Factura de Venta
20170830,29001247,Salazar Wilchelm Juan Carlos,,01IN,Fernando Palmas,-1,0,0,-1,-185.09,-223.96,0,0,0,0,0,0,0,0,0,,001300000298,,Crédito de Venta
20170830,03003300,Aserradero Vagol SRL,,04C00205,Esteban Bergamaschi,1,0,0,1,70,84.7,0,0,0,0,0,0,0,0,0,,001300001611,,Débito de Venta
20170830,03000023,Industrias Saladillo SA,IS.SA. Planta Pilar,01776B,Isolant SI,253,7.1534232,0,253,31483.32,38094.82,0,0,0,0,0,0,0,0,0,13059.86,002200006886,N,Factura de Venta
20170830,01005292,Adamant SRL,Paysandu 923 (entre Crisologo Larralde y Lucena),01514DB,Isolant SI,3075,15.375,3075,3075,23954.25,28984.64,0,0,0,0,0,0,0,0,0,14637,002200006888,N,Factura de Venta
20170830,24005795,Foam Plus SRL,Domingo Victor Cochet 496,01655J,Diego Fani,540,10.8,540,0,17547.3,21232.24,0,3,0,0,0,0,0,0,0,17389.5,002200006902,S,Factura de Venta
20170830,03000023,Industrias Saladillo SA,IS.SA. Planta Pilar,01776B,Isolant SI,270,7.634088,0,270,33598.8,40654.55,0,0,0,0,0,0,0,0,0,13937.4,002200006887,N,Factura de Venta
20170830,29001247,Salazar Wilchelm Juan Carlos,,01IN,Fernando Palmas,-1,0,0,-1,-1642.22,-1987.08,0,0,0,0,0,0,0,0,0,,001300000296,,Crédito de Venta
20170830,29001247,Salazar Wilchelm Juan Carlos,,04C00898,Fernando Palmas,1,0,0,1,0.01,0.01,0,0,0,0,0,0,0,0,0,,000000011096,,Débito (Ajustes)
20170830,29001247,Salazar Wilchelm Juan Carlos,,01IN,Fernando Palmas,-1,0,0,-1,-462.72,-559.89,0,0,0,0,0,0,0,0,0,,001300000294,,Crédito de Venta
20170830,07003811,Centro Poliester SRL,,01IN,Meier,-1,0,0,-1,-733.34,-887.34,0,0,0,0,0,0,0,0,0,,001300000295,,Crédito de Venta

