﻿FechaTxt,Codigo_Cliente,Cliente,EntDir,Codigo_Articulo,Vendedor,cantidad,Mts3,Mts2,Rollos,Importe_Bruto,Importe_Neto,Dto_Contado,Dto_Flete,Dto_Especial,Bonificacion,Desc_Adicional,cantidad_elaborada,m2_ocupados,costo_unitario,costo_total_stock,Costo_de_venta,comp,C_Construccion,nomdoc
20170815,03000023,Industrias Saladillo SA,IS.SA. Planta Pilar,01779BA,Isolant SI,26,0.84058,0,26,7470.84,9039.72,0,0,0,0,0,0,0,0,0,4259.06,002200006585,N,Factura de Venta
20170815,07003893,Torres Carlos Hector,Juan B. Justo 3595,06C001PI,Meier,1,0,0,1,0.08,0.1,5,3,5,0,0,0,0,0,0,0,002200006588,S,Factura de Venta
20170815,03003751,Indupoles Argentina SA,Parque Ind. Campana - Km70 de Panamericana - Lote 12,01506CIN,Isolant SI,7200,10.8,7200,7200,20664,25003.44,0,0,0,0,0,0,0,0,0,12672,002200006584,N,Factura de Venta
20170815,07004297,Mendio S.A.,Malvinas 865,06C001PI,Meier,1,0,0,1,0.08,0.1,0,0,15,0,0,0,0,0,0,0,002200006589,S,Factura de Venta
20170815,07004297,Mendio S.A.,Malvinas 865,01957M,Meier,1,0,0,1,0.08,0.1,0,0,15,0,0,0,0,0,0,0,002200006589,S,Factura de Venta
20170815,07003238,Cooperativa de Provision de Servicios para Comerciantes,Casa Central - Ruta 9 Sur Km 689,01555A,Meier,25,2.5,500,25,9678.37,11710.83,0,0,5,25,12,0,0,0,0,3984.25,002200006590,N,Factura de Venta
20170815,03001447,Jose J. Chediack SA,,01900A,Esteban Bergamaschi,-100,-7.54,0,-100,-253020.41,-306154.7,0,0,0,21,0,0,0,0,0,121843,001400007990,N,Crédito de Venta
20170815,03001447,Jose J. Chediack SA,,01905A,Esteban Bergamaschi,-69,-4.91142,0,-69,-48221.18,-58347.63,0,0,0,21,0,0,0,0,0,28597.74,001400007990,N,Crédito de Venta
20170815,07005106,Espa SA,Bv. de los Alemanes 3312,01557A,Meier,50,10,1000,50,26603.64,32190.41,0,5,0,32.5,12,0,0,0,0,12817,002200006614,N,Factura de Venta
20170815,07005106,Espa SA,Bv. de los Alemanes 3312,01555AR,Meier,65,6.5,1300,65,13356.52,16161.4,0,5,0,0,0,0,0,0,0,8403.2,002200006614,N,Factura de Venta
20170815,03003751,Indupoles Argentina SA,Parque Ind. Campana - Km70 de Panamericana - Lote 12,01506CIN,Isolant SI,22500,33.75,22500,22500,64575,78135.75,0,0,0,0,0,0,0,0,0,39600,002200006583,N,Factura de Venta
20170815,01004029,Sologoma SRL,Av Boedo 1900 - Esquina Barrio,01524HC,Hector Collia,25,0.25,25,0,843.13,1020.18,0,0,0,21,0,0,0,0,0,267.75,002200006607,N,Factura de Venta
20170815,01004029,Sologoma SRL,Av Boedo 1900 - Esquina Barrio,01524GC,Hector Collia,75,0.75,75,0,2529.38,3060.55,0,0,0,21,0,0,0,0,0,745.5,002200006607,N,Factura de Venta
20170815,01002465,Matyser SA,Añasco 3087,01558ES,Hector Collia,10,2,200,10,5091.39,6160.58,0,0,0,21,0,0,0,0,0,2531.1,002200006597,N,Factura de Venta
20170815,01002465,Matyser SA,Añasco 3087,01603A,Hector Collia,40,2,1000,40,7475.61,9045.49,0,0,0,21,0,0,0,0,0,2085.2,002200006597,N,Factura de Venta
20170815,01001802,Boedogoma SRL,Av. San Juan 3706,01854A,Hector Collia,1,0.25,25,1,1267.39,1533.54,0,0,0,21,0,0,0,0,0,402.68,002200006608,N,Factura de Venta
20170815,22003435,Sidermet San Luis SA,Ruta 3 Km 1 Extremo Sur,01557A,Leandro Diaz,50,10,1000,50,31214.13,37769.1,0,0,0,21,12,0,0,0,0,12817,002200006613,N,Factura de Venta
20170815,24003150,Germena Vito Antonio,Belgrano 832,01557A,Diego Fani,15,3,300,15,10726.32,12978.84,0,0,0,21,4,0,0,0,0,3845.1,002200006605,N,Factura de Venta
20170815,24003150,Germena Vito Antonio,Belgrano 832,01555AK,Diego Fani,10,0.45,150,10,2350.49,2844.09,0,0,0,21,0,0,0,0,0,1019.4,002200006605,N,Factura de Venta
20170815,24003150,Germena Vito Antonio,Belgrano 832,01557AK,Diego Fani,10,1.05,150,10,3615.28,4374.49,0,0,0,21,0,0,0,0,0,1731.1,002200006605,N,Factura de Venta
20170815,16002012,Zapata Goma Sociedad Anonima,Salta 745,01771A,Leandro Diaz,1,0.03833,0,1,324.23,392.31,0,0,0,30,0,0,0,0,0,56.67,002200006606,N,Factura de Venta
20170815,16002012,Zapata Goma Sociedad Anonima,Salta 745,01854A,Leandro Diaz,2,0.5,50,2,2246.01,2717.67,0,0,0,30,0,0,0,0,0,805.36,002200006606,N,Factura de Venta
20170815,16002012,Zapata Goma Sociedad Anonima,Salta 745,01524GC,Leandro Diaz,200,2,200,0,5122.8,6198.59,0,0,0,40,0,0,0,0,0,1988,002200006606,N,Factura de Venta
20170815,07003238,Cooperativa de Provision de Servicios para Comerciantes,Casa Central - Ruta 9 Sur Km 689,01558AL,Meier,4,0.8,160,4,3246.23,3927.94,0,0,5,25,12,0,0,0,0,1274.52,002200006591,N,Factura de Venta
20170815,24002785,Rivestimento SRL,Sarmiento 2260,06C001PI,Diego Fani,1,0,0,1,0.1,0.12,0,0,2,0,0,0,0,0,0,0,002200006598,N,Factura de Venta
20170815,24002785,Rivestimento SRL,Sarmiento 2260,01603B,Diego Fani,50,2.5,1250,50,10055.77,12167.48,0,0,2,25,8,0,0,0,0,4235,002200006598,N,Factura de Venta
20170815,03001935,Fama Carlos Mario,Sgo. del Estero 6579 D1,01854B,Levy,6,1.5,150,6,8560.16,10357.79,0,0,0,21,0,0,0,0,0,3064.02,002200006604,N,Factura de Venta
20170815,24003150,Germena Vito Antonio,Belgrano 832,06C001CO,Diego Fani,1,0,0,1,0.1,0.12,0,0,0,0,0,0,0,0,0,0,002200006605,N,Factura de Venta
20170815,24003150,Germena Vito Antonio,Belgrano 832,01555A,Diego Fani,15,1.5,300,15,7024,8499.04,0,0,0,21,4,0,0,0,0,2390.55,002200006605,N,Factura de Venta
20170815,10000181,Sagosa SCC,Av. Polonia 598,06C001CO,Norberto Oppezzo,1,0,0,1,0.1,0.12,0,3,0,0,0,0,0,0,0,0,002200006601,N,Factura de Venta
20170815,10000181,Sagosa SCC,Av. Polonia 598,06C001PI,Norberto Oppezzo,1,0,0,1,0.1,0.12,0,3,0,0,0,0,0,0,0,0,002200006601,N,Factura de Venta
20170815,10000181,Sagosa SCC,Av. Polonia 598,01557A,Norberto Oppezzo,105,21,2100,105,63862.18,77273.23,0,3,0,30,5,0,0,0,0,26915.7,002200006601,N,Factura de Venta
20170815,31000402,Codimat SA,Don Bosco 1495,01557A,Norberto Oppezzo,60,12,1200,60,34060.26,41212.91,3,4,7,21,12,0,0,0,0,15380.4,002200006612,N,Factura de Venta
20170815,31000402,Codimat SA,Don Bosco 1495,01558BC,Norberto Oppezzo,20,4,400,20,20234.36,24483.58,3,4,7,21,0,0,0,0,0,10741.8,002200006612,N,Factura de Venta
20170815,31000402,Codimat SA,Don Bosco 1495,01558AL,Norberto Oppezzo,60,12,2400,60,46756.14,56574.93,3,4,7,21,12,0,0,0,0,19117.8,002200006612,N,Factura de Venta
20170815,03000488,Formicolor SA,Hip. Irigoyen 2421,01603A,Esteban Bergamaschi,80,4,2000,80,12490.9,15113.98,0,0,0,34,0,0,0,0,0,4170.4,002200006595,N,Factura de Venta
20170815,03001313,Prokrete Argentina SA,Austria Norte 2009,01900A,Esteban Bergamaschi,20,1.508,0,20,69756.84,84405.78,0,0,0,10,0,0,0,0,0,24368.6,002200006596,N,Factura de Venta
20170815,03001313,Prokrete Argentina SA,Austria Norte 2009,01905A,Esteban Bergamaschi,4,0.28472,0,4,4028.58,4874.58,0,0,0,10,0,0,0,0,0,1657.84,002200006596,N,Factura de Venta
20170815,24004680,Montarfe S R L,Hipólito Irigoyen 890,01558BC,Diego Fani,9,1.8,180,9,9981.83,12078.02,0,0,0,25,0,0,0,0,0,4833.81,002200006599,N,Factura de Venta
20170815,03005875,Coria Sandra Patricia,Presidente Peron 5786,01551I,Levy,18,1.8,360,18,3761.19,4551.04,0,0,0,21,0,0,0,0,0,1399.68,002200006600,N,Factura de Venta
20170815,03005875,Coria Sandra Patricia,Presidente Peron 5786,01552I,Levy,3,0.6,120,3,1253.16,1516.33,0,0,0,21,0,0,0,0,0,570.87,002200006600,N,Factura de Venta
20170815,07003238,Cooperativa de Provision de Servicios para Comerciantes,Casa Central - Ruta 9 Sur Km 689,01555M,Meier,10,1.5,200,10,9251.82,11194.71,0,0,5,25,12,0,0,0,0,5418.4,002200006590,N,Factura de Venta
20170815,07003238,Cooperativa de Provision de Servicios para Comerciantes,Casa Central - Ruta 9 Sur Km 689,01552A,Meier,10,2,200,10,5460.92,6607.71,0,0,5,25,12,0,0,0,0,2098.8,002200006590,N,Factura de Venta
20170815,07003238,Cooperativa de Provision de Servicios para Comerciantes,Casa Central - Ruta 9 Sur Km 689,01558BC,Meier,10,2,200,10,10536.38,12749.02,0,0,5,25,0,0,0,0,0,5370.9,002200006590,N,Factura de Venta
20170815,03004763,Mundo Hierro S.A.,Ruta 9 Panamericana Km 46.30 Colectora Este,01568CB,Levy,40,8,800,40,59444.97,71928.42,0,0,0,21,0,0,0,0,0,20055.2,002200006593,N,Factura de Venta
20170815,01004664,Construccion de Estructuras SRL,Sebastian Elcano 3461,01554BC,Ventas Buenos Aires,20,2,400,20,11960,14471.6,0,0,0,0,0,0,0,0,0,7875.8,002200006594,N,Factura de Venta
20170815,01004664,Construccion de Estructuras SRL,Sebastian Elcano 3461,01558BC,Ventas Buenos Aires,30,6,600,30,22890,27696.9,0,0,0,0,0,0,0,0,0,16112.7,002200006594,N,Factura de Venta
20170815,07003893,Torres Carlos Hector,Juan B. Justo 3595,01550IC,Meier,1000,2,1000,50,3836.46,4642.12,5,3,5,25,12,0,0,0,0,1590.23,002200006587,S,Factura de Venta
20170815,07004297,Mendio S.A.,Malvinas 865,01550IC,Meier,8000,16,8000,400,30697.92,37144.48,0,0,15,25,12,0,0,0,0,12721.83,002200006589,S,Factura de Venta
20170815,01002303,Alcantara Jorge Damaso Hector,Zarraga 3561,01551IC,Levy,1000,5,1000,50,8926.36,10800.9,0,0,0,21,12,0,0,0,0,3881.51,002200006610,S,Factura de Venta
20170815,07003238,Cooperativa de Provision de Servicios para Comerciantes,Casa Central - Ruta 9 Sur Km 689,01555C,Meier,3,0.3,60,3,0.29,0.34,0,0,5,0,0,0,0,0,0,77.12,002200006590,N,Factura de Venta
20170815,11005821,Bh Maderas SA,Diamante 194,01555AA,Victor Casañas,1900,9.5,1900,95,36867.6,44609.8,0,0,0,25,12,0,0,0,0,2442.22,002200006611,S,Factura de Venta
20170815,11005821,Bh Maderas SA,Diamante 194,01555C,Victor Casañas,12,1.2,240,12,1.2,1.46,0,0,0,0,0,0,0,0,0,308.49,002200006611,S,Factura de Venta
20170815,07003893,Torres Carlos Hector,Juan B. Justo 3595,01555MC,Meier,1200,9,1200,60,48741.56,58977.3,5,3,5,25,12,0,0,0,0,28555.36,002200006588,S,Factura de Venta
20170815,07003893,Torres Carlos Hector,Juan B. Justo 3595,01555MA,Meier,6,0.9,120,6,0.52,0.64,5,3,5,0,0,0,0,0,0,2855.54,002200006588,S,Factura de Venta
20170815,07003238,Cooperativa de Provision de Servicios para Comerciantes,Casa Central - Ruta 9 Sur Km 689,01555MA,Meier,1,0.15,20,1,0.1,0.11,0,0,5,0,0,0,0,0,0,475.92,002200006590,N,Factura de Venta
20170815,03004782,Estilo Country SA,Mariano Pelliza 3537,01555MC,Levy,40,0.3,40,2,2332.72,2822.58,0,0,0,21,0,0,0,0,0,951.85,002200006603,S,Factura de Venta
20170815,07003893,Torres Carlos Hector,Juan B. Justo 3595,01559AA,Meier,1000,10,1000,50,25942.34,31390.24,5,3,5,25,12,0,0,0,0,1438.54,002200006588,S,Factura de Venta
20170815,07003893,Torres Carlos Hector,Juan B. Justo 3595,01557C,Meier,6,1.2,120,6,0.52,0.64,5,3,5,0,0,0,0,0,0,172.62,002200006588,S,Factura de Venta
20170815,10000181,Sagosa SCC,Av. Polonia 598,01557C,Norberto Oppezzo,18,3.6,360,18,1.75,2.11,0,3,0,0,0,0,0,0,0,517.87,002200006601,N,Factura de Venta
20170815,31000402,Codimat SA,Don Bosco 1495,01557C,Norberto Oppezzo,5,1,100,5,0.43,0.52,3,4,7,0,0,0,0,0,0,143.85,002200006612,N,Factura de Venta
20170815,11005821,Bh Maderas SA,Diamante 194,01559AA,Victor Casañas,1000,10,1000,50,29634,35857.14,0,0,0,25,12,0,0,0,0,1438.54,002200006611,S,Factura de Venta
20170815,11005821,Bh Maderas SA,Diamante 194,01557C,Victor Casañas,6,1.2,120,6,0.6,0.72,0,0,0,0,0,0,0,0,0,172.62,002200006611,S,Factura de Venta
20170815,22003435,Sidermet San Luis SA,Ruta 3 Km 1 Extremo Sur,01557C,Leandro Diaz,8,1.6,160,8,0.8,0.97,0,0,0,0,0,0,0,0,0,230.17,002200006613,N,Factura de Venta
20170815,07005106,Espa SA,Bv. de los Alemanes 3312,01557C,Meier,6,1.2,120,6,0.57,0.69,0,5,0,0,0,0,0,0,0,172.62,002200006614,N,Factura de Venta
20170815,03004816,Maderera Yacuy SRL,Mariano Pelliza N°3535,01557ARC,Levy,400,4,400,20,8866.96,10729.02,0,0,0,21,0,0,0,0,0,550.23,002200006602,S,Factura de Venta
20170815,31000402,Codimat SA,Don Bosco 1495,01558ALP,Norberto Oppezzo,6,1.2,240,6,0.52,0.63,3,4,7,0,0,0,0,0,0,2016.9,002200006612,N,Factura de Venta
20170815,07005677,Iron Pack SRL,Montecatini 3158,01558ESC,Meier,700,7,700,35,13434.3,16255.5,0,5,5,25,12,0,0,0,0,1011.87,002200006592,S,Factura de Venta
20170815,03000023,Industrias Saladillo SA,IS.SA. Planta Pilar,01778BA,Isolant SI,210,5.145945,0,210,35842.8,43369.79,0,0,0,0,0,0,0,0,0,19456.5,002200006585,N,Factura de Venta
20170815,07005677,Iron Pack SRL,,04C00898,Meier,1,0,0,1,153.85,153.85,0,0,0,0,0,0,0,0,0,,000000011050,,Débito (Ajustes)
20170815,24002752,Rusma SRL,,01IN,Diego Fani,-1,0,0,-1,-2073.6,-2509.05,0,0,0,0,0,0,0,0,0,,001300000270,N,Crédito de Venta
20170815,03000023,Industrias Saladillo SA,IS.SA. Planta Pilar,01776BB,Isolant SI,21,1.54378224,0,21,10701.39,12948.68,0,0,0,0,0,0,0,0,0,6743.73,002200006586,N,Factura de Venta
20170815,24002752,Rusma SRL,,01IN,Diego Fani,-1,0,0,-1,-755,-913.55,0,0,0,0,0,0,0,0,0,,001300000271,,Crédito de Venta
20170815,99088888,Ventas Contado,Ver Observaciones,01V/ROD,Isolant SA,1,0,0,1,41322.31,50000,0,0,0,0,0,0,0,0,0,,001400000029,N,Factura de Venta
20170815,10000785,Perren y Cia. SA,,04C00898,Norberto Oppezzo,1,0,0,1,0.02,0.02,0,0,0,0,0,0,0,0,0,,000000011051,,Débito (Ajustes)
20170815,03000031,Industrias MB S A,Julian S. Aguero 3288,01511BD,Esteban Bergamaschi,-500,-1.5,-500,0,-11500.5,-13915.6,0,0,0,15,0,0,0,0,0,985.44,001400007989,N,Crédito de Venta
20170815,24002752,Rusma SRL,,01IN,Diego Fani,-1,0,0,-1,-134.84,-163.15,0,0,0,0,0,0,0,0,0,,001300000272,,Crédito de Venta
20170815,11005544,Spomer Raul Alberto y Spomer Marcelo Ernesto SH,,04C00898,Disapla,1,0,0,1,0.41,0.41,0,0,0,0,0,0,0,0,0,,000000011052,,Débito (Ajustes)
20170815,01004029,Sologoma SRL,Av Boedo 1900 - Esquina Barrio,01654DC,Hector Collia,20,0.4,20,0,2223.06,2689.9,0,0,0,21,0,0,0,0,0,516.8,002200006607,N,Factura de Venta
20170815,01001802,Boedogoma SRL,Av. San Juan 3706,01654DC,Hector Collia,40,0.8,40,0,4446.12,5379.81,0,0,0,21,0,0,0,0,0,1033.6,002200006608,N,Factura de Venta
20170815,01004381,Fenza SRL,San Blas 4839,01514DE,Luis Ramirez,350,1.75,350,350,7313.43,8849.24,0,0,0,21,0,0,0,0,0,1774.5,002200006609,N,Factura de Venta
20170815,10000785,Perren y Cia. SA,,01IN,Norberto Oppezzo,-1,0,0,-1,-1011.24,-1223.6,0,0,0,0,0,0,0,0,0,,001300000273,,Crédito de Venta

