﻿FechaTxt,Codigo_Cliente,Cliente,EntDir,Codigo_Articulo,Vendedor,cantidad,Mts3,Mts2,Rollos,Importe_Bruto,Importe_Neto,Dto_Contado,Dto_Flete,Dto_Especial,Bonificacion,Desc_Adicional,cantidad_elaborada,m2_ocupados,costo_unitario,costo_total_stock,Costo_de_venta
20161221,03000023,Industrias Saladillo SA,IS.SA. Planta Pilar,01525AH,Isolant SI,1020,10.2,1020,0,16075.2,19450.99,0,0,0,0,0,0,0,0,0,0
20161221,03000357,Laboratorios Valmax SA,Sub Perdomo 1619,01507VA,Isolant SI,2400,3.6,2400,0,11736,14200.56,0,0,0,0,0,0,0,0,0,0
20161221,17004192,La Fragua SA,Los Lapachos 0 M: 76 - Barrio industrial,01960DA,Ind Saladillo Chaco,4,0,0,4,10897.25,13185.67,0,0,2,17,0,0,0,0,0,0
20161221,09005283,Sace S.R.L,Mendoza Nº 301,01555A,Ind Saladillo Chaco,12,1.2,240,12,5856.88,7086.82,0,0,0,17,0,0,0,0,0,0
20161221,09005283,Sace S.R.L,Mendoza Nº 301,01555C,Ind Saladillo Chaco,3,0.3,60,3,0.3,0.36,0,0,0,0,0,0,0,0,0,0
20161221,24002979,Ollarce Luis Eduardo,Pietropaolo 2030,01750A,Ind Saladillo Chaco,1,0,0,1,694.15,839.93,0,0,0,17,0,0,0,0,0,0
20161221,31001470,Sierramat SRL,Av. G. Chavez Esq. 7,01558BC,Ventas Buenos Aires,20,4,400,20,22023.62,26648.58,0,0,0,21,0,0,0,0,0,0
20161221,31001470,Sierramat SRL,Av. G. Chavez Esq. 7,01750A,Ventas Buenos Aires,5,0,0,5,3303.5,3997.24,0,0,0,21,0,0,0,0,0,0
20161221,31001470,Sierramat SRL,Av. G. Chavez Esq. 7,01555ED,Ventas Buenos Aires,50,5,1000,50,24238.5,29328.58,0,0,0,21,12,0,0,0,0,0
20161221,31001470,Sierramat SRL,Av. G. Chavez Esq. 7,01558EC,Ventas Buenos Aires,20,4,400,20,12573.94,15214.47,0,0,0,21,12,0,0,0,0,0
20161221,99004274,Maderas Sucre S.A.,Docentes Argentinos 6600,01551A,Meier,2,0.2,40,2,739.96,895.35,0,0,0,21,0,0,0,0,0,0
20161221,24002089,AD Interiores De Puccinelli Daniel y Helu Alicia,9 De Julio 2829,01603B,Meier,20,1,500,20,4475.51,5415.36,0,0,0,21,0,0,0,0,0,0
20161221,04005689,Polifoam SRL,Alte. Brown 3985,01654DAP,Isolant SI,100,2,100,0,6811.2,8241.55,0,0,0,45,0,0,0,0,0,0
20161221,04005689,Polifoam SRL,Alte. Brown 3985,01666DAP,Isolant SI,210,10.5,210,0,36645.84,44341.46,0,0,0,45,0,0,0,0,0,0
20161221,07005677,Iron Pack SRL,Montecatini 3158,01524HC,Meier,2950,29.5,2950,0,52238.6,63208.7,0,5,0,0,0,0,0,0,0,0
20161221,07005677,Iron Pack SRL,Montecatini 3158,01524DC,Meier,1075,10.75,1075,0,17351.04,20994.76,0,5,0,0,0,0,0,0,0,0
20161221,03000023,Industrias Saladillo SA,IS.SA. Planta Pilar,01778B,Isolant SI,46,1.127207,0,46,4864.5,5886.05,0,0,0,0,0,0,0,0,0,0
20161221,03000023,Industrias Saladillo SA,IS.SA. Planta Pilar,01778B,Isolant SI,175,4.2882875,0,175,18506.25,22392.56,0,0,0,0,0,0,0,0,0,0
20161221,09005746,Ramirez Jorge Aurelio,Leandro N Alem 270,01555AK,Ind Saladillo Chaco,10,0.45,150,10,2594.75,3139.64,0,0,0,17,0,0,0,0,0,0
20161221,09005746,Ramirez Jorge Aurelio,Leandro N Alem 270,01960DA,Ind Saladillo Chaco,1,0,0,1,2779.91,3363.69,0,0,0,17,0,0,0,0,0,0
20161221,09005746,Ramirez Jorge Aurelio,Leandro N Alem 270,01557AK,Ind Saladillo Chaco,10,1.05,150,10,3991.39,4829.58,0,0,0,17,0,0,0,0,0,0
20161221,09002358,Bracamonte Roberto Luis,Av. Pte Peron 349,01558BC,Ind Saladillo Chaco,2,0.4,40,2,2313.87,2799.79,0,0,0,17,0,0,0,0,0,0
20161221,09002358,Bracamonte Roberto Luis,Av. Pte Peron 349,01960DA,Ind Saladillo Chaco,5,0,0,5,13899.55,16818.46,0,0,0,17,0,0,0,0,0,0
20161221,09002358,Bracamonte Roberto Luis,Av. Pte Peron 349,01558BC,Ind Saladillo Chaco,31,6.2,620,31,35865.05,43396.71,0,0,0,17,0,0,0,0,0,0
20161221,09005809,David Casola,Av. Alberdi 1436,01557A,Ind Saladillo Chaco,6,1.2,120,6,4471.99,5411.11,0,0,0,17,0,0,0,0,0,0
20161221,16005687,Plafal SRL,Manuel A. Saenz y Acceso Norte,01558ECC,Leandro Diaz,1000,10,1000,50,30387.84,36769.28,0,0,0,30,4,0,0,0,0,0
20161221,16005649,Corralon Lujan SA,A Guiñazu 643,01557A,Leandro Diaz,12,2.4,240,12,8512.95,10300.66,0,0,0,21,0,0,0,0,0,0
20161221,16005649,Corralon Lujan SA,A Guiñazu 643,01557C,Leandro Diaz,3,0.6,60,3,0.3,0.36,0,0,0,0,0,0,0,0,0,0
20161221,16005649,Corralon Lujan SA,A Guiñazu 643,01558EC,Leandro Diaz,10,2,200,10,7144.29,8644.59,0,0,0,21,0,0,0,0,0,0
20161221,29001833,La Estefania SA,Calle 44 nº 246,01555M,Disapla,5,0.75,100,5,5389.26,6521.01,0,0,0,21,0,0,0,0,0,0
20161221,29001833,La Estefania SA,Calle 44 nº 246,01555A,Disapla,15,1.5,300,15,6968.27,8431.61,0,0,0,21,0,0,0,0,0,0
20161221,29001833,La Estefania SA,Calle 44 nº 246,01555C,Disapla,3,0.3,60,3,0.3,0.36,0,0,0,0,0,0,0,0,0,0
20161221,03000023,Industrias Saladillo SA,IS.SA. Planta Pilar,01525AH,Isolant SI,2120,21.2,2120,0,33411.2,40427.55,0,0,0,0,0,0,0,0,0,0
20161221,07002851,Maderas Cordoba SRL,,04C00293,Meier,-1,0,0,-1,-4925.32,-4925.32,0,0,0,0,0,0,0,0,0,0
20161221,31003546,Riorca SRL,,01IN,Ventas Buenos Aires,-1,0,0,-1,-10002.92,-12103.53,0,0,0,0,0,0,0,0,0,0
20161221,14004178,Corti Andrea y Corti Dillman Maria Cecilia SH,,01IN,Disapla,-1,0,0,-1,-85.16,-103.04,0,0,0,0,0,0,0,0,0,0
20161221,22003435,Sidermet San Luis SA,Ruta 3 Km 1 Extremo Sur,01557A,Leandro Diaz,36,7.2,720,36,24517.28,29665.91,0,0,0,21,4,0,0,0,0,0
20161221,22003435,Sidermet San Luis SA,Ruta 3 Km 1 Extremo Sur,01557C,Leandro Diaz,7,1.4,140,7,0.7,0.85,0,0,0,0,0,0,0,0,0,0
20161221,01005292,Adamant SRL,Paysandu 923 (entre Crisologo Larralde y Lucena),01514D,Isolant SI,2250,11.25,2250,2250,16852.5,20391.52,0,0,0,0,0,0,0,0,0,0
20161221,01005292,Adamant SRL,Paysandu 923 (entre Crisologo Larralde y Lucena),01514DB,Isolant SI,375,1.875,375,375,2808.75,3398.59,0,0,0,0,0,0,0,0,0,0
20161221,01005292,Adamant SRL,Paysandu 923 (entre Crisologo Larralde y Lucena),01504D,Isolant SI,6000,6,6000,0,13620,16480.2,0,0,0,0,0,0,0,0,0,0
20161221,01005292,Adamant SRL,Paysandu 923 (entre Crisologo Larralde y Lucena),01506CC,Isolant SI,6000,9,6000,6000,17100,20691,0,0,0,0,0,0,0,0,0,0
20161221,01005292,Adamant SRL,Paysandu 923 (entre Crisologo Larralde y Lucena),01508D,Isolant SI,1000,2,1000,1000,3240,3920.4,0,0,0,0,0,0,0,0,0,0
20161221,01005292,Adamant SRL,Paysandu 923 (entre Crisologo Larralde y Lucena),01511BE,Isolant SI,2250,6.75,2250,0,23535,28477.35,0,0,0,0,0,0,0,0,0,0
20161221,01005292,Adamant SRL,Paysandu 923 (entre Crisologo Larralde y Lucena),01508BA,Isolant SI,6720,13.44,6720,0,22646.4,27402.14,0,0,0,0,0,0,0,0,0,0
20161221,24002266,Gironacci Flavio Damian,Mitre 759,01555M,Diego Fani,10,1.5,200,10,10778.52,13042.01,0,0,0,21,0,0,0,0,0,0
20161221,24002266,Gironacci Flavio Damian,Mitre 759,01555MA,Diego Fani,1,0.15,20,1,0.1,0.12,0,0,0,0,0,0,0,0,0,0
20161221,24002266,Gironacci Flavio Damian,Mitre 759,01557A,Diego Fani,5,1,100,5,3547.06,4291.94,0,0,0,21,0,0,0,0,0,0
20161221,24002266,Gironacci Flavio Damian,Mitre 759,01557AK,Diego Fani,5,0.525,75,5,1899.52,2298.41,0,0,0,21,0,0,0,0,0,0
20161221,16005810,Percal S.A,Libertad 310,01555MC,Leandro Diaz,200,1.5,200,10,10785.08,13049.94,0,0,0,21,0,0,0,0,0,0
20161221,16005810,Percal S.A,Libertad 310,01555MA,Leandro Diaz,1,0.15,20,1,0.1,0.12,0,0,0,0,0,0,0,0,0,0
20161221,16005810,Percal S.A,Libertad 310,01960FC,Leandro Diaz,4,0,0,4,7770.6,9402.42,0,0,0,0,0,0,0,0,0,0
20161221,24005127,Pesole Eduardo Francisco,San Lorenzo 1486,01666ACP,Meier,20,1,20,0,4421.51,5350.03,0,3,0,30,0,0,0,0,0,0
20161221,29004156,Hermes Perez e Hijos SRL,,04VARIOS,Ventas Buenos Aires,-1,0,0,-1,-1103.31,-1335,0,0,0,0,0,0,0,0,0,0
20161221,24002397,Trobbiani Daniel Ramon,,01IN,Diego Fani,-1,0,0,-1,-502.14,-607.59,0,0,0,0,0,0,0,0,0,0
20161221,24002397,Trobbiani Daniel Ramon,,01IN,Diego Fani,-1,0,0,-1,-499.15,-603.97,0,0,0,0,0,0,0,0,0,0
20161221,10000181,Sagosa SCC,,01IN,Guillermo Ghiretti,-1,0,0,-1,-2216.73,-2682.24,0,0,0,0,0,0,0,0,0,0
20161221,24000215,Emcisa SRL,Pte. Roca 3108,01557A,Meier,12,2.4,240,12,7831.91,9476.61,0,0,0,21,8,0,0,0,0,0
20161221,24000215,Emcisa SRL,Pte. Roca 3108,01557C,Meier,3,0.6,60,3,0.3,0.36,0,0,0,0,0,0,0,0,0,0
20161221,24000215,Emcisa SRL,Pte. Roca 3108,01750A,Meier,6,0,0,6,3567.78,4317.02,0,0,0,21,10,0,0,0,0,0
20161221,24000215,Emcisa SRL,Pte. Roca 3108,01568CB,Meier,2,0.4,40,2,2804.01,3392.85,0,0,0,21,0,0,0,0,0,0
20161221,03000023,Industrias Saladillo SA,IS.SA. Planta Pilar,01777B,Isolant SI,200,5.34,0,200,20460,24756.6,0,0,0,0,0,0,0,0,0,0
20161221,03000023,Industrias Saladillo SA,IS.SA. Planta Pilar,01776B,Isolant SI,6,0.1696464,0,6,670.8,811.67,0,0,0,0,0,0,0,0,0,0
20161221,01000421,Constructora Sudamericana SACIF Inmob y Agrop,Leandro N. Alem 986 7º,04ANTICIPOS,Luis Ramirez,1,0,0,1,8696.85,10523.19,0,0,0,0,0,0,0,0,0,0
20161221,07003177,Grunhaut SA,Alvear 761,01700A,Meier,25,3,0,25,14886.9,18013.15,0,0,0,30,0,0,0,0,0,0
20161221,31001395,Climatec SRL,Santa Fe 345,01762A,NN (Ex MDT),50,2.5445,0,50,19345.55,23408.12,0,0,0,30,0,0,0,0,0,0
20161221,31001395,Climatec SRL,Santa Fe 345,01764A,NN (Ex MDT),20,1.036728,0,20,7809.06,9448.96,0,0,0,30,0,0,0,0,0,0
20161221,03000023,Industrias Saladillo SA,IS.SA. Planta Pilar,01777B,Isolant SI,118,3.1506,0,118,12071.4,14606.39,0,0,0,0,0,0,0,0,0,0
20161221,03000023,Industrias Saladillo SA,IS.SA. Planta Pilar,01777B,Isolant SI,100,2.67,0,100,10230,12378.3,0,0,0,0,0,0,0,0,0,0
20161221,07002851,Maderas Cordoba SRL,,04C00293,Meier,-4925.32,0,0,-4925.32,0,0,0,0,0,0,0,0,0,0,0,0
20161221,01005812,Danko Materiales Srl,Mercedes 3951 3B,01557A,Victor Casañas,50,10,1000,50,31653.97,38301.3,0,3,0,21,8,0,0,0,0,0
20161221,01005812,Danko Materiales Srl,Mercedes 3951 3B,01557C,Victor Casañas,12,2.4,240,12,1.16,1.41,0,3,0,0,0,0,0,0,0,0
20161221,01005812,Danko Materiales Srl,Mercedes 3951 3B,01555M,Victor Casañas,10,1.5,200,10,10455.17,12650.75,0,3,0,21,0,0,0,0,0,0
20161221,01005812,Danko Materiales Srl,Mercedes 3951 3B,01555MA,Victor Casañas,1,0.15,20,1,0.1,0.12,0,3,0,0,0,0,0,0,0,0
20161221,01005812,Danko Materiales Srl,Mercedes 3951 3B,01551I,Victor Casañas,5,0.5,100,5,1108.15,1340.86,0,3,0,21,0,0,0,0,0,0
20161221,01005812,Danko Materiales Srl,Mercedes 3951 3B,01558BC,Victor Casañas,5,1,100,5,5340.73,6462.28,0,3,0,21,0,0,0,0,0,0
20161221,01004026,Osito Azul Sociedad Anonima,Pavon 2632,01950F,Isolant SI,80,18.28788192,0,80,39456,47741.76,0,0,0,0,0,0,0,0,0,0
20161221,31004124,"Sucesores de Jacobo De Dimant, Rebeca y Dimant Ernesto",,01IN,Ventas Buenos Aires,-1,0,0,-1,-259.68,-314.21,0,0,0,0,0,0,0,0,0,0
20161221,07002231,Acerco SA,,01IN,Meier,-1,0,0,-1,-7130.18,-8627.52,0,0,0,0,0,0,0,0,0,0
20161221,07002454,Lutre Juan Ernesto,,01IN,Meier,-1,0,0,-1,-4048.93,-4899.2,0,0,0,0,0,0,0,0,0,0
20161221,29000227,Moreno Alfredo German,,01IN,Isolant SA,-1,0,0,-1,-307.83,-372.48,0,0,0,0,0,0,0,0,0,0
20161221,29000227,Moreno Alfredo German,,01IN,Isolant SA,-1,0,0,-1,-1254.45,-1517.88,0,0,0,0,0,0,0,0,0,0
20161221,30005659,Tripodi Jorge Enrique,,01IN,Esteban Bergamaschi,-1,0,0,-1,-1930.69,-2336.13,0,0,0,0,0,0,0,0,0,0
20161221,07004383,Electro Cordoba SA,,01IN,Meier,-1,0,0,-1,-153.44,-185.66,0,0,0,0,0,0,0,0,0,0
20161221,24002752,Rusma SRL,,01IN,Diego Fani,-1,0,0,-1,-540.71,-654.25,0,0,0,0,0,0,0,0,0,0
20161221,24002752,Rusma SRL,,01IN,Diego Fani,-1,0,0,-1,-644.13,-779.39,0,0,0,0,0,0,0,0,0,0
20161221,24002752,Rusma SRL,,01IN,Diego Fani,-1,0,0,-1,-418.07,-505.86,0,0,0,0,0,0,0,0,0,0
20161221,24002752,Rusma SRL,,01IN,Diego Fani,-1,0,0,-1,-830.96,-1005.46,0,0,0,0,0,0,0,0,0,0
20161221,01005812,Danko Materiales Srl,Mercedes 3951 3B,01654ON,Victor Casañas,50,0.7,50,0,1787.01,2162.28,0,3,0,21,12,0,0,0,0,0
20161221,01005812,Danko Materiales Srl,Mercedes 3951 3B,01655ON,Victor Casañas,50,0.7,50,0,2124.18,2570.26,0,3,0,21,12,0,0,0,0,0
20161221,01005812,Danko Materiales Srl,Mercedes 3951 3B,01753A,Victor Casañas,5,0.1875,0,5,3607.74,4365.37,0,3,0,21,12,0,0,0,0,0
20161221,01005812,Danko Materiales Srl,Mercedes 3951 3B,01960F,Victor Casañas,5,0,0,5,9921.86,12005.45,0,3,0,21,12,0,0,0,0,0
20161221,01001928,Karavell SA,Santiago del Estero 453,04ANTICIPOS,Levy,1,0,0,1,23819.59,28821.7,0,0,0,0,0,0,0,0,0,0
20161221,14004775,Calvo Maderas SRL,,04C00898,Disapla,1,0,0,1,1.74,1.74,0,0,0,0,0,0,0,0,0,0
20161221,19002241,Carlos Isla y Cia. SA,Teodoro Plan 5055,01557A,Latyn-Valle y Cordillera,150,30,3000,150,78015,94398.15,0,0,0,0,0,0,0,0,0,0
20161221,19002241,Carlos Isla y Cia. SA,Teodoro Plan 5055,01655ON,Latyn-Valle y Cordillera,480,6.72,480,0,16899.84,20448.81,0,0,10,0,0,0,0,0,0,0
20161221,16005326,Reche Fernando,Av. Alberdi 163,01514ACA,Leandro Diaz,320,0.96,320,0,2809.6,3399.62,0,0,0,0,0,0,0,0,0,0
20161221,16005326,Reche Fernando,Av. Alberdi 163,01551IC,Leandro Diaz,120,0.6,120,6,1370.8,1658.68,0,0,0,21,0,0,0,0,0,0
20161221,07002231,Acerco SA,,01IN,Meier,-1,0,0,-1,-10157.98,-12291.16,0,0,0,0,0,0,0,0,0,0
20161221,01002825,Iel SRL,,01IN,Levy,-1,0,0,-1,-851.18,-1029.93,0,0,0,0,0,0,0,0,0,0
20161221,07005226,Carrizo Jesica Y Carrizo Luciana S.H.,,01IN,Meier,-1,0,0,-1,-137.09,-165.88,0,0,0,0,0,0,0,0,0,0
20161221,24002021,Masino Hnos. SRL,,01IN,Meier,-1,0,0,-1,-641.1,-775.73,0,0,0,0,0,0,0,0,0,0
20161221,01005738,Unimaco SA,,01IN,Meier,-1,0,0,-1,-3900.68,-4719.82,0,0,0,0,0,0,0,0,0,0
20161221,20004067,Hierronort Salta SRL,,01IN,Pedro Cocaña,-1,0,0,-1,-1029.6,-1245.81,0,0,0,0,0,0,0,0,0,0
20161221,20003188,Emprendimiento Metalurgico Industrial SRL,,01IN,Pedro Cocaña,-1,0,0,-1,-710.31,-859.48,0,0,0,0,0,0,0,0,0,0
20161221,20003188,Emprendimiento Metalurgico Industrial SRL,,01IN,Pedro Cocaña,-1,0,0,-1,-470.94,-569.84,0,0,0,0,0,0,0,0,0,0
20161221,01002821,Ferreteria Central SRL,,01IN,Hector Collia,-1,0,0,-1,-2835.46,-3430.91,0,0,0,0,0,0,0,0,0,0
20161221,01002821,Ferreteria Central SRL,,01IN,Hector Collia,-1,0,0,-1,-3110.38,-3763.56,0,0,0,0,0,0,0,0,0,0
20161221,24005795,Foam Plus SRL,,01IN,Diego Fani,-1,0,0,-1,-3455.24,-4180.84,0,0,0,0,0,0,0,0,0,0
20161221,03003300,Aserradero Vagol SRL,,01IN,Esteban Bergamaschi,-1,0,0,-1,-11023.67,-13338.64,0,0,0,0,0,0,0,0,0,0
20161221,14004178,Corti Andrea y Corti Dillman Maria Cecilia SH,,01IN,Disapla,-1,0,0,-1,-872.83,-1056.12,0,0,0,0,0,0,0,0,0,0
20161221,11004428,Prades Sociedad Anonima,,01IN,Victor Casañas,-1,0,0,-1,-594.83,-719.74,0,0,0,0,0,0,0,0,0,0
20161221,11004428,Prades Sociedad Anonima,,01IN,Victor Casañas,-1,0,0,-1,-90.83,-109.91,0,0,0,0,0,0,0,0,0,0
20161221,11004428,Prades Sociedad Anonima,,01IN,Victor Casañas,-1,0,0,-1,-616.24,-745.65,0,0,0,0,0,0,0,0,0,0
20161221,01005657,Perna Franco,,01IN,Levy,-1,0,0,-1,-727.67,-880.48,0,0,0,0,0,0,0,0,0,0
20161221,16003025,Fopiani Ricardo Arturo,,01IN,Leandro Diaz,-1,0,0,-1,-366.45,-443.41,0,0,0,0,0,0,0,0,0,0

