FechaTxt,Codigo_Cliente,Cliente,EntDir,Codigo_Articulo,Vendedor,cantidad,Mts3,Mts2,Rollos,Importe_Bruto,Importe_Neto,Dto_Contado,Dto_Flete,Dto_Especial,Bonificacion,Desc_Adicional,cantidad_elaborada,m2_ocupados,costo_unitario,costo_total_stock,Costo_de_venta,comp,C_Construccion,nomdoc
20170612,03000480,Krasuk SRL,Av. Mitre 3261,01558EC,Esteban Bergamaschi,50,10,1000,50,30449.76,36844.21,0,0,0,21,4,0,0,0,0,15667.91,002200005306,N,Factura de Venta
20170612,04004334,Fapex SA,Rio Potrero 175 (Esq. Rio de Rey) Barrio CinaCina,01555ARF,Isolant SI,660,66,13200,660,105336,127456.56,0,0,0,0,0,0,0,0,0,0,002200005304,N,Factura de Venta
20170612,01002018,Zanet SA,Erezcano 3021/35,01508F,Fernando Palmas,4700,9.4,4700,0,31960,38671.6,0,0,0,0,0,0,0,0,0,11888.97,002200005308,N,Factura de Venta
20170612,03000023,Industrias Saladillo SA,IS.SA. Planta Pilar,01764AS,Isolant SI,-24,-1.24416,0,-24,-3220.8,-3897.17,0,0,0,0,0,0,0,0,0,1534.61,001400007835,N,Crédito de Venta
20170612,03000023,Industrias Saladillo SA,IS.SA. Planta Pilar,01767AS,Isolant SI,-7,-0.29687,0,-7,-717.64,-868.34,0,0,0,0,0,0,0,0,0,286.32,001400007835,N,Crédito de Venta
20170612,03000357,Laboratorios Valmax SA,Sub Perdomo 1619,01507VA,Isolant SI,15000,22.5,15000,0,78600,95106,0,0,0,0,0,0,0,0,0,38844.5,002200005305,N,Factura de Venta
20170612,31002801,Rango Comercial SA,curmelato 39,01765A,Esteban Bergamaschi,5,0.2325,0,5,1994.28,2413.07,0,0,0,21,0,0,0,0,0,180.28,002200005317,N,Factura de Venta
20170612,31002801,Rango Comercial SA,curmelato 39,01766A,Esteban Bergamaschi,5,0.1979,0,5,1702.65,2060.2,0,0,0,21,0,0,0,0,0,281.87,002200005317,N,Factura de Venta
20170612,03003751,Indupoles Argentina SA,Parque Ind. Campana - Km70 de Panamericana - Lote 12,01772AC,Isolant SI,2,0.37888,0,2,1500,1815,0,0,0,0,0,0,0,0,0,232.96,002200005312,N,Factura de Venta
20170612,03003751,Indupoles Argentina SA,Parque Ind. Campana - Km70 de Panamericana - Lote 12,01772AD,Isolant SI,2,0.37888,0,2,1500,1815,0,0,0,0,0,0,0,0,0,147.84,002200005312,N,Factura de Venta
20170612,24005133,San Miguel Center SRL,Bv. 25 de Mayo 240-241,01765C,Diego Fani,8,0.47048,0,8,5560.27,6727.93,0,0,0,40,0,0,0,0,0,822.39,002200005316,N,Factura de Venta
20170612,21005754,Diler SRL,Mitre 749,01552I,Leandro Diaz,46,9.2,1840,46,17909.28,21670.23,0,0,0,21,4,0,0,0,0,791.96,002200005318,N,Factura de Venta
20170612,21005754,Diler SRL,Mitre 749,01856A,Leandro Diaz,1,0.25,25,1,4153.65,5025.92,0,0,0,21,4,0,0,0,0,1688.85,002200005318,N,Factura de Venta
20170612,21005754,Diler SRL,Mitre 749,01551I,Leandro Diaz,4,0.4,80,4,779.03,942.62,0,0,0,21,4,0,0,0,0,164.18,002200005318,N,Factura de Venta
20170612,03003751,Indupoles Argentina SA,Parque Ind. Campana - Km70 de Panamericana - Lote 12,01500CIN,Isolant SI,20250,10.125,20250,20250,29970,36263.7,0,0,0,0,0,0,0,0,0,26714.99,002200005315,N,Factura de Venta
20170612,04005689,Polifoam SRL,Alte. Brown 3985,01650DC,Isolant SI,375,3.75,375,0,14206.5,17189.87,0,0,0,45,0,0,0,0,0,5512.03,002200005320,N,Factura de Venta
20170612,03000023,Industrias Saladillo SA,,01764AS,Isolant SI,24,1.24416,0,24,3220.8,3897.17,0,0,0,0,0,0,0,0,0,1534.61,001400000717,N,Factura de Venta
20170612,03000023,Industrias Saladillo SA,,01767AS,Isolant SI,7,0.29687,0,7,760.76,920.52,0,0,0,0,0,0,0,0,0,286.32,001400000717,N,Factura de Venta
20170612,03003751,Indupoles Argentina SA,Parque Ind. Campana - Km70 de Panamericana - Lote 12,01772A,Isolant SI,2,0.37888,0,2,1500,1815,0,0,0,0,0,0,0,0,0,153.53,002200005312,N,Factura de Venta
20170612,03003751,Indupoles Argentina SA,Parque Ind. Campana - Km70 de Panamericana - Lote 12,01772AB,Isolant SI,2,0.37888,0,2,1500,1815,0,0,0,0,0,0,0,0,0,223.1,002200005312,N,Factura de Venta
20170612,03003751,Indupoles Argentina SA,Parque Ind. Campana - Km70 de Panamericana - Lote 12,01500BIN,Isolant SI,15000,7.5,15000,15000,22800,27588,0,0,0,0,0,0,0,0,0,14602.81,002200005311,N,Factura de Venta
20170612,03003751,Indupoles Argentina SA,Parque Ind. Campana - Km70 de Panamericana - Lote 12,01912A,Isolant SI,10,3.6,0,10,12292.3,14873.68,0,0,0,0,0,0,0,0,0,3449.63,002200005313,N,Factura de Venta
20170612,03003751,Indupoles Argentina SA,Parque Ind. Campana - Km70 de Panamericana - Lote 12,01500CIN,Isolant SI,27750,13.875,27750,27750,41070,49694.7,0,0,0,0,0,0,0,0,0,36609.42,002200005314,N,Factura de Venta
20170612,03004746,Das Dach S.A.,,04C01203,Isolant SA,1,0,0,1,16500,18232.5,0,0,0,0,0,0,0,0,0,0,001400000722,N,Factura de Venta
20170612,03004746,Das Dach S.A.,,04C01203,Isolant SA,1,0,0,1,16000,17680,0,0,0,0,0,0,0,0,0,0,001400000723,N,Factura de Venta
20170612,02005827,A.D.Barbieri S.A,Luis Maria Drago 1382 Parque Industrial Almirante Brown,01753AD,Isolant SA,167,6.2625,0,167,79625.6,96346.98,0,0,0,0,0,0,0,0,0,0,002200005310,N,Factura de Venta
20170612,03000023,Industrias Saladillo SA,IS.SA. Planta Pilar,01525AHC,Isolant SI,600,6,600,600,9306,11260.26,0,0,0,0,0,0,0,0,0,2588.1,002200005309,N,Factura de Venta
20170612,03000023,Industrias Saladillo SA,IS.SA. Planta Pilar,01525AHC,Isolant SI,600,6,600,600,9306,11260.26,0,0,0,0,0,0,0,0,0,2588.1,002200005321,N,Factura de Venta
20170612,03000741,Maderera Newton Sociedad Anonima,Acceso Norte 3085 (ramal Campana) y Haití- Frente la Ford,01559AA,Esteban Bergamaschi,800,8,800,40,23707.2,28685.72,0,0,0,25,12,0,0,0,0,2261.1,002200005307,S,Factura de Venta
20170612,03000741,Maderera Newton Sociedad Anonima,Acceso Norte 3085 (ramal Campana) y Haití- Frente la Ford,01557C,Esteban Bergamaschi,12,2.4,240,12,1.2,1.46,0,0,0,0,0,0,0,0,0,678.33,002200005307,S,Factura de Venta
20170612,04000857,Aserradero Teco SA,Aquilino Colombo 1947,01558ESC,Levy,300,3,300,15,7204.8,8717.8,0,0,0,21,0,0,0,0,0,1299.05,002200005319,S,Factura de Venta
20170612,11004940,Materiales Parana SRL,,04C00898,Victor Casañas,1,0,0,1,0.01,0.01,0,0,0,0,0,0,0,0,0,,000000010876,,Débito (Ajustes)
20170612,03000023,Industrias Saladillo SA,,01778BA,Isolant SI,100,2.45045,0,100,17068,20652.28,0,0,0,0,0,0,0,0,0,4859.2,001400000720,N,Factura de Venta
20170612,03000023,Industrias Saladillo SA,,01781B,Isolant SI,72,2.8224,0,72,7068.24,8552.57,0,0,0,0,0,0,0,0,0,2565.19,001400000721,N,Factura de Venta
20170612,03000023,Industrias Saladillo SA,IS.SA. Planta Pilar,01781B,Isolant SI,-72,-2.8224,0,-72,-7068.24,-8552.57,0,0,0,0,0,0,0,0,0,2565.19,001400007835,N,Crédito de Venta
20170612,03000023,Industrias Saladillo SA,IS.SA. Planta Pilar,01778BA,Isolant SI,-100,-2.45045,0,-100,-17068,-20652.28,0,0,0,0,0,0,0,0,0,4859.2,001400007835,N,Crédito de Venta
20170612,03000023,Industrias Saladillo SA,IS.SA. Planta Pilar,01778BA,Isolant SI,-50,-1.225225,0,-50,-8534,-10326.14,0,0,0,0,0,0,0,0,0,2429.6,001400007835,N,Crédito de Venta
20170612,01003526,D.G.A. SRL,,04C00898,Esteban Bergamaschi,1,0,0,1,0.74,0.74,0,0,0,0,0,0,0,0,0,,000000010879,,Débito (Ajustes)
20170612,03000023,Industrias Saladillo SA,,01777BB,Isolant SI,25,1.6587648,0,25,10556,12772.76,0,0,0,0,0,0,0,0,0,1586.59,001400000717,N,Factura de Venta
20170612,03000023,Industrias Saladillo SA,,01778BA,Isolant SI,50,1.225225,0,50,8534,10326.14,0,0,0,0,0,0,0,0,0,2429.6,001400000719,N,Factura de Venta
20170612,31002801,Rango Comercial SA,curmelato 39,01763A,Esteban Bergamaschi,5,0.23562,0,5,2005.42,2426.55,0,0,0,21,0,0,0,0,0,194.17,002200005317,N,Factura de Venta
20170612,03000023,Industrias Saladillo SA,IS.SA. Planta Pilar,01777BB,Isolant SI,-24,-1.592414208,0,-24,-10133.76,-12261.85,0,0,0,0,0,0,0,0,0,1523.13,001400007835,N,Crédito de Venta
20170612,03000023,Industrias Saladillo SA,IS.SA. Planta Pilar,01777BB,Isolant SI,-25,-1.6587648,0,-25,-10556,-12772.76,0,0,0,0,0,0,0,0,0,1586.59,001400007835,N,Crédito de Venta
20170612,03000023,Industrias Saladillo SA,,01777BB,Isolant SI,24,1.592414208,0,24,10133.76,12261.85,0,0,0,0,0,0,0,0,0,1523.13,001400000718,N,Factura de Venta
20170612,24002129,Germat SRL,,04C00898,Meier,1,0,0,1,6.18,6.18,0,0,0,0,0,0,0,0,0,,000000010877,,Débito (Ajustes)
20170612,01004760,Alfa y Omega Interiores S.R.L.,,01IN,Pastore Pablo,-1,0,0,-1,-134.27,-162.47,0,0,0,0,0,0,0,0,0,,001300000168,,Crédito de Venta
20170612,01004760,Alfa y Omega Interiores S.R.L.,,04C00898,Pastore Pablo,1,0,0,1,0.01,0.01,0,0,0,0,0,0,0,0,0,,000000010878,,Débito (Ajustes)
20170615,29004604,Deposito San Martin S.R.L.,,04C00291,Ventas Buenos Aires,1,0,0,1,2720,2720,0,0,0,0,0,0,0,0,0,0,001300001574,,Débito de Venta
20170615,29004604,Deposito San Martin S.R.L.,,04C00291,Ventas Buenos Aires,-1,0,0,-1,-2720,-2720,0,0,0,0,0,0,0,0,0,0,001400007839,,Crédito de Venta
20170615,31003963,Sanitarios Carosio SA,Alte. Brown 54,01555A,Ventas Buenos Aires,25,2.5,500,25,11149.24,13490.58,0,0,0,21,4,0,0,0,0,802.47,002200005400,N,Factura de Venta
20170615,31003963,Sanitarios Carosio SA,Alte. Brown 54,01557A,Ventas Buenos Aires,25,5,500,25,17025.89,20601.33,0,0,0,21,4,0,0,0,0,1413.19,002200005400,N,Factura de Venta
20170615,31003963,Sanitarios Carosio SA,Alte. Brown 54,01960DA,Ventas Buenos Aires,3,0,0,3,8334.7,10084.98,0,0,0,21,0,0,0,0,0,2067.71,002200005400,N,Factura de Venta
20170615,24002527,Bianco Araceli Guadalupe,Gral. Lopez 2345 y Lujan,01960DA,Meier,5,0,0,5,13187.84,15957.3,0,0,0,25,0,0,0,0,0,3446.18,002200005403,S,Factura de Venta
20170615,24002713,Casa Bureu SA,Av. Pte. Juan D. Peron 3447,01761A,Diego Fani,1,0.06503,0,1,560.6,678.33,0,0,0,21,0,0,0,0,0,55.99,002200005416,N,Factura de Venta
20170615,24002713,Casa Bureu SA,Av. Pte. Juan D. Peron 3447,01760A,Diego Fani,1,0.06283,0,1,612.38,740.99,0,0,0,21,0,0,0,0,0,110.38,002200005416,N,Factura de Venta
20170615,24002713,Casa Bureu SA,Av. Pte. Juan D. Peron 3447,01768A,Diego Fani,1,0.04524,0,1,399.24,483.08,0,0,0,21,0,0,0,0,0,0,002200005416,N,Factura de Venta
20170615,24002713,Casa Bureu SA,Av. Pte. Juan D. Peron 3447,01903A,Diego Fani,1,0.07599,0,1,1333.55,1613.6,0,0,0,21,0,0,0,0,0,213.49,002200005416,N,Factura de Venta
20170615,29002289,Maria Cristina Chiapuzzi Y Elda Luisa Ciley S.H.,Calle 17 nº 76,01960DA,Hector Collia,2,0,0,2,5556.48,6723.34,0,0,0,21,0,0,0,0,0,1378.47,002200005401,S,Factura de Venta
20170615,01002825,Iel SRL,Palestina 631 (Ex Rawson),01901A,Levy,7,0.54978,0,7,11379.96,13769.75,0,0,10,30,0,0,0,0,0,4687.02,002200005406,N,Factura de Venta
20170615,01002825,Iel SRL,Palestina 631 (Ex Rawson),01905A,Levy,15,1.0677,0,15,9195.7,11126.8,0,0,10,30,0,0,0,0,0,3129.06,002200005406,N,Factura de Venta
20170615,01002825,Iel SRL,Palestina 631 (Ex Rawson),01904A,Levy,6,0.37698,0,6,3913.02,4734.75,0,0,10,30,0,0,0,0,0,1522.51,002200005407,N,Factura de Venta
20170615,04000235,Tromar SA,Maza 786,01504AC,Hector Collia,1200,1.2,1200,0,5720.4,6921.68,0,0,0,30,0,0,0,0,0,1048.43,002200005415,N,Factura de Venta
20170615,24002713,Casa Bureu SA,Av. Pte. Juan D. Peron 3447,01765C,Diego Fani,3,0.17643,0,3,2745.38,3321.92,0,0,0,21,0,0,0,0,0,308.4,002200005416,N,Factura de Venta
20170615,07003929,Daniel Hernandez e hijos SRL,Ruta A005 y Castelli 0,01764C,Meier,4,0.26388,0,4,3664.11,4433.57,0,0,0,30,0,0,0,0,0,969.04,002200005419,N,Factura de Venta
20170615,24005653,LKL Servicios SRL,Rodriguez Peña 2556 (Calle 111) Esq. Pte. Peron,01666ACP,Fernando Palmas,190,9.5,190,0,40142.59,48572.54,0,0,0,37,0,0,0,0,0,10085.06,002200005421,N,Factura de Venta
20170615,04004334,Fapex SA,Rio Potrero 175 (Esq. Rio de Rey) Barrio CinaCina,01524AF,Isolant SI,212,2.12,212,0,1963.12,2375.38,0,0,0,0,0,0,0,0,0,0,002200005424,N,Factura de Venta
20170615,01004065,Balbin 3001 SRL,Balbin Ricardo 3001,01569BC,Levy,6,1.8,120,6,8135.39,9843.83,0,3,0,21,0,0,0,0,0,4583.67,002200005426,N,Factura de Venta
20170615,03003751,Indupoles Argentina SA,Parque Ind. Campana - Km70 de Panamericana - Lote 12,01662ACP,Isolant SI,380,15.2,380,0,26881.2,32526.25,0,0,0,0,0,0,0,0,0,13979.07,002200005427,N,Factura de Venta
20170615,29004604,Deposito San Martin S.R.L.,,04C00291,Ventas Buenos Aires,1,0,0,1,2720,2720,0,0,0,0,0,0,0,0,0,0,001300001575,,Débito de Venta
20170615,10004089,Plastisur SRL,Hipolito Yrigoyen 5135,01764C,Norberto Oppezzo,2,0.13194,0,2,2067.6,2501.8,0,0,0,21,0,0,0,0,0,484.52,002200005417,N,Factura de Venta
20170615,10004089,Plastisur SRL,Hipolito Yrigoyen 5135,01765C,Norberto Oppezzo,7,0.41167,0,7,6405.9,7751.14,0,0,0,21,0,0,0,0,0,719.59,002200005417,N,Factura de Venta
20170615,10004089,Plastisur SRL,Hipolito Yrigoyen 5135,01767C,Norberto Oppezzo,5,0.2658,0,5,3894.42,4712.25,0,0,0,21,0,0,0,0,0,647.75,002200005417,N,Factura de Venta
20170615,16002850,Mafra Distribuidora SA,Iaccarini 50,01764C,Leandro Diaz,6,0.39582,0,6,5954.7,7205.19,0,0,0,21,4,0,0,0,0,1453.56,002200005418,N,Factura de Venta
20170615,16002850,Mafra Distribuidora SA,Iaccarini 50,01765C,Leandro Diaz,7,0.41167,0,7,6149.66,7441.09,0,0,0,21,4,0,0,0,0,719.59,002200005418,N,Factura de Venta
20170615,16002850,Mafra Distribuidora SA,Iaccarini 50,01767C,Leandro Diaz,11,0.58476,0,11,8225.02,9952.28,0,0,0,21,4,0,0,0,0,1425.05,002200005418,N,Factura de Venta
20170615,04004334,Fapex SA,Rio Potrero 175 (Esq. Rio de Rey) Barrio CinaCina,01555ARF,Isolant SI,340,34,6800,340,54264,65659.44,0,0,0,0,0,0,0,0,0,0,002200005399,N,Factura de Venta
20170615,03000023,Industrias Saladillo SA,IS.SA. Planta Pilar,01777B,Isolant SI,217,5.7939,0,217,23531.48,28473.09,0,0,0,0,0,0,0,0,0,6063.63,002200005408,N,Factura de Venta
20170615,03000023,Industrias Saladillo SA,IS.SA. Planta Pilar,01777B,Isolant SI,20,0.534,0,20,2168.8,2624.25,0,0,0,0,0,0,0,0,0,558.86,002200005409,N,Factura de Venta
20170615,29002098,Cisilotto Hnos SACIFEI,Colectora Gaona y Ruta 5,01555A,Hector Collia,50,5,1000,50,19405.32,23480.44,0,0,0,25,12,0,0,0,0,1604.93,002200005410,N,Factura de Venta
20170615,03004075,Comercial CMP SA,Ruta Panamericana Km. 39.5 Nº1166,01557A,Hector Collia,90,18,1800,90,53340.61,64542.13,0,0,0,25,12,0,0,0,0,5087.48,002200005411,N,Factura de Venta
20170615,04005688,Longarte Gabriel Martin,Garay 2551,01650DC,Fernando Palmas,600,6,600,0,22776,27558.96,0,0,0,50,0,0,0,0,0,8819.26,002200005414,S,Factura de Venta
20170615,10000785,Perren y Cia. SA,9 de Julio 975,01765A,Norberto Oppezzo,3,0.1395,0,3,1028.44,1244.41,0,3,0,30,0,0,0,0,0,108.17,002200005430,N,Factura de Venta
20170615,10000785,Perren y Cia. SA,9 de Julio 975,01764C,Norberto Oppezzo,8,0.52776,0,8,7108.37,8601.13,0,3,0,30,0,0,0,0,0,1938.08,002200005430,N,Factura de Venta
20170615,10000785,Perren y Cia. SA,9 de Julio 975,01765C,Norberto Oppezzo,10,0.5881,0,10,7865.47,9517.22,0,3,0,30,0,0,0,0,0,1027.99,002200005430,N,Factura de Venta
20170615,10000785,Perren y Cia. SA,9 de Julio 975,01767C,Norberto Oppezzo,7,0.37212,0,7,4686.13,5670.21,0,3,0,30,0,0,0,0,0,906.85,002200005430,N,Factura de Venta
20170615,04004334,Fapex SA,Rio Potrero 175 (Esq. Rio de Rey) Barrio CinaCina,01555ARF,Isolant SI,124,12.4,2480,124,19790.4,23946.38,0,0,0,0,0,0,0,0,0,0,002200005398,N,Factura de Venta
20170615,04004334,Fapex SA,Rio Potrero 175 (Esq. Rio de Rey) Barrio CinaCina,01557ARF,Isolant SI,75,15,1500,75,19560,23667.6,0,0,0,0,0,0,0,0,0,0,002200005399,N,Factura de Venta
20170615,01001217,Diamore SA,Av. Cobo 1516/18,01771C,Luis Ramirez,1,0.0475,0,1,672.33,813.52,0,0,0,21,0,0,0,0,0,205.09,002200005412,N,Factura de Venta
20170615,03003751,Indupoles Argentina SA,Parque Ind. Campana - Km70 de Panamericana - Lote 12,01506CIN,Isolant SI,22500,33.75,22500,22500,64575,78135.75,0,0,0,0,0,0,0,0,0,34463.23,002200005428,N,Factura de Venta
20170615,10000785,Perren y Cia. SA,9 de Julio 975,01557A,Norberto Oppezzo,20,4,400,20,11497.86,13912.42,0,3,0,25,12,0,0,0,0,1130.55,002200005429,N,Factura de Venta
20170615,10000785,Perren y Cia. SA,9 de Julio 975,01960DA,Norberto Oppezzo,3,0,0,3,7675.31,9287.12,0,3,0,25,0,0,0,0,0,2067.71,002200005429,N,Factura de Venta
20170615,10000785,Perren y Cia. SA,9 de Julio 975,01750A,Norberto Oppezzo,6,0,0,6,3650.58,4417.2,0,3,0,25,0,0,0,0,0,0,002200005429,N,Factura de Venta
20170615,03000023,Industrias Saladillo SA,IS.SA. Planta Pilar,01771AS,Isolant SI,1,0.03833,0,1,126.63,153.22,0,0,0,0,0,0,0,0,0,21.59,002200005434,N,Factura de Venta
20170615,04002052,Disapla SA (Cipo),Estado de Israel 85,01766C,Isolant SA,3,0.14928,0,3,1895.42,2293.46,0,0,0,32.5,0,0,0,0,0,676.7,002200005404,N,Factura de Venta
20170615,04002052,Disapla SA (Cipo),Estado de Israel 85,01765C,Isolant SA,4,0.23524,0,4,3127.65,3784.46,0,0,0,32.5,0,0,0,0,0,411.2,002200005404,N,Factura de Venta
20170615,04002052,Disapla SA (Cipo),Estado de Israel 85,01763C,Isolant SA,1,0.06032,0,1,783.93,948.56,0,0,0,32.5,0,0,0,0,0,413.39,002200005404,N,Factura de Venta
20170615,04004334,Fapex SA,Rio Potrero 175 (Esq. Rio de Rey) Barrio CinaCina,01557ARF,Isolant SI,217,43.4,4340,217,56593.6,68478.26,0,0,0,0,0,0,0,0,0,0,002200005413,N,Factura de Venta
20170615,04004334,Fapex SA,Rio Potrero 175 (Esq. Rio de Rey) Barrio CinaCina,01524AF,Isolant SI,636,6.36,636,0,5889.36,7126.13,0,0,0,0,0,0,0,0,0,0,002200005425,N,Factura de Venta
20170615,01001217,Diamore SA,Av. Cobo 1516/18,01765C,Luis Ramirez,1,0.05881,0,1,915.13,1107.31,0,0,0,21,0,0,0,0,0,102.8,002200005412,N,Factura de Venta
20170615,24002527,Bianco Araceli Guadalupe,Gral. Lopez 2345 y Lujan,01960DC,Meier,10,0,0,10,13575.6,16426.48,0,0,0,25,0,0,0,0,0,6022.26,002200005403,S,Factura de Venta
20170615,31002153,Pagnacco Hnos SC,Murature 57 ( Av. Del Valle e Irigoyen),01557A,Ventas Buenos Aires,6,1.2,120,6,4256.47,5150.33,0,0,0,21,0,0,0,0,0,339.17,002200005405,N,Factura de Venta
20170615,31002153,Pagnacco Hnos SC,Murature 57 ( Av. Del Valle e Irigoyen),01550A,Ventas Buenos Aires,6,0.24,120,6,1266.39,1532.33,0,0,0,21,0,0,0,0,0,446.64,002200005405,N,Factura de Venta
20170615,31002153,Pagnacco Hnos SC,Murature 57 ( Av. Del Valle e Irigoyen),01960DA,Ventas Buenos Aires,1,0,0,1,2778.23,3361.66,0,0,0,21,0,0,0,0,0,689.24,002200005405,N,Factura de Venta
20170615,16004335,Alvarez Victor Horacio,Domingo Mateu 1715,01901A,Leandro Diaz,2,0.15708,0,2,3612.69,4371.35,0,0,0,30,0,0,0,0,0,1339.15,002200005402,N,Factura de Venta
20170615,16004335,Alvarez Victor Horacio,Domingo Mateu 1715,01906A,Leandro Diaz,2,0.1555,0,2,1402.87,1697.47,0,0,0,30,0,0,0,0,0,544.25,002200005402,N,Factura de Venta
20170615,31003963,Sanitarios Carosio SA,Alte. Brown 54,01555C,Ventas Buenos Aires,3,0.3,60,3,0.3,0.36,0,0,0,0,0,0,0,0,0,96.3,002200005400,N,Factura de Venta
20170615,29002098,Cisilotto Hnos SACIFEI,Colectora Gaona y Ruta 5,01555C,Hector Collia,6,0.6,120,6,0.6,0.73,0,0,0,0,0,0,0,0,0,192.59,002200005410,N,Factura de Venta
20170615,31003963,Sanitarios Carosio SA,Alte. Brown 54,01557C,Ventas Buenos Aires,3,0.6,60,3,0.3,0.36,0,0,0,0,0,0,0,0,0,169.58,002200005400,N,Factura de Venta
20170615,10000785,Perren y Cia. SA,9 de Julio 975,01557C,Norberto Oppezzo,3,0.6,60,3,0.29,0.35,0,3,0,0,0,0,0,0,0,169.58,002200005429,N,Factura de Venta
20170615,29002098,Cisilotto Hnos SACIFEI,Colectora Gaona y Ruta 5,01557C,Hector Collia,4,0.8,80,4,0.4,0.48,0,0,0,0,0,0,0,0,0,226.11,002200005410,N,Factura de Venta
20170615,03004075,Comercial CMP SA,Ruta Panamericana Km. 39.5 Nº1166,01557C,Hector Collia,5,1,100,5,0.5,0.61,0,0,0,0,0,0,0,0,0,282.64,002200005411,N,Factura de Venta
20170615,29002289,Maria Cristina Chiapuzzi Y Elda Luisa Ciley S.H.,Calle 17 nº 76,01568BC,Hector Collia,100,1,100,5,5670.62,6861.46,0,0,0,21,0,0,0,0,0,1773.18,002200005401,S,Factura de Venta
20170615,29002289,Maria Cristina Chiapuzzi Y Elda Luisa Ciley S.H.,Calle 17 nº 76,01603BD,Hector Collia,500,1,500,20,4471.4,5410.4,0,0,0,21,0,0,0,0,0,1285.93,002200005401,S,Factura de Venta
20170615,24002089,AD Interiores De Puccinelli Daniel y Helu Alicia,,01IN,Meier,-1,0,0,-1,-206.5,-249.86,0,0,0,0,0,0,0,0,0,,001300000177,,Crédito de Venta
20170615,03000023,Industrias Saladillo SA,IS.SA. Planta Pilar,01778B,Isolant SI,89,2.1809005,0,89,9976.01,12070.97,0,0,0,0,0,0,0,0,0,1122.76,002200005422,N,Factura de Venta
20170615,03000023,Industrias Saladillo SA,IS.SA. Planta Pilar,01776B,Isolant SI,60,1.696464,0,60,7110.6,8603.83,0,0,0,0,0,0,0,0,0,1661.5,002200005423,N,Factura de Venta
20170615,03000023,Industrias Saladillo SA,IS.SA. Planta Pilar,01779B,Isolant SI,66,2.1335886,0,66,9422.16,11400.81,0,0,0,0,0,0,0,0,0,1416.08,002200005423,N,Factura de Venta
20170615,20003188,Emprendimiento Metalurgico Industrial SRL,,01IN,Pedro Cocaña,-1,0,0,-1,-339.75,-411.1,0,0,0,0,0,0,0,0,0,,001300000178,N,Crédito de Venta
20170615,03000023,Industrias Saladillo SA,IS.SA. Planta Pilar,01778B,Isolant SI,91,2.2299095,0,91,10200.19,12342.23,0,0,0,0,0,0,0,0,0,1147.99,002200005431,N,Factura de Venta
20170615,03003349,Homps Jorge Eduardo,,04C00898,Esteban Bergamaschi,1,0,0,1,0.58,0.58,0,0,0,0,0,0,0,0,0,,000000000215,,Débito (Ajustes)
20170615,24005653,LKL Servicios SRL,Rodriguez Peña 2556 (Calle 111) Esq. Pte. Peron,01658AC,Fernando Palmas,20,0.6,20,0,2587.66,3131.07,0,0,0,37,0,0,0,0,0,847.54,002200005420,N,Factura de Venta
20170615,11005762,Julio Cesar Croattini e Hijos SA,,04C00898,Natali Plasticos (Vta Directa),1,0,0,1,0.01,0.01,0,0,0,0,0,0,0,0,0,,000000010889,,Débito (Ajustes)
20170615,14004178,Corti Andrea y Corti Dillman Maria Cecilia SH,,01IN,Disapla,-1,0,0,-1,-702.2,-849.66,0,0,0,0,0,0,0,0,0,,001300000175,,Crédito de Venta
20170615,16003448,Tapicenter SA,,01IN,Leandro Diaz,-1,0,0,-1,-1293.88,-1565.6,0,0,0,0,0,0,0,0,0,,001300000176,,Crédito de Venta
20170615,01003705,Rosenblatt Daniel y Rosenblatt Carlos S.H.,,04C00898,Hector Collia,1,0,0,1,2.65,2.65,0,0,0,0,0,0,0,0,0,,000000010888,,Débito (Ajustes)
20170615,03000023,Industrias Saladillo SA,IS.SA. Planta Pilar,01778BA,Isolant SI,50,1.225225,0,50,8534,10326.14,0,0,0,0,0,0,0,0,0,2429.6,002200005435,N,Factura de Venta
20170615,04001595,Dommarco Hnos Sociedad Anonima,,04C00898,Hector Collia,1,0,0,1,0.86,0.86,0,0,0,0,0,0,0,0,0,,000000010891,,Débito (Ajustes)
20170615,02000844,Revestimientos America SRL,,04C00898,Hector Collia,1,0,0,1,0.05,0.05,0,0,0,0,0,0,0,0,0,,000000010890,,Débito (Ajustes)
20170615,03000023,Industrias Saladillo SA,IS.SA. Planta Pilar,01776B,Isolant SI,47,1.3288968,0,47,5569.97,6739.66,0,0,0,0,0,0,0,0,0,1301.51,002200005432,N,Factura de Venta
20170615,03000023,Industrias Saladillo SA,IS.SA. Planta Pilar,01778BA,Isolant SI,36,0.882162,0,36,6144.48,7434.82,0,0,0,0,0,0,0,0,0,1749.31,002200005433,N,Factura de Venta
20170615,03004075,Comercial CMP SA,,04C00898,Hector Collia,1,0,0,1,0.03,0.03,0,0,0,0,0,0,0,0,0,,000000010892,,Débito (Ajustes)
20170616,03000023,Industrias Saladillo SA,IS.SA. Planta Pilar,01780BA,Isolant SI,9,0.23355,0,9,1869.84,2262.51,0,0,0,0,0,0,0,0,0,842.19,002200005442,N,Factura de Venta
20170616,01005292,Adamant SRL,Paysandu 923 (entre Crisologo Larralde y Lucena),01514DC,Isolant SI,1500,7.5,1500,1500,11685,14138.85,0,0,0,0,0,0,0,0,0,3948.19,002200005445,N,Factura de Venta
20170616,01005292,Adamant SRL,Paysandu 923 (entre Crisologo Larralde y Lucena),01508BA,Isolant SI,12480,24.96,12480,0,42057.6,50889.7,0,0,0,0,0,0,0,0,0,0,002200005445,N,Factura de Venta
20170616,01005292,Adamant SRL,Paysandu 923 (entre Crisologo Larralde y Lucena),01500ASA,Isolant SI,3400,1.7,3400,0,5202,6294.42,0,0,0,0,0,0,0,0,0,1343.78,002200005445,N,Factura de Venta
20170616,01005292,Adamant SRL,Paysandu 923 (entre Crisologo Larralde y Lucena),01501A,Isolant SI,4800,2.4,4800,0,14448,17482.08,0,0,0,0,0,0,0,0,0,8393.92,002200005445,N,Factura de Venta
20170616,01005292,Adamant SRL,Paysandu 923 (entre Crisologo Larralde y Lucena),01508BA,Isolant SI,2640,5.28,2640,0,8896.8,10765.13,0,0,0,0,0,0,0,0,0,0,002200005445,N,Factura de Venta
20170616,19002241,Carlos Isla y Cia. SA,Suc. Neuquen: Teodoro Plan 5055,01555AR,Latyn-Valle y Cordillera,100,10,2000,100,19800,23958,0,0,0,0,0,0,0,0,0,2144.57,002200005469,N,Factura de Venta
20170616,19002241,Carlos Isla y Cia. SA,Suc. Neuquen: Teodoro Plan 5055,01557AR,Latyn-Valle y Cordillera,27,5.4,540,27,8235,9964.35,0,0,0,0,0,0,0,0,0,1156.21,002200005469,N,Factura de Venta
20170616,19002241,Carlos Isla y Cia. SA,Suc. Neuquen: Teodoro Plan 5055,01551A,Latyn-Valle y Cordillera,19,1.9,380,19,4729.48,5722.67,0,0,0,0,0,0,0,0,0,2718.35,002200005470,N,Factura de Venta
20170616,19002241,Carlos Isla y Cia. SA,Suc. Neuquen: Teodoro Plan 5055,01550A,Latyn-Valle y Cordillera,10,0.4,200,10,1264.6,1530.17,0,0,0,0,0,0,0,0,0,744.4,002200005470,N,Factura de Venta
20170616,19002241,Carlos Isla y Cia. SA,Suc. Gral Roca: San Juan 198,01555AR,Latyn-Valle y Cordillera,100,10,2000,100,19800,23958,0,0,0,0,0,0,0,0,0,2144.57,002200005471,N,Factura de Venta
20170616,07000012,Natali Plasticos SRL,Alvear 1475,01500AC,Isolant SA,3000,1.5,3000,0,9389.11,11360.83,0,3,0,32.5,0,0,0,0,0,2193.27,002200005456,N,Factura de Venta
20170616,19002241,Carlos Isla y Cia. SA,Suc. Neuquen: Teodoro Plan 5055,01557A,Latyn-Valle y Cordillera,100,20,2000,100,52010,62932.1,0,0,0,0,0,0,0,0,0,5652.76,002200005472,N,Factura de Venta
20170616,19002241,Carlos Isla y Cia. SA,Suc. Neuquen: Teodoro Plan 5055,01555M,Latyn-Valle y Cordillera,10,1.5,200,10,8220.9,9947.29,0,0,0,0,0,0,0,0,0,3720.73,002200005472,N,Factura de Venta
20170616,11004428,Prades Sociedad Anonima,Av. Monseñor Tavella Nº1937,01551A,Victor Casañas,10,1,200,10,3515.02,4253.17,0,3,0,21,12,0,0,0,0,1430.71,002200005466,N,Factura de Venta
20170616,11004428,Prades Sociedad Anonima,Av. Monseñor Tavella Nº1937,01555A,Victor Casañas,25,2.5,500,25,9913.53,11995.37,0,3,0,21,12,0,0,0,0,802.47,002200005466,N,Factura de Venta
20170616,11004428,Prades Sociedad Anonima,Av. Monseñor Tavella Nº1937,01557A,Victor Casañas,100,20,2000,100,60555.42,73272.05,0,3,0,21,12,0,0,0,0,5652.76,002200005466,N,Factura de Venta
20170616,30005659,Tripodi Jorge Enrique,Av. Falucho 1140,01960DA,Esteban Bergamaschi,10,0,0,10,26375.63,31914.51,0,0,0,25,0,0,0,0,0,6892.37,002200005465,N,Factura de Venta
20170616,07000012,Natali Plasticos SRL,Alvear 1475,01555EC,Isolant SA,160,16,3200,160,34049.33,41199.69,0,3,0,0,0,0,0,0,0,9313.2,002200005453,N,Factura de Venta
20170616,07000012,Natali Plasticos SRL,Alvear 1475,01555AK,Isolant SA,25,1.125,375,25,3405.43,4120.57,0,3,0,0,0,0,0,0,0,3016.49,002200005453,N,Factura de Venta
20170616,07000012,Natali Plasticos SRL,Alvear 1475,01557AK,Isolant SA,25,2.625,375,25,5238.24,6338.27,0,3,0,0,0,0,0,0,0,417.61,002200005453,N,Factura de Venta
20170616,11004428,Prades Sociedad Anonima,Av. Monseñor Tavella Nº1937,01557A,Victor Casañas,27,5.4,540,27,16349.96,19783.45,0,3,0,21,12,0,0,0,0,1526.25,002200005467,N,Factura de Venta
20170616,11004428,Prades Sociedad Anonima,Av. Monseñor Tavella Nº1937,01558BC,Victor Casañas,10,2,200,10,11001.92,13312.33,0,3,0,21,0,0,0,0,0,3546.36,002200005468,N,Factura de Venta
20170616,07000012,Natali Plasticos SRL,Alvear 1475,01554BC,Isolant SA,4,0.4,80,4,2819.51,3411.61,0,3,0,32.5,0,0,0,0,0,692.41,002200005452,N,Factura de Venta
20170616,24005520,Nocelli Ariel Jesus,Cerrityo 1114/1122,01557AR,Isolant SA,50,10,1000,50,15695.14,18991.12,0,3,0,32.5,12,0,0,0,0,2141.13,002200005459,N,Factura de Venta
20170616,24005520,Nocelli Ariel Jesus,Cerrityo 1114/1122,01555AR,Isolant SA,50,5,1000,50,10204.15,12347.02,0,3,0,32.5,12,0,0,0,0,1072.29,002200005460,N,Factura de Venta
20170616,24005520,Nocelli Ariel Jesus,Cerrityo 1114/1122,01555AR,Isolant SA,30,3,600,30,6122.49,7408.21,0,3,0,32.5,12,0,0,0,0,643.37,002200005461,N,Factura de Venta
20170616,27003324,Supermat S A,Av. Colon (s) 3380-Santiago del Estero,01557A,Pedro Cocaña,200,40,4000,200,114978.64,139124.15,0,3,0,25,12,0,0,0,0,11305.52,002200005462,N,Factura de Venta
20170616,30005659,Tripodi Jorge Enrique,Av. Falucho 1140,06C001CO,Esteban Bergamaschi,1,0,0,1,0.1,0.1,0,0,10,0,0,0,0,0,0,0,002200005463,S,Factura de Venta
20170616,03000023,Industrias Saladillo SA,IS.SA. Planta Pilar,01788B,Isolant SI,88,2.07328,0,88,7590.88,9184.96,0,0,0,0,0,0,0,0,0,3238.88,002200005441,N,Factura de Venta
20170616,07000012,Natali Plasticos SRL,Alvear 1475,01960DA,Isolant SA,6,0,0,6,13157.69,15920.8,0,3,0,32.5,0,0,0,0,0,4135.42,002200005454,N,Factura de Venta
20170616,07000012,Natali Plasticos SRL,Alvear 1475,01555AR,Isolant SA,50,5,1000,50,9081.63,10988.77,0,3,0,0,0,0,0,0,0,1072.29,002200005455,N,Factura de Venta
20170616,07000012,Natali Plasticos SRL,Alvear 1475,01558ES,Isolant SA,50,10,1000,50,15588.87,18862.53,0,3,0,0,0,0,0,0,0,4330.15,002200005455,N,Factura de Venta
20170616,07000012,Natali Plasticos SRL,Alvear 1475,01554BR,Isolant SA,5,0.6,100,5,5615.05,6794.21,0,3,0,32.5,12,0,0,0,0,1111.17,002200005455,N,Factura de Venta
20170616,07000012,Natali Plasticos SRL,Alvear 1475,01569BC,Isolant SA,3,0.9,60,3,3475.56,4205.43,0,3,0,32.5,0,0,0,0,0,2291.83,002200005457,N,Factura de Venta
20170616,01005292,Adamant SRL,Paysandu 923 (entre Crisologo Larralde y Lucena),01662ACP,Isolant SI,120,4.8,120,0,9549.96,11555.45,0,0,0,30,0,0,0,0,0,4414.44,002200005445,N,Factura de Venta
20170616,19002241,Carlos Isla y Cia. SA,Suc. Gral Roca: San Juan 198,01557A,Latyn-Valle y Cordillera,45,9,900,45,23404.5,28319.44,0,0,0,0,0,0,0,0,0,2543.74,002200005450,N,Factura de Venta
20170616,19002241,Carlos Isla y Cia. SA,Suc. Gral Roca: San Juan 198,01558BC,Latyn-Valle y Cordillera,100,20,2000,100,84746,102542.66,0,0,0,0,0,0,0,0,0,35463.64,002200005450,N,Factura de Venta
20170616,01004664,Construccion de Estructuras SRL,Sebastian Elcano 3461,01554BC,Ventas Buenos Aires,50,5,1000,50,29900,36179,0,0,0,0,0,0,0,0,0,8655.17,002200005451,N,Factura de Venta
20170616,03000023,Industrias Saladillo SA,IS.SA. Planta Pilar,01507AS,Isolant SI,1800,2.7,1800,0,15750,19057.5,0,0,0,0,0,0,0,0,0,2857.52,002200005449,N,Factura de Venta
20170616,02005673,Cancina Celia Jorgelina,Ituzaingo 1325,01510CC,Levy,750,2.25,750,750,8579.4,10381.07,0,0,0,21,0,0,0,0,0,787.92,002200005436,N,Factura de Venta
20170616,03000023,Industrias Saladillo SA,IS.SA. Planta Pilar,01525AHC,Isolant SI,1920,19.2,1920,1920,29779.2,36032.83,0,0,0,0,0,0,0,0,0,8281.93,002200005458,N,Factura de Venta
20170616,30005659,Tripodi Jorge Enrique,Av. Falucho 1140,01555AA,Esteban Bergamaschi,1000,5,1000,50,19404,23478.84,0,0,0,25,12,0,0,0,0,1604.93,002200005464,S,Factura de Venta
20170616,30005659,Tripodi Jorge Enrique,Av. Falucho 1140,01555C,Esteban Bergamaschi,6,0.6,120,6,0.6,0.72,0,0,0,0,0,0,0,0,0,192.59,002200005464,S,Factura de Venta
20170616,11004428,Prades Sociedad Anonima,Av. Monseñor Tavella Nº1937,01555C,Victor Casañas,3,0.3,60,3,0.29,0.35,0,3,0,0,0,0,0,0,0,96.3,002200005466,N,Factura de Venta
20170616,11004447,La Pastora SRL,,01555ECC,Victor Casañas,500,2.5,500,25,6159.78,7453.34,0,0,10,25,12,0,0,0,0,1455.19,001400000725,S,Factura de Venta
20170616,02004191,Tolifeda SA,Av. Calchaqui 2175,01555MC,Ventas Buenos Aires,400,3,400,20,22214.8,26879.9,0,0,0,21,0,0,0,0,0,7441.46,002200005438,S,Factura de Venta
20170616,02004191,Tolifeda SA,Av. Calchaqui 2175,01555MA,Ventas Buenos Aires,2,0.3,40,2,0.2,0.24,0,0,0,0,0,0,0,0,0,744.15,002200005438,S,Factura de Venta
20170616,02002610,Sucesion de Diaz Leonardo Jose,Avenida E. Santamarina 1038,01559AA,Hector Collia,500,5,500,25,17735.5,21459.96,0,0,0,21,0,0,0,0,0,1413.19,002200005437,S,Factura de Venta
20170616,02002610,Sucesion de Diaz Leonardo Jose,Avenida E. Santamarina 1038,01557C,Hector Collia,3,0.6,60,3,0.3,0.36,0,0,0,0,0,0,0,0,0,169.58,002200005437,S,Factura de Venta
20170616,27003324,Supermat S A,Av. Colon (s) 3380-Santiago del Estero,01557C,Pedro Cocaña,24,4.8,480,24,2.33,2.82,0,3,0,0,0,0,0,0,0,1356.66,002200005462,N,Factura de Venta
20170616,30005659,Tripodi Jorge Enrique,Av. Falucho 1140,01559AA,Esteban Bergamaschi,1000,10,1000,50,29634,35857.14,0,0,0,25,12,0,0,0,0,2826.38,002200005464,S,Factura de Venta
20170616,30005659,Tripodi Jorge Enrique,Av. Falucho 1140,01557C,Esteban Bergamaschi,6,1.2,120,6,0.6,0.72,0,0,0,0,0,0,0,0,0,339.17,002200005464,S,Factura de Venta
20170616,11004428,Prades Sociedad Anonima,Av. Monseñor Tavella Nº1937,01557C,Victor Casañas,24,4.8,480,24,2.33,2.82,0,3,0,0,0,0,0,0,0,1356.66,002200005467,N,Factura de Venta
20170616,11004428,Prades Sociedad Anonima,Av. Monseñor Tavella Nº1937,01557C,Victor Casañas,12,2.4,240,12,1.16,1.41,0,3,0,0,0,0,0,0,0,678.33,002200005466,N,Factura de Venta
20170616,30005659,Tripodi Jorge Enrique,Av. Falucho 1140,01558ALC,Esteban Bergamaschi,2000,20,2000,100,73204.56,88577.52,0,0,10,25,12,0,0,0,0,26101,002200005463,S,Factura de Venta
20170616,30005659,Tripodi Jorge Enrique,Av. Falucho 1140,01558ECC,Esteban Bergamaschi,2000,20,2000,100,47686.32,57700.44,0,0,10,25,12,0,0,0,0,31335.82,002200005463,S,Factura de Venta
20170616,11004447,La Pastora SRL,,01558ESC,Victor Casañas,500,5,500,25,9028.8,10924.84,0,0,10,25,12,0,0,0,0,2165.08,001400000725,S,Factura de Venta
20170616,03000023,Industrias Saladillo SA,IS.SA. Planta Pilar,01776BB,Isolant SI,12,0.88216128,0,12,5823.84,7046.85,0,0,0,0,0,0,0,0,0,1133.16,002200005444,N,Factura de Venta
20170616,03000023,Industrias Saladillo SA,IS.SA. Planta Pilar,01776BA,Isolant SI,118,3.3363792,0,118,21332.04,25811.77,0,0,0,0,0,0,0,0,0,4916.49,002200005440,N,Factura de Venta
20170616,01000165,Macroplast SA,,04C00898,Isolant SA,1,0,0,1,1.99,1.99,0,0,0,0,0,0,0,0,0,,000000010895,,Débito (Ajustes)
20170616,03000023,Industrias Saladillo SA,IS.SA. Planta Pilar,01778BB,Isolant SI,14,0.7916832,0,14,4815.72,5827.02,0,0,0,0,0,0,0,0,0,2628.06,002200005447,N,Factura de Venta
20170616,10004089,Plastisur SRL,Hipolito Yrigoyen 5135,01790A,Norberto Oppezzo,4,0.15833664,0,4,2657.37,3215.42,0,0,0,21,0,0,0,0,0,95.82,002200005439,N,Factura de Venta
20170616,03000023,Industrias Saladillo SA,IS.SA. Planta Pilar,01776B,Isolant SI,31,0.8765064,0,31,3673.81,4445.31,0,0,0,0,0,0,0,0,0,858.44,002200005441,N,Factura de Venta
20170616,03000023,Industrias Saladillo SA,IS.SA. Planta Pilar,01778BB,Isolant SI,53,2.9970864,0,53,18230.94,22059.44,0,0,0,0,0,0,0,0,0,9949.07,002200005443,N,Factura de Venta
20170616,03000023,Industrias Saladillo SA,IS.SA. Planta Pilar,01776BA,Isolant SI,144,4.0715136,0,144,26032.32,31499.11,0,0,0,0,0,0,0,0,0,5999.79,002200005446,N,Factura de Venta
20170616,03000023,Industrias Saladillo SA,IS.SA. Planta Pilar,01778BB,Isolant SI,15,0.848232,0,15,5159.7,6243.24,0,0,0,0,0,0,0,0,0,2815.77,002200005448,N,Factura de Venta
20170616,01005292,Adamant SRL,,04C00898,Isolant SI,1,0,0,1,0.68,0.68,0,0,0,0,0,0,0,0,0,,000000010896,,Débito (Ajustes)
20170616,03000440,Aquatic SRL,,04C00898,Esteban Bergamaschi,1,0,0,1,0.06,0.06,0,0,0,0,0,0,0,0,0,,000000010897,,Débito (Ajustes)