﻿FechaTxt,Codigo_Cliente,Cliente,EntDir,Codigo_Articulo,Vendedor,cantidad,Mts3,Mts2,Rollos,Importe_Bruto,Importe_Neto,Dto_Contado,Dto_Flete,Dto_Especial,Bonificacion,Desc_Adicional,cantidad_elaborada,m2_ocupados,costo_unitario,costo_total_stock,Costo_de_venta,comp
20170519,27001542,Rosso Hnos. de Alvaro S. Rosso y Raul E. Rosso,Suc. 09- Ruta 301 (ex38) Km 1541,01559AA,Pedro Cocaña,600,6,600,30,17246.98,20868.86,0,3,0,25,12,0,0,0,0,0,002200004811
20170519,27001542,Rosso Hnos. de Alvaro S. Rosso y Raul E. Rosso,Suc. 09- Ruta 301 (ex38) Km 1541,01557C,Pedro Cocaña,3,0.6,60,3,0.3,0.36,0,3,0,0,0,0,0,0,0,0,002200004811
20170519,24005795,Foam Plus SRL,Domingo Victor Cochet 496,01659TC,Diego Fani,480,14.4,480,0,22274.3,26951.9,0,3,0,0,0,0,0,0,0,0,002200004812
20170519,27003324,Supermat S A,Av. Alte. Brown 1350,01557A,Pedro Cocaña,-25,-5,-500,-25,-14372.33,-17390.52,0,3,0,25,12,0,0,0,0,0,001400007755
20170519,27003324,Supermat S A,Av. Alte. Brown 1350,01557C,Pedro Cocaña,-18,-3.6,-360,-18,-1.75,-2.11,0,3,0,0,0,0,0,0,0,0,001400007755
20170519,27003324,Supermat S A,Av. Alte. Brown 1350,01557A,Pedro Cocaña,-50,-10,-1000,-50,-28744.66,-34781.04,0,3,0,25,12,0,0,0,0,0,001400007755
20170519,27003324,Supermat S A,Av. Alte. Brown 1350,01557C,Pedro Cocaña,-12,-2.4,-240,-12,-1.16,-1.41,0,3,0,0,0,0,0,0,0,0,001400007755
20170519,03003751,Indupoles Argentina SA,Parque Ind. Campana - Km70 de Panamericana - Lote 12,01501IL,Isolant SI,1200,0.6,1200,0,2256,2729.76,0,0,0,0,0,0,0,0,0,0,002200004799
20170519,03003751,Indupoles Argentina SA,Parque Ind. Campana - Km70 de Panamericana - Lote 12,01501IE,Isolant SI,2000,1,2000,0,3760,4549.6,0,0,0,0,0,0,0,0,0,0,002200004799
20170519,03003751,Indupoles Argentina SA,Parque Ind. Campana - Km70 de Panamericana - Lote 12,01501IB,Isolant SI,1200,0.6,1200,0,2256,2729.76,0,0,0,0,0,0,0,0,0,0,002200004799
20170519,03003751,Indupoles Argentina SA,Parque Ind. Campana - Km70 de Panamericana - Lote 12,01501IR,Isolant SI,3300,1.65,3300,0,6204,7506.84,0,0,0,0,0,0,0,0,0,0,002200004799
20170519,01002325,Centro Sec SRL,Av. Cordoba 5625,01557ARC,Hector Collia,600,6,600,30,10787.04,13052.32,0,0,0,25,12,0,0,0,0,0,002200004800
20170519,01002325,Centro Sec SRL,Av. Cordoba 5625,01555ARC,Hector Collia,1000,5,1000,50,11695.2,14151.2,0,0,0,25,12,0,0,0,0,0,002200004800
20170519,01002325,Centro Sec SRL,Av. Cordoba 5625,01551IC,Hector Collia,1000,5,1000,50,8474.4,10254.02,0,0,0,25,12,0,0,0,0,0,002200004800
20170519,01004664,Construccion de Estructuras SRL,Sebastian Elcano 3461,01554BC,Ventas Buenos Aires,15,1.5,300,15,8970,10853.7,0,0,0,0,0,0,0,0,0,0,002200004801
20170519,01004664,Construccion de Estructuras SRL,Sebastian Elcano 3461,01558BC,Ventas Buenos Aires,35,7,700,35,26705,32313.05,0,0,0,0,0,0,0,0,0,0,002200004801
20170519,01004400,Sider Group SA,,04C00898,Ventas Buenos Aires,1,0,0,1,1.14,1.14,0,0,0,0,0,0,0,0,0,0,000000010824
20170519,01004664,Construccion de Estructuras SRL,Sebastian Elcano 3461,01554BC,Ventas Buenos Aires,15,1.5,300,15,8970,10853.7,0,0,0,0,0,0,0,0,0,0,002200004803
20170519,01004664,Construccion de Estructuras SRL,Sebastian Elcano 3461,01558BC,Ventas Buenos Aires,15,3,300,15,11445,13848.45,0,0,0,0,0,0,0,0,0,0,002200004803
20170519,24005052,Cinter SRL,,04ANTICIPOS,Diego Fani,1,0,0,1,27048,32728.08,0,0,0,0,0,0,0,0,0,0,001400000698
20170519,06001901,Bernardi SRL,Prado 663,01569BC,Pedro Cocaña,36,10.8,720,36,39456,47741.76,0,0,0,0,0,0,0,0,0,0,002200004809
20170519,06001901,Bernardi SRL,Prado 663,01960DA,Pedro Cocaña,4,0,0,4,2262.4,2737.5,0,0,0,0,0,0,0,0,0,0,002200004809
20170519,06001901,Bernardi SRL,Prado 663,01558BC,Pedro Cocaña,4,0.8,80,4,3556.24,4303.05,0,0,0,0,0,0,0,0,0,0,002200004809
20170519,31003546,Riorca SRL,Av. 122 Nº 474 entre 41 y 42,01555AA,Ventas Buenos Aires,9000,45,9000,450,183949.92,222579.4,0,0,0,21,12,0,0,0,0,0,002200004783
20170519,31003546,Riorca SRL,Av. 122 Nº 474 entre 41 y 42,01555C,Ventas Buenos Aires,150,15,3000,150,15,18.14,0,0,0,0,0,0,0,0,0,0,002200004783
20170519,16005311,Manrique Margarita Rosa,Buenos Aires 555,01524GC,Leandro Diaz,125,1.25,125,0,3976.66,4811.76,0,0,0,21,0,0,0,0,0,0,002200004784
20170519,16005311,Manrique Margarita Rosa,Buenos Aires 555,01654DC,Leandro Diaz,20,0.4,20,0,2223.06,2689.9,0,0,0,21,0,0,0,0,0,0,002200004784
20170519,04005688,Longarte Gabriel Martin,Garay 2551,01658D,Fernando Palmas,250,7.5,250,0,24922.5,30156.22,0,0,0,50,0,0,0,0,0,0,002200004785
20170519,04005688,Longarte Gabriel Martin,Garay 2551,01654D,Fernando Palmas,250,5,250,0,17075,20660.76,0,0,0,50,0,0,0,0,0,0,002200004785
20170519,04005688,Longarte Gabriel Martin,Garay 2551,01555MC,Fernando Palmas,20,0.15,20,1,1077.56,1303.84,0,0,0,21,0,0,0,0,0,0,002200004785
20170519,04005688,Longarte Gabriel Martin,Garay 2551,01555MC,Fernando Palmas,40,0.3,40,2,2155.12,2607.7,0,0,0,21,0,0,0,0,0,0,002200004786
20170519,01003118,Caputo Marcelo Claudio,Acevedo 65,01650AC,Luis Ramirez,125,1.25,125,0,5694,6889.74,0,0,0,40,0,0,0,0,0,0,002200004791
20170519,01003118,Caputo Marcelo Claudio,Acevedo 65,01551I,Luis Ramirez,20,2,400,20,4057.44,4909.5,0,0,0,21,0,0,0,0,0,0,002200004791
20170519,01003118,Caputo Marcelo Claudio,Acevedo 65,01658ACP,Luis Ramirez,60,1.8,60,0,7393.32,8945.92,0,0,0,40,0,0,0,0,0,0,002200004791
20170519,01001649,Triber SA,Sucursal : Av.Juan B. Justo 1300,01603AC,Luis Ramirez,25,1.25,625,25,6559.7,7937.24,0,0,0,30,0,0,0,0,0,0,002200004793
20170519,24002089,AD Interiores De Puccinelli Daniel y Helu Alicia,9 De Julio 2829,01603B,Meier,10,0.5,250,10,2237.75,2707.68,0,0,0,21,0,0,0,0,0,0,002200004789
20170519,24002089,AD Interiores De Puccinelli Daniel y Helu Alicia,9 De Julio 2829,01555A,Meier,10,1,200,10,4645.52,5621.07,0,0,0,21,0,0,0,0,0,0,002200004789
20170519,02004723,Garcia Matias Emanuel,Gral. Acha 1229,01524GC,Hector Collia,100,1,100,0,3181.33,3849.41,0,0,0,21,0,0,0,0,0,0,002200004794
20170519,02004723,Garcia Matias Emanuel,Gral. Acha 1229,01654DC,Hector Collia,30,0.6,30,0,3334.59,4034.85,0,0,0,21,0,0,0,0,0,0,002200004794
20170519,02004723,Garcia Matias Emanuel,Gral. Acha 1229,01662ACP,Hector Collia,30,1.2,30,0,6405.16,7750.25,0,0,0,21,0,0,0,0,0,0,002200004794
20170519,02001697,Sealed Air Argentina SA,Deposito Katya: Primera Junta 695,01524DC,Isolant SI,500,5,500,0,9160,11083.6,0,0,0,0,0,0,0,0,0,0,002200004796
20170519,22004417,Tekno Construcciones SRL,Av. 25 de Mayo Nº470,01905A,Leandro Diaz,3,0.21354,0,3,2096.57,2536.85,0,0,0,21,0,0,0,0,0,0,002200004802
20170519,22004417,Tekno Construcciones SRL,Av. 25 de Mayo Nº470,01558ES,Leandro Diaz,12,2.4,240,12,5533.29,6695.28,0,0,0,21,4,0,0,0,0,0,002200004802
20170519,22004417,Tekno Construcciones SRL,Av. 25 de Mayo Nº470,01555EC,Leandro Diaz,6,0.6,120,6,1888.42,2284.98,0,0,0,21,4,0,0,0,0,0,002200004802
20170519,22004417,Tekno Construcciones SRL,Av. 25 de Mayo Nº470,01558EC,Leandro Diaz,6,1.2,120,6,3653.97,4421.31,0,0,0,21,4,0,0,0,0,0,002200004802
20170519,22004417,Tekno Construcciones SRL,Av. 25 de Mayo Nº470,01654ON,Leandro Diaz,10,1.68,0,10,4823.42,5836.34,0,0,0,21,4,0,0,0,0,0,002200004802
20170519,16002240,Diaz Jorge Vidal,Av. Mazza Norte 3433,01571EC,Leandro Diaz,45,18,900,45,38970,47153.7,0,0,0,0,0,0,0,0,0,0,002200004805
20170519,24005052,Cinter SRL,,04ANTICIPOS,Diego Fani,1,0,0,1,125722.8,152124.59,0,0,0,0,0,0,0,0,0,0,001400000699
20170519,24005795,Foam Plus SRL,Domingo Victor Cochet 496,01659TC,Diego Fani,228,6.84,228,0,12108.52,14651.3,0,3,0,0,0,0,0,0,0,0,002200004806
20170519,24005795,Foam Plus SRL,Domingo Victor Cochet 496,01659TC,Diego Fani,494,14.82,494,0,22923.98,27738,0,3,0,0,0,0,0,0,0,0,002200004807
20170519,06001901,Bernardi SRL,Prado 663,01555AR,Pedro Cocaña,150,15,3000,150,36000,43560,0,0,0,0,0,0,0,0,0,0,002200004808
20170519,06001901,Bernardi SRL,Prado 663,01557AR,Pedro Cocaña,70,14,1400,70,25900,31339,0,0,0,0,0,0,0,0,0,0,002200004808
20170519,27003647,Ahmad Claudio Dante,San Miguel 275,01650DC,Pedro Cocaña,125,1.25,125,0,7272.19,8799.35,0,3,0,21,0,0,0,0,0,0,002200004810
20170519,27003647,Ahmad Claudio Dante,San Miguel 275,01658DC,Pedro Cocaña,30,0.9,30,0,4721.25,5712.71,0,3,0,21,0,0,0,0,0,0,002200004810
20170519,24002856,Alonso Eduardo Oscar,Tucuman 1304,01654D,Victor Casañas,180,3.6,180,0,18441,22313.61,0,0,0,25,0,0,0,0,0,0,002200004787
20170519,24002856,Alonso Eduardo Oscar,Tucuman 1304,01524G,Victor Casañas,50,0.5,50,0,1510.13,1827.25,0,0,0,25,0,0,0,0,0,0,002200004787
20170519,04004334,Fapex SA,Rio Potrero 175 (Esq. Rio de Rey) Barrio CinaCina,02024B,Isolant SI,36000,0,36000,0,104400,126324,0,0,0,0,0,0,0,0,0,0,002200004804
20170519,07003740,"Metalica, Construcciones y Montajes S.A.",Cochabamba 2340,01555AA,Meier,500,2.5,500,25,11025,13340.26,0,0,0,25,0,0,0,0,0,0,002200004788
20170519,07003740,"Metalica, Construcciones y Montajes S.A.",Cochabamba 2340,01555C,Meier,6,0.6,120,6,0.6,0.72,0,0,0,0,0,0,0,0,0,0,002200004788
20170519,04001831,APF Laminacion Plastica SA,Monseñor Marcón 3976 (Ex pichincha),01514DAD,Hector Collia,750,3.75,750,0,11415,13812.15,0,0,0,0,0,0,0,0,0,0,002200004790
20170519,04002644,Materiales Nuciari S R L,Acceso Oeste Km 44500 y puente Gorriti,01557AK,Hector Collia,20,2.1,300,20,6455.88,7811.61,0,0,0,21,0,0,0,0,0,0,002200004792
20170519,02001697,Sealed Air Argentina SA,Deposito Katya: Primera Junta 695,01524DC,Isolant SI,50,0.5,50,0,916,1108.36,0,0,0,0,0,0,0,0,0,0,002200004795
20170519,02002202,Simmons De Argentina SAIC,Heredia 626,01907A,Isolant SI,40,7.54,0,40,30914.8,37406.91,0,0,0,0,0,0,0,0,0,0,002200004797
20170519,03000741,Maderera Newton Sociedad Anonima,Acceso Norte 3085 (ramal Campana) y Haití- Frente la Ford,01557A,Esteban Bergamaschi,100,20,2000,100,59267.34,71713.48,0,0,0,25,12,0,0,0,0,0,002200004798
20170519,03000741,Maderera Newton Sociedad Anonima,Acceso Norte 3085 (ramal Campana) y Haití- Frente la Ford,01557C,Esteban Bergamaschi,24,4.8,480,24,2.4,2.9,0,0,0,0,0,0,0,0,0,0,002200004798
20170519,03000741,Maderera Newton Sociedad Anonima,Acceso Norte 3085 (ramal Campana) y Haití- Frente la Ford,01555M,Esteban Bergamaschi,10,1.5,200,10,9274.98,11222.73,0,0,0,25,12,0,0,0,0,0,002200004798
20170519,27003324,Supermat S A,"El Amigo - Sebastian Cuenca esq Lopez y Planes,Oran",01557A,Pedro Cocaña,50,10,1000,50,28744.66,34781.04,0,3,0,25,12,0,0,0,0,0,001400000696
20170519,27003324,Supermat S A,"El Amigo - Sebastian Cuenca esq Lopez y Planes,Oran",01557C,Pedro Cocaña,12,2.4,240,12,1.16,1.41,0,3,0,0,0,0,0,0,0,0,001400000696
20170519,27003324,Supermat S A,Av. Alte. Brown 1350-Jujuy,01557A,Pedro Cocaña,25,5,500,25,14372.33,17390.52,0,3,0,25,12,0,0,0,0,0,001400000697
20170519,27003324,Supermat S A,Av. Alte. Brown 1350-Jujuy,01557C,Pedro Cocaña,18,3.6,360,18,1.75,2.11,0,3,0,0,0,0,0,0,0,0,001400000697

