﻿FechaTxt,Codigo_Cliente,Cliente,EntDir,Codigo_Articulo,Vendedor,cantidad,Mts3,Mts2,Rollos,Importe_Bruto,Importe_Neto,Dto_Contado,Dto_Flete,Dto_Especial,Bonificacion,Desc_Adicional,cantidad_elaborada,m2_ocupados,costo_unitario,costo_total_stock,Costo_de_venta,comp,C_Construccion,nomdoc
20170630,27002655,Miguel Perez Y Leopoldo Raul Sancho,Mitre 321,01524DC,Pedro Cocaña,300,3,300,0,7248.6,8770.81,0,0,0,40,0,0,0,0,0,2137.08,002200005718,N,Factura de Venta
20170630,27002655,Miguel Perez Y Leopoldo Raul Sancho,Mitre 321,01652AC,Pedro Cocaña,80,1.2,80,0,5163.36,6247.67,0,0,0,40,0,0,0,0,0,2612.4,002200005718,N,Factura de Venta
20170630,30000891,Jose Luis Gonzalez SA,Coronel Zuarez 460/64,01960DA,Esteban Bergamaschi,10,0,0,10,27782.33,33616.61,0,0,0,21,0,0,0,0,0,8282.01,002200005719,N,Factura de Venta
20170630,30000891,Jose Luis Gonzalez SA,Coronel Zuarez 460/64,06C001CO,Esteban Bergamaschi,1,0,0,1,0.1,0.12,0,0,0,0,0,0,0,0,0,0,002200005720,N,Factura de Venta
20170630,30000891,Jose Luis Gonzalez SA,Coronel Zuarez 460/64,01550A,Esteban Bergamaschi,20,0.8,400,20,4221.29,5107.76,0,0,0,21,0,0,0,0,0,1626.03,002200005720,N,Factura de Venta
20170630,11003246,Gillig J. Sommerfeld A. Sommerfeld H. Sommerfeld O. SH,Jorge Newbery S/N,01960DA,Natali Plasticos (Vta Directa),4,0,0,4,11112.96,13446.68,0,0,0,21,0,0,0,0,0,3312.8,002200005721,S,Factura de Venta
20170630,16005856,San Martin Goma de Lauriente Hnos SRL,Buenos Aires 274,01555AR,Leandro Diaz,2,0.2,40,2,531.3,642.87,0,0,0,25,0,0,0,0,0,98.39,002200005744,N,Factura de Venta
20170630,16005856,San Martin Goma de Lauriente Hnos SRL,Buenos Aires 274,01557AR,Leandro Diaz,2,0.4,40,2,817.2,988.81,0,0,0,25,0,0,0,0,0,119.53,002200005744,N,Factura de Venta
20170630,16005856,San Martin Goma de Lauriente Hnos SRL,Buenos Aires 274,01555ED,Leandro Diaz,2,0.2,40,2,928.5,1123.48,0,0,0,25,0,0,0,0,0,645.94,002200005744,N,Factura de Venta
20170630,16005856,San Martin Goma de Lauriente Hnos SRL,Buenos Aires 274,01558EC,Leandro Diaz,2,0.4,40,2,1204.5,1457.44,0,0,0,25,0,0,0,0,0,754.46,002200005744,N,Factura de Venta
20170630,16005856,San Martin Goma de Lauriente Hnos SRL,Buenos Aires 274,01524HC,Leandro Diaz,50,0.5,50,0,1409.45,1705.43,0,0,0,30,0,0,0,0,0,81.62,002200005744,N,Factura de Venta
20170630,27001542,Rosso Hnos. de Alvaro S. Rosso y Raul E. Rosso,Suc.05 - 25 DE MAYO 69,01555A,Pedro Cocaña,40,4,800,40,15058.53,18220.82,0,3,0,25,12,0,0,0,0,1793.32,002200005754,N,Factura de Venta
20170630,16003379,Dry Wall SA,Ituzaingo 2240,01558EC,Leandro Diaz,20,4,400,20,12179.9,14737.68,0,0,0,21,4,0,0,0,0,7544.58,002200005742,N,Factura de Venta
20170630,16003379,Dry Wall SA,Ituzaingo 2240,01558ES,Leandro Diaz,25,5,500,25,11527.68,13948.49,0,0,0,21,4,0,0,0,0,2424.65,002200005742,N,Factura de Venta
20170630,16003379,Dry Wall SA,Ituzaingo 2240,01603B,Leandro Diaz,5,0.25,125,5,1074.12,1299.69,0,0,0,21,4,0,0,0,0,346.77,002200005742,N,Factura de Venta
20170630,20003188,Emprendimiento Metalurgico Industrial SRL,ROCA - Av. Roca 324,01555M,Pedro Cocaña,55,8.25,1100,55,44984.1,54430.76,0,3,9.09,25,12,0,0,0,0,26799.97,002200005749,N,Factura de Venta
20170630,16005856,San Martin Goma de Lauriente Hnos SRL,Buenos Aires 274,01551I,Leandro Diaz,10,1,200,10,1926,2330.46,0,0,0,25,0,0,0,0,0,645.5,002200005744,N,Factura de Venta
20170630,20003188,Emprendimiento Metalurgico Industrial SRL,ROCA - Av. Roca 324,01557A,Pedro Cocaña,75,15,1500,75,38503.47,46589.2,0,3,10.7,25,12,0,0,0,0,5434.01,002200005751,N,Factura de Venta
20170630,27001542,Rosso Hnos. de Alvaro S. Rosso y Raul E. Rosso,Suc. 09- Ruta 301 (ex38) Km 1541,01557A,Pedro Cocaña,25,5,500,25,14372.33,17390.52,0,3,0,25,12,0,0,0,0,1811.34,002200005752,N,Factura de Venta
20170630,27001542,Rosso Hnos. de Alvaro S. Rosso y Raul E. Rosso,Suc.07 - A. DEL VALLE 44,01555A,Pedro Cocaña,15,1.5,300,15,5646.95,6832.81,0,3,0,25,12,0,0,0,0,672.5,002200005753,N,Factura de Venta
20170630,27001542,Rosso Hnos. de Alvaro S. Rosso y Raul E. Rosso,Suc.07 - A. DEL VALLE 44,01557A,Pedro Cocaña,32,6.4,640,32,18396.58,22259.86,0,3,0,25,12,0,0,0,0,2318.51,002200005753,N,Factura de Venta
20170630,27004790,Luciano Pablo Nestor,Camino del Peru 2150 (esq. Pje Roca),01557AR,Pedro Cocaña,150,30,3000,150,39899.01,48277.8,0,3,0,0,0,0,0,0,0,8965.12,002200005755,N,Factura de Venta
20170630,22003435,Sidermet San Luis SA,Ruta 3 Km 1 Extremo Sur,01557A,Leandro Diaz,150,30,3000,150,93642.4,113307.3,0,0,0,21,12,0,0,0,0,10868.02,002200005743,N,Factura de Venta
20170630,07000012,Natali Plasticos SRL,Alvear 1475,01555EC,Isolant SA,40,4,800,40,8512.33,10299.92,0,3,0,0,0,0,0,0,0,2685.39,002200005747,N,Factura de Venta
20170630,07000012,Natali Plasticos SRL,Alvear 1475,01603B,Isolant SA,30,1.5,750,30,5563.93,6732.36,0,3,0,32.5,0,0,0,0,0,2080.62,002200005748,N,Factura de Venta
20170630,07000012,Natali Plasticos SRL,Alvear 1475,01555AR,Isolant SA,65,6.5,1300,65,11806.11,14285.4,0,3,0,0,0,0,0,0,0,3197.81,002200005748,N,Factura de Venta
20170630,07000012,Natali Plasticos SRL,Alvear 1475,01555EC,Isolant SA,50,5,1000,50,10640.41,12874.9,0,3,0,0,0,0,0,0,0,3356.74,002200005748,N,Factura de Venta
20170630,20003188,Emprendimiento Metalurgico Industrial SRL,ROCA - Av. Roca 324,06C001CO,Pedro Cocaña,1,0,0,1,0.1,0.12,0,3,0,0,0,0,0,0,0,0,002200005750,N,Factura de Venta
20170630,20003188,Emprendimiento Metalurgico Industrial SRL,ROCA - Av. Roca 324,01557AR,Pedro Cocaña,115,23,2300,115,29449.2,35633.53,0,3,0,0,0,0,0,0,0,6873.26,002200005750,N,Factura de Venta
20170630,16002149,Samaco SA,Remedio de San Martin 2197,01551A,Leandro Diaz,10,1,200,10,4117.88,4982.63,0,0,0,21,0,0,0,0,0,1430.71,002200005740,N,Factura de Venta
20170630,16002149,Samaco SA,Remedio de San Martin 2197,01557A,Leandro Diaz,5,1,100,5,3547.06,4291.94,0,0,0,21,0,0,0,0,0,362.27,002200005740,N,Factura de Venta
20170630,07000012,Natali Plasticos SRL,Alvear 1475,01557A,Isolant SA,50,10,1000,50,25870.19,31302.93,0,3,0,32.5,12,0,0,0,0,3622.67,002200005745,N,Factura de Venta
20170630,07000012,Natali Plasticos SRL,Alvear 1475,01555M,Isolant SA,20,3,400,20,13765,16655.65,0,3,15,32.5,12,0,0,0,0,9745.45,002200005746,N,Factura de Venta
20170630,07000012,Natali Plasticos SRL,Alvear 1475,01558ES,Isolant SA,50,10,1000,50,15588.87,18862.53,0,3,0,0,0,0,0,0,0,4849.31,002200005747,N,Factura de Venta
20170630,07000012,Natali Plasticos SRL,Alvear 1475,01555AR,Isolant SA,50,5,1000,50,9081.63,10988.77,0,3,0,0,0,0,0,0,0,2459.85,002200005747,N,Factura de Venta
20170630,08000963,El Rodeo SRL,Av. Lavalle 948,01550A,Victor Casañas,20,0.8,400,20,4221.29,5107.76,0,0,0,21,0,0,0,0,0,1626.03,002200005737,N,Factura de Venta
20170630,08000963,El Rodeo SRL,Av. Lavalle 948,01750A,Victor Casañas,3,0,0,3,1982.1,2398.34,0,0,0,21,0,0,0,0,0,0,002200005737,N,Factura de Venta
20170630,11004447,La Pastora SRL,San Martin Nº2480,01555EC,Victor Casañas,-25,-2.5,-500,-25,-6162.75,-7456.93,0,0,10,25,12,0,0,0,0,1678.37,001400007899,N,Crédito de Venta
20170630,11004447,La Pastora SRL,San Martin Nº2480,01558ES,Victor Casañas,-25,-5,-500,-25,-9028.8,-10924.85,0,0,10,25,12,0,0,0,0,2424.65,001400007899,N,Crédito de Venta
20170630,04004334,Fapex SA,Rio Potrero 175 (Esq. Rio de Rey) Barrio CinaCina,01524AF,Isolant SI,4876,48.76,4876,0,45151.76,54633.63,0,0,0,0,0,0,0,0,0,34033.44,002200005738,N,Factura de Venta
20170630,16002149,Samaco SA,Remedio de San Martin 2197,01555M,Leandro Diaz,5,0.75,100,5,5550.94,6716.63,0,0,0,21,0,0,0,0,0,2436.36,002200005739,N,Factura de Venta
20170630,03000023,Industrias Saladillo SA,IS.SA. Planta Pilar,01782BA,Isolant SI,8,0.248,0,8,1058.32,1280.57,0,0,0,0,0,0,0,0,0,561.67,002200005730,N,Factura de Venta
20170630,31003228,Giliberto Hnos. SA,,04C01296,Ventas Buenos Aires,1,0,0,1,1000,1000,0,0,0,0,0,0,0,0,0,0,001300001586,,Débito de Venta
20170630,04001187,Muresco SA,Lavarden 485,01700A,Ventas Buenos Aires,25,3,0,25,14886.9,18013.15,0,0,0,30,0,0,0,0,0,5643.86,002200005735,N,Factura de Venta
20170630,24003494,Insumos y Masivos SRL,Cochabamba 455,01510D,Victor Casañas,480,1.44,480,480,5212.8,6307.49,0,0,0,25,0,0,0,0,0,2010.05,002200005736,N,Factura de Venta
20170630,08000963,El Rodeo SRL,Av. Lavalle 948,01554BC,Victor Casañas,5,0.5,100,5,4252.41,5145.42,0,0,0,21,0,0,0,0,0,1471.98,002200005737,N,Factura de Venta
20170630,08000963,El Rodeo SRL,Av. Lavalle 948,01554BR,Victor Casañas,5,0.6,100,5,7698.79,9315.53,0,0,0,21,0,0,0,0,0,1991.65,002200005737,N,Factura de Venta
20170630,30004285,A P Argentina SA,Camusso 366,01515BE,Fernando Palmas,1575,7.875,1575,0,22932,27747.72,0,0,0,0,0,0,0,0,0,16936.45,002200005734,N,Factura de Venta
20170630,30004285,A P Argentina SA,Camusso 366,01510CC,Fernando Palmas,450,1.35,450,450,2592,3136.32,0,0,0,0,0,0,0,0,0,472.75,002200005734,N,Factura de Venta
20170630,01005058,Galea S.R.L,Limite del Municipio 4515,01524GC,Diego Fani,4075,40.75,4075,0,85330.5,103249.9,0,0,0,0,0,0,0,0,0,32487.62,002200005732,N,Factura de Venta
20170630,31003228,Giliberto Hnos. SA,,04C01296,Ventas Buenos Aires,1,0,0,1,1000,1000,0,0,0,0,0,0,0,0,0,0,001300001585,,Débito de Venta
20170630,31003228,Giliberto Hnos. SA,,04C01296,Ventas Buenos Aires,-1,0,0,-1,-1000,-1000,0,0,0,0,0,0,0,0,0,0,001400007900,,Crédito de Venta
20170630,03000023,Industrias Saladillo SA,IS.SA. Planta Pilar,01780BA,Isolant SI,116,3.0102,0,116,24100.16,29161.19,0,0,0,0,0,0,0,0,0,10854.91,002200005728,N,Factura de Venta
20170630,29001927,Damioli Franca Amabile,Av. 520 nº 1681 e/11 Y 12,01960DA,NN (Ex MDT),-3,0,0,-3,-7385.17,-8936.06,0,0,0,30,0,0,0,0,0,2484.6,001400007903,N,Crédito de Venta
20170630,17004414,Klauk Victor Lindolfo,,04C00291,Pedro Cocaña,1,0,0,1,10000,10000,0,0,0,0,0,0,0,0,0,0,001300001587,,Débito de Venta
20170630,03000023,Industrias Saladillo SA,IS.SA. Planta Pilar,01780BA,Isolant SI,72,1.8684,0,72,14958.72,18100.05,0,0,0,0,0,0,0,0,0,6737.53,002200005729,N,Factura de Venta
20170630,03000023,Industrias Saladillo SA,IS.SA. Planta Pilar,01782BA,Isolant SI,30,0.93,0,30,3968.7,4802.13,0,0,0,0,0,0,0,0,0,2106.28,002200005729,N,Factura de Venta
20170630,01004065,Balbin 3001 SRL,"Km 52, J.E. Uriburu 1232 (Ex Ruta 8)",01960DA,Levy,8,0,0,8,22225.86,26893.29,0,0,0,21,0,0,0,0,0,6625.61,002200005725,N,Factura de Venta
20170630,30004285,A P Argentina SA,Camusso 366,01515B,Fernando Palmas,500,2.5,500,0,7010,8482.1,0,0,0,0,0,0,0,0,0,2326.78,002200005734,N,Factura de Venta
20170630,28000201,CASARINO S.R.L.,"Eusebio Ayala 4165 Km 4,5",01554BR,Fernando Palmas,20,2.4,400,20,19875.06,19875.06,0,0,0,0,0,0,0,0,0,7966.59,001500000662,,Factura Exterior
20170630,28000201,CASARINO S.R.L.,"Eusebio Ayala 4165 Km 4,5",01655ON,Fernando Palmas,2,0.336,0,2,956.48,956.48,0,0,0,0,0,0,0,0,0,820.8,001500000662,,Factura Exterior
20170630,28000201,CASARINO S.R.L.,"Eusebio Ayala 4165 Km 4,5",01558BR,Fernando Palmas,10,2,200,10,11670.63,11670.63,0,0,0,0,0,0,0,0,0,3772.47,001500000662,,Factura Exterior
20170630,28000201,CASARINO S.R.L.,"Eusebio Ayala 4165 Km 4,5",01957C,Fernando Palmas,10,0,0,10,22481.25,22481.25,0,0,0,0,0,0,0,0,0,0,001500000662,,Factura Exterior
20170630,27001902,Josefa M. de Rodriguez SA,,01960DA,Pedro Cocaña,4,0,0,4,10583.76,12806.35,0,0,0,21,0,0,0,0,0,3312.8,001400000745,N,Factura de Venta
20170630,11002933,La Agricola Regional Cooperativa Limitada,Moreno 1404,01551I,Natali Plasticos (Vta Directa),-50,-5,-1000,-50,-8837.1,-10692.9,0,0,1,21,12,0,0,0,0,3227.48,001400007902,N,Crédito de Venta
20170630,16003263,Hormi Suelo Ingenieria Socieda,Godoy Cruz 617,01900A,Leandro Diaz,7,0.5278,0,7,17263.04,20888.28,0,0,0,30,0,0,0,0,0,4263.26,002200005722,N,Factura de Venta
20170630,16003263,Hormi Suelo Ingenieria Socieda,Godoy Cruz 617,01901A,Leandro Diaz,2,0.15708,0,2,3612.69,4371.35,0,0,0,30,0,0,0,0,0,1339.15,002200005722,N,Factura de Venta
20170630,16003263,Hormi Suelo Ingenieria Socieda,Godoy Cruz 617,01903A,Leandro Diaz,2,0.15198,0,2,2363.26,2859.54,0,0,0,30,0,0,0,0,0,619.54,002200005722,N,Factura de Venta
20170630,04002052,Disapla SA (Cipo),Estado de Israel 85,01555AK,Isolant SA,100,4.5,1500,100,15779.61,19093.33,0,0,0,32.5,12,0,0,0,0,12065.94,002200005723,N,Factura de Venta
20170630,04004334,Fapex SA,Rio Potrero 175 (Esq. Rio de Rey) Barrio CinaCina,01555ARF,Isolant SI,434,43.4,8680,434,69266.4,83812.34,0,0,0,0,0,0,0,0,0,13070.7,002200005724,N,Factura de Venta
20170630,24002752,Rusma SRL,,04C01296,Diego Fani,1,0,0,1,2401.72,2401.72,0,0,0,0,0,0,0,0,0,0,001300001584,,Débito de Venta
20170630,27001542,Rosso Hnos. de Alvaro S. Rosso y Raul E. Rosso,Suc.07 - A. DEL VALLE 44,01555C,Pedro Cocaña,3,0.3,60,3,0.29,0.35,0,3,0,0,0,0,0,0,0,134.5,002200005753,N,Factura de Venta
20170630,27001542,Rosso Hnos. de Alvaro S. Rosso y Raul E. Rosso,Suc.05 - 25 DE MAYO 69,01555C,Pedro Cocaña,3,0.3,60,3,0.29,0.35,0,3,0,0,0,0,0,0,0,134.5,002200005754,N,Factura de Venta
20170630,07000012,Natali Plasticos SRL,Alvear 1475,01555MA,Isolant SA,2,0.3,40,2,0.16,0.2,0,3,15,0,0,0,0,0,0,974.54,002200005746,N,Factura de Venta
20170630,04001988,Valentini Eduardo Hector,Bme. Mitre 1460,01559AA,Hector Collia,1000,10,1000,50,34052.16,41203.12,0,0,0,21,4,0,0,0,0,3622.67,002200005731,S,Factura de Venta
20170630,04001988,Valentini Eduardo Hector,Bme. Mitre 1460,01557C,Hector Collia,6,1.2,120,6,0.6,0.72,0,0,0,0,0,0,0,0,0,434.72,002200005731,S,Factura de Venta
20170630,07000012,Natali Plasticos SRL,Alvear 1475,01557C,Isolant SA,20,4,400,20,1.94,2.35,0,3,0,0,0,0,0,0,0,1449.07,002200005745,N,Factura de Venta
20170630,27001542,Rosso Hnos. de Alvaro S. Rosso y Raul E. Rosso,Suc. 09- Ruta 301 (ex38) Km 1541,01557C,Pedro Cocaña,3,0.6,60,3,0.29,0.35,0,3,0,0,0,0,0,0,0,217.36,002200005752,N,Factura de Venta
20170630,27001542,Rosso Hnos. de Alvaro S. Rosso y Raul E. Rosso,Suc.07 - A. DEL VALLE 44,01557C,Pedro Cocaña,6,1.2,120,6,0.58,0.7,0,3,0,0,0,0,0,0,0,434.72,002200005753,N,Factura de Venta
20170630,22003435,Sidermet San Luis SA,Ruta 3 Km 1 Extremo Sur,01557C,Leandro Diaz,18,3.6,360,18,1.8,2.18,0,0,0,0,0,0,0,0,0,1304.16,002200005743,N,Factura de Venta
20170630,04001988,Valentini Eduardo Hector,Bme. Mitre 1460,01557AKC,Hector Collia,1125,7.875,1125,75,24209.54,29293.56,0,0,0,21,0,0,0,0,0,2340.99,002200005731,S,Factura de Venta
20170630,24002752,Rusma SRL,Av. Eva Perón 8730,01557ARC,Diego Fani,500,5,500,25,8989.2,10876.94,0,0,0,25,12,0,0,0,0,1494.19,002200005733,S,Factura de Venta
20170630,24005795,Foam Plus SRL,Domingo Victor Cochet 496,01568BC,Diego Fani,920,9.2,920,46,22419.76,27127.92,0,3,0,30,0,0,0,0,0,19910.07,002200005726,S,Factura de Venta
20170630,16004720,Calderon Sociedad Anonima,Espejo Oeste 1000,01654ONC,Leandro Diaz,9,0.126,9,0.75,3777.84,4571.18,0,0,0,25,12,0,0,0,0,251.66,002200005741,S,Factura de Venta
20170630,31003228,Giliberto Hnos. SA,,04C00898,Ventas Buenos Aires,1,0,0,1,4.27,4.27,0,0,0,0,0,0,0,0,0,,000000010933,,Débito (Ajustes)
20170630,03000023,Industrias Saladillo SA,IS.SA. Planta Pilar,01776B,Isolant SI,-1,-0.0282744,0,-1,-118.51,-143.4,0,0,0,0,0,0,0,0,0,46.41,001400007904,N,Crédito de Venta
20170630,17004414,Klauk Victor Lindolfo,,04C00205,Pedro Cocaña,1,0,0,1,12,14.52,0,0,0,0,0,0,0,0,0,,001300001587,,Débito de Venta
20170630,03000023,Industrias Saladillo SA,IS.SA. Planta Pilar,01781B,Isolant SI,18,0.7056,0,18,1873.08,2266.43,0,0,0,0,0,0,0,0,0,994.44,002200005727,N,Factura de Venta
20170630,01005292,Adamant SRL,,04C00898,Isolant SI,1,0,0,1,0.11,0.11,0,0,0,0,0,0,0,0,0,,000000010934,,Débito (Ajustes)
20170630,03000023,Industrias Saladillo SA,,01776BA,Isolant SI,-6,-0.1696464,0,-6,-1084.68,-1312.46,0,0,0,0,0,0,0,0,0,582.09,001400007901,N,Crédito de Venta
20170630,30004679,Landoni Eduardo Antonio,,04C00898,Esteban Bergamaschi,1,0,0,1,0.64,0.64,0,0,0,0,0,0,0,0,0,,000000010937,,Débito (Ajustes)
20170630,01004400,Sider Group SA,,04C00898,Ventas Buenos Aires,1,0,0,1,0.04,0.04,0,0,0,0,0,0,0,0,0,,000000010935,,Débito (Ajustes)
20170630,02004191,Tolifeda SA,,04C00898,Ventas Buenos Aires,1,0,0,1,1.83,1.83,0,0,0,0,0,0,0,0,0,,000000010936,,Débito (Ajustes)
20170630,01005903,Georgopulos Jorge Luis,Camargo 10,04ANTICIPOS,Levy,1,0,0,1,5824.05,7047.1,0,0,0,0,0,0,0,0,0,,001400000746,N,Factura de Venta
20170630,07000012,Natali Plasticos SRL,,01IN,Isolant SA,-1,0,0,-1,-10186.17,-12325.27,0,0,0,0,0,0,0,0,0,,001300000207,N,Crédito de Venta
20170630,30004679,Landoni Eduardo Antonio,,01IN,Esteban Bergamaschi,-1,0,0,-1,-349.74,-423.19,0,0,0,0,0,0,0,0,0,,001300000205,,Crédito de Venta
20170630,30004679,Landoni Eduardo Antonio,,01IN,Esteban Bergamaschi,-1,0,0,-1,-349.74,-423.19,0,0,0,0,0,0,0,0,0,,001300000206,,Crédito de Venta

