﻿FechaTxt,Codigo_Cliente,Cliente,EntDir,Codigo_Articulo,Vendedor,cantidad,Mts3,Mts2,Rollos,Importe_Bruto,Importe_Neto,Dto_Contado,Dto_Flete,Dto_Especial,Bonificacion,Desc_Adicional,cantidad_elaborada,m2_ocupados,costo_unitario,costo_total_stock,Costo_de_venta
20161219,01005292,Adamant SRL,Paysandu 923 (entre Crisologo Larralde y Lucena),01514D,Isolant SI,1950,9.75,1950,1950,14605.5,17672.65,0,0,0,0,0,0,0,0,0,0
20161219,01005292,Adamant SRL,Paysandu 923 (entre Crisologo Larralde y Lucena),01666ACP,Isolant SI,100,5,100,0,13557,16403.97,0,0,0,0,0,0,0,0,0,0
20161219,24002527,Bianco Araceli Guadalupe,Gral. Lopez 2345 y Lujan,01555AA,Meier,5280,26.4,5280,264,99445.78,120329.4,0,3,5,21,12,0,0,0,0,0
20161219,24002527,Bianco Araceli Guadalupe,Gral. Lopez 2345 y Lujan,01555C,Meier,66,6.6,1320,66,6.08,7.36,0,3,5,0,0,0,0,0,0,0
20161219,24002527,Bianco Araceli Guadalupe,Gral. Lopez 2345 y Lujan,01559AA,Meier,1200,12,1200,60,34516.98,41765.54,0,3,5,21,12,0,0,0,0,0
20161219,24002527,Bianco Araceli Guadalupe,Gral. Lopez 2345 y Lujan,01557C,Meier,15,3,300,15,1.38,1.68,0,3,5,0,0,0,0,0,0,0
20161219,24004158,La Goma Argentina SRL,Rivadavia 3100,01514DB,Meier,300,1.5,300,300,5913.15,7154.91,0,0,0,21,0,0,0,0,0,0
20161219,03005796,Bardon Gisela,Lisandro de la Torre 596,01558ES,Levy,10,2,200,10,5337.87,6458.83,0,0,0,21,0,0,0,0,0,0
20161219,24005510,Bricco Damian Jose,Victor Cochet 496,01568CBM,Luis Longo,1520,15.2,1520,76,88046.74,106536.56,0,3,0,30,0,0,0,0,0,0
20161219,24005510,Bricco Damian Jose,Victor Cochet 496,01552IC,Luis Longo,200,2,200,10,982.8,1189.19,0,0,0,30,0,0,0,0,0,0
20161219,24005510,Bricco Damian Jose,Victor Cochet 496,01568BC,Luis Longo,40,0.4,40,2,469,567.49,0,0,0,30,0,0,0,0,0,0
20161219,01004026,Osito Azul Sociedad Anonima,Martin Rodriguez 1433,01950F,Isolant SI,230,52.57766052,0,230,113436,137257.56,0,0,0,0,0,0,0,0,0,0
20161219,02002202,Simmons De Argentina SAIC,Heredia 626,01907A,Isolant SI,30,5.655,0,30,21879.3,26473.95,0,0,0,0,0,0,0,0,0,0
20161219,02002202,Simmons De Argentina SAIC,Heredia 626,01514D,Isolant SI,150,0.75,150,150,1711.5,2070.91,0,0,0,0,0,0,0,0,0,0
20161219,02002202,Simmons De Argentina SAIC,Heredia 626,01514D,Isolant SI,350,1.75,350,350,3993.5,4832.14,0,0,0,0,0,0,0,0,0,0
20161219,02002202,Simmons De Argentina SAIC,Heredia 626,01524D,Isolant SI,75,0.75,75,0,1994.25,2413.04,0,0,0,0,0,0,0,0,0,0
20161219,03004281,Majara SRL,Av. Avellaneda 3112/14,01514DE,Hector Collia,125,0.625,125,125,2183.13,2641.58,0,0,0,30,0,0,0,0,0,0
20161219,03004281,Majara SRL,Av. Avellaneda 3112/14,01524GC,Hector Collia,125,1.25,125,0,3523.63,4263.59,0,0,0,30,0,0,0,0,0,0
20161219,01001679,Gil Celso Ricardo,Juan Agustin Garcia 1130,01658DC,Hector Collia,10,0.3,10,0,874.5,1058.14,0,0,0,0,0,0,0,0,0,0
20161219,01001679,Gil Celso Ricardo,Juan Agustin Garcia 1130,01654DC,Hector Collia,30,0.6,30,0,1655.4,2003.03,0,0,0,0,0,0,0,0,0,0
20161219,01001679,Gil Celso Ricardo,Juan Agustin Garcia 1130,01650DC,Hector Collia,75,0.75,75,0,2223.75,2690.74,0,0,0,0,0,0,0,0,0,0
20161219,01001679,Gil Celso Ricardo,Juan Agustin Garcia 1130,01514PC,Hector Collia,25,0.125,25,0,351,424.71,0,0,0,0,0,0,0,0,0,0
20161219,03002148,Policemento SRL,Calle Rutherford 4709,01905A,Esteban Bergamaschi,10,0.7118,0,10,7961.67,9633.62,0,0,0,10,0,0,0,0,0,0
20161219,01003118,Caputo Marcelo Claudio,Acevedo 65,01551I,Luis Ramirez,30,3,600,30,6854.51,8293.96,0,0,0,21,0,0,0,0,0,0
20161219,01003118,Caputo Marcelo Claudio,Acevedo 65,01658ACP,Luis Ramirez,30,0.9,30,0,3589.02,4342.71,0,0,0,40,0,0,0,0,0,0
20161219,07001819,Falabella Nelson Esteban,Av. Japon 120,01569BC,Meier,7,2.1,140,7,9499.82,11494.78,0,0,0,21,0,0,0,0,0,0
20161219,01004664,Construccion de Estructuras SRL,Sebastian Elcano 3461,01558BC,Ventas Buenos Aires,50,10,1000,50,52941.46,64059.16,0,0,0,21,0,0,0,0,0,0
20161219,16005311,Manrique Margarita Rosa,Buenos Aires 555,01524GC,Leandro Diaz,375,3.75,375,0,11929.99,14435.28,0,0,0,21,0,0,0,0,0,0
20161219,29004247,Grupo Empresario SRL,Ruta Panamericana Ramal Pilar Km 65- Mano a Pilar,01957AB,Levy,1,0,0,1,0.1,0.12,0,0,0,0,0,0,0,0,0,0
20161219,29004247,Grupo Empresario SRL,Ruta Panamericana Ramal Pilar Km 65- Mano a Pilar,01555M,Levy,5,0.75,100,5,5389.26,6521.01,0,0,0,21,0,0,0,0,0,0
20161219,29004247,Grupo Empresario SRL,Ruta Panamericana Ramal Pilar Km 65- Mano a Pilar,01557A,Levy,5,1,100,5,3547.06,4291.94,0,0,0,21,0,0,0,0,0,0
20161219,29004247,Grupo Empresario SRL,Ruta Panamericana Ramal Pilar Km 65- Mano a Pilar,01558AL,Levy,1,0.2,40,1,973.84,1178.35,0,0,0,21,0,0,0,0,0,0
20161219,07003929,Daniel Hernandez e hijos SRL,Ruta A005 y Castelli 0,01557A,Meier,50,10,1000,50,34051.78,41202.65,0,0,0,21,4,0,0,0,0,0
20161219,07003929,Daniel Hernandez e hijos SRL,Ruta A005 y Castelli 0,01557C,Meier,12,2.4,240,12,1.2,1.45,0,0,0,0,0,0,0,0,0,0
20161219,24002684,Centro De Chapas Rosario SA,Bv. Oroño 4190,04VARIOS-NORMAL,Diego Fani,-1,0,0,-1,-3008.08,-3639.78,0,0,0,0,0,0,0,0,0,0
20161219,04005689,Polifoam SRL,Alte. Brown 3985,01651G,Isolant SI,300,3,300,0,11913,14414.73,0,0,0,45,0,0,0,0,0,0
20161219,07003550,Clark Ignacio Arturo,Octavio Pinto 3121,01900A,Meier,2,0.1508,0,2,5060.41,6123.09,0,0,0,21,0,0,0,0,0,0
20161219,07003550,Clark Ignacio Arturo,Octavio Pinto 3121,01901A,Meier,3,0.23562,0,3,5559.78,6727.34,0,0,0,21,0,0,0,0,0,0
20161219,07003550,Clark Ignacio Arturo,Octavio Pinto 3121,01903A,Meier,2,0.15198,0,2,2424.64,2933.81,0,0,0,21,0,0,0,0,0,0
20161219,07003550,Clark Ignacio Arturo,Octavio Pinto 3121,01904A,Meier,2,0.12566,0,2,1486.91,1799.16,0,0,0,21,0,0,0,0,0,0
20161219,07003550,Clark Ignacio Arturo,Octavio Pinto 3121,01905A,Meier,1,0.07118,0,1,698.86,845.62,0,0,0,21,0,0,0,0,0,0
20161219,07003550,Clark Ignacio Arturo,Octavio Pinto 3121,01906A,Meier,1,0.07775,0,1,719.65,870.78,0,0,0,21,0,0,0,0,0,0
20161219,26005690,Rojas Alfredo Feliciano,Magallanes 1113,01764C,Guillermo Ghiretti,2,0.13194,0,2,2067.6,2067.6,0,0,0,0,0,0,0,0,0,0
20161219,26005690,Rojas Alfredo Feliciano,Magallanes 1113,01765C,Guillermo Ghiretti,3,0.17643,0,3,2745.39,2745.39,0,0,0,0,0,0,0,0,0,0
20161219,26005690,Rojas Alfredo Feliciano,Magallanes 1113,01767C,Guillermo Ghiretti,1,0.05316,0,1,778.88,778.88,0,0,0,0,0,0,0,0,0,0
20161219,24002684,Centro De Chapas Rosario SA,Bv. Oroño 4190,04VARIOS-NORMAL,Diego Fani,-1,0,0,-1,-2429.24,-2939.38,0,0,0,0,0,0,0,0,0,0
20161219,07003811,Centro Poliester SRL,Bulnes 2170,04VARIOS,Meier,-1,0,0,-1,-1563.2,-1891.48,0,0,0,0,0,0,0,0,0,0
20161219,01005803,Semadis SRL,,04ANTICIPOS,Ventas Buenos Aires,-1,0,0,-1,-91254.24,-110417.64,0,0,0,0,0,0,0,0,0,0
20161219,24003402,Tecno Part S.A.,Bv. Segui 1357,01764C,Victor Casañas,-1,-0.06597,0,-1,-1950.58,-2360.2,0,0,0,21,0,0,0,0,0,0
20161219,04005689,Polifoam SRL,Alte. Brown 3985,01666DAP,Isolant SI,210,10.5,210,0,36645.84,44341.46,0,0,0,45,0,0,0,0,0,0
20161219,04005689,Polifoam SRL,Alte. Brown 3985,01514DE,Isolant SI,300,1.5,300,300,3684,4457.64,0,0,0,0,0,0,0,0,0,0
20161219,04005689,Polifoam SRL,Alte. Brown 3985,01524DC,Isolant SI,600,6,600,0,14136,17104.56,0,0,0,0,0,0,0,0,0,0
20161219,04005689,Polifoam SRL,Alte. Brown 3985,01510AC,Isolant SI,800,2.4,800,800,5760,6969.6,0,0,0,0,0,0,0,0,0,0
20161219,24005795,Foam Plus SRL,Domingo Victor Cochet 496,01659TC,Diego Fani,-494,-14.82,-494,0,-34649.5,-41925.9,0,3,0,30,0,0,0,0,0,0
20161219,24003545,Tenis Daniel Hugo,Av. Belgrano 1176,01555AA,Luis Longo,-300,-1.5,-300,-15,-6967.8,-8431.04,0,0,0,21,0,0,0,0,0,0
20161219,01000452,Caffaro Hnos Sociedad de Responsabilidad Limitada,Pavon 2632,01950B,Isolant SI,55,12.573,0,55,54252,65644.92,0,0,0,0,0,0,0,0,0,0
20161219,24002156,Tinglados Maciel SRL,,01555A,Diego Fani,17,1.7,340,17,6254.72,7568.21,0,0,10,21,12,0,0,0,0,0
20161219,24005795,Foam Plus SRL,Domingo Victor Cochet 496,01659TC,Diego Fani,-540,-16.2,-540,0,-37875.98,-45829.94,0,3,0,30,0,0,0,0,0,0
20161219,24005795,Foam Plus SRL,Domingo Victor Cochet 496,01570BR,Diego Fani,-1980,-29.7,-1980,-99,-55282.56,-66891.88,0,3,0,30,0,0,0,0,0,0
20161219,24005795,Foam Plus SRL,Domingo Victor Cochet 496,01570BR,Diego Fani,-388.5,-5.8275,-388.5,-19.425,-10894.58,-13182.46,0,3,0,30,0,0,0,0,0,0
20161219,24003402,Tecno Part S.A.,,01764C,Victor Casañas,1,0.06597,0,1,975.28,1180.1,0,0,0,21,0,0,0,0,0,0
20161219,28003914,TECNOPOR S.A.,,04C00624,Isolant SI,1,0,0,1,51.65,51.65,0,0,0,0,0,0,0,0,0,0
20161219,01004026,Osito Azul Sociedad Anonima,Pavon 2632,01950F,Isolant SI,25,5.7149631,0,25,12330,14919.3,0,0,0,0,0,0,0,0,0,0
20161219,24002785,Rivestimento SRL,,04C00898,Diego Fani,1,0,0,1,99.96,99.96,0,0,0,0,0,0,0,0,0,0
20161219,02005702,Caps Ram,,04ANTICIPOS,Levy,-1,0,0,-1,-73815.01,-89316.16,0,0,0,0,0,0,0,0,0,0
20161219,10002100,Los Andes SCPA,,04C00898,Guillermo Ghiretti,1,0,0,1,5.17,5.17,0,0,0,0,0,0,0,0,0,0
20161219,24005795,Foam Plus SRL,,01570BR,Diego Fani,2368.5,35.5275,2368.5,118.425,66419.14,80367.16,0,3,0,30,0,0,0,0,0,0
20161219,24005795,Foam Plus SRL,,01659TC,Diego Fani,1034,31.02,1034,0,45214.34,54709.34,0,3,0,0,0,0,0,0,0,0

