﻿FechaTxt,Codigo_Cliente,Cliente,EntDir,Codigo_Articulo,Vendedor,cantidad,Mts3,Mts2,Rollos,Importe_Bruto,Importe_Neto,Dto_Contado,Dto_Flete,Dto_Especial,Bonificacion,Desc_Adicional,cantidad_elaborada,m2_ocupados,costo_unitario,costo_total_stock,Costo_de_venta,comp
20170515,07005686,Fuace SA,,04C00898,Meier,1,0,0,1,1.76,1.76,0,0,0,0,0,0,0,0,0,0,000000010812
20170515,03004075,Comercial CMP SA,Ruta Panamericana Km. 39.5 Nº1166,01555A,Hector Collia,30,3,600,30,11643.19,14088.26,0,0,0,25,12,0,0,0,0,0,002200004693
20170515,03004075,Comercial CMP SA,Ruta Panamericana Km. 39.5 Nº1166,01555C,Hector Collia,3,0.3,60,3,0.3,0.36,0,0,0,0,0,0,0,0,0,0,002200004693
20170515,29003156,J Nardelli y Cia SRL,Moreno 1180 y Pte Peron,01557ARC,Hector Collia,600,6,600,30,11362.34,13748.44,0,0,0,21,12,0,0,0,0,0,002200004694
20170515,29003156,J Nardelli y Cia SRL,Moreno 1180 y Pte Peron,01555AA,Hector Collia,500,2.5,500,25,10219.44,12365.52,0,0,0,21,12,0,0,0,0,0,002200004694
20170515,29003156,J Nardelli y Cia SRL,Moreno 1180 y Pte Peron,01555C,Hector Collia,6,0.6,120,6,0.6,0.72,0,0,0,0,0,0,0,0,0,0,002200004694
20170515,29003156,J Nardelli y Cia SRL,Moreno 1180 y Pte Peron,01960DA,Hector Collia,8,0,0,8,21167.44,25612.62,0,0,0,21,0,0,0,0,0,0,002200004694
20170515,29003156,J Nardelli y Cia SRL,Moreno 1180 y Pte Peron,01550IC,Hector Collia,400,0.8,400,20,2098.24,2538.88,0,0,0,21,0,0,0,0,0,0,002200004694
20170515,03005083,Pilkington Automotive Argentina S.A.,Fray Cayetano Rodriguez 2431 esq. Ambrosetti,01764A,Levy,1,0.0518364,0,1,557.79,674.93,0,0,0,0,0,0,0,0,0,0,002200004695
20170515,31003010,Lago Sociedad Anonima,Gorriti 48,01603AC,NN (Ex MDT),100,5,2500,100,23090.14,27939.07,0,0,0,30,12,0,0,0,0,0,002200004698
20170515,24005520,Nocelli Ariel Jesus,Cerrityo 1114/1122,01558ES,Isolant SA,20,4,400,20,7006.35,8477.68,0,3,0,32.5,12,0,0,0,0,0,002200004699
20170515,03005083,Pilkington Automotive Argentina S.A.,Fray Cayetano Rodriguez 2431 esq. Ambrosetti,01761A,Levy,1,0.06503,0,1,709.62,858.64,0,0,0,0,0,0,0,0,0,0,002200004696
20170515,21005576,Alessi Martin Esteban SRL en formacion,Salta 732 Norte,01957A,Leandro Diaz,1,0,0,1,0.1,0.12,0,0,0,0,0,0,0,0,0,0,002200004704
20170515,21005576,Alessi Martin Esteban SRL en formacion,Salta 732 Norte,01568BC,Leandro Diaz,200,2,200,10,11341.24,13722.9,0,0,0,21,0,0,0,0,0,0,002200004704
20170515,21005576,Alessi Martin Esteban SRL en formacion,Salta 732 Norte,01603BD,Leandro Diaz,500,1,500,20,4471.4,5410.4,0,0,0,21,0,0,0,0,0,0,002200004704
20170515,21005576,Alessi Martin Esteban SRL en formacion,Salta 732 Norte,01524HC,Leandro Diaz,125,1.25,125,0,3977.66,4812.96,0,0,0,21,0,0,0,0,0,0,002200004704
20170515,21005576,Alessi Martin Esteban SRL en formacion,Salta 732 Norte,01772AB,Leandro Diaz,4,0.75776,0,4,6586.52,7969.68,0,0,0,21,0,0,0,0,0,0,002200004704
20170515,21005576,Alessi Martin Esteban SRL en formacion,Salta 732 Norte,01772AC,Leandro Diaz,4,0.75776,0,4,6586.52,7969.68,0,0,0,21,0,0,0,0,0,0,002200004704
20170515,21005576,Alessi Martin Esteban SRL en formacion,Salta 732 Norte,01772AD,Leandro Diaz,4,0.75776,0,4,6586.52,7969.68,0,0,0,21,0,0,0,0,0,0,002200004704
20170515,24002195,Prado Hector Roque,Prbo. Daniel Segundo 931,01555MC,Diego Fani,2400,18,2400,120,109128.1,132045,0,2,0,25,12,0,0,0,0,0,002200004700
20170515,24002195,Prado Hector Roque,Prbo. Daniel Segundo 931,01555MA,Diego Fani,12,1.8,240,12,1.18,1.42,0,2,0,0,0,0,0,0,0,0,002200004700
20170515,24002195,Prado Hector Roque,Prbo. Daniel Segundo 931,01558ESC,Diego Fani,2000,20,2000,100,39325.44,47583.78,0,2,0,25,12,0,0,0,0,0,002200004700
20170515,24005870,Orlandi Industrial y Comercial SA,Ovideo Lagos 3992,01558BR,Diego Fani,30,6,600,30,38898,47066.58,0,0,0,25,0,0,0,0,0,0,002200004701
20170515,19002241,Carlos Isla y Cia. SA,Tucuman 225,01555AR,Latyn-Valle y Cordillera,15,1.5,300,15,2970,3593.7,0,0,0,0,0,0,0,0,0,0,002200004705
20170515,19002241,Carlos Isla y Cia. SA,Tucuman 225,01555A,Latyn-Valle y Cordillera,195,19.5,3900,195,66415.05,80362.21,0,0,0,0,0,0,0,0,0,0,002200004705
20170515,22004291,El Refugio Azul SRL,Av Centenario y Ruta Nac 147,01558ECC,Leandro Diaz,1700,17,1700,85,49595.38,60010.4,0,0,0,21,8,0,0,0,0,0,002200004706
20170515,22003435,Sidermet San Luis SA,Ruta 3 Km 1 Extremo Sur,01557A,Leandro Diaz,40,8,800,40,26106.37,31588.7,0,0,0,21,8,0,0,0,0,0,002200004707
20170515,22003435,Sidermet San Luis SA,Ruta 3 Km 1 Extremo Sur,01557C,Leandro Diaz,24,4.8,480,24,2.4,2.9,0,0,0,0,0,0,0,0,0,0,002200004707
20170515,22003435,Sidermet San Luis SA,Ruta 3 Km 1 Extremo Sur,01557A,Leandro Diaz,50,10,1000,50,31214.13,37769.1,0,0,0,21,12,0,0,0,0,0,002200004708
20170515,22003435,Sidermet San Luis SA,Ruta 3 Km 1 Extremo Sur,01557C,Leandro Diaz,12,2.4,240,12,1.2,1.45,0,0,0,0,0,0,0,0,0,0,002200004708
20170515,22003435,Sidermet San Luis SA,Ruta 3 Km 1 Extremo Sur,01558BC,Leandro Diaz,25,5,500,25,28355.47,34310.12,0,0,0,21,0,0,0,0,0,0,002200004709
20170515,02000844,Revestimientos America SRL,Hipolito Yrigoyen 6235,01603B,Hector Collia,20,1,500,20,3965.64,4798.42,0,0,0,30,0,0,0,0,0,0,002200004689
20170515,02000844,Revestimientos America SRL,Hipolito Yrigoyen 6235,01700A,Hector Collia,2,0.24,0,2,1190.95,1441.05,0,0,0,30,0,0,0,0,0,0,002200004689
20170515,02003841,Ricardo Ospital SA,Av. Hipolito Irigoyen 13536,01957A,Ventas Buenos Aires,1,0,0,1,0.1,0.12,0,0,0,0,0,0,0,0,0,0,002200004690
20170515,02003841,Ricardo Ospital SA,Av. Hipolito Irigoyen 13536,01765C,Ventas Buenos Aires,3,0.17643,0,3,2745.38,3321.92,0,0,0,21,0,0,0,0,0,0,002200004690
20170515,02003841,Ricardo Ospital SA,Av. Hipolito Irigoyen 13536,01603B,Ventas Buenos Aires,20,1,500,20,4475.51,5415.36,0,0,0,21,0,0,0,0,0,0,002200004690
20170515,02003841,Ricardo Ospital SA,Av. Hipolito Irigoyen 13536,01763C,Ventas Buenos Aires,4,0.24128,0,4,3669.96,4440.65,0,0,0,21,0,0,0,0,0,0,002200004690
20170515,04005689,Polifoam SRL,Alte. Brown 3985,01771D,Isolant SI,1500,2.88,1500,0,11280,13648.8,0,0,0,0,0,0,0,0,0,0,002200004697
20170515,04005689,Polifoam SRL,Alte. Brown 3985,01765A,Isolant SI,12,0.558,0,12,2211.72,2676.18,0,0,0,0,0,0,0,0,0,0,002200004697
20170515,04005401,Interlicchia Felix Salvador,,04C00898,Esteban Bergamaschi,1,0,0,1,1.91,1.91,0,0,0,0,0,0,0,0,0,0,000000010813
20170515,04004334,Fapex SA,Rio Potrero 175 (Esq. Rio de Rey) Barrio CinaCina,01557ARF,Isolant SI,300,60,6000,300,78240,94670.4,0,0,0,0,0,0,0,0,0,0,002200004702
20170515,23003696,FG SA,Buchardo 285,01603A,Norberto Oppezzo,30,1.5,750,30,4557.89,5515.05,0,3,0,21,12,0,0,0,0,0,002200004703
20170515,23003696,FG SA,Buchardo 285,01550I,Norberto Oppezzo,120,4.8,2400,120,10762.53,13022.66,0,3,0,21,12,0,0,0,0,0,002200004703
20170515,23003696,FG SA,Buchardo 285,01552A,Norberto Oppezzo,13,2.6,260,13,7635.25,9238.65,0,3,0,21,12,0,0,0,0,0,002200004703
20170515,04004334,Fapex SA,Rio Potrero 175 (Esq. Rio de Rey) Barrio CinaCina,01557ARF,Isolant SI,310,62,6200,310,80848,97826.08,0,0,0,0,0,0,0,0,0,0,002200004688
20170515,05003822,Tapitel SA,Warnes 2674,01654AC,Ventas Buenos Aires,20,0.4,20,0,2158.28,2611.52,0,0,0,21,0,0,0,0,0,0,002200004691
20170515,05003822,Tapitel SA,Warnes 2674,01654DC,Ventas Buenos Aires,20,0.4,20,0,2158.28,2611.52,0,0,0,21,0,0,0,0,0,0,002200004691
20170515,05003822,Tapitel SA,Warnes 2674,01650AC,Ventas Buenos Aires,50,0.5,50,0,2911.55,3522.97,0,0,0,21,0,0,0,0,0,0,002200004691
20170515,05003822,Tapitel SA,Warnes 2674,01650DC,Ventas Buenos Aires,50,0.5,50,0,2911.55,3522.97,0,0,0,21,0,0,0,0,0,0,002200004691
20170515,02002202,Simmons De Argentina SAIC,Heredia 626,01907A,Isolant SI,7,1.3195,0,7,5410.09,6546.21,0,0,0,0,0,0,0,0,0,0,002200004692
20170515,02002202,Simmons De Argentina SAIC,Heredia 626,01907A,Isolant SI,40,7.54,0,40,30914.8,37406.91,0,0,0,0,0,0,0,0,0,0,002200004692

