﻿FechaTxt,Codigo_Cliente,Cliente,EntDir,Codigo_Articulo,Vendedor,cantidad,Mts3,Mts2,Rollos,Importe_Bruto,Importe_Neto,Dto_Contado,Dto_Flete,Dto_Especial,Bonificacion,Desc_Adicional,cantidad_elaborada,m2_ocupados,costo_unitario,costo_total_stock,Costo_de_venta
20161103,04000007,Disapla S.A.,,04C00291,Isolant SA,-1,0,0,-1,-16044.64,-16044.64,0,0,0,0,0,0,0,0,0,0
20161103,04000007,Disapla S.A.,,04C00291,Isolant SA,-1,0,0,-1,-10000,-10000,0,0,0,0,0,0,0,0,0,0
20161103,04002052,Disapla SA (Cipo),,04C00291,Isolant SA,1,0,0,1,10000,10000,0,0,0,0,0,0,0,0,0,0
20161103,03003751,Indupoles Argentina SA,Parque Ind. Campana - Km70 de Panamericana - Lote 12,01500D,Isolant SI,24000,12,24000,0,34080,41236.8,0,0,0,0,0,0,0,0,0,0
20161103,03003751,Indupoles Argentina SA,Parque Ind. Campana - Km70 de Panamericana - Lote 12,01912A,Isolant SI,7,2.52,0,7,8273.65,10011.12,0,0,0,0,0,0,0,0,0,0
20161103,03003751,Indupoles Argentina SA,Parque Ind. Campana - Km70 de Panamericana - Lote 12,01500D,Isolant SI,42000,21,42000,0,59640,72164.4,0,0,0,0,0,0,0,0,0,0
20161103,01003923,Novoespuma SRL,Cespedes 291 (entre L.M. Campos y Arevalos),01666ACP,Hector Collia,100,5,100,0,21501.2,26016.45,0,0,0,30,0,0,0,0,0,0
20161103,31000391,Ciccimarra Jose Ricardo,Montevideo 157,01555A,Ventas Buenos Aires,10,1,200,10,4645.52,5621.07,0,0,0,21,0,0,0,0,0,0
20161103,31000391,Ciccimarra Jose Ricardo,Montevideo 157,01960DA,Ventas Buenos Aires,1,0,0,1,2544.17,3078.45,0,0,0,21,0,0,0,0,0,0
20161103,31000391,Ciccimarra Jose Ricardo,Montevideo 157,01960DC,Ventas Buenos Aires,1,0,0,1,1309.49,1584.48,0,0,0,21,0,0,0,0,0,0
20161103,04004438,Establecimientos Graficos Agramunt S A,Pte. Peron 3440,01506BC,Hector Collia,2880,4.32,2880,2880,17712,21431.52,0,0,0,25,0,0,0,0,0,0
20161103,03000023,Industrias Saladillo SA,IS.SA. Planta Pilar,01525AH,Isolant SI,1000,10,1000,0,15760,19069.6,0,0,0,0,0,0,0,0,0,0
20161103,03003751,Indupoles Argentina SA,,04C00291,Isolant SI,1,0,0,1,212268.8,212268.8,0,0,0,0,0,0,0,0,0,0
20161103,19002241,Carlos Isla y Cia. SA,,04C00291,Latyn-Valle y Cordillera,1,0,0,1,25000,25000,0,0,0,0,0,0,0,0,0,0
20161103,19002241,Carlos Isla y Cia. SA,,04C00291,Latyn-Valle y Cordillera,1,0,0,1,20366.86,20366.86,0,0,0,0,0,0,0,0,0,0
20161103,03000023,Industrias Saladillo SA,,04C00291,Isolant SI,1,0,0,1,30652.92,30652.92,0,0,0,0,0,0,0,0,0,0
20161103,03000023,Industrias Saladillo SA,,04C00291,Isolant SI,1,0,0,1,40000,40000,0,0,0,0,0,0,0,0,0,0
20161103,14005545,Mariano Ojeda SRL,Boulevard Brown 1986,01957A,Disapla,1,0,0,1,0.1,0.12,0,0,0,0,0,0,0,0,0,0
20161103,14005545,Mariano Ojeda SRL,Boulevard Brown 1986,01960F,Disapla,2,0,0,2,4649.42,5625.8,0,0,0,21,0,0,0,0,0,0
20161103,14005545,Mariano Ojeda SRL,Boulevard Brown 1986,01555AK,Disapla,10,0.45,150,10,2397.73,2901.25,0,0,0,21,0,0,0,0,0,0
20161103,11004428,Prades Sociedad Anonima,Av. Monseñor Tavella Nº1937,01557A,Victor Casañas,145,29,2900,145,87805.35,106244.48,0,3,0,21,12,0,0,0,0,0
20161103,11004428,Prades Sociedad Anonima,Av. Monseñor Tavella Nº1937,01557C,Victor Casañas,18,3.6,360,18,1.75,2.11,0,3,0,0,0,0,0,0,0,0
20161103,11004428,Prades Sociedad Anonima,Av. Monseñor Tavella Nº1937,01555M,Victor Casañas,15,2.25,300,15,13800.82,16698.99,0,3,0,21,12,0,0,0,0,0
20161103,11004428,Prades Sociedad Anonima,Av. Monseñor Tavella Nº1937,01555MA,Victor Casañas,2,0.3,40,2,0.19,0.23,0,3,0,0,0,0,0,0,0,0
20161103,11004428,Prades Sociedad Anonima,Av. Monseñor Tavella Nº1937,01554BC,Victor Casañas,10,1,200,10,7701.31,9318.59,0,3,0,21,0,0,0,0,0,0
20161103,11004428,Prades Sociedad Anonima,Av. Monseñor Tavella Nº1937,01558BC,Victor Casañas,10,2,200,10,10270.64,12427.48,0,3,0,21,0,0,0,0,0,0
20161103,01002018,Zanet SA,,04C00291,Fernando Palmas,1,0,0,1,2700,2700,0,0,0,0,0,0,0,0,0,0
20161103,02003203,Maderera La Loma SA,,04C00291,Ventas Buenos Aires,1,0,0,1,34906,34906,0,0,0,0,0,0,0,0,0,0
20161103,01005292,Adamant SRL,Paysandu 923 (entre Crisologo Larralde y Lucena),01500ASA,Isolant SI,200,0.1,200,0,286,346.06,0,0,0,0,0,0,0,0,0,0
20161103,01005292,Adamant SRL,Paysandu 923 (entre Crisologo Larralde y Lucena),01500AC,Isolant SI,12000,6,12000,0,20280,24538.8,0,0,0,0,0,0,0,0,0,0
20161103,01005292,Adamant SRL,Paysandu 923 (entre Crisologo Larralde y Lucena),01514DC,Isolant SI,4800,24,4800,4800,35952,43501.92,0,0,0,0,0,0,0,0,0,0
20161103,01005292,Adamant SRL,Paysandu 923 (entre Crisologo Larralde y Lucena),01500ASA,Isolant SI,8800,4.4,8800,0,12584,15226.64,0,0,0,0,0,0,0,0,0,0
20161103,01005292,Adamant SRL,Paysandu 923 (entre Crisologo Larralde y Lucena),01514DC,Isolant SI,600,3,600,600,4494,5437.74,0,0,0,0,0,0,0,0,0,0
20161103,01005292,Adamant SRL,Paysandu 923 (entre Crisologo Larralde y Lucena),01524DC,Isolant SI,400,4,400,0,7056,8537.76,0,0,0,0,0,0,0,0,0,0
20161103,01005292,Adamant SRL,Paysandu 923 (entre Crisologo Larralde y Lucena),01768A,Isolant SI,30,1.3572,0,30,5394.3,6527.1,0,0,0,0,0,0,0,0,0,0
20161103,01000452,Caffaro Hnos Sociedad de Responsabilidad Limitada,Pavon 2632,01950F,Isolant SI,80,18.28788192,0,80,39456,47741.76,0,0,0,0,0,0,0,0,0,0
20161103,03003751,Indupoles Argentina SA,Parque Ind. Campana - Km70 de Panamericana - Lote 12,01510CC,Isolant SI,4050,12.15,4050,4050,19399.5,23473.4,0,0,0,0,0,0,0,0,0,0
20161103,03003751,Indupoles Argentina SA,Parque Ind. Campana - Km70 de Panamericana - Lote 12,01515B,Isolant SI,300,1.5,300,0,4008,4849.68,0,0,0,0,0,0,0,0,0,0
20161103,03003751,Indupoles Argentina SA,Parque Ind. Campana - Km70 de Panamericana - Lote 12,01515BE,Isolant SI,3000,15,3000,0,40080,48496.8,0,0,0,0,0,0,0,0,0,0
20161103,03003751,Indupoles Argentina SA,Parque Ind. Campana - Km70 de Panamericana - Lote 12,01507BB,Isolant SI,3960,5.94,3960,0,16354.8,19789.31,0,0,0,0,0,0,0,0,0,0
20161103,03003751,Indupoles Argentina SA,Parque Ind. Campana - Km70 de Panamericana - Lote 12,01501IA,Isolant SI,1000,0.5,1000,0,1810,2190.1,0,0,0,0,0,0,0,0,0,0
20161103,03003751,Indupoles Argentina SA,Parque Ind. Campana - Km70 de Panamericana - Lote 12,01507BB,Isolant SI,11250,16.875,11250,0,46462.5,56219.63,0,0,0,0,0,0,0,0,0,0
20161103,07002155,Blussand Roberto Enrique,,04C00898,Meier,1,0,0,1,0.2,0.2,0,0,0,0,0,0,0,0,0,0
20161103,03000023,Industrias Saladillo SA,IS.SA. Planta Pilar,01777B,Isolant SI,275,7.3425,0,275,28132.5,34040.32,0,0,0,0,0,0,0,0,0,0
20161103,03000023,Industrias Saladillo SA,IS.SA. Planta Pilar,01777B,Isolant SI,60,1.602,0,60,6138,7426.98,0,0,0,0,0,0,0,0,0,0
20161103,03000023,Industrias Saladillo SA,IS.SA. Planta Pilar,01776BB,Isolant SI,15,1.1027016,0,15,6867.75,8309.98,0,0,0,0,0,0,0,0,0,0
20161103,03000023,Industrias Saladillo SA,IS.SA. Planta Pilar,01777B,Isolant SI,77,2.0559,0,77,7877.1,9531.29,0,0,0,0,0,0,0,0,0,0
20161103,03000023,Industrias Saladillo SA,IS.SA. Planta Pilar,01781BA,Isolant SI,36,1.4112,0,36,5471.28,6620.25,0,0,0,0,0,0,0,0,0,0
20161103,03000023,Industrias Saladillo SA,IS.SA. Planta Pilar,01776BA,Isolant SI,30,0.848232,0,30,5116.5,6190.97,0,0,0,0,0,0,0,0,0,0
20161103,03000023,Industrias Saladillo SA,IS.SA. Planta Pilar,01781BA,Isolant SI,15,0.588,0,15,2279.7,2758.44,0,0,0,0,0,0,0,0,0,0
20161103,03000023,Industrias Saladillo SA,IS.SA. Planta Pilar,01782BA,Isolant SI,10,0.31,0,10,1248,1510.08,0,0,0,0,0,0,0,0,0,0
20161103,03000023,Industrias Saladillo SA,IS.SA. Planta Pilar,01781BA,Isolant SI,15,0.588,0,15,2279.7,2758.44,0,0,0,0,0,0,0,0,0,0
20161103,24004815,Budassi German Federico,Av. Roque Saenz Peña 1030,01558ES,Diego Fani,150,30,3000,150,60614.4,73343.42,0,0,0,30,12,0,0,0,0,0
20161103,24004815,Budassi German Federico,Av. Roque Saenz Peña 1030,01558EC,Diego Fani,50,10,1000,50,27042.4,32721.3,0,0,0,30,12,0,0,0,0,0
20161103,04000007,Disapla S.A.,,04C00291,Isolant SA,1,0,0,1,16044.64,16044.64,0,0,0,0,0,0,0,0,0,0
20161103,16005658,Majul Ariel Horacio,Av. Sarmiento 856,01558ESC,Leandro Diaz,300,3,300,15,6061.44,7334.34,0,0,0,30,12,0,0,0,0,0
20161103,16005658,Majul Ariel Horacio,Av. Sarmiento 856,01558ECC,Leandro Diaz,1000,10,1000,50,27042.4,32721.3,0,0,0,30,12,0,0,0,0,0
20161103,16000158,Valerio Oliva SACIA,Rodriguez Peña 2250,01557A,Leandro Diaz,25,5,500,25,17735.3,21459.72,0,0,0,21,0,0,0,0,0,0
20161103,16000158,Valerio Oliva SACIA,Rodriguez Peña 2250,01557C,Leandro Diaz,3,0.6,60,3,0.3,0.36,0,0,0,0,0,0,0,0,0,0
20161103,16000158,Valerio Oliva SACIA,Rodriguez Peña 2250,01555M,Leandro Diaz,15,2.25,300,15,16167.78,19563.02,0,0,0,21,0,0,0,0,0,0
20161103,16000158,Valerio Oliva SACIA,Rodriguez Peña 2250,01555MA,Leandro Diaz,2,0.3,40,2,0.2,0.24,0,0,0,0,0,0,0,0,0,0
20161103,10000785,Perren y Cia. SA,9 de Julio 975,01603A,Guillermo Ghiretti,40,2,1000,40,6515.08,7883.25,0,3,0,21,0,0,0,0,0,0
20161103,10000785,Perren y Cia. SA,9 de Julio 975,01550A,Guillermo Ghiretti,40,1.6,800,40,7358.01,8903.2,0,3,0,21,0,0,0,0,0,0
20161103,10000785,Perren y Cia. SA,9 de Julio 975,01557A,Guillermo Ghiretti,10,2,200,10,6881.3,8326.37,0,3,0,21,0,0,0,0,0,0
20161103,10000785,Perren y Cia. SA,9 de Julio 975,01557C,Guillermo Ghiretti,2,0.4,40,2,0.19,0.23,0,3,0,0,0,0,0,0,0,0
20161103,03000023,Industrias Saladillo SA,IS.SA. Planta Pilar,01777B,Isolant SI,254,6.7818,0,254,25984.2,31440.88,0,0,0,0,0,0,0,0,0,0
20161103,03000357,Laboratorios Valmax SA,Sub Perdomo 1619,01507VA,Isolant SI,9480,14.22,9480,0,46357.2,56092.21,0,0,0,0,0,0,0,0,0,0
20161103,07004166,Vella Marcos Pablo y Vella Luciano Domingo,Fray Luis Beltran Esq. Cardeñosa,01603AC,Meier,20,1,500,20,4950.68,5990.32,0,0,0,30,0,0,0,0,0,0
20161103,31000124,Drap Sociedad de Responsabilidad Limitada,Av. Champanat 742,01551I,Isolant SA,1,0.1,20,1,196.56,237.84,0,0,0,30,0,0,0,0,0,0
20161103,31000124,Drap Sociedad de Responsabilidad Limitada,Av. Champanat 742,01904A,Isolant SA,5,0.31415,0,5,3107.33,3759.88,0,0,0,30,0,0,0,0,0,0
20161103,31000124,Drap Sociedad de Responsabilidad Limitada,Av. Champanat 742,01905A,Isolant SA,5,0.3559,0,5,2920.96,3534.36,0,0,0,30,0,0,0,0,0,0
20161103,31000124,Drap Sociedad de Responsabilidad Limitada,Av. Champanat 742,01906A,Isolant SA,3,0.23325,0,3,1804.72,2183.71,0,0,0,30,0,0,0,0,0,0
20161103,31004474,Polyfrio S.A.,Av. Polonia 1038,01510CC,Fernando Palmas,1950,5.85,1950,1950,11446.5,13850.26,0,0,0,0,0,0,0,0,0,0
20161103,31004474,Polyfrio S.A.,Av. Polonia 1038,01515B,Fernando Palmas,600,3,600,0,8400,10164,0,0,0,0,0,0,0,0,0,0
20161103,31004474,Polyfrio S.A.,Av. Polonia 1038,01507E,Fernando Palmas,3000,4.5,3000,0,23790,28785.9,0,0,0,0,0,0,0,0,0,0
20161103,16003448,Tapicenter SA,Gobernador Videla 801,01652AC,Leandro Diaz,20,0.3,20,0,1182.36,1430.66,0,0,0,40,0,0,0,0,0,0
20161103,16003025,Fopiani Ricardo Arturo,Libertad 534 Of. 6,01555MC,Leandro Diaz,300,2.25,300,15,15358.5,18583.78,0,0,0,25,0,0,0,0,0,0
20161103,16003025,Fopiani Ricardo Arturo,Libertad 534 Of. 6,01555MA,Leandro Diaz,2,0.3,40,2,0.2,0.24,0,0,0,0,0,0,0,0,0,0
20161103,16003025,Fopiani Ricardo Arturo,Libertad 534 Of. 6,01558ECC,Leandro Diaz,200,2,200,10,6585,7967.84,0,0,0,25,0,0,0,0,0,0
20161103,16003025,Fopiani Ricardo Arturo,Libertad 534 Of. 6,01960DC,Leandro Diaz,1,0,0,1,1243.18,1504.25,0,0,0,25,0,0,0,0,0,0
20161103,04002052,Disapla SA (Cipo),,04C00291,Isolant SA,1,0,0,1,16044.64,16044.64,0,0,0,0,0,0,0,0,0,0
20161103,24003284,Antoniazzi Raul Jesus,Gdor. Candioti 755 - 3044,01852AA,Diego Fani,3,1.5,75,3,6251.76,7564.63,0,0,0,25,0,0,0,0,0,0
20161103,24003284,Antoniazzi Raul Jesus,Gdor. Candioti 755 - 3044,01524DC,Diego Fani,75,0.75,75,0,2199.38,2661.24,0,0,0,25,0,0,0,0,0,0
20161103,30005033,Sanitarios Trenque Lauquen SA,,04C00898,Hector Collia,1,0,0,1,26.63,26.63,0,0,0,0,0,0,0,0,0,0

