﻿FechaTxt,Codigo_Cliente,Cliente,EntDir,Codigo_Articulo,Vendedor,cantidad,Mts3,Mts2,Rollos,Importe_Bruto,Importe_Neto,Dto_Contado,Dto_Flete,Dto_Especial,Bonificacion,Desc_Adicional,cantidad_elaborada,m2_ocupados,costo_unitario,costo_total_stock,Costo_de_venta,comp,C_Construccion,nomdoc
20170824,19002241,Carlos Isla y Cia. SA,Suc. Gral Roca: San Juan 198,01557A,Latyn-Valle y Cordillera,81,16.2,1620,81,37915.29,45877.5,0,0,10,0,0,0,0,0,0,20763.54,002200006749,N,Factura de Venta
20170824,19002241,Carlos Isla y Cia. SA,Suc. Gral Roca: San Juan 198,01558AL,Latyn-Valle y Cordillera,30,6,1200,30,17279.73,20908.47,0,0,10,0,0,0,0,0,0,9558.9,002200006749,N,Factura de Venta
20170824,19002241,Carlos Isla y Cia. SA,Suc. Gral Roca: San Juan 198,01554BC,Latyn-Valle y Cordillera,20,2,400,20,11981.88,14498.07,0,0,10,0,0,0,0,0,0,7875.8,002200006749,N,Factura de Venta
20170824,19002241,Carlos Isla y Cia. SA,Suc. Gral Roca: San Juan 198,01557A,Latyn-Valle y Cordillera,55,11,1100,55,25744.95,31151.39,0,0,10,0,0,0,0,0,0,14098.7,002200006750,N,Factura de Venta
20170824,19002241,Carlos Isla y Cia. SA,Suc. Gral Roca: San Juan 198,01555A,Latyn-Valle y Cordillera,150,15,3000,150,45979.65,55635.38,0,0,10,0,0,0,0,0,0,23905.5,002200006750,N,Factura de Venta
20170824,01003526,D.G.A. SRL,Suarez 2737,01666ACP,Esteban Bergamaschi,30,1.5,30,0,7042.56,8521.5,0,0,0,30,0,0,0,0,0,1624.2,002200006751,N,Factura de Venta
20170824,01005812,Danko Materiales Srl,Mercedes 3951 3B,01960F,Victor Casañas,10,0,0,10,21034.34,25451.55,0,3,0,21,12,0,0,0,0,10838.5,002200006767,N,Factura de Venta
20170824,03003751,Indupoles Argentina SA,Parque Ind. Campana - Km70 de Panamericana - Lote 12,01515BE,Isolant SI,5625,28.125,5625,0,56250,68062.5,0,0,0,0,0,0,0,0,0,50006.25,002200006771,N,Factura de Venta
20170824,01005812,Danko Materiales Srl,Mercedes 3951 3B,06C001CO,Victor Casañas,1,0,0,1,0.1,0.12,0,3,0,0,0,0,0,0,0,0,002200006767,N,Factura de Venta
20170824,01005812,Danko Materiales Srl,Mercedes 3951 3B,01957M,Victor Casañas,1,0,0,1,0.1,0.12,0,3,0,0,0,0,0,0,0,0,002200006767,N,Factura de Venta
20170824,01005812,Danko Materiales Srl,Mercedes 3951 3B,01557A,Victor Casañas,25,5,500,25,16618.34,20108.19,0,3,0,21,8,0,0,0,0,6408.5,002200006767,N,Factura de Venta
20170824,01005812,Danko Materiales Srl,Mercedes 3951 3B,01555AR,Victor Casañas,30,3,600,30,7716.11,9336.49,0,3,0,21,8,0,0,0,0,3878.4,002200006767,N,Factura de Venta
20170824,01005812,Danko Materiales Srl,Mercedes 3951 3B,01557AR,Victor Casañas,20,4,400,20,7912.03,9573.56,0,3,0,21,8,0,0,0,0,4517,002200006767,N,Factura de Venta
20170824,01005812,Danko Materiales Srl,Mercedes 3951 3B,01654ON,Victor Casañas,15,2.52,0,15,6947.9,8406.96,0,3,0,21,12,0,0,0,0,4243.8,002200006767,N,Factura de Venta
20170824,31000402,Codimat SA,Don Bosco 1495,01554BR,Norberto Oppezzo,15,1.8,300,15,18481.65,22362.8,3,4,7,21,12,0,0,0,0,6433.5,002200006769,N,Factura de Venta
20170824,31000402,Codimat SA,Don Bosco 1495,01557A,Norberto Oppezzo,150,30,3000,150,85150.65,103032.29,3,4,7,21,12,0,0,0,0,38451,002200006770,N,Factura de Venta
20170824,27003324,Supermat S A,Ruta Prov. Nº 1 Km 7-San Salvador de Jujuy,06C001CO,Pedro Cocaña,1,0,0,1,0.1,0.12,0,3,0,0,0,0,0,0,0,0,002200006764,N,Factura de Venta
20170824,27003324,Supermat S A,Ruta Prov. Nº 1 Km 7-San Salvador de Jujuy,01555M,Pedro Cocaña,40,6,800,40,35986.92,43544.18,0,3,0,25,12,0,0,0,0,21673.6,002200006764,N,Factura de Venta
20170824,27003324,Supermat S A,"Av. Chile 1450 - El Amigo, Salta",01557A,Pedro Cocaña,50,10,1000,50,28744.66,34781.04,0,3,0,25,12,0,0,0,0,12817,002200006765,N,Factura de Venta
20170824,03003751,Indupoles Argentina SA,Parque Ind. Campana - Km70 de Panamericana - Lote 12,01515BE,Isolant SI,5175,25.875,5175,0,51750,62617.5,0,0,0,0,0,0,0,0,0,46005.75,002200006766,N,Factura de Venta
20170824,01005292,Adamant SRL,Paysandu 923 (entre Crisologo Larralde y Lucena),01514DC,Isolant SI,1800,9,1800,1800,14022,16966.62,0,0,0,0,0,0,0,0,0,9126,002200006759,N,Factura de Venta
20170824,01005292,Adamant SRL,Paysandu 923 (entre Crisologo Larralde y Lucena),01552I,Isolant SI,10,2,400,10,2700,3267,0,0,0,0,0,0,0,0,0,1902.9,002200006762,N,Factura de Venta
20170824,31000402,Codimat SA,Don Bosco 1495,01554BC,Norberto Oppezzo,18,1.8,360,18,13920.47,16843.77,3,4,7,21,0,0,0,0,0,7088.22,002200006768,N,Factura de Venta
20170824,31000402,Codimat SA,Don Bosco 1495,01550A,Norberto Oppezzo,100,4,2000,100,16085.09,19462.95,3,4,7,21,12,0,0,0,0,6300,002200006768,N,Factura de Venta
20170824,31000402,Codimat SA,Don Bosco 1495,01557A,Norberto Oppezzo,40,8,800,40,22706.84,27475.28,3,4,7,21,12,0,0,0,0,10253.6,002200006769,N,Factura de Venta
20170824,31000402,Codimat SA,Don Bosco 1495,01555M,Norberto Oppezzo,20,3,400,20,17767.47,21498.63,3,4,7,21,12,0,0,0,0,10836.8,002200006769,N,Factura de Venta
20170824,01005292,Adamant SRL,Paysandu 923 (entre Crisologo Larralde y Lucena),01552I,Isolant SI,70,14,2800,70,18900,22869,0,0,0,0,0,0,0,0,0,13320.3,002200006761,N,Factura de Venta
20170824,01005292,Adamant SRL,Paysandu 923 (entre Crisologo Larralde y Lucena),01509A,Isolant SI,2250,4.5,2250,0,10935,13231.35,0,0,0,0,0,0,0,0,0,6135.05,002200006763,N,Factura de Venta
20170824,01003118,Caputo Marcelo Claudio,Acevedo 65,01551I,Luis Ramirez,30,3,600,30,6268.65,7585.07,0,0,0,21,0,0,0,0,0,2332.8,002200006752,N,Factura de Venta
20170824,01003118,Caputo Marcelo Claudio,Acevedo 65,01658ACP,Luis Ramirez,60,1.8,60,0,7393.32,8945.92,0,0,0,40,0,0,0,0,0,2167.8,002200006752,N,Factura de Venta
20170824,19002241,Carlos Isla y Cia. SA,Suc. Neuquen: Teodoro Plan 5055,01557A,Latyn-Valle y Cordillera,15,3,300,15,7801.5,9439.82,0,0,0,0,0,0,0,0,0,3845.1,002200006756,N,Factura de Venta
20170824,01005292,Adamant SRL,Paysandu 923 (entre Crisologo Larralde y Lucena),01656AC,Isolant SI,210,5.25,210,0,11176.41,13523.46,0,0,0,30,0,0,0,0,0,6142.5,002200006758,N,Factura de Venta
20170824,01005292,Adamant SRL,Paysandu 923 (entre Crisologo Larralde y Lucena),01514D,Isolant SI,3000,15,3000,3000,24060,29112.6,0,0,0,0,0,0,0,0,0,15210,002200006760,N,Factura de Venta
20170824,19002241,Carlos Isla y Cia. SA,Suc. Neuquen: Teodoro Plan 5055,01558AL,Latyn-Valle y Cordillera,30,6,1200,30,17279.73,20908.47,0,0,10,0,0,0,0,0,0,9558.9,002200006757,N,Factura de Venta
20170824,19002241,Carlos Isla y Cia. SA,Suc. Neuquen: Teodoro Plan 5055,01557AR,Latyn-Valle y Cordillera,30,6,600,30,8235,9964.35,0,0,10,0,0,0,0,0,0,6775.5,002200006757,N,Factura de Venta
20170824,19002241,Carlos Isla y Cia. SA,Suc. Neuquen: Teodoro Plan 5055,01557A,Latyn-Valle y Cordillera,100,20,2000,100,46809,56638.89,0,0,10,0,0,0,0,0,0,25634,002200006757,N,Factura de Venta
20170824,19002241,Carlos Isla y Cia. SA,Suc. Neuquen: Teodoro Plan 5055,01551A,Latyn-Valle y Cordillera,20,2,400,20,4480.56,5421.48,0,0,10,0,0,0,0,0,0,2262.8,002200006757,N,Factura de Venta
20170824,19002241,Carlos Isla y Cia. SA,Suc. Neuquen: Teodoro Plan 5055,01550A,Latyn-Valle y Cordillera,10,0.4,200,10,1138.14,1377.15,0,0,10,0,0,0,0,0,0,630,002200006757,N,Factura de Venta
20170824,31000402,Codimat SA,Don Bosco 1495,01554BP,Norberto Oppezzo,1,0.12,20,1,0.09,0.1,3,4,7,0,0,0,0,0,0,402.92,002200006769,N,Factura de Venta
20170824,02005684,Quilbur S.A.,Hipolito Irigoyen 14981,01555ARC,Ventas Buenos Aires,2000,10,2000,100,18960,22941.6,0,0,0,0,0,0,0,0,0,3264.54,002200006754,S,Factura de Venta
20170824,01004400,Sider Group SA,Av. Champagnat 1255,01555ECC,Ventas Buenos Aires,800,4,800,40,11879.58,14374.28,0,0,0,21,12,0,0,0,0,930.4,002200006755,S,Factura de Venta
20170824,02005125,Pablo Nicolas Sesma,A. Rojas 630,01555MC,Hector Collia,200,1.5,200,10,11073,13398.32,0,0,0,25,0,0,0,0,0,4759.23,002200006753,S,Factura de Venta
20170824,02005125,Pablo Nicolas Sesma,A. Rojas 630,01555MA,Hector Collia,1,0.15,20,1,0.1,0.12,0,0,0,0,0,0,0,0,0,475.92,002200006753,S,Factura de Venta
20170824,31000402,Codimat SA,Don Bosco 1495,01555MA,Norberto Oppezzo,2,0.3,40,2,0.17,0.21,3,4,7,0,0,0,0,0,0,951.85,002200006769,N,Factura de Venta
20170824,27003324,Supermat S A,Ruta Prov. Nº 1 Km 7-San Salvador de Jujuy,01555MA,Pedro Cocaña,4,0.6,80,4,0.39,0.47,0,3,0,0,0,0,0,0,0,1903.69,002200006764,N,Factura de Venta
20170824,01004400,Sider Group SA,Av. Champagnat 1255,01559AA,Ventas Buenos Aires,1000,10,1000,50,32771.72,39653.8,0,0,0,21,12,0,0,0,0,1438.54,002200006755,S,Factura de Venta
20170824,01004400,Sider Group SA,Av. Champagnat 1255,01557C,Ventas Buenos Aires,6,1.2,120,6,0.6,0.72,0,0,0,0,0,0,0,0,0,172.62,002200006755,S,Factura de Venta
20170824,31000402,Codimat SA,Don Bosco 1495,01557C,Norberto Oppezzo,7,1.4,140,7,0.61,0.73,3,4,7,0,0,0,0,0,0,201.39,002200006769,N,Factura de Venta
20170824,31000402,Codimat SA,Don Bosco 1495,01557C,Norberto Oppezzo,18,3.6,360,18,1.56,1.89,3,4,7,0,0,0,0,0,0,517.87,002200006770,N,Factura de Venta
20170824,27003324,Supermat S A,"Av. Chile 1450 - El Amigo, Salta",01557C,Pedro Cocaña,3,0.6,60,3,0.29,0.35,0,3,0,0,0,0,0,0,0,86.31,002200006765,N,Factura de Venta
20170824,01005812,Danko Materiales Srl,Mercedes 3951 3B,01557C,Victor Casañas,3,0.6,60,3,0.29,0.35,0,3,0,0,0,0,0,0,0,86.31,002200006767,N,Factura de Venta
20170824,02005684,Quilbur S.A.,Hipolito Irigoyen 14981,01557ARC,Ventas Buenos Aires,1000,10,1000,50,12560,15197.6,0,0,0,0,0,0,0,0,0,1375.57,002200006754,S,Factura de Venta
20170824,01004400,Sider Group SA,Av. Champagnat 1255,01558ECC,Ventas Buenos Aires,900,9,900,45,25865.62,31297.38,0,0,0,21,12,0,0,0,0,17316.74,002200006755,S,Factura de Venta
20170824,01004400,Sider Group SA,Av. Champagnat 1255,01558ESC,Ventas Buenos Aires,3000,30,3000,150,67198.04,81309.62,0,0,0,21,12,0,0,0,0,4336.59,002200006755,S,Factura de Venta
20170824,24005833,Michelotti Emiliano Manuel,,04C00898,Diego Fani,1,0,0,1,5.47,5.47,0,0,0,0,0,0,0,0,0,,000000011080,,Débito (Ajustes)
20170824,03003751,Indupoles Argentina SA,,04C00898,Isolant SI,1,0,0,1,0.04,0.04,0,0,0,0,0,0,0,0,0,,000000011078,,Débito (Ajustes)
20170824,28004412,INSULEX S.A.C.,,04C00624,Isolant SI,1,0,0,1,8151.98,8151.98,0,0,0,0,0,0,0,0,0,,000000000946,,Dif. Cambio (+)
20170824,24005653,LKL Servicios SRL,,04C00898,Fernando Palmas,1,0,0,1,0.2,0.2,0,0,0,0,0,0,0,0,0,,000000011079,,Débito (Ajustes)

