﻿FechaTxt,Codigo_Cliente,Cliente,EntDir,Codigo_Articulo,Vendedor,cantidad,Mts3,Mts2,Rollos,Importe_Bruto,Importe_Neto,Dto_Contado,Dto_Flete,Dto_Especial,Bonificacion,Desc_Adicional,cantidad_elaborada,m2_ocupados,costo_unitario,costo_total_stock,Costo_de_venta,comp,C_Construccion,nomdoc
20171109,01005292,Adamant SRL,Paysandu 923 (entre Crisologo Larralde y Lucena),01514DC,Isolant SI,720,3.6,720,720,5774.4,6987.02,0,0,0,0,0,0,0,0,0,3801.6,002200008405,N,Factura de Venta
20171109,01003118,Caputo Marcelo Claudio,Acevedo 65,01700A,Mariano Martinez,4,0.48,0,4,2500.99,3026.2,0,0,0,30,0,0,0,0,0,1068.56,002200008424,N,Factura de Venta
20171109,01003118,Caputo Marcelo Claudio,Acevedo 65,01551I,Mariano Martinez,20,2,400,20,4179.1,5056.71,0,0,0,21,0,0,0,0,0,1620.4,002200008424,N,Factura de Venta
20171109,07003556,Ran Co Materiales SA,Buenos Aires 405,06C001CO,Meier,1,0,0,1,0.1,0.12,0,3,0,0,0,0,0,0,0,0,002200008402,S,Factura de Venta
20171109,07003556,Ran Co Materiales SA,Buenos Aires 405,06C001PI,Meier,1,0,0,1,0.1,0.12,0,3,0,0,0,0,0,0,0,0,002200008402,S,Factura de Venta
20171109,07003556,Ran Co Materiales SA,Buenos Aires 405,01603AC,Meier,30,1.5,750,30,6563.9,7942.32,0,3,0,21,4,0,0,0,0,3779.7,002200008402,S,Factura de Venta
20171109,04004334,Fapex SA,Rio Potrero 175 (Esq. Rio de Rey) Barrio CinaCina,01555ARF,Isolant SI,493,49.3,9860,493,77371.42,93619.42,0,0,0,0,0,0,0,0,0,66757.13,002200008406,N,Factura de Venta
20171109,20003188,Emprendimiento Metalurgico Industrial SRL,LOS VALLISTOS - Ruta 9 Km 128 - Acc Norte,01558AL,Pedro Cocaña,30,6,1200,30,22597.02,27342.4,0,3,0,0,0,0,0,0,0,9896.7,002200008411,N,Factura de Venta
20171109,25005937,Barraza Walter Mauricio,Ruta 34 y Calle 1001,06C001CO,Pedro Cocaña,1,0,0,1,0.1,0.12,0,3,0,0,0,0,0,0,0,0,002200008415,N,Factura de Venta
20171109,25005937,Barraza Walter Mauricio,Ruta 34 y Calle 1001,01655ON,Pedro Cocaña,14,2.352,0,14,8921.57,10795.1,0,3,0,21,0,0,0,0,0,4882.92,002200008415,N,Factura de Venta
20171109,03003751,Indupoles Argentina SA,Parque Ind. Campana - Km70 de Panamericana - Lote 12,01773AB,Isolant SI,20,3.26,0,20,16094.2,19473.98,0,0,0,0,0,0,0,0,0,7220.6,002200008416,N,Factura de Venta
20171109,03003751,Indupoles Argentina SA,Parque Ind. Campana - Km70 de Panamericana - Lote 12,01912B,Isolant SI,18,3.78,0,18,20204.1,24446.96,0,0,0,0,0,0,0,0,0,5927.94,002200008416,N,Factura de Venta
20171109,29002212,Don Caracciolo SA,San Martin 928,06C001CO,Esteban Bergamaschi,1,0,0,1,0.1,0.12,0,0,0,0,0,0,0,0,0,0,002200008417,S,Factura de Venta
20171109,29002212,Don Caracciolo SA,San Martin 928,01960DC,Esteban Bergamaschi,6,0,0,6,8633.96,10447.1,0,0,0,25,0,0,0,0,0,6510,002200008417,S,Factura de Venta
20171109,26000747,Importadora Comercial Fueguina,Av. Belgrano 1610,01765A,Norberto Oppezzo,15,0.6975,0,15,5725.35,5725.35,0,0,0,0,0,0,0,0,0,892.8,002500000038,,Factura Exterior
20171109,26000747,Importadora Comercial Fueguina,Av. Belgrano 1610,01766A,Norberto Oppezzo,14,0.55412,0,14,4562.18,4562.18,0,0,0,0,0,0,0,0,0,674.8,002500000038,,Factura Exterior
20171109,01005657,Perna Franco,Manco Capac 1540,01853B,Levy,31,3.875,775,31,32709.95,39579.03,0,0,10,21,0,0,0,0,0,13285.05,002200008422,N,Factura de Venta
20171109,29003289,Industrial Maderera Kopruch SA,Acceso Sur 3314,01557A,Hector Collia,25,5,500,25,15557.68,18824.8,0,0,0,25,12,0,0,0,0,6765.25,002200008401,N,Factura de Venta
20171109,01005857,Empiro Sociedad Anonima,Avenida Bemberg y Calle 146,01558EC,Ventas Buenos Aires,87,17.4,1740,87,55190.19,66780.13,0,0,0,21,0,0,0,0,0,35483.82,002200008409,N,Factura de Venta
20171109,20003188,Emprendimiento Metalurgico Industrial SRL,LOS VALLISTOS - Ruta 9 Km 128 - Acc Norte,01557A,Pedro Cocaña,70,14,1400,70,37729.31,45652.47,0,3,0,0,0,0,0,0,0,18942.7,002200008412,N,Factura de Venta
20171109,27001898,Distribuidora Lamadrid SA,Ejercito del Norte 395,06C001CO,Pedro Cocaña,1,0,0,1,0.1,0.12,0,3,0,0,0,0,0,0,0,0,002200008410,N,Factura de Venta
20171109,27001898,Distribuidora Lamadrid SA,Ejercito del Norte 395,06C001PI,Pedro Cocaña,1,0,0,1,0.1,0.12,0,3,0,0,0,0,0,0,0,0,002200008410,N,Factura de Venta
20171109,27001898,Distribuidora Lamadrid SA,Ejercito del Norte 395,01557AR,Pedro Cocaña,80,16,1600,80,30272.11,36629.25,0,3,0,21,12,0,0,0,0,18964.8,002200008410,N,Factura de Venta
20171109,27001898,Distribuidora Lamadrid SA,Ejercito del Norte 395,01555AR,Pedro Cocaña,30,3,600,30,7380.63,8930.56,0,3,0,21,12,0,0,0,0,4062.3,002200008410,N,Factura de Venta
20171109,27004063,Giacosa Elio Enzo H,Suipacha 482,01750A,Pedro Cocaña,10,0,0,10,6676.05,8078.02,0,3,0,25,0,0,0,0,0,1876,002200008413,N,Factura de Venta
20171109,20003188,Emprendimiento Metalurgico Industrial SRL,LOS VALLISTOS - Ruta 9 Km 128 - Acc Norte,01558BC,Pedro Cocaña,100,20,2000,100,107581.97,130174.19,0,3,0,25,0,0,0,0,0,55901,002200008414,N,Factura de Venta
20171109,16004036,Diaz Juan Carlos,Sarmiento 121,01768A,Leandro Diaz,1,0.04524,0,1,409.35,495.31,0,0,0,25,0,0,0,0,0,51.12,002200008431,N,Factura de Venta
20171109,16004036,Diaz Juan Carlos,Sarmiento 121,01767A,Leandro Diaz,1,0.04241,0,1,361.89,437.89,0,0,0,25,0,0,0,0,0,53.55,002200008431,N,Factura de Venta
20171109,16004036,Diaz Juan Carlos,Sarmiento 121,01765A,Leandro Diaz,1,0.0465,0,1,408.95,494.83,0,0,0,25,0,0,0,0,0,59.52,002200008431,N,Factura de Venta
20171109,16004036,Diaz Juan Carlos,Sarmiento 121,01524HC,Leandro Diaz,50,0.5,50,0,1600.88,1937.06,0,0,0,25,0,0,0,0,0,558,002200008431,N,Factura de Venta
20171109,16004036,Diaz Juan Carlos,Sarmiento 121,01524GC,Leandro Diaz,25,0.25,25,0,800.44,968.53,0,0,0,25,0,0,0,0,0,267.5,002200008431,N,Factura de Venta
20171109,02004573,La Plata Ceramicos S A,125 y 69 La Plata,01603AC,Ventas Buenos Aires,18,0.9,450,18,4229.31,5117.47,0,0,0,21,0,0,0,0,0,2267.82,002200008408,N,Factura de Venta
20171109,19002241,Carlos Isla y Cia. SA,Suc. Gral Roca: San Juan 198,01558AL,Latyn-Valle y Cordillera,20,4,800,20,12799.8,15487.76,0,0,0,0,0,0,0,0,0,6597.8,002200008432,N,Factura de Venta
20171109,19002241,Carlos Isla y Cia. SA,Suc. Gral Roca: San Juan 198,01550A,Latyn-Valle y Cordillera,10,0.4,200,10,1264.6,1530.17,0,0,0,0,0,0,0,0,0,682.7,002200008432,N,Factura de Venta
20171109,19002241,Carlos Isla y Cia. SA,Suc. Gral Roca: San Juan 198,01557AR,Latyn-Valle y Cordillera,30,6,600,30,9150,11071.5,0,0,0,0,0,0,0,0,0,7111.8,002200008432,N,Factura de Venta
20171109,19002241,Carlos Isla y Cia. SA,Suc. Gral Roca: San Juan 198,01569BC,Latyn-Valle y Cordillera,10,3,200,10,12218.7,14784.63,0,0,0,0,0,0,0,0,0,6689.2,002200008432,N,Factura de Venta
20171109,19002241,Carlos Isla y Cia. SA,Suc. Gral Roca: San Juan 198,01557AR,Latyn-Valle y Cordillera,50,10,1000,50,15250,18452.5,0,0,0,0,0,0,0,0,0,11853,002200008433,N,Factura de Venta
20171109,16004036,Diaz Juan Carlos,Sarmiento 121,01773A,Leandro Diaz,1,0.03255,0,1,292.81,354.3,0,0,0,25,0,0,0,0,0,72.21,002200008431,N,Factura de Venta
20171109,04004334,Fapex SA,Rio Potrero 175 (Esq. Rio de Rey) Barrio CinaCina,01557ARF,Isolant SI,23,4.6,460,23,6284.29,7603.99,0,0,0,0,0,0,0,0,0,5452.38,002200008428,N,Factura de Venta
20171109,04004334,Fapex SA,Rio Potrero 175 (Esq. Rio de Rey) Barrio CinaCina,01550IF,Isolant SI,45,1.8,900,45,2176.65,2633.75,0,0,0,0,0,0,0,0,0,1763.1,002200008428,N,Factura de Venta
20171109,04004334,Fapex SA,Rio Potrero 175 (Esq. Rio de Rey) Barrio CinaCina,01552IF,Isolant SI,67,13.4,2680,67,15290.74,18501.8,0,0,0,0,0,0,0,0,0,13618.42,002200008428,N,Factura de Venta
20171109,04004334,Fapex SA,Rio Potrero 175 (Esq. Rio de Rey) Barrio CinaCina,01555ARF,Isolant SI,72,7.2,1440,72,11299.68,13672.61,0,0,0,0,0,0,0,0,0,9749.52,002200008429,N,Factura de Venta
20171109,19002241,Carlos Isla y Cia. SA,Suc. Gral Roca: San Juan 198,01557A,Latyn-Valle y Cordillera,5,1,100,5,2600.5,3146.61,0,0,0,0,0,0,0,0,0,1353.05,002200008432,N,Factura de Venta
20171109,19002241,Carlos Isla y Cia. SA,Suc. Gral Roca: San Juan 198,01555A,Latyn-Valle y Cordillera,50,5,1000,50,17029.5,20605.69,0,0,0,0,0,0,0,0,0,8349.5,002200008432,N,Factura de Venta
20171109,07003238,Cooperativa de Provision de Servicios para Comerciantes,Calle nº122 Esquina nº13-Gral Pico,01555AR,Meier,50,5,1000,50,10397.75,12581.28,0,0,5,0,0,0,0,0,0,6770.5,002200008420,N,Factura de Venta
20171109,01004516,All Covering Argentina SRL,Zuviria 6643,01603AC,Mariano Martinez,60,3,1500,60,13053.6,15794.86,0,0,0,30,0,0,0,0,0,7559.4,002200008421,N,Factura de Venta
20171109,01004664,Construccion de Estructuras SRL,Sebastian Elcano 3461,01558BC,Ventas Buenos Aires,25,5,500,25,19075,23080.75,0,0,0,0,0,0,0,0,0,13975.25,002200008425,N,Factura de Venta
20171109,07002605,Lascalea Javier Agustin,Independencia 45,01552A,Meier,15,3,300,15,9082.38,10989.66,0,0,0,21,12,0,0,0,0,3331.8,002200008430,S,Factura de Venta
20171109,24004824,Suri Aventura SA,Laprida 552,01524DC,Diego Fani,175,1.75,175,0,5603.06,6779.71,0,0,0,25,0,0,0,0,0,1785,002200008426,N,Factura de Venta
20171109,04004334,Fapex SA,Rio Potrero 175 (Esq. Rio de Rey) Barrio CinaCina,01558ETF,Isolant SI,150,30,3000,150,75390,91221.9,0,0,0,0,0,0,0,0,0,44328,002200008427,N,Factura de Venta
20171109,07005677,Iron Pack SRL,Montecatini 3158,01514KA,Meier,32,0.16,32,0,216.6,262.08,0,5,5,0,0,0,0,0,0,133.65,002200008403,S,Factura de Venta
20171109,04004334,Fapex SA,Rio Potrero 175 (Esq. Rio de Rey) Barrio CinaCina,01552IF,Isolant SI,33,6.6,1320,33,7531.26,9112.82,0,0,0,0,0,0,0,0,0,6707.58,002200008407,N,Factura de Venta
20171109,03003751,Indupoles Argentina SA,Parque Ind. Campana - Km70 de Panamericana - Lote 12,01662ACP,Isolant SI,100,4,100,0,7074,8559.54,0,0,0,0,0,0,0,0,0,4709,002200008418,N,Factura de Venta
20171109,07003238,Cooperativa de Provision de Servicios para Comerciantes,Calle nº122 Esquina nº13-Gral Pico,01555A,Meier,20,2,400,20,6900.61,8349.74,0,0,5,0,0,0,0,0,0,3339.8,002200008420,N,Factura de Venta
20171109,07003238,Cooperativa de Provision de Servicios para Comerciantes,Calle nº122 Esquina nº13-Gral Pico,01603AC,Meier,10,0.5,250,10,1483.33,1794.83,0,0,5,0,0,0,0,0,0,1259.9,002200008420,N,Factura de Venta
20171109,07003238,Cooperativa de Provision de Servicios para Comerciantes,Calle nº122 Esquina nº13-Gral Pico,01557AR,Meier,10,2,200,10,3198.46,3870.14,0,0,5,0,0,0,0,0,0,2370.6,002200008420,N,Factura de Venta
20171109,01003118,Caputo Marcelo Claudio,Acevedo 65,01551IC,Mariano Martinez,600,3,600,30,6266.28,7582.2,0,0,0,21,0,0,0,0,0,1125.71,002200008423,S,Factura de Venta
20171109,07003556,Ran Co Materiales SA,Buenos Aires 405,01563DC,Meier,1060,5.3,1060,53,43577.68,52729,0,3,0,25,0,0,0,0,0,12116.94,002200008402,S,Factura de Venta
20171109,29002554,Perkusic Hnos SRL,Rivadavia 1327,01555AA,Hector Collia,1500,7.5,1500,75,29348.36,35511.5,0,0,4,25,12,0,0,0,0,1697.38,002200008400,S,Factura de Venta
20171109,29002554,Perkusic Hnos SRL,Rivadavia 1327,01555C,Hector Collia,9,0.9,180,9,0.86,1.04,0,0,4,0,0,0,0,0,0,203.69,002200008400,S,Factura de Venta
20171109,29002554,Perkusic Hnos SRL,Rivadavia 1327,01555MC,Hector Collia,200,1.5,200,10,9354.48,11318.9,0,0,4,25,12,0,0,0,0,5209.78,002200008400,S,Factura de Venta
20171109,29002554,Perkusic Hnos SRL,Rivadavia 1327,01559AA,Hector Collia,3500,35,3500,175,104537.66,126490.58,0,0,4,25,12,0,0,0,0,5437.3,002200008400,S,Factura de Venta
20171109,29002554,Perkusic Hnos SRL,Rivadavia 1327,01557C,Hector Collia,21,4.2,420,21,2.02,2.44,0,0,4,0,0,0,0,0,0,652.48,002200008400,S,Factura de Venta
20171109,29003289,Industrial Maderera Kopruch SA,Acceso Sur 3314,01557C,Hector Collia,3,0.6,60,3,0.3,0.36,0,0,0,0,0,0,0,0,0,93.21,002200008401,N,Factura de Venta
20171109,29002554,Perkusic Hnos SRL,Rivadavia 1327,01568BC,Hector Collia,400,4,400,20,21294.72,25766.62,0,0,4,25,0,0,0,0,0,10328.58,002200008400,S,Factura de Venta
20171109,07003556,Ran Co Materiales SA,Buenos Aires 405,01568BC,Meier,400,4,400,20,21516.54,26035.02,0,3,0,25,0,0,0,0,0,10328.58,002200008402,S,Factura de Venta
20171109,29002212,Don Caracciolo SA,Colectora Sur 626,01568BC,Esteban Bergamaschi,400,4,400,20,23178,28045.38,0,0,0,25,0,0,0,0,0,10328.58,002200008419,S,Factura de Venta
20171109,07003556,Ran Co Materiales SA,Buenos Aires 405,01558ECC,Meier,400,4,400,20,12167.62,14722.82,0,3,0,21,4,0,0,0,0,7810.84,002200008402,S,Factura de Venta
20171109,29002212,Don Caracciolo SA,San Martin 928,01568CBC,Esteban Bergamaschi,180,1.8,180,9,12695.4,15361.44,0,0,0,25,0,0,0,0,0,3222.08,002200008417,S,Factura de Venta
20171109,01005292,Adamant SRL,,04C00898,Isolant SI,1,0,0,1,0.24,0.24,0,0,0,0,0,0,0,0,0,,000000011307,,Débito (Ajustes)
20171109,29003023,Fiol S R L,,04C00898,Hector Collia,1,0,0,1,0.03,0.03,0,0,0,0,0,0,0,0,0,,000000011308,,Débito (Ajustes)
20171109,03000546,Rommel Talleres Metalurgicos,,04C00898,Levy,1,0,0,1,0.17,0.17,0,0,0,0,0,0,0,0,0,,000000011306,,Débito (Ajustes)
20171109,03003751,Indupoles Argentina SA,,04C00898,Isolant SI,1,0,0,1,0.01,0.01,0,0,0,0,0,0,0,0,0,,000000011310,,Débito (Ajustes)
20171109,10000181,Sagosa SCC,,01IN,Norberto Oppezzo,-1,0,0,-1,-701.45,-848.75,0,0,0,0,0,0,0,0,0,,001300000423,N,Crédito de Venta
20171109,29004121,Cattani Susana Marta,,01IN,Levy,-1,0,0,-1,-123.88,-149.9,0,0,0,0,0,0,0,0,0,,001300000424,N,Crédito de Venta
20171109,30000891,Jose Luis Gonzalez SA,,04C00898,Esteban Bergamaschi,1,0,0,1,1.7,1.7,0,0,0,0,0,0,0,0,0,,000000011311,,Débito (Ajustes)
20171109,16004036,Diaz Juan Carlos,Sarmiento 121,01514DB,Leandro Diaz,75,0.375,75,75,1487.81,1800.25,0,0,0,25,0,0,0,0,0,373.5,002200008431,N,Factura de Venta
20171109,28002335,TUBACERO S.A.,,04C00624,Fernando Palmas,1,0,0,1,5134.63,5134.63,0,0,0,0,0,0,0,0,0,,000000000957,,Dif. Cambio (+)
20171109,03000023,Industrias Saladillo SA,IS.SA. Planta Pilar,01776B,Isolant SI,250,7.0686,0,250,31110,37643.1,0,0,0,0,0,0,0,0,0,13060,002200008404,N,Factura de Venta
20171109,01003118,Caputo Marcelo Claudio,Acevedo 65,01658AC,Mariano Martinez,60,1.8,60,0,7392.96,8945.48,0,0,0,40,0,0,0,0,0,2253,002200008423,S,Factura de Venta

