﻿FechaTxt,Codigo_Cliente,Cliente,EntDir,Codigo_Articulo,Vendedor,cantidad,Mts3,Mts2,Rollos,Importe_Bruto,Importe_Neto,Dto_Contado,Dto_Flete,Dto_Especial,Bonificacion,Desc_Adicional,cantidad_elaborada,m2_ocupados,costo_unitario,costo_total_stock,Costo_de_venta,comp,C_Construccion,nomdoc
20171123,31003515,Confort Clima SRL,Garibaldi 640,01765A,Esteban Bergamaschi,25,1.1625,0,25,10446.01,12639.67,0,0,3,21,0,0,0,0,0,1374.25,002200008691,N,Factura de Venta
20171123,31003515,Confort Clima SRL,Garibaldi 640,01766A,Esteban Bergamaschi,15,0.5937,0,15,5351.03,6474.75,0,0,3,21,0,0,0,0,0,744.45,002200008691,N,Factura de Venta
20171123,24000215,Emcisa SRL,Pte. Roca 3108,01750A,Meier,8,0,0,8,5219.71,6315.85,0,0,0,21,10,0,0,0,0,1530.8,002200008692,N,Factura de Venta
20171123,30003195,Mayor SA,Av. Jauregui 2270,01555A,Mariano Martinez,25,2.5,500,25,12743.1,15419.14,0,0,0,21,0,0,0,0,0,4261.5,002200008693,N,Factura de Venta
20171123,24000324,Compañia Americana SRL,Corrientes 2499,01552A,Diego Fani,10,2,200,10,6880.58,8325.51,0,0,0,21,0,0,0,0,0,2248.5,002200008694,N,Factura de Venta
20171123,24000324,Compañia Americana SRL,Corrientes 2499,01905A,Diego Fani,10,0.7118,0,10,8840.5,10697,0,0,0,21,0,0,0,0,0,4051.9,002200008694,N,Factura de Venta
20171123,19002241,Carlos Isla y Cia. SA,Suc. Neuquen: Teodoro Plan 5055,01557A,Latyn-Valle y Cordillera,8,1.6,160,8,4160.8,5034.57,0,0,0,0,0,0,0,0,0,2205.84,002200008729,N,Factura de Venta
20171123,20003188,Emprendimiento Metalurgico Industrial SRL,LOS VALLISTOS - Ruta 9 Km 128 - Acc Norte,06C001CO,Pedro Cocaña,1,0,0,1,0.1,0.12,0,3,0,0,0,0,0,0,0,0,002200008726,N,Factura de Venta
20171123,20003188,Emprendimiento Metalurgico Industrial SRL,LOS VALLISTOS - Ruta 9 Km 128 - Acc Norte,01557AR,Pedro Cocaña,205,41,4100,205,52496.4,63520.64,0,3,0,0,0,0,0,0,0,49405,002200008726,N,Factura de Venta
20171123,19002241,Carlos Isla y Cia. SA,Suc. Neuquen: Teodoro Plan 5055,01767C,Latyn-Valle y Cordillera,3,0.15948,0,3,2447.87,2961.92,0,3,0,21,0,0,0,0,0,512.97,002200008728,N,Factura de Venta
20171123,01002325,Centro Sec SRL,Av. Cordoba 5625,01569BC,Hector Collia,34,10.2,680,34,47827.03,57870.71,0,0,0,25,0,0,0,0,0,23309.04,002200008704,N,Factura de Venta
20171123,01002325,Centro Sec SRL,Av. Cordoba 5625,01568CB,Hector Collia,40,8,800,40,58974.6,71359.26,0,0,0,25,0,0,0,0,0,22122.4,002200008705,S,Factura de Venta
20171123,27001902,Josefa M. de Rodriguez SA,España y Buenos Aires,06C001CS,Pedro Cocaña,1,0,0,1,0.1,0.12,0,3,0,0,0,0,0,0,0,0,002200008722,S,Factura de Venta
20171123,27003647,Ahmad Claudio Dante,San Miguel 275,01662ACP,Pedro Cocaña,50,2,50,0,10355.01,12529.56,0,3,0,21,0,0,0,0,0,2391,002200008724,N,Factura de Venta
20171123,25004564,Lo Bruno Sociedad Anonima,Saenz Peña 1305,01555AR,Pedro Cocaña,150,15,3000,150,36611.44,44299.84,0,3,0,25,12,0,0,0,0,20704.5,002200008727,N,Factura de Venta
20171123,19002241,Carlos Isla y Cia. SA,Suc. Neuquen: Teodoro Plan 5055,01557AR,Latyn-Valle y Cordillera,100,20,2000,100,30500,36905,0,0,0,0,0,0,0,0,0,24100,002200008729,N,Factura de Venta
20171123,03003751,Indupoles Argentina SA,Parque Ind. Campana - Km70 de Panamericana - Lote 12,01500CIN,Isolant SI,5250,2.625,5250,5250,8610,10418.1,0,0,0,0,0,0,0,0,0,5827.5,002200008708,N,Factura de Venta
20171123,03003751,Indupoles Argentina SA,Parque Ind. Campana - Km70 de Panamericana - Lote 12,01506CIN,Isolant SI,1350,2.025,1350,1350,4360.5,5276.2,0,0,0,0,0,0,0,0,0,2538,002200008708,N,Factura de Venta
20171123,03003751,Indupoles Argentina SA,Parque Ind. Campana - Km70 de Panamericana - Lote 12,01500BIN,Isolant SI,13200,6.6,13200,13200,21648,26194.08,0,0,0,0,0,0,0,0,0,15444,002200008708,N,Factura de Venta
20171123,03003751,Indupoles Argentina SA,Parque Ind. Campana - Km70 de Panamericana - Lote 12,01500BIN,Isolant SI,10200,5.1,10200,10200,16728,20240.88,0,0,0,0,0,0,0,0,0,11934,002200008708,N,Factura de Venta
20171123,03003751,Indupoles Argentina SA,Parque Ind. Campana - Km70 de Panamericana - Lote 12,01500CIN ,Isolant SI,18000,9,18000,18000,29520,35719.2,0,0,0,0,0,0,0,0,0,19980,002200008708,N,Factura de Venta
20171123,03003751,Indupoles Argentina SA,Parque Ind. Campana - Km70 de Panamericana - Lote 12,01766E,Isolant SI,10,2.1112,0,10,10243.4,12394.51,0,0,0,0,0,0,0,0,0,2570.1,002200008708,N,Factura de Venta
20171123,24002411,La Casa de la Construccion SRL,Riccheri 965,01558EC,Diego Fani,20,4,400,20,12022.58,14547.32,0,0,0,21,8,0,0,0,0,8529.4,002200008700,N,Factura de Venta
20171123,24002411,La Casa de la Construccion SRL,Riccheri 965,01750A,Diego Fani,2,0,0,2,1331.98,1611.69,0,0,0,21,4,0,0,0,0,382.7,002200008700,N,Factura de Venta
20171123,24002411,La Casa de la Construccion SRL,Riccheri 965,01960DA,Diego Fani,2,0,0,2,5889.86,7126.73,0,0,0,21,0,0,0,0,0,2070.6,002200008700,N,Factura de Venta
20171123,30003904,Malelu SRL,Av. Tucuman 2692,01555A,Ventas Buenos Aires,100,10,2000,100,46894.59,56742.45,0,0,0,21,8,0,0,0,0,17046,002200008701,N,Factura de Venta
20171123,31004150,Abella Roberto Alejandro,Gral Manuel Belgrano 826,01557A,Esteban Bergamaschi,10,2,200,10,7784.03,9418.67,0,0,0,21,0,0,0,0,0,2757.3,002200008702,N,Factura de Venta
20171123,31004150,Abella Roberto Alejandro,Gral Manuel Belgrano 826,01555AR,Esteban Bergamaschi,20,2,400,20,6023.75,7288.74,0,0,0,21,0,0,0,0,0,2760.6,002200008702,N,Factura de Venta
20171123,03005965,Ferrozinc SA,Lavalle 1705,01558EC,Mariano Martinez,50,10,1000,50,21835.18,26420.56,0,0,20,25,12,0,0,0,0,21323.5,002200008684,N,Factura de Venta
20171123,30005679,Corralon Los Mellizos S.D.H,Marconi 247,06C001CS,Disapla,1,0,0,1,0.1,0.12,0,0,0,0,0,0,0,0,0,0,002200008685,N,Factura de Venta
20171123,30005679,Corralon Los Mellizos S.D.H,Marconi 247,01557AR,Disapla,65,13,1300,65,28906.68,34977.08,0,0,0,21,4,0,0,0,0,15665,002200008685,N,Factura de Venta
20171123,25005566,Carraro Soc de Responsabilidad Limitada,Eva Perón 76,01557AR,Pedro Cocaña,100,20,2000,100,39010.45,47202.65,0,0,0,21,12,0,0,0,0,24100,002200008686,N,Factura de Venta
20171123,25005566,Carraro Soc de Responsabilidad Limitada,Eva Perón 76,01555AR,Pedro Cocaña,50,5,1000,50,12681.49,15344.6,0,0,0,21,12,0,0,0,0,6901.5,002200008686,N,Factura de Venta
20171123,24002411,La Casa de la Construccion SRL,Riccheri 965,01557A,Diego Fani,25,5,500,25,17877.19,21631.41,0,0,0,21,4,0,0,0,0,6893.25,002200008700,N,Factura de Venta
20171123,11001271,Perez Ruben,ECHEVERRIA 1740,01557AR,Victor Casañas,20,4,400,20,6281.6,7600.74,0,0,0,0,0,0,0,0,0,4820,002200008718,N,Factura de Venta
20171123,11001271,Perez Ruben,ECHEVERRIA 1740,01550I,Victor Casañas,10,0.7,350,10,768.5,929.88,0,0,0,0,0,0,0,0,0,431.5,002200008718,N,Factura de Venta
20171123,11001271,Perez Ruben,ECHEVERRIA 1740,01551I,Victor Casañas,10,1,200,10,1483.8,1795.4,0,0,0,0,0,0,0,0,0,821.6,002200008718,N,Factura de Venta
20171123,03005965,Ferrozinc SA,Lavalle 1705,01558ET,Mariano Martinez,50,10,1000,50,18205.18,22028.26,0,0,20,25,12,0,0,0,0,12655.5,002200008684,N,Factura de Venta
20171123,03005965,Ferrozinc SA,Lavalle 1705,01557AR,Mariano Martinez,40,8,800,40,11851.28,14340.04,0,0,20,25,12,0,0,0,0,9640,002200008684,N,Factura de Venta
20171123,03005965,Ferrozinc SA,Lavalle 1705,01558ET,Mariano Martinez,150,30,3000,150,54615.53,66084.79,0,0,20,25,12,0,0,0,0,37966.5,002200008684,N,Factura de Venta
20171123,11005815,Michel Hector Luis,avda pte peron 243,06C001CO,Victor Casañas,1,0,0,1,0.1,0.12,0,0,0,0,0,0,0,0,0,0,002200008717,N,Factura de Venta
20171123,11005815,Michel Hector Luis,avda pte peron 243,01558EC,Victor Casañas,30,6,600,30,20974.26,25378.86,0,0,0,21,0,0,0,0,0,12794.1,002200008717,N,Factura de Venta
20171123,11001271,Perez Ruben,ECHEVERRIA 1740,01555EC,Victor Casañas,10,1,200,10,2398,2901.58,0,0,0,0,0,0,0,0,0,1681.4,002200008718,N,Factura de Venta
20171123,11001271,Perez Ruben,ECHEVERRIA 1740,01558ET,Victor Casañas,15,3,300,15,5802.75,7021.33,0,0,0,0,0,0,0,0,0,3796.65,002200008718,N,Factura de Venta
20171123,11001271,Perez Ruben,ECHEVERRIA 1740,01558EC,Victor Casañas,10,2,200,10,4640,5614.4,0,0,0,0,0,0,0,0,0,4264.7,002200008718,N,Factura de Venta
20171123,11001271,Perez Ruben,ECHEVERRIA 1740,01555AR,Victor Casañas,20,2,400,20,4093.4,4953.01,0,0,0,0,0,0,0,0,0,2760.6,002200008718,N,Factura de Venta
20171123,01001802,Boedogoma SRL,Av. San Juan 3706,01765A,Hector Collia,1,0.0465,0,1,430.76,521.22,0,0,0,21,0,0,0,0,0,54.97,002200008710,N,Factura de Venta
20171123,01001802,Boedogoma SRL,Av. San Juan 3706,01773A,Hector Collia,1,0.03255,0,1,308.42,373.19,0,0,0,21,0,0,0,0,0,72.84,002200008710,N,Factura de Venta
20171123,01002348,Almagro Refrigeracion y Asociados SA,Mexico 3326,01558ET,Hector Collia,15,3,300,15,8539.35,10332.61,0,0,0,21,0,0,0,0,0,3796.65,002200008711,N,Factura de Venta
20171123,01003805,La Ardilla Camping SRL,Av. Juan B. Justo 831,01557AR,Levy,20,4,400,20,8866.01,10727.87,0,0,0,21,0,0,0,0,0,4820,002200008713,N,Factura de Venta
20171123,01003805,La Ardilla Camping SRL,Av. Juan B. Justo 831,01555AR,Levy,20,2,400,20,5764.31,6974.82,0,0,0,21,0,0,0,0,0,2760.6,002200008713,N,Factura de Venta
20171123,01003621,Gontel SACIF,Av. Warnes 975,01514Q,Levy,250,1.25,250,250,1875,2268.75,0,0,0,0,0,0,0,0,0,393.63,002200008716,N,Factura de Venta
20171123,03005875,Coria Sandra Patricia,Presidente Peron 5786,01552I,Levy,10,2,400,10,4365.15,5281.83,0,0,0,21,0,0,0,0,0,2018.3,002200008706,N,Factura de Venta
20171123,01004029,Sologoma SRL,Av Boedo 1900 - Esquina Barrio,01524HC,Hector Collia,50,0.5,50,0,1686.26,2040.37,0,0,0,21,0,0,0,0,0,564.5,002200008712,N,Factura de Venta
20171123,01004029,Sologoma SRL,Av Boedo 1900 - Esquina Barrio,01524GC,Hector Collia,75,0.75,75,0,2529.38,3060.55,0,0,0,21,0,0,0,0,0,795.75,002200008712,N,Factura de Venta
20171123,01004029,Sologoma SRL,Av Boedo 1900 - Esquina Barrio,01769A,Hector Collia,1,0.0333,0,1,357.18,432.19,0,0,0,21,0,0,0,0,0,42.6,002200008712,N,Factura de Venta
20171123,01001802,Boedogoma SRL,Av. San Juan 3706,01652AC,Hector Collia,20,0.3,20,0,1699.61,2056.52,0,0,0,21,0,0,0,0,0,399.4,002200008710,N,Factura de Venta
20171123,01001802,Boedogoma SRL,Av. San Juan 3706,01656AC,Hector Collia,10,0.25,10,0,1360.06,1645.68,0,0,0,21,0,0,0,0,0,308.1,002200008710,N,Factura de Venta
20171123,01002821,Ferreteria Central SRL,Av. Monroe 3161,06X002QS,Hector Collia,1,0,0,1,0.1,0.12,0,0,0,0,0,0,0,0,0,0,002200008703,N,Factura de Venta
20171123,01002821,Ferreteria Central SRL,Av. Monroe 3161,01753A,Hector Collia,3,0.1125,0,3,2666.79,3226.82,0,0,0,25,0,0,0,0,0,1484.31,002200008703,N,Factura de Venta
20171123,01002821,Ferreteria Central SRL,Av. Monroe 3161,01753B,Hector Collia,2,0.105,0,2,2492.32,3015.71,0,0,0,25,0,0,0,0,0,1443.14,002200008703,N,Factura de Venta
20171123,01002821,Ferreteria Central SRL,Av. Monroe 3161,06C001CO,Hector Collia,1,0,0,1,0.1,0.12,0,0,0,0,0,0,0,0,0,0,002200008703,N,Factura de Venta
20171123,01002821,Ferreteria Central SRL,Av. Monroe 3161,06X002QS,Hector Collia,1,0,0,1,0.1,0.12,0,0,0,0,0,0,0,0,0,0,002200008703,N,Factura de Venta
20171123,03005875,Coria Sandra Patricia,Presidente Peron 5786,01551I,Levy,4,0.4,80,4,873.42,1056.84,0,0,0,21,0,0,0,0,0,328.64,002200008706,N,Factura de Venta
20171123,10000785,Perren y Cia. SA,9 de Julio 975,01555A,Norberto Oppezzo,40,4,800,40,17273.83,20901.33,0,3,0,25,8,0,0,0,0,6818.4,002200008687,N,Factura de Venta
20171123,10000785,Perren y Cia. SA,9 de Julio 975,01960DC,Norberto Oppezzo,3,0,0,3,4375.93,5294.88,0,3,0,25,0,0,0,0,0,3105.9,002200008687,N,Factura de Venta
20171123,10000785,Perren y Cia. SA,9 de Julio 975,01557A,Norberto Oppezzo,40,8,800,40,27525.9,33306.34,0,3,0,25,4,0,0,0,0,11029.2,002200008688,N,Factura de Venta
20171123,04004334,Fapex SA,Rio Potrero 175 (Esq. Rio de Rey) Barrio CinaCina,01524HC,Isolant SI,125,1.25,125,0,1735,2099.35,0,0,0,0,0,0,0,0,0,1411.25,002200008689,N,Factura de Venta
20171123,04004334,Fapex SA,Rio Potrero 175 (Esq. Rio de Rey) Barrio CinaCina,01514Q,Isolant SI,125,0.625,125,125,850,1028.5,0,0,0,0,0,0,0,0,0,196.81,002200008690,N,Factura de Venta
20171123,01002821,Ferreteria Central SRL,Av. Monroe 3161,06C001CO,Hector Collia,1,0,0,1,0.1,0.12,0,0,0,0,0,0,0,0,0,0,002200008703,N,Factura de Venta
20171123,03003751,Indupoles Argentina SA,Parque Ind. Campana - Km70 de Panamericana - Lote 12,01506BIN,Isolant SI,4320,6.48,4320,4320,13392,16204.32,0,0,0,0,0,0,0,0,0,8510.4,002200008709,N,Factura de Venta
20171123,10000785,Perren y Cia. SA,9 de Julio 975,06C001CO,Norberto Oppezzo,1,0,0,1,0.1,0.12,0,3,0,0,0,0,0,0,0,0,002200008687,N,Factura de Venta
20171123,10000785,Perren y Cia. SA,9 de Julio 975,06X002QS,Norberto Oppezzo,1,0,0,1,0.1,0.12,0,3,0,0,0,0,0,0,0,0,002200008687,N,Factura de Venta
20171123,10000785,Perren y Cia. SA,9 de Julio 975,01551A,Norberto Oppezzo,6,0.6,120,6,2187.45,2646.81,0,3,0,25,8,0,0,0,0,733.26,002200008687,N,Factura de Venta
20171123,10000785,Perren y Cia. SA,9 de Julio 975,01550A,Norberto Oppezzo,15,0.6,300,15,2802.93,3391.54,0,3,0,25,8,0,0,0,0,1034.25,002200008687,N,Factura de Venta
20171123,10000785,Perren y Cia. SA,9 de Julio 975,01557A,Norberto Oppezzo,40,8,800,40,26378.99,31918.57,0,3,0,25,8,0,0,0,0,11029.2,002200008687,N,Factura de Venta
20171123,31001395,Climatec SRL,Santa Fe 345,01762A,Norberto Oppezzo,25,1.27225,0,25,10916.67,13209.18,0,0,0,30,0,0,0,0,0,1926.5,002200008695,N,Factura de Venta
20171123,30001635,Edgardo R Ponthot e Hijos CIA,Av. Juan Domingo Peron 936,01555EC,Ventas Buenos Aires,40,4,800,40,12967.12,15690.22,0,0,0,21,4,0,0,0,0,6725.6,002200008696,N,Factura de Venta
20171123,30001635,Edgardo R Ponthot e Hijos CIA,Av. Juan Domingo Peron 936,01558ET,Ventas Buenos Aires,20,4,400,20,10459.7,12656.24,0,0,0,21,4,0,0,0,0,5062.2,002200008696,N,Factura de Venta
20171123,01005974,Nicoliello Jorge Alberto,Jose L. Cabezón 3294,01555AR,Mariano Martinez,15,1.5,300,15,4382.28,5302.56,0,3,0,21,0,0,0,0,0,2070.45,002200008707,N,Factura de Venta
20171123,01005974,Nicoliello Jorge Alberto,Jose L. Cabezón 3294,01557AR,Mariano Martinez,10,2,200,10,4493.51,5437.14,0,3,0,21,0,0,0,0,0,2410,002200008707,N,Factura de Venta
20171123,01005974,Nicoliello Jorge Alberto,Jose L. Cabezón 3294,01960DC,Mariano Martinez,2,0,0,2,3072.88,3718.18,0,3,0,21,0,0,0,0,0,2070.6,002200008707,N,Factura de Venta
20171123,01003118,Caputo Marcelo Claudio,Acevedo 65,01551IC,Mariano Martinez,1000,5,1000,50,10917.8,13210.54,0,0,0,21,0,0,0,0,0,1554.74,002200008715,S,Factura de Venta
20171123,30003195,Mayor SA,Av. Jauregui 2270,01555C,Mariano Martinez,3,0.3,60,3,0.3,0.36,0,0,0,0,0,0,0,0,0,64.58,002200008693,N,Factura de Venta
20171123,10000785,Perren y Cia. SA,9 de Julio 975,01555C,Norberto Oppezzo,3,0.3,60,3,0.29,0.35,0,3,0,0,0,0,0,0,0,64.58,002200008687,N,Factura de Venta
20171123,30003904,Malelu SRL,Av. Tucuman 2692,01555C,Ventas Buenos Aires,12,1.2,240,12,1.2,1.45,0,0,0,0,0,0,0,0,0,258.31,002200008701,N,Factura de Venta
20171123,27001542,Rosso Hnos. SA,Suc.05 - Silvano Bores 56,01555AA,Pedro Cocaña,1000,5,1000,50,19769.38,23920.94,0,3,0,25,12,0,0,0,0,1076.28,002200008721,S,Factura de Venta
20171123,27001542,Rosso Hnos. SA,Suc.05 - Silvano Bores 56,01555C,Pedro Cocaña,6,0.6,120,6,0.58,0.7,0,3,0,0,0,0,0,0,0,129.15,002200008721,S,Factura de Venta
20171123,16004720,Calderon Sociedad Anonima,Espejo Oeste 1000,01555MC,Leandro Diaz,400,3,400,20,19488.48,23581.06,0,0,0,25,12,0,0,0,0,10357.32,002200008697,S,Factura de Venta
20171123,16004720,Calderon Sociedad Anonima,Espejo Oeste 1000,01555MA,Leandro Diaz,2,0.3,40,2,0.2,0.24,0,0,0,0,0,0,0,0,0,1035.73,002200008697,S,Factura de Venta
20171123,10000785,Perren y Cia. SA,9 de Julio 975,01557C,Norberto Oppezzo,3,0.6,60,3,0.29,0.35,0,3,0,0,0,0,0,0,0,88.96,002200008687,N,Factura de Venta
20171123,10000785,Perren y Cia. SA,9 de Julio 975,01557C,Norberto Oppezzo,3,0.6,60,3,0.29,0.35,0,3,0,0,0,0,0,0,0,88.96,002200008688,N,Factura de Venta
20171123,24002411,La Casa de la Construccion SRL,Riccheri 965,01557C,Diego Fani,3,0.6,60,3,0.3,0.36,0,0,0,0,0,0,0,0,0,88.96,002200008700,N,Factura de Venta
20171123,27001542,Rosso Hnos. SA,Suc.05 - Silvano Bores 56,01559AA,Pedro Cocaña,1000,10,1000,50,30179.02,36516.62,0,3,0,25,12,0,0,0,0,1482.65,002200008721,S,Factura de Venta
20171123,27001542,Rosso Hnos. SA,Suc.05 - Silvano Bores 56,01557C,Pedro Cocaña,6,1.2,120,6,0.58,0.7,0,3,0,0,0,0,0,0,0,177.92,002200008721,S,Factura de Venta
20171123,27001542,Rosso Hnos. SA,Suc.07 - A. DEL VALLE 44,01559AA,Pedro Cocaña,1000,10,1000,50,30179.02,36516.62,0,3,0,25,12,0,0,0,0,1482.65,002200008719,S,Factura de Venta
20171123,27001542,Rosso Hnos. SA,Suc.07 - A. DEL VALLE 44,01557C,Pedro Cocaña,6,1.2,120,6,0.58,0.7,0,3,0,0,0,0,0,0,0,177.92,002200008719,S,Factura de Venta
20171123,27001542,Rosso Hnos. SA,Suc.05 - Silvano Bores 56,01559AA,Pedro Cocaña,700,7,700,35,22075.38,26711.2,0,3,0,25,12,0,0,0,0,1037.85,002200008725,S,Factura de Venta
20171123,27001542,Rosso Hnos. SA,Suc.05 - Silvano Bores 56,01557C,Pedro Cocaña,3,0.6,60,3,0.3,0.36,0,3,0,0,0,0,0,0,0,88.96,002200008725,S,Factura de Venta
20171123,27001542,Rosso Hnos. SA,Suc.05 - Silvano Bores 56,01558ALC,Pedro Cocaña,200,2,200,10,8284.18,10023.86,0,3,0,25,12,0,0,0,0,3642.91,002200008721,S,Factura de Venta
20171123,27001542,Rosso Hnos. SA,Suc.05 - Silvano Bores 56,01558ALP,Pedro Cocaña,1,0.2,40,1,0.1,0.12,0,3,0,0,0,0,0,0,0,364.29,002200008721,S,Factura de Venta
20171123,27001902,Josefa M. de Rodriguez SA,España y Buenos Aires,01568BC,Pedro Cocaña,1800,18,1800,90,101988.4,123405.96,0,3,0,21,0,0,0,0,0,47304.47,002200008722,S,Factura de Venta
20171123,27001542,Rosso Hnos. SA,Suc.07 - A. DEL VALLE 44,01568BC,Pedro Cocaña,40,0.4,40,2,2151.66,2603.5,0,3,0,25,0,0,0,0,0,1051.21,002200008720,S,Factura de Venta
20171123,16004720,Calderon Sociedad Anonima,Espejo Oeste 1000,01558BRC,Leandro Diaz,100,1,100,5,6664.32,8063.82,0,0,0,25,4,0,0,0,0,2572.15,002200008698,S,Factura de Venta
20171123,16004720,Calderon Sociedad Anonima,Espejo Oeste 1000,01558ECC,Leandro Diaz,1200,12,1200,60,32741.28,39616.94,0,0,0,25,12,0,0,0,0,22546.95,002200008697,S,Factura de Venta
20171123,16004720,Calderon Sociedad Anonima,Espejo Oeste 1000,01558ETC,Leandro Diaz,900,9,900,45,20469.24,24767.78,0,0,0,25,12,0,0,0,0,1529.04,002200008697,S,Factura de Venta
20171123,01003118,Caputo Marcelo Claudio,Acevedo 65,01700AD,Mariano Martinez,400,2.4,400,21.8181818181818,13076,15821.96,0,0,0,30,0,0,0,0,0,6130.45,002200008714,S,Factura de Venta
20171123,16004720,Calderon Sociedad Anonima,Espejo Oeste 1000,01960FC,Leandro Diaz,12,0,0,12,24005.04,29046.1,0,0,0,25,12,0,0,0,0,0,002200008698,S,Factura de Venta
20171123,31003515,Confort Clima SRL,Garibaldi 640,01763A,Esteban Bergamaschi,10,0.47124,0,10,4201.78,5084.15,0,0,3,21,0,0,0,0,0,620.8,002200008691,N,Factura de Venta
20171123,31001395,Climatec SRL,Santa Fe 345,01764A,Norberto Oppezzo,20,1.036728,0,20,8813.28,10664.07,0,0,0,30,0,0,0,0,0,1329.6,002200008695,N,Factura de Venta
20171123,01004029,Sologoma SRL,Av Boedo 1900 - Esquina Barrio,01514PC,Hector Collia,25,0.125,25,0,522.39,632.09,0,0,0,21,0,0,0,0,0,180,002200008712,N,Factura de Venta
20171123,01004029,Sologoma SRL,Av Boedo 1900 - Esquina Barrio,01654DC,Hector Collia,10,0.2,10,0,1111.53,1344.95,0,0,0,21,0,0,0,0,0,269.6,002200008712,N,Factura de Venta
20171123,01001802,Boedogoma SRL,Av. San Juan 3706,01654DC,Hector Collia,20,0.4,20,0,2223.06,2689.9,0,0,0,21,0,0,0,0,0,539.2,002200008710,N,Factura de Venta
20171123,01001802,Boedogoma SRL,Av. San Juan 3706,01658DC,Hector Collia,10,0.3,10,0,1622.42,1963.13,0,0,0,21,0,0,0,0,0,410.2,002200008710,N,Factura de Venta
20171123,07004833,Budimir Andres Maximo y Budimir Juan Mateo S.H.,,01IN,Meier,-1,0,0,-1,-2471.85,-2990.94,0,0,0,0,0,0,0,0,0,,001300000449,N,Crédito de Venta
20171123,06001901,Bernardi SRL,,01IN,Pedro Cocaña,-1,0,0,-1,-517.51,-626.19,0,0,0,0,0,0,0,0,0,,001300000452,,Crédito de Venta
20171123,16003448,Tapicenter SA,,01IN,Leandro Diaz,-1,0,0,-1,-1583.5,-1916.04,0,0,0,0,0,0,0,0,0,,001300000450,N,Crédito de Venta
20171123,16000158,Valerio Oliva SACIA,,04C00898,Leandro Diaz,1,0,0,1,7.78,7.78,0,0,0,0,0,0,0,0,0,,000000011346,,Débito (Ajustes)
20171123,06001901,Bernardi SRL,,04C00898,Pedro Cocaña,1,0,0,1,0.01,0.01,0,0,0,0,0,0,0,0,0,,000000011347,,Débito (Ajustes)
20171123,29002554,Perkusic Hnos SRL,,01IN,Hector Collia,-1,0,0,-1,-2549.66,-3085.09,0,0,0,0,0,0,0,0,0,,001300000445,,Crédito de Venta
20171123,27004790,Luciano Pablo Nestor,,01IN,Pedro Cocaña,-1,0,0,-1,-3458.23,-4184.46,0,0,0,0,0,0,0,0,0,,001300000446,N,Crédito de Venta
20171123,24004200,Mariutti Hnos SH,,01IN,Meier,-1,0,0,-1,-134.55,-162.8,0,0,0,0,0,0,0,0,0,,001300000447,,Crédito de Venta
20171123,24002089,AD Interiores De Puccinelli Daniel y Helu Alicia,,01IN,Meier,-1,0,0,-1,-460.12,-556.75,0,0,0,0,0,0,0,0,0,,001300000448,,Crédito de Venta
20171123,16000158,Valerio Oliva SACIA,,01IN,Leandro Diaz,-1,0,0,-1,-1072.65,-1297.91,0,0,0,0,0,0,0,0,0,,001300000451,,Crédito de Venta
20171123,06001901,Bernardi SRL,,01IN,Pedro Cocaña,-1,0,0,-1,-2859.93,-3460.52,0,0,0,0,0,0,0,0,0,,001300000453,,Crédito de Venta
20171123,29000227,Moreno Alfredo German,,04C00898,Isolant SA,1,0,0,1,0.61,0.61,0,0,0,0,0,0,0,0,0,,000000011343,,Débito (Ajustes)
20171123,29000227,Moreno Alfredo German,,04C00898,Isolant SA,-1,0,0,-1,-0.61,-0.61,0,0,0,0,0,0,0,0,0,,000000011344,,Crédito (Ajustes)
20171123,03005977,Mascialino Rodolfo,Republica de israel (Calle 24),01662A,Ventas Buenos Aires,192,7.68,192,0,31133.96,37672.08,0,0,0,40,0,0,0,0,0,9181.44,002200008699,S,Factura de Venta
20171123,05003825,Suarez Alfredo Virgilio,,04C00898,Ventas Buenos Aires,1,0,0,1,0.03,0.03,0,0,0,0,0,0,0,0,0,,000000011342,,Débito (Ajustes)
20171123,03003751,Indupoles Argentina SA,,04C00898,Isolant SI,1,0,0,1,0.01,0.01,0,0,0,0,0,0,0,0,0,,000000011345,,Débito (Ajustes)
20171123,27003647,Ahmad Claudio Dante,San Miguel 275,01658AC,Pedro Cocaña,20,0.6,20,0,3147.5,3808.48,0,3,0,21,0,0,0,0,0,762,002200008724,N,Factura de Venta

