﻿FechaTxt,Codigo_Cliente,Cliente,EntDir,Codigo_Articulo,Vendedor,cantidad,Mts3,Mts2,Rollos,Importe_Bruto,Importe_Neto,Dto_Contado,Dto_Flete,Dto_Especial,Bonificacion,Desc_Adicional,cantidad_elaborada,m2_ocupados,costo_unitario,costo_total_stock,Costo_de_venta
20161117,24002713,Casa Bureu SA,Av. Pte. Juan D. Peron 3447,01765C,Diego Fani,3,0.17643,0,3,2745.38,3321.92,0,0,0,21,0,0,0,0,0,0
20161117,16002804,Maderas Riccardi SRL,Mazza Norte 3565,01555ECC,Leandro Diaz,300,1.5,300,15,5588.46,6762.04,0,0,0,21,0,0,0,0,0,0
20161117,16002804,Maderas Riccardi SRL,Mazza Norte 3565,01558ESC,Leandro Diaz,300,3,300,15,8005.86,9687.1,0,0,0,21,0,0,0,0,0,0
20161117,16002804,Maderas Riccardi SRL,Mazza Norte 3565,01654ONC,Leandro Diaz,60,0.84,60,0,2210.74,2675,0,0,0,21,12,0,0,0,0,0
20161117,16002804,Maderas Riccardi SRL,Mazza Norte 3565,01655ONC,Leandro Diaz,60,0.84,60,0,2627.86,3179.7,0,0,0,21,12,0,0,0,0,0
20161117,16002804,Maderas Riccardi SRL,Mazza Norte 3565,01753AC,Leandro Diaz,5,0.1875,0,5,3719.32,4500.38,0,0,0,21,12,0,0,0,0,0
20161117,16002804,Maderas Riccardi SRL,Mazza Norte 3565,01960FC,Leandro Diaz,5,0,0,5,10228.68,12376.72,0,0,0,21,12,0,0,0,0,0
20161117,04005747,Manso Hector Abel,San Luis 643,01558ESC,Hector Collia,1000,10,1000,50,22294.8,26976.7,0,0,0,25,12,0,0,0,0,0
20161117,04005747,Manso Hector Abel,San Luis 643,01555ECC,Hector Collia,340,1.7,340,17,5291.36,6402.54,0,0,0,25,12,0,0,0,0,0
20161117,04005747,Manso Hector Abel,San Luis 643,01550IC,Hector Collia,1200,2.4,1200,60,5940,7187.4,0,0,0,25,12,0,0,0,0,0
20161117,04005747,Manso Hector Abel,San Luis 643,01555C,Hector Collia,3,0.3,60,3,0.6,0.72,0,0,0,0,0,0,0,0,0,0
20161117,04005747,Manso Hector Abel,San Luis 643,01555AA,Hector Collia,500,2.5,500,25,9702,11739.42,0,0,0,25,12,0,0,0,0,0
20161117,04005747,Manso Hector Abel,San Luis 643,01559AA,Hector Collia,500,5,500,25,14817,17928.56,0,0,0,25,12,0,0,0,0,0
20161117,04005747,Manso Hector Abel,San Luis 643,01557C,Hector Collia,3,0.6,60,3,0.6,0.72,0,0,0,0,0,0,0,0,0,0
20161117,01004664,Construccion de Estructuras SRL,Sebastian Elcano 3461,01568B,Ventas Buenos Aires,3276,32.76,3276,163.8,173450.44,209875.03,0,0,0,21,0,0,0,0,0,0
20161117,01004664,Construccion de Estructuras SRL,Sebastian Elcano 3461,01563D,Ventas Buenos Aires,729,3.645,729,36.45,35003.81,42354.61,0,0,0,21,0,0,0,0,0,0
20161117,07004833,Budimir Andres Maximo y Budimir Juan Mateo S.H.,Jeronimo Cortez 1244,01514DC,Meier,3000,15,3000,3000,42664.5,51624.04,0,0,0,40,5,0,0,0,0,0
20161117,16004335,Alvarez Victor Horacio,Domingo Mateu 1715,01524AY,Leandro Diaz,20,0.2,20,0,34560,41817.6,0,0,0,0,0,0,0,0,0,0
20161117,16004335,Alvarez Victor Horacio,Domingo Mateu 1715,01654ON,Leandro Diaz,12,0.168,12,0,318,384.78,0,0,0,50,0,0,0,0,0,0
20161117,03001251,Lopez Aurelio y Yomayel Dergio Raul S.H.,Av. Santa Fe 2277,01700AC,Levy,10,1.2,0,10,5671.33,6862.31,0,0,0,30,0,0,0,0,0,0
20161117,10002100,Los Andes SCPA,Rivadavia 1184,01603AC,Guillermo Ghiretti,20,1,500,20,5247.76,6349.79,0,0,0,30,0,0,0,0,0,0
20161117,01005292,Adamant SRL,,04C00898,Isolant SI,1,0,0,1,0.19,0.19,0,0,0,0,0,0,0,0,0,0
20161117,24000055,Impack SA,Galvez 1544,01514D,Victor Casañas,1350,6.75,1350,1350,11907,14407.47,0,0,0,0,0,0,0,0,0,0
20161117,24000055,Impack SA,Galvez 1544,01512D,Victor Casañas,2500,10,2500,0,17525,21205.25,0,0,0,0,0,0,0,0,0,0
20161117,24000055,Impack SA,Galvez 1544,01508DB,Victor Casañas,3000,6,3000,0,11490,13902.9,0,0,0,0,0,0,0,0,0,0
20161117,24000055,Impack SA,Galvez 1544,01500AC,Victor Casañas,9000,4.5,9000,0,16200,19602,0,0,0,0,0,0,0,0,0,0
20161117,27003323,Bercovich SACIFIA,Centro Dist. Lastenia - Km 1296 (frente a Arco),01557A,Pedro Cocaña,100,20,2000,100,57489.32,69562.08,0,3,0,25,12,0,0,0,0,0
20161117,27003323,Bercovich SACIFIA,Centro Dist. Lastenia - Km 1296 (frente a Arco),01557C,Pedro Cocaña,10,2,200,10,0.97,1.17,0,3,0,0,0,0,0,0,0,0
20161117,27003323,Bercovich SACIFIA,Centro Dist. Lastenia - Km 1296 (frente a Arco),01558BC,Pedro Cocaña,150,30,3000,150,152109.34,184052.3,0,3,0,25,0,0,0,0,0,0
20161117,27003323,Bercovich SACIFIA,Centro Dist. Lastenia - Km 1296 (frente a Arco),01554BR,Pedro Cocaña,20,2.4,400,20,24955.76,30196.47,0,3,0,25,12,0,0,0,0,0
20161117,27003323,Bercovich SACIFIA,Centro Dist. Lastenia - Km 1296 (frente a Arco),01554BP,Pedro Cocaña,2,0.24,40,2,0.19,0.23,0,3,0,0,0,0,0,0,0,0
20161117,11003629,Heinze Gabriel Esteban,Av. Alem 1915,01603AC,Victor Casañas,20,1,500,20,5685.58,6879.54,0,0,0,21,4,0,0,0,0,0
20161117,11003629,Heinze Gabriel Esteban,Av. Alem 1915,01603BD,Victor Casañas,750,1.5,750,30,6438.82,7790.96,0,0,0,21,4,0,0,0,0,0
20161117,07002454,Lutre Juan Ernesto,Rivadavia 850,01554BP,Meier,1,0.12,20,1,0.1,0.12,0,0,0,0,0,0,0,0,0,0
20161117,07002454,Lutre Juan Ernesto,Rivadavia 850,01559AA,Meier,500,5,500,25,17026.08,20601.56,0,0,0,21,4,0,0,0,0,0
20161117,07002454,Lutre Juan Ernesto,Rivadavia 850,01555AA,Meier,500,2.5,500,25,11148.48,13489.66,0,0,0,21,4,0,0,0,0,0
20161117,07002454,Lutre Juan Ernesto,Rivadavia 850,01554BRC,Meier,200,1.2,200,10,14075.9,17031.84,0,0,0,21,4,0,0,0,0,0
20161117,07002454,Lutre Juan Ernesto,Rivadavia 850,01568B,Meier,4800,48,4800,240,209760,253809.6,0,0,0,0,0,0,0,0,0,0
20161117,07002454,Lutre Juan Ernesto,Rivadavia 850,01557C,Meier,3,0.6,60,3,0.3,0.36,0,0,0,0,0,0,0,0,0,0
20161117,07002454,Lutre Juan Ernesto,Rivadavia 850,01555C,Meier,3,0.3,60,3,0.3,0.36,0,0,0,0,0,0,0,0,0,0
20161117,01000452,Caffaro Hnos Sociedad de Responsabilidad Limitada,Pavon 2632,01950F,Isolant SI,70,16.00189668,0,70,34524,41774.04,0,0,0,0,0,0,0,0,0,0
20161117,24004025,Flavio Gangale SRL,Santa Fe 3254,01900A,Diego Fani,5,0.377,0,5,11934.93,14441.26,0,0,0,21,0,0,0,0,0,0
20161117,04004740,Tarlon Juan Pablo,Av. San Martin 1550,01850A,Hector Collia,104,13,2600,104,49600.54,60016.64,0,0,0,30,15,0,0,0,0,0

