﻿FechaTxt,Codigo_Cliente,Cliente,EntDir,Codigo_Articulo,Vendedor,cantidad,Mts3,Mts2,Rollos,Importe_Bruto,Importe_Neto,Dto_Contado,Dto_Flete,Dto_Especial,Bonificacion,Desc_Adicional,cantidad_elaborada,m2_ocupados,costo_unitario,costo_total_stock,Costo_de_venta
20170307,11004727,Cooperativa La Ganadera General Ramirez Agropecuaria de Cons y Prov de Serv Publicos Ltda,Rep. de Entre Rios 120,01558ES,Victor Casañas,100,20,2000,100,44189.44,53469.22,0,0,0,21,8,0,0,0,0,0
20170307,03002606,Proietto Cesar Antonio,Tratado de Pilar 227,01514DA,Esteban Bergamaschi,500,2.5,500,500,9855.25,11924.85,0,0,0,21,0,0,0,0,0,0
20170307,31003219,Montero Miguel Angel,CORRALON DE MATERIALES - Av. nº 32 (entre 26 y 27),01555MC,Ventas Buenos Aires,800,6,800,40,39689.1,48023.8,0,0,0,21,8,0,0,0,0,0
20170307,31003219,Montero Miguel Angel,CORRALON DE MATERIALES - Av. nº 32 (entre 26 y 27),01555MA,Ventas Buenos Aires,5,0.75,100,5,0.5,0.6,0,0,0,0,0,0,0,0,0,0
20170307,05003825,Suarez Alfredo Virgilio,Camino Gral Belgrano e/495 y 496,01568BC,Ventas Buenos Aires,240,2.4,240,12,13211.32,15985.7,0,0,0,21,0,0,0,0,0,0
20170307,03003751,Indupoles Argentina SA,Parque Ind. Campana - Km70 de Panamericana - Lote 12,01766E,Isolant SI,14,2.95568,0,14,13278.44,16066.91,0,0,0,0,0,0,0,0,0,0
20170307,03003751,Indupoles Argentina SA,Parque Ind. Campana - Km70 de Panamericana - Lote 12,01773AB,Isolant SI,24,3.912,0,24,17882.4,21637.7,0,0,0,0,0,0,0,0,0,0
20170307,03003751,Indupoles Argentina SA,Parque Ind. Campana - Km70 de Panamericana - Lote 12,01912B,Isolant SI,10,2.1,0,10,10204.1,12346.96,0,0,0,0,0,0,0,0,0,0
20170307,03003751,Indupoles Argentina SA,Parque Ind. Campana - Km70 de Panamericana - Lote 12,01500AIN,Isolant SI,32500,16.25,32500,32500,48100,58201,0,0,0,0,0,0,0,0,0,0
20170307,03003751,Indupoles Argentina SA,Parque Ind. Campana - Km70 de Panamericana - Lote 12,01500AIN,Isolant SI,14500,7.25,14500,14500,21460,25966.6,0,0,0,0,0,0,0,0,0,0
20170307,03003751,Indupoles Argentina SA,Parque Ind. Campana - Km70 de Panamericana - Lote 12,01510D,Isolant SI,1080,3.24,1080,1080,5378.4,6507.86,0,0,0,0,0,0,0,0,0,0
20170307,29000227,Moreno Alfredo German,Av. 44 nº 2721 entre 149/150,01524HC,Isolant SA,1150,11.5,1150,0,13800,16698,0,0,0,0,0,0,0,0,0,0
20170307,02003203,Maderera La Loma SA,Calle 161 y 40,01557A,Ventas Buenos Aires,85,17,1700,85,53064.03,64207.47,0,0,0,21,12,0,0,0,0,0
20170307,02003203,Maderera La Loma SA,Calle 161 y 40,01558AL,Ventas Buenos Aires,50,10,2000,50,42849,51847.29,0,0,0,21,12,0,0,0,0,0
20170307,02003203,Maderera La Loma SA,Calle 161 y 40,01557C,Ventas Buenos Aires,27,5.4,540,27,2.7,3.27,0,0,0,0,0,0,0,0,0,0
20170307,02003203,Maderera La Loma SA,Calle 161 y 40,01558ALP,Ventas Buenos Aires,5,1,200,5,0.5,0.61,0,0,0,0,0,0,0,0,0,0
20170307,02003203,Maderera La Loma SA,Calle 161 y 40,01957A,Ventas Buenos Aires,1,0,0,1,0.1,0.12,0,0,0,0,0,0,0,0,0,0
20170307,02003203,Maderera La Loma SA,Calle 161 y 40,01655ON,Ventas Buenos Aires,84,1.176,84,0,4180.68,5058.62,0,0,0,21,0,0,0,0,0,0
20170307,02003203,Maderera La Loma SA,Calle 161 y 40,01753A,Ventas Buenos Aires,1,0.0375,0,1,845.3,1022.81,0,0,0,21,0,0,0,0,0,0
20170307,03000023,Industrias Saladillo SA,IS.SA. Planta Pilar,01525AH,Isolant SI,400,4,400,0,6684,8087.64,0,0,0,0,0,0,0,0,0,0
20170307,02001281,Maderera Llavallol SA,Ruta 6 km 62,01555M,Hector Collia,20,3,400,20,21557.05,26084.03,0,0,0,21,0,0,0,0,0,0
20170307,02001281,Maderera Llavallol SA,Ruta 6 km 62,01555MA,Hector Collia,2,0.3,40,2,0.2,0.24,0,0,0,0,0,0,0,0,0,0
20170307,02001281,Maderera Llavallol SA,Ruta 6 km 62,01557A,Hector Collia,25,5,500,25,17735.3,21459.72,0,0,0,21,0,0,0,0,0,0
20170307,02001281,Maderera Llavallol SA,Ruta 6 km 62,01557C,Hector Collia,3,0.6,60,3,0.3,0.36,0,0,0,0,0,0,0,0,0,0
20170307,20003188,Emprendimiento Metalurgico Industrial SRL,,04VARIOS,Pedro Cocaña,-1,0,0,-1,-4429.75,-5360,0,0,0,0,0,0,0,0,0,0
20170307,15002857,Bustos Mario Raul,,04C00898,Pedro Cocaña,1,0,0,1,1.38,1.38,0,0,0,0,0,0,0,0,0,0
20170307,99088888,Ventas Contado,América 353,01568CB,Isolant SA,1,0.2,20,1,516,624.36,0,0,0,0,0,0,0,0,0,0
20170307,99088888,Ventas Contado,América 353,01650DC,Isolant SA,25,0.25,25,0,360,435.6,0,0,0,0,0,0,0,0,0,0
20170307,29002246,Ungaro Leonardo Roberto,Calle 20 nº 1178,01957A,Hector Collia,1,0,0,1,0.1,0.12,0,0,0,0,0,0,0,0,0,0
20170307,29002246,Ungaro Leonardo Roberto,Calle 20 nº 1178,01960DA,Hector Collia,20,0,0,20,50239.35,60789.61,0,0,0,25,0,0,0,0,0,0
20170307,29002246,Ungaro Leonardo Roberto,Calle 20 nº 1178,01557A,Hector Collia,150,30,3000,150,88901.01,107570.22,0,0,0,25,12,0,0,0,0,0
20170307,29002246,Ungaro Leonardo Roberto,Calle 20 nº 1178,01557C,Hector Collia,18,3.6,360,18,1.8,2.18,0,0,0,0,0,0,0,0,0,0
20170307,29002246,Ungaro Leonardo Roberto,Calle 20 nº 1178,01558BC,Hector Collia,60,12,1200,60,62725.5,75897.85,0,0,0,25,0,0,0,0,0,0
20170307,29002246,Ungaro Leonardo Roberto,Calle 20 nº 1178,01555M,Hector Collia,30,4.5,600,30,27014.53,32687.58,0,0,0,25,12,0,0,0,0,0
20170307,29002246,Ungaro Leonardo Roberto,Calle 20 nº 1178,01555MA,Hector Collia,3,0.45,60,3,0.3,0.36,0,0,0,0,0,0,0,0,0,0
20170307,31000402,Codimat SA,Don Bosco 1495,01957A,NN (Ex MDT),1,0,0,1,0.09,0.1,3,4,7,0,0,0,0,0,0,0
20170307,31000402,Codimat SA,Don Bosco 1495,01557A,NN (Ex MDT),200,40,4000,200,122872.45,148675.66,3,4,7,21,0,0,0,0,0,0
20170307,31000402,Codimat SA,Don Bosco 1495,01557C,NN (Ex MDT),24,4.8,480,24,2.08,2.51,3,4,7,0,0,0,0,0,0,0
20170307,31000402,Codimat SA,Don Bosco 1495,01558BC,NN (Ex MDT),25,5,500,25,23841.01,28847.62,3,4,7,21,0,0,0,0,0,0
20170307,31000402,Codimat SA,Don Bosco 1495,01555A,NN (Ex MDT),20,2,400,20,8046.18,9735.88,3,4,7,21,0,0,0,0,0,0
20170307,14005049,Zoppo Gustavo Marcelo y Zoppo Raul Horacio Sociedad de Hecho,,04C00898,Disapla,1,0,0,1,1.05,1.05,0,0,0,0,0,0,0,0,0,0
20170307,20004048,Mendieta Alicia Paulina,,04C00898,Pedro Cocaña,1,0,0,1,0.1,0.1,0,0,0,0,0,0,0,0,0,0

