﻿FechaTxt,Codigo_Cliente,Cliente,EntDir,Codigo_Articulo,Vendedor,cantidad,Mts3,Mts2,Rollos,Importe_Bruto,Importe_Neto,Dto_Contado,Dto_Flete,Dto_Especial,Bonificacion,Desc_Adicional,cantidad_elaborada,m2_ocupados,costo_unitario,costo_total_stock,Costo_de_venta,comp
20170426,24004713,Vigorita Maderas SRL,Calle 47 Nº6750,01603BG,Levy,600,30,15000,600,112200,135762,0,0,0,0,0,0,0,0,0,0,002200004371
20170426,03000023,Industrias Saladillo SA,IS.SA. Planta Pilar,01766AS,Isolant SI,7,0.27706,0,7,715.89,866.23,0,0,0,0,0,0,0,0,0,0,002200004374
20170426,04001595,Dommarco Hnos Sociedad Anonima,Pte Peron (ex Kennedy) 1759,01557A,Hector Collia,25,5,500,25,17735.3,21459.72,0,0,0,21,0,0,0,0,0,0,002200004376
20170426,04001595,Dommarco Hnos Sociedad Anonima,Pte Peron (ex Kennedy) 1759,01557C,Hector Collia,6,1.2,120,6,0.6,0.73,0,0,0,0,0,0,0,0,0,0,002200004376
20170426,31001470,Sierramat SRL,Av. Adolfo Gonzales Chaves 352,01555AR,Ventas Buenos Aires,15,1.5,300,15,3861.49,4672.4,0,0,0,21,8,0,0,0,0,0,002200004377
20170426,31001470,Sierramat SRL,Av. Adolfo Gonzales Chaves 352,01557AR,Ventas Buenos Aires,15,3,300,15,5939.41,7186.69,0,0,0,21,8,0,0,0,0,0,002200004377
20170426,31001470,Sierramat SRL,Av. Adolfo Gonzales Chaves 352,01555A,Ventas Buenos Aires,25,2.5,500,25,10684.69,12928.47,0,0,0,21,8,0,0,0,0,0,002200004377
20170426,31001470,Sierramat SRL,Av. Adolfo Gonzales Chaves 352,01558BC,Ventas Buenos Aires,15,3,300,15,16517.72,19986.44,0,0,0,21,0,0,0,0,0,0,002200004377
20170426,31001470,Sierramat SRL,Av. Adolfo Gonzales Chaves 352,01555ED,Ventas Buenos Aires,25,2.5,500,25,11247.23,13609.15,0,0,0,21,8,0,0,0,0,0,002200004377
20170426,31001470,Sierramat SRL,Av. Adolfo Gonzales Chaves 352,01558EC,Ventas Buenos Aires,25,5,500,25,14590.51,17654.52,0,0,0,21,8,0,0,0,0,0,002200004377
20170426,31001470,Sierramat SRL,Av. Adolfo Gonzales Chaves 352,01555C,Ventas Buenos Aires,6,0.6,120,6,0.6,0.73,0,0,0,0,0,0,0,0,0,0,002200004377
20170426,29003543,Montani Hierros SA,Maipu 196,01555ED,Disapla,10,1,200,10,4890.1,5917.02,0,0,0,21,0,0,0,0,0,0,002200004379
20170426,29003543,Montani Hierros SA,Maipu 196,01558EC,Disapla,10,2,200,10,6343.7,7675.88,0,0,0,21,0,0,0,0,0,0,002200004379
20170426,29003543,Montani Hierros SA,Maipu 196,01555AR,Disapla,10,1,200,10,2798.18,3385.8,0,0,0,21,0,0,0,0,0,0,002200004379
20170426,29002225,Marotta Ricardo Americo,Calle 49 entre 13 y 14,01555M,Disapla,10,1.5,200,10,11187.83,13537.28,0,0,0,18,0,0,0,0,0,0,002200004381
20170426,29002225,Marotta Ricardo Americo,Calle 49 entre 13 y 14,01555MA,Disapla,1,0.15,20,1,0.1,0.12,0,0,0,0,0,0,0,0,0,0,002200004381
20170426,29002225,Marotta Ricardo Americo,Calle 49 entre 13 y 14,01557A,Disapla,10,2,200,10,7363.52,8909.86,0,0,0,18,0,0,0,0,0,0,002200004381
20170426,07003740,"Metalica, Construcciones y Montajes S.A.",Cochabamba 2340,01555AA,Meier,500,2.5,500,25,11025,13340.26,0,0,0,25,0,0,0,0,0,0,002200004382
20170426,07003740,"Metalica, Construcciones y Montajes S.A.",Cochabamba 2340,01555C,Meier,6,0.6,120,6,0.6,0.72,0,0,0,0,0,0,0,0,0,0,002200004382
20170426,03005834,Crechet Enrique Carlos,La Paz 3250,01957A,Hector Collia,1,0,0,1,0.1,0.12,0,3,0,0,0,0,0,0,0,0,002200000032
20170426,03005834,Crechet Enrique Carlos,La Paz 3250,01666ACP,Hector Collia,30,1.5,30,0,4737.33,5732.17,0,3,0,50,0,0,0,0,0,0,002200000032
20170426,04005689,Polifoam SRL,Alte. Brown 3985,01666DAP,Isolant SI,30,1.5,30,0,5234.95,6334.3,0,0,0,45,0,0,0,0,0,0,002200004384
20170426,04002644,Materiales Nuciari S R L,Bartolome Mitre 918,01555AK,Hector Collia,10,0.45,150,10,2098.64,2539.35,0,0,0,21,0,0,0,0,0,0,002200004385
20170426,04002644,Materiales Nuciari S R L,Bartolome Mitre 918,01557AK,Hector Collia,5,0.525,75,5,1613.97,1952.9,0,0,0,21,0,0,0,0,0,0,002200004385
20170426,04002644,Materiales Nuciari S R L,Bartolome Mitre 918,01557A,Hector Collia,7,1.4,140,7,4965.88,6008.72,0,0,0,21,0,0,0,0,0,0,002200004385
20170426,03004763,Mundo Hierro S.A.,Ruta 9 Panamericana Km 46.30 Colectora Este,01569BC,Levy,65,19.5,1300,65,88212.62,106737.28,0,0,0,21,0,0,0,0,0,0,002200004386
20170426,03000023,Industrias Saladillo SA,IS.SA. Planta Pilar,01766AS,Isolant SI,67,2.65186,0,67,6852.09,8291.03,0,0,0,0,0,0,0,0,0,0,002200004375
20170426,02005702,Caps Ram,,04ANTICIPOS,Levy,1,0,0,1,43440,52562.4,0,0,0,0,0,0,0,0,0,0,001400000685
20170426,03001796,Hoffman Ernesto Guillermo,Av. de Mayo 865,01558ESC,Levy,300,3,300,15,7204.8,8717.8,0,0,0,21,0,0,0,0,0,0,002200004387
20170426,24004713,Vigorita Maderas SRL,,04C00898,Levy,1,0,0,1,0.57,0.57,0,0,0,0,0,0,0,0,0,0,000000010774
20170426,24003241,Orso Marcelo Ariel,Ruta 8 y G. Dimmer,01558EC ,Natali Plasticos (Vta Directa),120,24,2400,120,55872,67605.12,0,3,0,0,0,0,0,0,0,0,002200004388
20170426,02003485,Migoya Barcelo Pablo Rodolfo,Camino de Cintura 738,01666ACP,Fernando Palmas,20,1,20,0,4070,4924.7,0,0,0,0,0,0,0,0,0,0,002200004378
20170426,05003800,Saul Viola e Hijos SA,Del Valle 545,01557A,Disapla,10,2,200,10,7094.12,8583.89,0,0,0,21,0,0,0,0,0,0,002200004380
20170426,05003800,Saul Viola e Hijos SA,Del Valle 545,01555A,Disapla,10,1,200,10,4645.52,5621.07,0,0,0,21,0,0,0,0,0,0,002200004380
20170426,02005702,Caps Ram,,04ANTICIPOS,Levy,1,0,0,1,43440,52562.4,0,0,0,0,0,0,0,0,0,0,001400000684
20170426,03002400,Cutini Marcelo Enrique,Jose Ingenieros 1762,01558ESC,Levy,200,2,200,10,4803.2,5811.88,0,0,0,21,0,0,0,0,0,0,002200004389
20170426,03002400,Cutini Marcelo Enrique,Jose Ingenieros 1762,01555ECC,Levy,200,1,200,10,3276.92,3965.08,0,0,0,21,0,0,0,0,0,0,002200004389
20170426,01000947,E.Vedovatto Const Y Serv SRL,Argerich 1266 (esquina J. B. Justo),01557A,Hector Collia,6,1.2,120,6,4256.47,5150.33,0,0,0,21,0,0,0,0,0,0,002200004390
20170426,01000947,E.Vedovatto Const Y Serv SRL,Argerich 1266 (esquina J. B. Justo),01555A,Hector Collia,5,0.5,100,5,2322.76,2810.54,0,0,0,21,0,0,0,0,0,0,002200004390
20170426,01005292,Adamant SRL,,04C00898,Isolant SI,1,0,0,1,3.43,3.43,0,0,0,0,0,0,0,0,0,0,000000010772
20170426,01005292,Adamant SRL,,04C00898,Isolant SI,1,0,0,1,0.27,0.27,0,0,0,0,0,0,0,0,0,0,000000010773
20170426,16005649,Corralon Lujan SA,A Guiñazu 643,01957A,Leandro Diaz,1,0,0,1,0.1,0.12,0,0,0,0,0,0,0,0,0,0,002200004393
20170426,16005649,Corralon Lujan SA,A Guiñazu 643,01558ES,Leandro Diaz,35,7,700,35,16138.75,19527.89,0,0,0,21,4,0,0,0,0,0,002200004393
20170426,16005649,Corralon Lujan SA,A Guiñazu 643,01558EC,Leandro Diaz,15,3,300,15,9134.93,11053.26,0,0,0,21,4,0,0,0,0,0,002200004393
20170426,04005689,Polifoam SRL,Alte. Brown 3985,01654DAP,Isolant SI,100,2,100,0,6811.2,8241.55,0,0,0,45,0,0,0,0,0,0,002200004383
20170426,03004763,Mundo Hierro S.A.,Ruta 9 Panamericana Km 46.30 Colectora Este,01569BC,Levy,35,10.5,700,35,47499.11,57473.92,0,0,0,21,0,0,0,0,0,0,002200004392
20170426,03002706,Cantera Sander SA,"Ruta Panamericana y 197 (calle Italia) ""FOSCHIA""",01557A,Esteban Bergamaschi,5,1,100,5,3547.06,4291.94,0,0,0,21,0,0,0,0,0,0,002200004391
20170426,03002706,Cantera Sander SA,"Ruta Panamericana y 197 (calle Italia) ""FOSCHIA""",01555A,Esteban Bergamaschi,5,0.5,100,5,2322.76,2810.54,0,0,0,21,0,0,0,0,0,0,002200004391
20170426,03002706,Cantera Sander SA,"Ruta Panamericana y 197 (calle Italia) ""FOSCHIA""",01555M,Esteban Bergamaschi,5,0.75,100,5,5389.26,6521.01,0,0,0,21,0,0,0,0,0,0,002200004391
20170426,01004065,Balbin 3001 SRL,"Km 52, J.E. Uriburu 1232 (Ex Ruta 8)",01903A,Levy,7,0.53193,0,7,8231.64,9960.29,0,3,0,21,0,0,0,0,0,0,002200004370
20170426,01004065,Balbin 3001 SRL,"Km 52, J.E. Uriburu 1232 (Ex Ruta 8)",01901A,Levy,1,0.07854,0,1,1797.66,2175.17,0,3,0,21,0,0,0,0,0,0,002200004370
20170426,01004065,Balbin 3001 SRL,"Km 52, J.E. Uriburu 1232 (Ex Ruta 8)",01905A,Levy,2,0.14236,0,2,1355.78,1640.5,0,3,0,21,0,0,0,0,0,0,002200004370
20170426,27001542,Rosso Hnos. de Alvaro S. Rosso y Raul E. Rosso,,04C00898,Pedro Cocaña,1,0,0,1,0.19,0.19,0,0,0,0,0,0,0,0,0,0,000000010771
20170426,03000023,Industrias Saladillo SA,IS.SA. Planta Pilar,01766AS,Isolant SI,67,2.65186,0,67,6852.09,8291.03,0,0,0,0,0,0,0,0,0,0,002200004372
20170426,03000023,Industrias Saladillo SA,IS.SA. Planta Pilar,01767AS,Isolant SI,20,0.8482,0,20,2173.6,2630.06,0,0,0,0,0,0,0,0,0,0,002200004372
20170426,03000023,Industrias Saladillo SA,IS.SA. Planta Pilar,01766AS,Isolant SI,35,1.3853,0,35,3579.45,4331.13,0,0,0,0,0,0,0,0,0,0,002200004373
20170426,03000023,Industrias Saladillo SA,IS.SA. Planta Pilar,01767AS,Isolant SI,67,2.84147,0,67,7281.56,8810.69,0,0,0,0,0,0,0,0,0,0,002200004373
20170426,13004189,Tecnoshop SRL,Av Alte Brown 1340,01557A,Pedro Cocaña,200,40,4000,200,115055.29,139216.9,0,3,5,21,12,0,0,0,0,0,002200004394
20170426,13004189,Tecnoshop SRL,Av Alte Brown 1340,01960F,Pedro Cocaña,5,0,0,5,9425.77,11405.18,0,3,5,21,12,0,0,0,0,0,002200004394

