﻿FechaTxt,Codigo_Cliente,Cliente,EntDir,Codigo_Articulo,Vendedor,cantidad,Mts3,Mts2,Rollos,Importe_Bruto,Importe_Neto,Dto_Contado,Dto_Flete,Dto_Especial,Bonificacion,Desc_Adicional,cantidad_elaborada,m2_ocupados,costo_unitario,costo_total_stock,Costo_de_venta
20170207,04004334,Fapex SA,Rio Potrero 175 (Esq. Rio de Rey) Barrio CinaCina,01524D,Isolant SI,4800,48,4800,0,42336,51226.56,0,0,0,0,0,0,0,0,0,0
20170207,24005828,Pedro Bravin S.A,Moreno 4250,01555MC,Diego Fani,400,3,400,20,16819.26,20351.3,0,0,0,30,12,0,0,0,0,0
20170207,24005828,Pedro Bravin S.A,Moreno 4250,01555MA,Diego Fani,2,0.3,40,2,0.2,0.24,0,0,0,0,0,0,0,0,0,0
20170207,24005828,Pedro Bravin S.A,Moreno 4250,01568BC,Diego Fani,400,4,400,20,19510.4,23607.58,0,0,0,30,0,0,0,0,0,0
20170207,24005828,Pedro Bravin S.A,Moreno 4250,01957A,Diego Fani,2,0,0,2,0.2,0.24,0,0,0,0,0,0,0,0,0,0
20170207,24005828,Pedro Bravin S.A,Moreno 4250,01558ESC,Diego Fani,3000,30,3000,150,56179.2,67976.84,0,0,0,30,12,0,0,0,0,0
20170207,24005828,Pedro Bravin S.A,Moreno 4250,01555ECC,Diego Fani,1500,7.5,1500,75,19163.76,23188.14,0,0,0,30,12,0,0,0,0,0
20170207,24005828,Pedro Bravin S.A,Moreno 4250,01558ECC,Diego Fani,500,5,500,25,12363.12,14959.38,0,0,0,30,12,0,0,0,0,0
20170207,20000029,Tubonor SA,Bv Tavella 2750,01555A,Isolant SA,200,20,4000,200,77003.84,93174.64,0,3,0,32.5,0,0,0,0,0,0
20170207,20000029,Tubonor SA,Bv Tavella 2750,01555C,Isolant SA,24,2.4,480,24,2.33,2.82,0,3,0,0,0,0,0,0,0,0
20170207,20000029,Tubonor SA,Bv Tavella 2750,01557A,Isolant SA,50,10,1000,50,29397.95,35571.52,0,3,0,32.5,0,0,0,0,0,0
20170207,20000029,Tubonor SA,Bv Tavella 2750,01557C,Isolant SA,6,1.2,120,6,0.58,0.7,0,3,0,0,0,0,0,0,0,0
20170207,01000165,Macroplast SA,,04C00898,Isolant SA,1,0,0,1,0.21,0.21,0,0,0,0,0,0,0,0,0,0
20170207,01004026,Osito Azul Sociedad Anonima,Martin Rodriguez 1433,01658D,Isolant SI,354.75,10.6425,354.75,0,46750.02,56567.52,0,0,0,0,0,0,0,0,0,0
20170207,07000012,Natali Plasticos SRL,Alvear 1475,01557AR,Isolant SA,25,5,500,25,6984.24,8450.93,0,3,0,0,0,0,0,0,0,0
20170207,07000012,Natali Plasticos SRL,Alvear 1475,01555EC,Isolant SA,105,10.5,2100,105,22344.87,27037.29,0,3,0,0,0,0,0,0,0,0
20170207,07000012,Natali Plasticos SRL,Alvear 1475,01555A,Isolant SA,30,3,600,30,10164.51,12299.05,0,3,0,32.5,12,0,0,0,0,0
20170207,07000012,Natali Plasticos SRL,Alvear 1475,01555C,Isolant SA,39,3.9,780,39,3.78,4.58,0,3,0,0,0,0,0,0,0,0
20170207,07000012,Natali Plasticos SRL,Alvear 1475,01557A,Isolant SA,45,9,900,45,23283.17,28172.64,0,3,0,32.5,12,0,0,0,0,0
20170207,07000012,Natali Plasticos SRL,Alvear 1475,01557C,Isolant SA,28,5.6,560,28,2.72,3.29,0,3,0,0,0,0,0,0,0,0
20170207,07000012,Natali Plasticos SRL,Alvear 1475,01568B,Isolant SA,487.5,4.875,487.5,24.375,22247.59,26919.58,0,3,0,32.5,0,0,0,0,0,0
20170207,20003695,Himetal SA,Juan M. Leguizamon 1450,01960DA,Pedro Cocaña,5,0,0,5,12832.8,15527.69,0,3,0,21,0,0,0,0,0,0
20170207,20003695,Himetal SA,Juan M. Leguizamon 1450,01555M,Pedro Cocaña,20,3,400,20,19237.51,23277.38,0,3,0,21,8,0,0,0,0,0
20170207,20003695,Himetal SA,Juan M. Leguizamon 1450,01555MA,Pedro Cocaña,2,0.3,40,2,0.19,0.23,0,3,0,0,0,0,0,0,0,0
20170207,20003695,Himetal SA,Juan M. Leguizamon 1450,01555EC,Pedro Cocaña,25,2.5,500,25,7632.35,9235.14,0,3,0,21,4,0,0,0,0,0
20170207,20003695,Himetal SA,Juan M. Leguizamon 1450,01558ES,Pedro Cocaña,25,5,500,25,11181.85,13530.04,0,3,0,21,4,0,0,0,0,0
20170207,20001733,Binda Victorio Ricardo,Belgrano 242,01901A,Pedro Cocaña,3,0.23562,0,3,5119.93,6195.11,0,3,0,25,0,0,0,0,0,0
20170207,20001733,Binda Victorio Ricardo,Belgrano 242,01903A,Pedro Cocaña,6,0.45594,0,6,6698.44,8105.11,0,3,0,25,0,0,0,0,0,0
20170207,20001733,Binda Victorio Ricardo,Belgrano 242,01905A,Pedro Cocaña,5,0.3559,0,5,3217.84,3893.59,0,3,0,25,0,0,0,0,0,0
20170207,20001733,Binda Victorio Ricardo,Belgrano 242,01557A,Pedro Cocaña,25,5,500,25,17203.24,20815.92,0,3,0,21,0,0,0,0,0,0
20170207,20001733,Binda Victorio Ricardo,Belgrano 242,01557C,Pedro Cocaña,3,0.6,60,3,0.29,0.35,0,3,0,0,0,0,0,0,0,0
20170207,20004718,Molina Oscar,Av Independencia 1150,01957A,Pedro Cocaña,1,0,0,1,0.1,0.12,0,3,0,0,0,0,0,0,0,0
20170207,20004718,Molina Oscar,Av Independencia 1150,01557A,Pedro Cocaña,150,30,3000,150,90833.13,109908.08,0,3,0,21,12,0,0,0,0,0
20170207,20004718,Molina Oscar,Av Independencia 1150,01557C,Pedro Cocaña,18,3.6,360,18,1.75,2.11,0,3,0,0,0,0,0,0,0,0
20170207,01002348,Almagro Refrigeracion y Asociados SA,Mexico 3326,01788A,Hector Collia,10,0.5341,0,10,4770.36,5772.14,0,0,0,30,0,0,0,0,0,0
20170207,01002348,Almagro Refrigeracion y Asociados SA,Mexico 3326,01760A,Hector Collia,10,0.6283,0,10,5426.19,6565.69,0,0,0,30,0,0,0,0,0,0
20170207,01002348,Almagro Refrigeracion y Asociados SA,Mexico 3326,01761A,Hector Collia,10,0.6503,0,10,4967.34,6010.48,0,0,0,30,0,0,0,0,0,0
20170207,01002348,Almagro Refrigeracion y Asociados SA,Mexico 3326,01854A,Hector Collia,10,2.5,250,10,11020.5,13334.81,0,0,0,25,0,0,0,0,0,0
20170207,01002348,Almagro Refrigeracion y Asociados SA,Mexico 3326,01854B,Hector Collia,10,2.5,250,10,12405.75,15010.96,0,0,0,25,0,0,0,0,0,0
20170207,01002348,Almagro Refrigeracion y Asociados SA,Mexico 3326,01853A,Hector Collia,10,1.25,250,10,7612.28,9210.85,0,0,0,25,0,0,0,0,0,0
20170207,01002348,Almagro Refrigeracion y Asociados SA,Mexico 3326,01853B,Hector Collia,10,1.25,250,10,10194.53,12335.38,0,0,0,25,0,0,0,0,0,0
20170207,07000012,Natali Plasticos SRL,Alvear 1475,01557A,Isolant SA,4,0.8,80,4,2069.62,2504.23,0,3,0,32.5,12,0,0,0,0,0
20170207,07000012,Natali Plasticos SRL,Alvear 1475,01557C,Isolant SA,2,0.4,40,2,0.19,0.23,0,3,0,0,0,0,0,0,0,0
20170207,04004334,Fapex SA,Rio Potrero 175 (Esq. Rio de Rey) Barrio CinaCina,01524D,Isolant SI,4800,48,4800,0,42336,51226.56,0,0,0,0,0,0,0,0,0,0
20170207,20001454,Corralon Cedroran SRL,Caseros 1750,01957A,Pedro Cocaña,1,0,0,1,0.1,0.12,0,3,0,0,0,0,0,0,0,0
20170207,20001454,Corralon Cedroran SRL,Caseros 1750,01557A,Pedro Cocaña,50,10,1000,50,33030.23,39966.58,0,3,0,21,4,0,0,0,0,0
20170207,20001454,Corralon Cedroran SRL,Caseros 1750,01557C,Pedro Cocaña,6,1.2,120,6,0.58,0.7,0,3,0,0,0,0,0,0,0,0
20170207,20001454,Corralon Cedroran SRL,Caseros 1750,01557AR,Pedro Cocaña,5,1,100,5,2003.91,2424.73,0,3,0,21,4,0,0,0,0,0
20170207,24005795,Foam Plus SRL,Domingo Victor Cochet 496,01659TC,Diego Fani,520,15.6,520,0,27615.9,33415.24,0,3,0,0,0,0,0,0,0,0
20170207,04004334,Fapex SA,Rio Potrero 175 (Esq. Rio de Rey) Barrio CinaCina,01524D,Isolant SI,4800,48,4800,0,42336,51226.56,0,0,0,0,0,0,0,0,0,0
20170207,16003448,Tapicenter SA,,04C00898,Leandro Diaz,1,0,0,1,0.29,0.29,0,0,0,0,0,0,0,0,0,0

