﻿FechaTxt,Codigo_Cliente,Cliente,EntDir,Codigo_Articulo,Vendedor,cantidad,Mts3,Mts2,Rollos,Importe_Bruto,Importe_Neto,Dto_Contado,Dto_Flete,Dto_Especial,Bonificacion,Desc_Adicional,cantidad_elaborada,m2_ocupados,costo_unitario,costo_total_stock,Costo_de_venta
20170329,16002240,Diaz Jorge Vidal,Av. Mazza Norte 3433,04ANTICIPOS,Leandro Diaz,1,0,0,1,115840,140166.4,0,0,0,0,0,0,0,0,0,0
20170329,24005052,Cinter SRL,Parque Industrial Sauce Viejo,04ANTICIPOS,Diego Fani,1,0,0,1,377168.4,456373.76,0,0,0,0,0,0,0,0,0,0
20170329,01001961,El Espartano SA,Ruta 202 Nº 3685,01700A,Hector Collia,45,5.4,0,45,26796.42,32423.67,0,0,0,30,0,0,0,0,0,0
20170329,04005689,Polifoam SRL,Alte. Brown 3985,01662AP,Isolant SI,100,4,100,0,14070.1,17024.82,0,0,0,45,0,0,0,0,0,0
20170329,02005702,Caps Ram,J. Díaz Solís 3535,01510D,Levy,3400,10.2,3400,3400,36924,44678.04,0,0,0,25,0,0,0,0,0,0
20170329,01004065,Balbin 3001 SRL,,04C00898,Levy,1,0,0,1,0.01,0.01,0,0,0,0,0,0,0,0,0,0
20170329,03000357,Laboratorios Valmax SA,Sub Perdomo 1619,01507VK,Isolant SI,2400,3.6,2400,0,12216,14781.36,0,0,0,0,0,0,0,0,0,0
20170329,03000357,Laboratorios Valmax SA,Sub Perdomo 1619,01507VK,Isolant SI,2400,3.6,2400,0,12216,14781.36,0,0,0,0,0,0,0,0,0,0
20170329,03000357,Laboratorios Valmax SA,Sub Perdomo 1619,01507VA,Isolant SI,2280,3.42,2280,0,11605.2,14042.29,0,0,0,0,0,0,0,0,0,0
20170329,03000357,Laboratorios Valmax SA,Sub Perdomo 1619,01507VB,Isolant SI,7080,10.62,7080,0,36037.2,43605.01,0,0,0,0,0,0,0,0,0,0
20170329,03005642,Solis Maria Cecilia,"Alvear 320. Piso 1, Dto 1",01850A,Esteban Bergamaschi,12,1.5,300,12,6458.82,7815.17,0,0,0,21,0,0,0,0,0,0
20170329,04003978,Maderas El Aleman de General Rodriguez SRL,Ruta 5 KM 55.200 Esquina: Guido Spano,01558ECC,Hector Collia,200,2,200,10,6342.12,7673.96,0,0,0,21,0,0,0,0,0,0
20170329,04003978,Maderas El Aleman de General Rodriguez SRL,Ruta 5 KM 55.200 Esquina: Guido Spano,01557AKC,Hector Collia,300,2.1,300,20,6455.88,7811.62,0,0,0,21,0,0,0,0,0,0
20170329,29004604,Deposito San Martin S.R.L.,San Martin 770,01957A,Ventas Buenos Aires,1,0,0,1,0.1,0.12,0,0,0,0,0,0,0,0,0,0
20170329,29004604,Deposito San Martin S.R.L.,San Martin 770,01568BC,Ventas Buenos Aires,600,6,600,30,33028.32,39964.26,0,0,0,21,0,0,0,0,0,0
20170329,29004604,Deposito San Martin S.R.L.,San Martin 770,01559AA,Ventas Buenos Aires,200,2,200,10,6242.9,7553.9,0,0,0,21,12,0,0,0,0,0
20170329,29004604,Deposito San Martin S.R.L.,San Martin 770,01558ALC,Ventas Buenos Aires,1000,10,1000,50,42838.22,51834.26,0,0,0,21,12,0,0,0,0,0
20170329,29004604,Deposito San Martin S.R.L.,San Martin 770,01557C,Ventas Buenos Aires,8,1.6,160,8,0.8,0.96,0,0,0,0,0,0,0,0,0,0
20170329,29004604,Deposito San Martin S.R.L.,San Martin 770,01558ALP,Ventas Buenos Aires,5,1,200,5,0.5,0.6,0,0,0,0,0,0,0,0,0,0
20170329,16005311,Manrique Margarita Rosa,Buenos Aires 555,01524GC,Leandro Diaz,375,3.75,375,0,11929.99,14435.28,0,0,0,21,0,0,0,0,0,0
20170329,16005311,Manrique Margarita Rosa,Buenos Aires 555,01654DC,Leandro Diaz,10,0.2,10,0,1079.14,1305.76,0,0,0,21,0,0,0,0,0,0
20170329,03000023,Industrias Saladillo SA,IS.SA. Planta Pilar,01788B,Isolant SI,17,0.40052,0,17,1466.42,1774.37,0,0,0,0,0,0,0,0,0,0
20170329,03000023,Industrias Saladillo SA,IS.SA. Planta Pilar,01777B,Isolant SI,37,0.9879,0,37,4012.28,4854.86,0,0,0,0,0,0,0,0,0,0
20170329,03000023,Industrias Saladillo SA,IS.SA. Planta Pilar,01780BA,Isolant SI,25,0.64875,0,25,5194,6284.74,0,0,0,0,0,0,0,0,0,0
20170329,03000023,Industrias Saladillo SA,IS.SA. Planta Pilar,01781BA,Isolant SI,40,1.568,0,40,6444,7797.24,0,0,0,0,0,0,0,0,0,0
20170329,04003978,Maderas El Aleman de General Rodriguez SRL,,04C00898,Hector Collia,1,0,0,1,0.34,0.34,0,0,0,0,0,0,0,0,0,0
20170329,04004740,Tarlon Juan Pablo,,04C00898,Hector Collia,1,0,0,1,0.48,0.48,0,0,0,0,0,0,0,0,0,0
20170329,24005520,Nocelli Ariel Jesus,Cerrityo 1114/1122,01558ES,Isolant SA,50,10,1000,50,17515.87,21194.21,0,3,0,32.5,12,0,0,0,0,0
20170329,24005520,Nocelli Ariel Jesus,Cerrityo 1114/1122,01555AR,Isolant SA,30,3,600,30,6122.49,7408.21,0,3,0,32.5,12,0,0,0,0,0
20170329,24005520,Nocelli Ariel Jesus,Cerrityo 1114/1122,01557AR,Isolant SA,50,10,1000,50,15695.14,18991.12,0,3,0,32.5,12,0,0,0,0,0
20170329,29004635,Laurito Sergio Ricardo,"Ruta nº 5 Km 159,500",04ANTICIPOS,Hector Collia,1,0,0,1,275196.55,332987.83,0,0,0,0,0,0,0,0,0,0
20170329,31003226,La Torre Juan,,04C00898,Ventas Buenos Aires,1,0,0,1,0.09,0.09,0,0,0,0,0,0,0,0,0,0
20170329,03002572,Miguel Parise SRL,,04C00898,Levy,1,0,0,1,1.11,1.11,0,0,0,0,0,0,0,0,0,0
20170329,29004604,Deposito San Martin S.R.L.,San Martin 770,01559AA,Ventas Buenos Aires,1800,18,1800,90,56186.06,67985.14,0,0,0,21,12,0,0,0,0,0
20170329,29004604,Deposito San Martin S.R.L.,San Martin 770,01557C,Ventas Buenos Aires,4,0.8,80,4,0.4,0.48,0,0,0,0,0,0,0,0,0,0
20170329,24002397,Trobbiani Daniel Ramon,27 De Febrero 2439,01765C,Diego Fani,2,0.11762,0,2,1830.26,2214.61,0,0,0,21,0,0,0,0,0,0
20170329,24002397,Trobbiani Daniel Ramon,27 De Febrero 2439,01851A,Diego Fani,2,0.5,50,2,1613.69,1952.56,0,0,0,21,0,0,0,0,0,0
20170329,24002397,Trobbiani Daniel Ramon,27 De Febrero 2439,01853B,Diego Fani,5,0.625,125,5,5369.12,6496.63,0,0,0,21,0,0,0,0,0,0
20170329,24002397,Trobbiani Daniel Ramon,27 De Febrero 2439,01854B,Diego Fani,2,0.5,50,2,2613.48,3162.31,0,0,0,21,0,0,0,0,0,0
20170329,01005818,Lopez Leonardo Federico,,04C00898,Levy,1,0,0,1,1.01,1.01,0,0,0,0,0,0,0,0,0,0
20170329,24002752,Rusma SRL,,04C00898,Diego Fani,1,0,0,1,3.76,3.76,0,0,0,0,0,0,0,0,0,0
20170329,03000023,Industrias Saladillo SA,IS.SA. Planta Pilar,01525AH,Isolant SI,400,4,400,0,6684,8087.64,0,0,0,0,0,0,0,0,0,0
20170329,01002811,Gonzalez Dario R Iglesias Nelida C SH,Julian Alvarez 469,01552I,Levy,10,2,400,10,3211.99,3886.51,0,0,10,21,12,0,0,0,0,0
20170329,01002811,Gonzalez Dario R Iglesias Nelida C SH,Julian Alvarez 469,01551I,Levy,30,3,600,30,4820.24,5832.49,0,0,10,21,12,0,0,0,0,0
20170329,01002811,Gonzalez Dario R Iglesias Nelida C SH,Julian Alvarez 469,01550I,Levy,50,2,1000,50,4160.77,5034.53,0,0,10,21,12,0,0,0,0,0
20170329,03002676,Tempur Sealy Argentina SRL,Marcos Sastre 2300,01510AC,Fernando Palmas,1500,4.5,1500,1500,10770,13031.7,0,0,0,0,0,0,0,0,0,0
20170329,03002676,Tempur Sealy Argentina SRL,Marcos Sastre 2300,01510CC,Fernando Palmas,2250,6.75,2250,2250,16155,19547.55,0,0,0,0,0,0,0,0,0,0
20170329,03000023,Industrias Saladillo SA,IS.SA. Planta Pilar,01778B,Isolant SI,80,1.96036,0,80,8967.2,10850.31,0,0,0,0,0,0,0,0,0,0
20170329,03000023,Industrias Saladillo SA,IS.SA. Planta Pilar,01788B,Isolant SI,34,0.80104,0,34,2932.84,3548.74,0,0,0,0,0,0,0,0,0,0
20170329,03000023,Industrias Saladillo SA,IS.SA. Planta Pilar,01788BA,Isolant SI,1,0.02356,0,1,165.8,200.62,0,0,0,0,0,0,0,0,0,0
20170329,03000023,Industrias Saladillo SA,IS.SA. Planta Pilar,01788B,Isolant SI,17,0.40052,0,17,1466.42,1774.37,0,0,0,0,0,0,0,0,0,0
20170329,03000023,Industrias Saladillo SA,IS.SA. Planta Pilar,01788B,Isolant SI,34,0.80104,0,34,2932.84,3548.74,0,0,0,0,0,0,0,0,0,0
20170329,03000023,Industrias Saladillo SA,IS.SA. Planta Pilar,01778BA,Isolant SI,14,0.343063,0,14,2389.52,2891.32,0,0,0,0,0,0,0,0,0,0
20170329,04005688,Longarte Gabriel Martin,Garay 2551,01558ES,Fernando Palmas,2,0.4,40,2,656,793.76,0,0,0,0,0,0,0,0,0,0
20170329,07003238,Cooperativa de Provision de Servicios para Comerciantes,Fuerza Aérea 3924,01557A,Meier,10,2,200,10,5630.4,6812.78,0,0,5,25,12,0,0,0,0,0
20170329,16002012,Zapata Goma Sociedad Anonima,Salta 745,01763A,Leandro Diaz,1,0.047124,0,1,355.39,430.02,0,0,0,30,0,0,0,0,0,0
20170329,16002012,Zapata Goma Sociedad Anonima,Salta 745,01766A,Leandro Diaz,1,0.03958,0,1,301.74,365.1,0,0,0,30,0,0,0,0,0,0
20170329,16002012,Zapata Goma Sociedad Anonima,Salta 745,01654DC,Leandro Diaz,40,0.8,40,0,3824.8,4628.01,0,0,0,30,0,0,0,0,0,0
20170329,16002012,Zapata Goma Sociedad Anonima,Salta 745,01658DC,Leandro Diaz,20,0.6,20,0,2791.46,3377.67,0,0,0,30,0,0,0,0,0,0
20170329,16002012,Zapata Goma Sociedad Anonima,Salta 745,01666ACP,Leandro Diaz,10,0.5,10,0,2279.13,2757.75,0,0,0,30,0,0,0,0,0,0
20170329,16002012,Zapata Goma Sociedad Anonima,Salta 745,01854A,Leandro Diaz,6,1.5,150,6,6171.48,7467.49,0,0,0,30,0,0,0,0,0,0
20170329,16002012,Zapata Goma Sociedad Anonima,Salta 745,01524GC,Leandro Diaz,125,1.25,125,0,3020.25,3654.5,0,0,0,40,0,0,0,0,0,0
20170329,11005048,Vilumar SRL en Formacion,Alem 295,01654ON,Victor Casañas,48,0.672,48,0,2009.76,2431.81,0,0,0,21,0,0,0,0,0,0
20170329,11005048,Vilumar SRL en Formacion,Alem 295,01655ON,Victor Casañas,192,2.688,192,0,9555.84,11562.57,0,0,0,21,0,0,0,0,0,0
20170329,11005048,Vilumar SRL en Formacion,Alem 295,01960F,Victor Casañas,4,0,0,4,9298.84,11251.59,0,0,0,21,0,0,0,0,0,0
20170329,11005048,Vilumar SRL en Formacion,Alem 295,01555A,Victor Casañas,10,1,200,10,4645.52,5621.07,0,0,0,21,0,0,0,0,0,0
20170329,11005048,Vilumar SRL en Formacion,Alem 295,01557A,Victor Casañas,10,2,200,10,7094.12,8583.89,0,0,0,21,0,0,0,0,0,0
20170329,11005048,Vilumar SRL en Formacion,Alem 295,01960DA,Victor Casañas,1,0,0,1,2645.94,3201.59,0,0,0,21,0,0,0,0,0,0
20170329,04003368,Degacor SA,Ranchos 2341,01557A,Hector Collia,8,1.6,160,8,5675.3,6867.11,0,0,0,21,0,0,0,0,0,0
20170329,04004551,Jose Caserta e Hijos SA,Av. Julio A. Roca 211,01557A,Hector Collia,25,5,500,25,17735.3,21459.72,0,0,0,21,0,0,0,0,0,0
20170329,04004551,Jose Caserta e Hijos SA,Av. Julio A. Roca 211,01557C,Hector Collia,3,0.6,60,3,0.3,0.36,0,0,0,0,0,0,0,0,0,0

