﻿FechaTxt,Codigo_Cliente,Cliente,EntDir,Codigo_Articulo,Vendedor,cantidad,Mts3,Mts2,Rollos,Importe_Bruto,Importe_Neto,Dto_Contado,Dto_Flete,Dto_Especial,Bonificacion,Desc_Adicional,cantidad_elaborada,m2_ocupados,costo_unitario,costo_total_stock,Costo_de_venta,comp,C_Construccion,nomdoc
20170704,03003751,Indupoles Argentina SA,Parque Ind. Campana - Km70 de Panamericana - Lote 12,01768A,Isolant SI,32,1.44768,0,32,4675.84,5657.77,0,0,0,0,0,0,0,0,0,0,002200005788,N,Factura de Venta
20170704,03003751,Indupoles Argentina SA,Parque Ind. Campana - Km70 de Panamericana - Lote 12,01658ACP,Isolant SI,500,15,500,0,27740,33565.4,0,0,0,0,0,0,0,0,0,22354.91,002200005789,N,Factura de Venta
20170704,03003751,Indupoles Argentina SA,Parque Ind. Campana - Km70 de Panamericana - Lote 12,01500AIN,Isolant SI,31500,15.75,31500,31500,47880,57934.8,0,0,0,0,0,0,0,0,0,33747.96,002200005790,N,Factura de Venta
20170704,01002018,Zanet SA,Erezcano 3021/35,01504BCC,Fernando Palmas,11520,11.52,11520,0,49996.8,60496.13,0,0,0,0,0,0,0,0,0,15283.42,002200005797,N,Factura de Venta
20170704,07005106,Espa SA,Bv. de los Alemanes 3312,01557AK,Meier,30,3.15,450,30,6917.19,8369.8,0,5,0,32.5,12,0,0,0,0,936.4,002200005800,N,Factura de Venta
20170704,07005106,Espa SA,Bv. de los Alemanes 3312,01557AR,Meier,50,10,1000,50,14725,17817.25,0,5,0,0,0,0,0,0,0,2988.37,002200005800,N,Factura de Venta
20170704,01005292,Adamant SRL,Paysandu 923 (entre Crisologo Larralde y Lucena),01514DC,Isolant SI,3300,16.5,3300,3300,25707,31105.47,0,0,0,0,0,0,0,0,0,10669.35,002200005813,N,Factura de Venta
20170704,01005657,Perna Franco,Manco Capac 1540,01853B,Levy,20,2.5,500,20,21457.17,25963.17,3,0,0,21,0,0,0,0,0,11777.25,002200005815,N,Factura de Venta
20170704,24005833,Michelotti Emiliano Manuel,Juan B. Justo 644,01557A,Diego Fani,10,2,200,10,7094.12,8583.89,0,0,0,21,0,0,0,0,0,724.53,002200005816,N,Factura de Venta
20170704,03002676,Tempur Sealy Argentina SRL,,01510AC,Fernando Palmas,-1500,-4.5,-1500,-1500,-10770,-13031.7,0,0,0,0,0,0,0,0,0,4307.6,001400007905,N,Crédito de Venta
20170704,03002676,Tempur Sealy Argentina SRL,,01510CC,Fernando Palmas,-2250,-6.75,-2250,-2250,-16155,-19547.55,0,0,0,0,0,0,0,0,0,2363.76,001400007905,N,Crédito de Venta
20170704,03004731,Ferrara SA,Av. del Libertador 124,01558EC,Levy,-20,-4,-400,-20,-12687.4,-15351.75,0,0,0,21,0,0,0,0,0,7544.58,001400007906,N,Crédito de Venta
20170704,03004731,Ferrara SA,Av. del Libertador 124,01555ED,Levy,-10,-1,-200,-10,-4890.1,-5917.02,0,0,0,21,0,0,0,0,0,3229.71,001400007906,N,Crédito de Venta
20170704,19002241,Carlos Isla y Cia. SA,Suc. Gral Roca: San Juan 198,01557AR,Latyn-Valle y Cordillera,35,7,700,35,10675,12916.75,0,0,0,0,0,0,0,0,0,2091.86,002200005822,N,Factura de Venta
20170704,01005292,Adamant SRL,Paysandu 923 (entre Crisologo Larralde y Lucena),01508BA,Isolant SI,9360,18.72,9360,0,31543.2,38167.27,0,0,0,0,0,0,0,0,0,62467.49,002200005813,N,Factura de Venta
20170704,03004729,Teknobayres S.A.,Av. santa Fe 2777,01905A,Levy,10,0.7118,0,10,7687.41,9301.77,0,0,0,21,0,0,0,0,0,2309.58,002200005814,N,Factura de Venta
20170704,03004729,Teknobayres S.A.,Av. santa Fe 2777,01901A,Levy,1,0.07854,0,1,2038.59,2466.69,0,0,0,21,0,0,0,0,0,669.57,002200005814,N,Factura de Venta
20170704,31001395,Climatec SRL,Santa Fe 345,01762A,Norberto Oppezzo,25,1.27225,0,25,9672.77,11704.06,0,0,0,30,0,0,0,0,0,0,002200005817,N,Factura de Venta
20170704,31001395,Climatec SRL,Santa Fe 345,01765A,Norberto Oppezzo,15,0.6975,0,15,5301.24,6414.5,0,0,0,30,0,0,0,0,0,783.49,002200005817,N,Factura de Venta
20170704,31001395,Climatec SRL,Santa Fe 345,01853A,Norberto Oppezzo,15,1.875,375,15,12388.23,14989.75,0,0,0,21,0,0,0,0,0,514.68,002200005817,N,Factura de Venta
20170704,03005834,Crechet Enrique Carlos,La Paz 3250,01658ACP,Hector Collia,50,1.5,50,0,4980.22,6026.07,0,3,0,50,0,0,0,0,0,2235.49,002200000037,N,Factura de Venta
20170704,07005106,Espa SA,Bv. de los Alemanes 3312,01557AR,Meier,100,20,2000,100,29450,35634.5,0,0,5,0,0,0,0,0,0,5976.75,002200005798,N,Factura de Venta
20170704,07005106,Espa SA,Bv. de los Alemanes 3312,01555AR,Meier,100,10,2000,100,19950,24139.5,0,5,0,0,0,0,0,0,0,4919.7,002200005799,N,Factura de Venta
20170704,07003556,Ran Co Materiales SA,Buenos Aires 405,06C001CO,Meier,2,0,0,2,0.2,0.24,0,3,0,0,0,0,0,0,0,0,002200005806,S,Factura de Venta
20170704,07003556,Ran Co Materiales SA,Buenos Aires 405,01750A,Meier,2,0,0,2,1281.74,1550.92,0,3,0,21,0,0,0,0,0,0,002200005806,S,Factura de Venta
20170704,01005292,Adamant SRL,Paysandu 923 (entre Crisologo Larralde y Lucena),01504AC,Isolant SI,1400,1.4,1400,0,3402,4116.42,0,0,0,0,0,0,0,0,0,1471.6,002200005811,N,Factura de Venta
20170704,01005292,Adamant SRL,Paysandu 923 (entre Crisologo Larralde y Lucena),01500ASA,Isolant SI,2000,1,2000,0,3060,3702.6,0,0,0,0,0,0,0,0,0,2053.19,002200005812,N,Factura de Venta
20170704,03003751,Indupoles Argentina SA,Parque Ind. Campana - Km70 de Panamericana - Lote 12,01658ACP,Isolant SI,400,12,400,0,22192,26852.32,0,0,0,0,0,0,0,0,0,17883.93,002200005791,N,Factura de Venta
20170704,24005133,San Miguel Center SRL,Bv. 25 de Mayo 240-241,01550I,Diego Fani,50,2,1000,50,5043.36,6102.47,0,0,0,21,4,0,0,0,0,2268.77,002200005792,N,Factura de Venta
20170704,24005133,San Miguel Center SRL,Bv. 25 de Mayo 240-241,01557AR,Diego Fani,10,2,200,10,4131.76,4999.43,0,0,0,21,4,0,0,0,0,597.67,002200005792,N,Factura de Venta
20170704,07002750,Cooperativa de Provision Credi,Ruta Provincial Nº5 y Cuesta del Tren,06C001CO,Meier,2,0,0,2,0.2,0.24,0,0,0,0,0,0,0,0,0,0,002200005793,S,Factura de Venta
20170704,01003118,Caputo Marcelo Claudio,Acevedo 65,01658ACP,Luis Ramirez,40,1.2,40,0,4928.64,5963.66,0,0,0,40,0,0,0,0,0,1788.39,002200005795,S,Factura de Venta
20170704,07005106,Espa SA,Bv. de los Alemanes 3312,01960DA,Meier,5,0,0,5,11275.58,13643.45,0,0,5,32.5,0,0,0,0,0,4141.01,002200005798,N,Factura de Venta
20170704,19002241,Carlos Isla y Cia. SA,Suc. Gral Roca: San Juan 198,01552A,Latyn-Valle y Cordillera,30,6,600,30,12395.4,14998.43,0,0,0,0,0,0,0,0,0,3678.46,002200005819,N,Factura de Venta
20170704,19002241,Carlos Isla y Cia. SA,Suc. Gral Roca: San Juan 198,01765C,Latyn-Valle y Cordillera,7,0.41167,0,7,6213.72,7518.6,0,3,0,21,0,0,0,0,0,1393.12,002200005820,N,Factura de Venta
20170704,19002241,Carlos Isla y Cia. SA,Suc. Gral Roca: San Juan 198,01767C,Latyn-Valle y Cordillera,7,0.37212,0,7,5288.63,6399.24,0,3,0,21,0,0,0,0,0,1611.05,002200005820,N,Factura de Venta
20170704,19002241,Carlos Isla y Cia. SA,Suc. Gral Roca: San Juan 198,01764C,Latyn-Valle y Cordillera,4,0.26388,0,4,4011.15,4853.49,0,3,0,21,0,0,0,0,0,1251.84,002200005820,N,Factura de Venta
20170704,19002241,Carlos Isla y Cia. SA,Suc. Gral Roca: San Juan 198,06C001CO,Latyn-Valle y Cordillera,1,0,0,1,0.1,0.12,0,0,0,0,0,0,0,0,0,0,002200005821,N,Factura de Venta
20170704,19002241,Carlos Isla y Cia. SA,Suc. Gral Roca: San Juan 198,01753A,Latyn-Valle y Cordillera,10,0.375,0,10,8453,10228.13,0,0,0,21,0,0,0,0,0,0,002200005821,N,Factura de Venta
20170704,29001934,Juan Valinoti SA,Bartolomé Mitre 2645,01558BC,Hector Collia,24,4.8,480,24,25842.96,31269.98,0,0,0,25,0,0,0,0,0,10387.86,002200005818,N,Factura de Venta
20170704,01005861,DYCASA SA,Zona Cero Rosario Santa Fe,01558BRM,Diego Fani,2046.8,20.468,2046.8,102.34,106351.73,128685.59,0,0,0,0,0,0,0,0,0,40620.27,002200005803,N,Factura de Venta
20170704,01005861,DYCASA SA,Zona Cero Rosario Santa Fe,01558BRM,Diego Fani,2189.6,21.896,2189.6,109.48,113771.62,137663.66,0,0,0,0,0,0,0,0,0,43454.24,002200005804,N,Factura de Venta
20170704,01003805,La Ardilla Camping SRL,Av. Juan B. Justo 831,01650D,Levy,375,3.75,375,0,22491.3,27214.47,0,0,0,21,0,0,0,0,0,6567.48,002200005808,N,Factura de Venta
20170704,19002241,Carlos Isla y Cia. SA,Suc. Gral Roca: San Juan 198,01557A,Latyn-Valle y Cordillera,45,9,900,45,23404.5,28319.44,0,0,0,0,0,0,0,0,0,3260.4,002200005819,N,Factura de Venta
20170704,19002241,Carlos Isla y Cia. SA,Suc. Gral Roca: San Juan 198,01551A,Latyn-Valle y Cordillera,50,5,1000,50,12446,15059.66,0,0,0,0,0,0,0,0,0,7153.55,002200005819,N,Factura de Venta
20170704,07005106,Espa SA,Bv. de los Alemanes 3312,01550I,Meier,10,0.4,200,10,708.7,857.53,0,5,0,0,0,0,0,0,0,453.75,002200005800,N,Factura de Venta
20170704,07005106,Espa SA,Bv. de los Alemanes 3312,01555A,Meier,25,2.5,500,25,8295.77,10037.89,0,5,0,32.5,12,0,0,0,0,1120.83,002200005801,N,Factura de Venta
20170704,07005106,Espa SA,Bv. de los Alemanes 3312,01558BC,Meier,10,2,200,10,9206.55,11139.93,0,5,0,32.5,0,0,0,0,0,4328.28,002200005801,N,Factura de Venta
20170704,07005106,Espa SA,Bv. de los Alemanes 3312,01558EC,Meier,10,2,200,10,4389,5310.69,0,5,0,0,0,0,0,0,0,3772.29,002200005801,N,Factura de Venta
20170704,09002438,Suc De Gustavo Lagerheim SA,Ruta Nacional 11 Km.1005,06C001CO,Victor Casañas,1,0,0,1,0.1,0.12,0,3,0,0,0,0,0,0,0,0,002200005807,N,Factura de Venta
20170704,09002438,Suc De Gustavo Lagerheim SA,Ruta Nacional 11 Km.1005,01568CB,Victor Casañas,80,16,1600,80,81803.27,98981.96,0,3,0,32.5,12,0,0,0,0,33256.29,002200005807,N,Factura de Venta
20170704,03000023,Industrias Saladillo SA,IS.SA. Planta Pilar,01525AHC,Isolant SI,1220,12.2,1220,1220,18922.2,22895.86,0,0,0,0,0,0,0,0,0,5528.85,002200005809,N,Factura de Venta
20170704,07003556,Ran Co Materiales SA,Buenos Aires 405,01563DC,Meier,600,3,600,30,23501.16,28436.4,0,3,0,25,0,0,0,0,0,8831.86,002200005806,S,Factura de Venta
20170704,07005106,Espa SA,Bv. de los Alemanes 3312,01555C,Meier,3,0.3,60,3,0.29,0.34,0,5,0,0,0,0,0,0,0,134.5,002200005801,N,Factura de Venta
20170704,07002750,Cooperativa de Provision Credi,Ruta Provincial Nº5 y Cuesta del Tren,01555AA,Meier,500,2.5,500,25,11148.48,13489.66,0,0,0,21,4,0,0,0,0,1120.83,002200005793,S,Factura de Venta
20170704,07002750,Cooperativa de Provision Credi,Ruta Provincial Nº5 y Cuesta del Tren,01555C,Meier,3,0.3,60,3,0.3,0.36,0,0,0,0,0,0,0,0,0,134.5,002200005793,S,Factura de Venta
20170704,07002750,Cooperativa de Provision Credi,Ruta Provincial Nº5 y Cuesta del Tren,01559AA,Meier,500,5,500,25,17026.08,20601.56,0,0,0,21,4,0,0,0,0,1811.34,002200005793,S,Factura de Venta
20170704,07002750,Cooperativa de Provision Credi,Ruta Provincial Nº5 y Cuesta del Tren,01557C,Meier,3,0.6,60,3,0.3,0.36,0,0,0,0,0,0,0,0,0,217.36,002200005793,S,Factura de Venta
20170704,07003556,Ran Co Materiales SA,Buenos Aires 405,01568BC,Meier,600,6,600,30,31331.96,37911.68,0,3,0,25,0,0,0,0,0,12984.83,002200005806,S,Factura de Venta
20170704,07003556,Ran Co Materiales SA,Buenos Aires 405,01558ECC,Meier,20,0.2,20,1,590.58,714.6,0,3,0,21,4,0,0,0,0,377.23,002200005806,S,Factura de Venta
20170704,07003556,Ran Co Materiales SA,Buenos Aires 405,01603BD,Meier,25,0.05,25,1,208.18,251.9,0,3,0,21,4,0,0,0,0,69.35,002200005806,S,Factura de Venta
20170704,24005846,Corralon Dellasanta S.A,Monteagudo 249,01960FC,Diego Fani,4,0,0,4,7768.62,9400.04,0,0,0,25,12,0,0,0,0,0,002200005805,S,Factura de Venta
20170704,01005903,Georgopulos Jorge Luis,Camargo 10,01771A,Levy,20,0.76655,0,20,5824.05,7047.11,3,0,0,30,0,0,0,0,0,1168.04,002200005794,N,Factura de Venta
20170704,01003805,La Ardilla Camping SRL,Av. Juan B. Justo 831,01651G,Levy,375,3.75,375,0,28410.38,34376.55,0,0,0,21,0,0,0,0,0,5963,002200005808,N,Factura de Venta
20170704,04000640,Hernic SA,Sudamerica 1676,01656DQ,Esteban Bergamaschi,300,7.5,300,0,36153.6,43745.86,0,0,0,30,0,0,0,0,0,12585.71,002200005796,N,Factura de Venta
20170704,03000023,Industrias Saladillo SA,IS.SA. Planta Pilar,01778B,Isolant SI,70,1.715315,0,70,7846.3,9494.02,0,0,0,0,0,0,0,0,0,3958.67,002200005802,N,Factura de Venta
20170704,03000023,Industrias Saladillo SA,IS.SA. Planta Pilar,01777BA,Isolant SI,207,5.5276452,0,207,33262.83,40248.02,0,0,0,0,0,0,0,0,0,13425.67,002200005802,N,Factura de Venta
20170704,31001395,Climatec SRL,Santa Fe 345,01764A,Norberto Oppezzo,20,1.036728,0,20,7809.06,9448.96,0,0,0,30,0,0,0,0,0,1135.54,002200005817,N,Factura de Venta
20170704,31001395,Climatec SRL,Santa Fe 345,01767A,Norberto Oppezzo,10,0.424116,0,10,3127.46,3784.23,0,0,0,30,0,0,0,0,0,327.47,002200005817,N,Factura de Venta
20170704,01005292,Adamant SRL,Paysandu 923 (entre Crisologo Larralde y Lucena),01514DB,Isolant SI,1425,7.125,1425,1425,11100.75,13431.91,0,0,0,0,0,0,0,0,0,2165.88,002200005810,N,Factura de Venta

