﻿FechaTxt,Codigo_Cliente,Cliente,EntDir,Codigo_Articulo,Vendedor,cantidad,Mts3,Mts2,Rollos,Importe_Bruto,Importe_Neto,Dto_Contado,Dto_Flete,Dto_Especial,Bonificacion,Desc_Adicional,cantidad_elaborada,m2_ocupados,costo_unitario,costo_total_stock,Costo_de_venta,comp,C_Construccion,nomdoc
20170614,03003751,Indupoles Argentina SA,Parque Ind. Campana - Km70 de Panamericana - Lote 12,01500AIN,Isolant SI,3000,1.5,3000,3000,4560,5517.6,0,0,0,0,0,0,0,0,0,3082.58,002200005352,N,Factura de Venta
20170614,20004718,Molina Oscar,,04C00291,Pedro Cocaña,1,0,0,1,7000,7000,0,0,0,0,0,0,0,0,0,0,001300001573,,Débito de Venta
20170614,03000023,Industrias Saladillo SA,IS.SA. Planta Pilar,01780BA,Isolant SI,66,1.7127,0,66,13712.16,16591.71,0,0,0,0,0,0,0,0,0,6176.07,002200005357,N,Factura de Venta
20170614,03000023,Industrias Saladillo SA,IS.SA. Planta Pilar,01763AS,Isolant SI,5,0.2356,0,5,602.1,728.54,0,0,0,0,0,0,0,0,0,382.27,002200005361,N,Factura de Venta
20170614,03000023,Industrias Saladillo SA,IS.SA. Planta Pilar,01764AS,Isolant SI,60,3.1104,0,60,8052,9742.92,0,0,0,0,0,0,0,0,0,3836.53,002200005358,N,Factura de Venta
20170614,01005058,Galea S.R.L,Limite del Municipio 4515,01524GC,Diego Fani,1625,16.25,1625,0,34027.5,41173.27,0,0,0,0,0,0,0,0,0,12955.19,002200005360,N,Factura de Venta
20170614,07003238,Cooperativa de Provision de Servicios para Comerciantes,Damaso Valdez 398,01555A,Meier,10,1,200,10,3687.01,4461.28,0,0,5,25,12,0,0,0,0,823.63,002200005391,N,Factura de Venta
20170614,07003238,Cooperativa de Provision de Servicios para Comerciantes,Damaso Valdez 398,01557A,Meier,10,2,200,10,5630.4,6812.78,0,0,5,25,12,0,0,0,0,1730.42,002200005391,N,Factura de Venta
20170614,09002438,Suc De Gustavo Lagerheim SA,Ruta Nacional 11 Km.1005,01555A,Victor Casañas,50,5,1000,50,16940.84,20498.42,0,3,0,32.5,12,0,0,0,0,4118.16,002200005396,N,Factura de Venta
20170614,09002438,Suc De Gustavo Lagerheim SA,Ruta Nacional 11 Km.1005,01555AR,Victor Casañas,30,3,600,30,5496.33,6650.55,0,3,0,32.5,21,0,0,0,0,1642.12,002200005396,N,Factura de Venta
20170614,09002438,Suc De Gustavo Lagerheim SA,Ruta Nacional 11 Km.1005,01557AR,Victor Casañas,35,7,700,35,9862.97,11934.19,0,3,0,32.5,21,0,0,0,0,4014.18,002200005396,N,Factura de Venta
20170614,09002438,Suc De Gustavo Lagerheim SA,Ruta Nacional 11 Km.1005,01555AR,Victor Casañas,100,10,2000,100,18321.08,22168.51,0,3,0,32.5,21,0,0,0,0,5473.72,002200005395,N,Factura de Venta
20170614,11004428,Prades Sociedad Anonima,Av. Monseñor Tavella Nº1937,01557A,Victor Casañas,25,5,500,25,15138.85,18318.01,0,3,0,21,12,0,0,0,0,4326.04,002200005397,N,Factura de Venta
20170614,11004428,Prades Sociedad Anonima,Av. Monseñor Tavella Nº1937,01558BC,Victor Casañas,20,4,400,20,21343.73,25825.91,0,3,0,21,3,0,0,0,0,9002.14,002200005397,N,Factura de Venta
20170614,09002438,Suc De Gustavo Lagerheim SA,Ruta Nacional 11 Km.1005,04VARIOS,Isolant SA,-1,0,0,-1,-28057.36,-33949.41,0,0,0,0,0,0,0,0,0,0,001400007838,N,Crédito de Venta
20170614,07003238,Cooperativa de Provision de Servicios para Comerciantes,Damaso Valdez 398,01555AK,Meier,5,0.225,75,5,757.1,916.09,0,0,5,25,20,0,0,0,0,603.3,002200005391,N,Factura de Venta
20170614,07003238,Cooperativa de Provision de Servicios para Comerciantes,Damaso Valdez 398,01557AK,Meier,5,0.525,75,5,1164.51,1409.06,0,0,5,25,20,0,0,0,0,302.24,002200005391,N,Factura de Venta
20170614,07003959,Planear SRL,Av Armada Argentina 947,01558ES,Meier,25,5,500,25,10032,12138.72,0,0,0,25,12,0,0,0,0,4307.73,002200005390,N,Factura de Venta
20170614,07003959,Planear SRL,Av Armada Argentina 947,01555EC,Meier,25,2.5,500,25,6847.5,8285.48,0,0,0,25,12,0,0,0,0,2546.68,002200005390,N,Factura de Venta
20170614,07003959,Planear SRL,Av Armada Argentina 947,01557AR,Meier,8,1.6,160,8,2876.54,3480.62,0,0,0,25,12,0,0,0,0,917.53,002200005390,N,Factura de Venta
20170614,07003959,Planear SRL,Av Armada Argentina 947,01753A,Meier,2,0.075,0,2,1412.4,1709,0,0,0,25,12,0,0,0,0,0,002200005390,N,Factura de Venta
20170614,07003238,Cooperativa de Provision de Servicios para Comerciantes,Damaso Valdez 398,01555A,Meier,20,2,400,20,7374.02,8922.57,0,0,5,25,12,0,0,0,0,1647.26,002200005393,N,Factura de Venta
20170614,09002438,Suc De Gustavo Lagerheim SA,Ruta Nacional 11 Km.1005,01555AR,Victor Casañas,100,10,2000,100,18321.08,22168.51,0,3,0,32.5,21,0,0,0,0,5473.72,002200005394,N,Factura de Venta
20170614,07003959,Planear SRL,Av Armada Argentina 947,01558ES,Meier,20,4,400,20,8025.6,9710.98,0,0,0,25,12,0,0,0,0,3446.18,002200005388,N,Factura de Venta
20170614,04005689,Polifoam SRL,Alte. Brown 3985,01771C,Isolant SI,5,0.2375,0,5,1545.8,1870.42,0,0,0,0,0,0,0,0,0,2232.98,002200005370,N,Factura de Venta
20170614,07003959,Planear SRL,Av Armada Argentina 947,01654ON,Meier,25,4.2,0,25,8919.9,10793.08,0,0,15,25,12,0,0,0,0,8419.2,002200005389,N,Factura de Venta
20170614,07003959,Planear SRL,Av Armada Argentina 947,01655ON,Meier,25,4.2,0,25,10602.9,12829.51,0,0,15,25,12,0,0,0,0,11785.57,002200005389,N,Factura de Venta
20170614,07003959,Planear SRL,Av Armada Argentina 947,01558EC,Meier,20,4,400,20,10599.6,12825.52,0,0,0,25,12,0,0,0,0,7352.85,002200005390,N,Factura de Venta
20170614,07003959,Planear SRL,Av Armada Argentina 947,01603B,Meier,22,1.1,550,22,3838.74,4644.87,0,0,0,30,12,0,0,0,0,2130.73,002200005390,N,Factura de Venta
20170614,03000357,Laboratorios Valmax SA,Sub Perdomo 1619,01507VA,Isolant SI,4200,6.3,4200,0,21378,25867.38,0,0,0,0,0,0,0,0,0,13243.19,002200005367,N,Factura de Venta
20170614,03000023,Industrias Saladillo SA,IS.SA. Planta Pilar,01780BB,Isolant SI,20,0.95,0,20,6094.8,7374.71,0,0,0,0,0,0,0,0,0,3576.78,002200005377,N,Factura de Venta
20170614,04005689,Polifoam SRL,Alte. Brown 3985,01666AP,Isolant SI,100,5,100,0,17973.45,21747.87,0,0,0,45,0,0,0,0,0,9606,002200005369,N,Factura de Venta
20170614,25004564,Lo Bruno Sociedad Anonima,Saenz Peña 1305,01957M,Pedro Cocaña,1,0,0,1,0.08,0.1,0,3,20,0,0,0,0,0,0,0,002200005379,S,Factura de Venta
20170614,07005677,Iron Pack SRL,Montecatini 3158,01652AC,Meier,50,0.75,50,0,2426.82,2936.46,0,5,5,50,0,0,0,0,0,1632.75,002200005386,S,Factura de Venta
20170614,07003959,Planear SRL,Av Armada Argentina 947,06C001PI,Meier,1,0,0,1,0.1,0.12,0,0,0,0,0,0,0,0,0,0,002200005388,N,Factura de Venta
20170614,03000023,Industrias Saladillo SA,IS.SA. Planta Pilar,01777B,Isolant SI,116,3.0972,0,116,12579.04,15220.64,0,0,0,0,0,0,0,0,0,5412.34,002200005359,N,Factura de Venta
20170614,31003219,Montero Miguel Angel,CORRALON DE MATERIALES - Av. nº 32 (entre 26 y 27),01960DA,Ventas Buenos Aires,15,0,0,15,39689.09,48023.79,0,0,0,21,0,0,0,0,0,14020.92,002200005374,N,Factura de Venta
20170614,03002676,Tempur Sealy Argentina SRL,Marcos Sastre 2300,01510AC,Fernando Palmas,1500,4.5,1500,1500,10770,13031.7,0,0,0,0,0,0,0,0,0,4307.6,002200005384,N,Factura de Venta
20170614,03002676,Tempur Sealy Argentina SRL,Marcos Sastre 2300,01510CC,Fernando Palmas,2250,6.75,2250,2250,16155,19547.55,0,0,0,0,0,0,0,0,0,2363.76,002200005384,N,Factura de Venta
20170614,07005677,Iron Pack SRL,Montecatini 3158,01500D,Meier,1200,0.6,1200,0,3269.52,3956.12,0,5,0,40,0,0,0,0,0,1717.66,002200005387,S,Factura de Venta
20170614,03000023,Industrias Saladillo SA,IS.SA. Planta Pilar,01764AS,Isolant SI,13,0.67392,0,13,1744.6,2110.97,0,0,0,0,0,0,0,0,0,831.25,002200005363,N,Factura de Venta
20170614,09002438,Suc De Gustavo Lagerheim SA,Ruta Nacional 11 Km.1005,04VARIOS,Isolant SA,-1,0,0,-1,-4466.59,-5404.57,0,0,0,0,0,0,0,0,0,0,001400007837,N,Crédito de Venta
20170614,09002438,Suc De Gustavo Lagerheim SA,Ruta Nacional 11 Km.1005,04FLETE,Isolant SA,-1,0,0,-1,-1176.2,-1423.2,0,0,0,0,0,0,0,0,0,0,001400007837,N,Crédito de Venta
20170614,03003751,Indupoles Argentina SA,Parque Ind. Campana - Km70 de Panamericana - Lote 12,01500AC,Isolant SI,10200,5.1,10200,0,15504,18759.84,0,0,0,0,0,0,0,0,0,12016.82,002200005353,N,Factura de Venta
20170614,03003751,Indupoles Argentina SA,Parque Ind. Campana - Km70 de Panamericana - Lote 12,01500AIN,Isolant SI,50000,25,50000,50000,76000,91960,0,0,0,0,0,0,0,0,0,51376.37,002200005354,N,Factura de Venta
20170614,29002098,Cisilotto Hnos SACIFEI,Colectora Gaona y Ruta 5,01557A,Hector Collia,100,20,2000,100,59267.34,71713.48,0,0,0,25,12,0,0,0,0,17304.15,002200005355,N,Factura de Venta
20170614,24003194,Coco Mario,Lamadrid 280 (esq. Ayacucho),01558EC,Diego Fani,40,8,800,40,17807.33,21546.87,0,0,10,30,12,0,0,0,0,14705.71,002200005356,N,Factura de Venta
20170614,29002098,Cisilotto Hnos SACIFEI,Colectora Gaona y Ruta 5,01557A,Hector Collia,100,20,2000,100,59267.34,71713.48,0,0,0,25,12,0,0,0,0,17304.15,002200005375,N,Factura de Venta
20170614,03000023,Industrias Saladillo SA,IS.SA. Planta Pilar,01780BB,Isolant SI,40,1.9,0,40,12189.6,14749.42,0,0,0,0,0,0,0,0,0,7153.56,002200005378,N,Factura de Venta
20170614,27001542,Rosso Hnos. de Alvaro S. Rosso y Raul E. Rosso,Suc.05 - 25 DE MAYO 69,06C001CO,Pedro Cocaña,2,0,0,2,0.2,0.24,0,3,0,0,0,0,0,0,0,0,002200005381,S,Factura de Venta
20170614,09002438,Suc De Gustavo Lagerheim SA,Ruta Nacional 11 Km.1005,04VARIOS,Isolant SA,-1,0,0,-1,-4518.95,-5467.93,0,0,0,0,0,0,0,0,0,0,001400007836,N,Crédito de Venta
20170614,09002438,Suc De Gustavo Lagerheim SA,Ruta Nacional 11 Km.1005,04FLETE,Isolant SA,-1,0,0,-1,-1830.12,-2214.45,0,0,0,0,0,0,0,0,0,0,001400007836,N,Crédito de Venta
20170614,09002438,Suc De Gustavo Lagerheim SA,Ruta Nacional 11 Km.1005,04VARIOS,Isolant SA,-1,0,0,-1,-2909.49,-3520.48,0,0,0,0,0,0,0,0,0,0,001400007836,N,Crédito de Venta
20170614,10000562,Poliplastica del Golfo,M.T Alvear 295,01765C,Norberto Oppezzo,15,0.88215,0,15,13726.92,16609.58,0,0,0,21,0,0,0,0,0,3212.98,002200005368,N,Factura de Venta
20170614,10000562,Poliplastica del Golfo,M.T Alvear 295,01766C,Norberto Oppezzo,15,0.7464,0,15,11091.72,13420.98,0,0,0,21,0,0,0,0,0,3383.5,002200005368,N,Factura de Venta
20170614,10000562,Poliplastica del Golfo,M.T Alvear 295,01767C,Norberto Oppezzo,10,0.5316,0,10,7788.85,9424.5,0,0,0,21,0,0,0,0,0,1915.11,002200005368,N,Factura de Venta
20170614,10000562,Poliplastica del Golfo,M.T Alvear 295,01769D,Norberto Oppezzo,6,0.24882,0,6,3867.56,4679.74,0,0,0,21,0,0,0,0,0,1812.55,002200005368,N,Factura de Venta
20170614,10000562,Poliplastica del Golfo,M.T Alvear 295,01771C,Norberto Oppezzo,2,0.095,0,2,1344.66,1627.04,0,0,0,21,0,0,0,0,0,893.19,002200005368,N,Factura de Venta
20170614,04005689,Polifoam SRL,Alte. Brown 3985,01771C,Isolant SI,4,0.19,0,4,1236.64,1496.33,0,0,0,0,0,0,0,0,0,1786.38,002200005371,N,Factura de Venta
20170614,24003194,Coco Mario,Lamadrid 280 (esq. Ayacucho),01558EC,Diego Fani,45,9,900,45,20033.24,24240.23,0,0,10,30,12,0,0,0,0,16543.92,002200005365,N,Factura de Venta
20170614,24003194,Coco Mario,Lamadrid 280 (esq. Ayacucho),01558ES,Diego Fani,60,12,1200,60,20224.51,24471.66,0,0,10,30,12,0,0,0,0,10338.55,002200005365,N,Factura de Venta
20170614,24003194,Coco Mario,Lamadrid 280 (esq. Ayacucho),01557AR,Diego Fani,40,8,800,40,12081.48,14618.6,0,0,10,30,12,0,0,0,0,4587.63,002200005365,N,Factura de Venta
20170614,24003194,Coco Mario,Lamadrid 280 (esq. Ayacucho),01550I,Diego Fani,10,0.4,200,10,737.35,892.2,0,0,10,30,12,0,0,0,0,530.19,002200005365,N,Factura de Venta
20170614,24003194,Coco Mario,Lamadrid 280 (esq. Ayacucho),01551I,Diego Fani,10,1,200,10,1423.7,1722.68,0,0,10,30,12,0,0,0,0,493.26,002200005365,N,Factura de Venta
20170614,24003676,Miceli Maderas SRL,Av. Pte. Peron 8130,01558ES,Diego Fani,30,6,600,30,12038.4,14566.46,0,0,0,25,12,0,0,0,0,5169.28,002200005366,N,Factura de Venta
20170614,24003194,Coco Mario,Lamadrid 280 (esq. Ayacucho),01555C,Diego Fani,6,0.6,120,6,0.6,0.73,0,0,0,0,0,0,0,0,0,494.18,002200005364,N,Factura de Venta
20170614,27001542,Rosso Hnos. de Alvaro S. Rosso y Raul E. Rosso,Suc.05 - 25 DE MAYO 69,01555AA,Pedro Cocaña,700,3.5,700,35,13175.32,15942.14,0,3,0,25,12,0,0,0,0,2882.71,002200005381,S,Factura de Venta
20170614,27001542,Rosso Hnos. de Alvaro S. Rosso y Raul E. Rosso,Suc.05 - 25 DE MAYO 69,01555C,Pedro Cocaña,3,0.3,60,3,0.3,0.36,0,3,0,0,0,0,0,0,0,247.09,002200005381,S,Factura de Venta
20170614,27001542,Rosso Hnos. de Alvaro S. Rosso y Raul E. Rosso,Suc.07 - A. DEL VALLE 44,01555AA,Pedro Cocaña,300,1.5,300,15,5646.56,6832.34,0,3,0,25,12,0,0,0,0,1235.45,002200005382,S,Factura de Venta
20170614,27001542,Rosso Hnos. de Alvaro S. Rosso y Raul E. Rosso,Suc.07 - A. DEL VALLE 44,01555C,Pedro Cocaña,3,0.3,60,3,0.3,0.36,0,3,0,0,0,0,0,0,0,247.09,002200005382,S,Factura de Venta
20170614,31003219,Montero Miguel Angel,CORRALON DE MATERIALES - Av. nº 32 (entre 26 y 27),01555ARC,Ventas Buenos Aires,4000,20,4000,200,49275.78,59623.68,0,0,0,21,12,0,0,0,0,10947.45,002200005373,S,Factura de Venta
20170614,25004564,Lo Bruno Sociedad Anonima,Saenz Peña 1305,01555ARC,Pedro Cocaña,2000,10,2000,100,18150.96,21962.64,0,3,20,25,12,0,0,0,0,5473.72,002200005379,S,Factura de Venta
20170614,17005892,Mas Maderas S.R.L,Martin Fierro y sargento Cabral,01555ARC,Pedro Cocaña,5400,27,5400,270,61300.3,74173.36,0,3,5,21,12,0,0,0,0,14779.06,002200005380,S,Factura de Venta
20170614,29002098,Cisilotto Hnos SACIFEI,Colectora Gaona y Ruta 5,01557C,Hector Collia,12,2.4,240,12,1.2,1.45,0,0,0,0,0,0,0,0,0,2076.5,002200005375,N,Factura de Venta
20170614,27001542,Rosso Hnos. de Alvaro S. Rosso y Raul E. Rosso,Suc.05 - 25 DE MAYO 69,01559AA,Pedro Cocaña,700,7,700,35,20121.48,24347,0,3,0,25,12,0,0,0,0,6056.45,002200005381,S,Factura de Venta
20170614,27001542,Rosso Hnos. de Alvaro S. Rosso y Raul E. Rosso,Suc.05 - 25 DE MAYO 69,01557C,Pedro Cocaña,3,0.6,60,3,0.3,0.36,0,3,0,0,0,0,0,0,0,519.12,002200005381,S,Factura de Venta
20170614,27001542,Rosso Hnos. de Alvaro S. Rosso y Raul E. Rosso,Suc.07 - A. DEL VALLE 44,01559AA,Pedro Cocaña,600,6,600,30,17246.98,20868.86,0,3,0,25,12,0,0,0,0,5191.25,002200005382,S,Factura de Venta
20170614,27001542,Rosso Hnos. de Alvaro S. Rosso y Raul E. Rosso,Suc.07 - A. DEL VALLE 44,01557C,Pedro Cocaña,3,0.6,60,3,0.3,0.36,0,3,0,0,0,0,0,0,0,519.12,002200005382,S,Factura de Venta
20170614,29002098,Cisilotto Hnos SACIFEI,Colectora Gaona y Ruta 5,01557C,Hector Collia,8,1.6,160,8,0.8,0.97,0,0,0,0,0,0,0,0,0,1384.33,002200005355,N,Factura de Venta
20170614,07003238,Cooperativa de Provision de Servicios para Comerciantes,Damaso Valdez 398,01559AA,Meier,500,5,500,25,14076.14,17032.14,0,0,5,25,12,0,0,0,0,4326.04,002200005392,S,Factura de Venta
20170614,07003238,Cooperativa de Provision de Servicios para Comerciantes,Damaso Valdez 398,01557C,Meier,6,1.2,120,6,0.58,0.68,0,0,5,0,0,0,0,0,0,1038.25,002200005392,S,Factura de Venta
20170614,11004428,Prades Sociedad Anonima,Av. Monseñor Tavella Nº1937,01557C,Victor Casañas,3,0.6,60,3,0.29,0.35,0,3,0,0,0,0,0,0,0,519.12,002200005397,N,Factura de Venta
20170614,31003219,Montero Miguel Angel,CORRALON DE MATERIALES - Av. nº 32 (entre 26 y 27),01557ARC,Ventas Buenos Aires,4000,40,4000,200,75749,91656.28,0,0,0,21,12,0,0,0,0,22938.16,002200005373,S,Factura de Venta
20170614,25004564,Lo Bruno Sociedad Anonima,Saenz Peña 1305,01557ARC,Pedro Cocaña,1700,17,1700,85,23717.1,28697.7,0,3,20,25,12,0,0,0,0,9748.72,002200005379,S,Factura de Venta
20170614,07003238,Cooperativa de Provision de Servicios para Comerciantes,,04C00898,Meier,1,0,0,1,1.95,1.95,0,0,0,0,0,0,0,0,0,,000000010883,,Débito (Ajustes)
20170614,03004813,Loma Hermosa Plast SA,,04C00898,Levy,1,0,0,1,0.52,0.52,0,0,0,0,0,0,0,0,0,,000000010884,,Débito (Ajustes)
20170614,24004809,Bonadeo Raul Leonel,,04C00898,Meier,1,0,0,1,2.1,2.1,0,0,0,0,0,0,0,0,0,,000000010885,,Débito (Ajustes)
20170614,20004718,Molina Oscar,,04C00205,Pedro Cocaña,1,0,0,1,12,14.52,0,0,0,0,0,0,0,0,0,,001300001573,,Débito de Venta
20170614,03000023,Industrias Saladillo SA,IS.SA. Planta Pilar,01778B,Isolant SI,181,4.4353145,0,181,20288.29,24548.83,0,0,0,0,0,0,0,0,0,7502.01,002200005362,N,Factura de Venta
20170614,10000562,Poliplastica del Golfo,M.T Alvear 295,01790A,Norberto Oppezzo,5,0.1979208,0,5,3321.71,4019.27,0,0,0,21,0,0,0,0,0,119.77,002200005368,N,Factura de Venta
20170614,04004334,Fapex SA,,01V/ROD,Isolant SI,1,0,0,1,100000,121000,0,0,0,0,0,0,0,0,0,,001400000724,N,Factura de Venta
20170614,07005677,Iron Pack SRL,Montecatini 3158,01658DC,Meier,100,3,100,0,9754.6,11803.06,0,5,0,50,0,0,0,0,0,3980.43,002200005385,S,Factura de Venta
20170614,03000023,Industrias Saladillo SA,IS.SA. Planta Pilar,01778BA,Isolant SI,180,4.41081,0,180,30722.4,37174.1,0,0,0,0,0,0,0,0,0,9129.88,002200005376,N,Factura de Venta
20170614,24005653,LKL Servicios SRL,Rodriguez Peña 2556 (Calle 111) Esq. Pte. Peron,01658AC,Fernando Palmas,180,5.4,180,0,23288.96,28179.64,0,0,0,37,0,0,0,0,0,7627.82,002200005383,N,Factura de Venta
20170614,04005689,Polifoam SRL,Alte. Brown 3985,01504D,Isolant SI,3360,3.36,3360,0,11020.8,13335.17,0,0,0,0,0,0,0,0,0,5941.81,002200005372,N,Factura de Venta

