﻿FechaTxt,Codigo_Cliente,Cliente,EntDir,Codigo_Articulo,Vendedor,cantidad,Mts3,Mts2,Rollos,Importe_Bruto,Importe_Neto,Dto_Contado,Dto_Flete,Dto_Especial,Bonificacion,Desc_Adicional,cantidad_elaborada,m2_ocupados,costo_unitario,costo_total_stock,Costo_de_venta,comp
20170410,03000023,Industrias Saladillo SA,IS.SA. Planta Pilar,01525AH,Isolant SI,2360,23.6,2360,0,39435.6,47717.08,0,0,0,0,0,0,0,0,0,0,002200004127
20170410,23001202,Chuar SRL,Los Pioneros Nº539,01603A,Guillermo Ghiretti,20,1,500,20,3379.5,4089.19,0,0,0,25,0,0,0,0,0,0,002200004128
20170410,23001202,Chuar SRL,Los Pioneros Nº539,01603AC,Guillermo Ghiretti,10,0.5,250,10,2811.3,3401.67,0,0,0,25,0,0,0,0,0,0,002200004128
20170410,02005125,Pablo Nicolas Sesma,A. Rojas 630,01957A,Hector Collia,1,0,0,1,0.1,0.12,0,0,0,0,0,0,0,0,0,0,002200004133
20170410,02005125,Pablo Nicolas Sesma,A. Rojas 630,01555MC,Hector Collia,200,1.5,200,10,10785.08,13049.94,0,0,0,21,0,0,0,0,0,0,002200004133
20170410,02005125,Pablo Nicolas Sesma,A. Rojas 630,01555MA,Hector Collia,1,0.15,20,1,0.1,0.12,0,0,0,0,0,0,0,0,0,0,002200004133
20170410,02001281,Maderera Llavallol SA,Camino De Cintura 490,01557A,Hector Collia,25,5,500,25,17735.3,21459.72,0,0,0,21,0,0,0,0,0,0,002200004134
20170410,02001281,Maderera Llavallol SA,Camino De Cintura 490,01557C,Hector Collia,6,1.2,120,6,0.6,0.73,0,0,0,0,0,0,0,0,0,0,002200004134
20170410,03000023,Industrias Saladillo SA,IS.SA. Planta Pilar,01525AH,Isolant SI,1700,17,1700,0,28407,34372.47,0,0,0,0,0,0,0,0,0,0,002200004129
20170410,07003912,Masider SA,Isabel La Catolica 390,01957A,Meier,4,0,0,4,0.4,0.48,0,0,0,0,0,0,0,0,0,0,002200004130
20170410,07003912,Masider SA,Isabel La Catolica 390,01558BC,Meier,100,20,2000,100,100360.8,121436.57,0,0,0,25,4,0,0,0,0,0,002200004130
20170410,07003912,Masider SA,Isabel La Catolica 390,01557A,Meier,125,25,2500,125,74084.18,89641.85,0,0,0,25,12,0,0,0,0,0,002200004130
20170410,07003912,Masider SA,Isabel La Catolica 390,01557C,Meier,30,6,600,30,3,3.63,0,0,0,0,0,0,0,0,0,0,002200004130
20170410,07003912,Masider SA,Isabel La Catolica 390,01555M,Meier,30,4.5,600,30,27014.53,32687.58,0,0,0,25,12,0,0,0,0,0,002200004130
20170410,07003912,Masider SA,Isabel La Catolica 390,01555MA,Meier,3,0.45,60,3,0.3,0.36,0,0,0,0,0,0,0,0,0,0,002200004130
20170410,16004512,Hiperceramico SAIYC,"Av. Acceso Norte Km 6,50",01603B,Leandro Diaz,300,15,7500,300,59076.71,71482.81,0,0,0,21,12,0,0,0,0,0,002200004140
20170410,04005689,Polifoam SRL,Alte. Brown 3985,01666DAP,Isolant SI,210,10.5,210,0,36644.69,44340.07,0,0,0,45,0,0,0,0,0,0,002200004131
20170410,04005689,Polifoam SRL,Alte. Brown 3985,01666DAP,Isolant SI,20,1,20,0,3489.97,4222.86,0,0,0,45,0,0,0,0,0,0,002200004131
20170410,04005689,Polifoam SRL,Alte. Brown 3985,01658DAP,Isolant SI,100,3,100,0,9943.45,12031.57,0,0,0,45,0,0,0,0,0,0,002200004131
20170410,04005689,Polifoam SRL,Alte. Brown 3985,01666AP,Isolant SI,100,5,100,0,17449.85,21114.32,0,0,0,45,0,0,0,0,0,0,002200004131
20170410,04005689,Polifoam SRL,Alte. Brown 3985,01761A,Isolant SI,35,2.27605,0,35,8870.4,10733.18,0,0,0,0,0,0,0,0,0,0,002200004131
20170410,01004209,Brifitel SRL,Pasteur 677,01524GC,Hector Collia,375,3.75,375,0,9513.79,11511.68,0,0,0,30,10,0,0,0,0,0,002200004132
20170410,01004209,Brifitel SRL,Pasteur 677,01524HC,Hector Collia,150,1.5,150,0,3805.52,4604.67,0,0,0,30,10,0,0,0,0,0,002200004132
20170410,01004209,Brifitel SRL,Pasteur 677,01514DB,Hector Collia,375,1.875,375,375,5894.44,7132.27,0,0,0,30,10,0,0,0,0,0,002200004132
20170410,31000124,Drap Sociedad de Responsabilidad Limitada,Victoriano Montes 2060,01603B,Luis Ramirez,50,2.5,1250,50,9120.97,11036.38,0,0,0,30,8,0,0,0,0,0,002200004135
20170410,31000124,Drap Sociedad de Responsabilidad Limitada,Victoriano Montes 2060,01550I,Luis Ramirez,20,0.8,400,20,1713.04,2072.78,0,0,0,30,8,0,0,0,0,0,002200004135
20170410,31000124,Drap Sociedad de Responsabilidad Limitada,Victoriano Montes 2060,01555EC,Luis Ramirez,10,1,200,10,2672.6,3233.85,0,0,0,30,8,0,0,0,0,0,002200004135
20170410,31000124,Drap Sociedad de Responsabilidad Limitada,Victoriano Montes 2060,01558ES,Luis Ramirez,10,2,200,10,3915.52,4737.78,0,0,0,30,8,0,0,0,0,0,002200004135
20170410,31000124,Drap Sociedad de Responsabilidad Limitada,Victoriano Montes 2060,01558EC,Luis Ramirez,10,2,200,10,5171.32,6257.3,0,0,0,30,8,0,0,0,0,0,002200004135
20170410,31000124,Drap Sociedad de Responsabilidad Limitada,Victoriano Montes 2060,01655ON,Luis Ramirez,240,3.36,240,0,8784.72,10629.51,0,0,0,30,17,0,0,0,0,0,002200004135
20170410,31000124,Drap Sociedad de Responsabilidad Limitada,Victoriano Montes 2060,01753B,Luis Ramirez,10,0.375,0,10,8715,10545.15,0,0,0,30,17,0,0,0,0,0,002200004135
20170410,31000124,Drap Sociedad de Responsabilidad Limitada,Victoriano Montes 2060,01960F,Luis Ramirez,10,0,0,10,17096.91,20687.26,0,0,0,30,17,0,0,0,0,0,002200004135
20170410,03004731,Ferrara SA,Av. del Libertador 124,01558ES,Levy,20,4,400,20,9222.14,11158.79,0,0,0,21,4,0,0,0,0,0,002200004136
20170410,03004731,Ferrara SA,Av. del Libertador 124,01558EC,Levy,20,4,400,20,12179.9,14737.68,0,0,0,21,4,0,0,0,0,0,002200004136
20170410,03004731,Ferrara SA,Av. del Libertador 124,01558BC,Levy,5,1,100,5,5505.91,6662.15,0,0,0,21,0,0,0,0,0,0,002200004136
20170410,03004731,Ferrara SA,Av. del Libertador 124,01557A,Levy,10,2,200,10,6810.36,8240.53,0,0,0,21,4,0,0,0,0,0,002200004136
20170410,04004334,Fapex SA,Rio Potrero 175 (Esq. Rio de Rey) Barrio CinaCina,01763CF,Isolant SI,10,0.6032,0,10,2894.3,3502.1,0,0,0,0,0,0,0,0,0,0,002200004137
20170410,03000357,Laboratorios Valmax SA,Sub Perdomo 1619,01507VK,Isolant SI,2400,3.6,2400,0,12216,14781.36,0,0,0,0,0,0,0,0,0,0,002200004138
20170410,03000357,Laboratorios Valmax SA,Sub Perdomo 1619,01507VK,Isolant SI,4080,6.12,4080,0,20767.2,25128.31,0,0,0,0,0,0,0,0,0,0,002200004138
20170410,03000357,Laboratorios Valmax SA,Sub Perdomo 1619,01507VF,Isolant SI,6000,9,6000,0,30540,36953.4,0,0,0,0,0,0,0,0,0,0,002200004138
20170410,30004285,A P Argentina SA,Camusso 366,01654ACP,Fernando Palmas,100,2,100,0,8201,9923.21,0,0,0,0,0,0,0,0,0,0,002200004139
20170410,03005875,Coria Sandra Patricia,,04C00898,Levy,1,0,0,1,0.64,0.64,0,0,0,0,0,0,0,0,0,0,000000010747

