﻿FechaTxt,Codigo_Cliente,Cliente,EntDir,Codigo_Articulo,Vendedor,cantidad,Mts3,Mts2,Rollos,Importe_Bruto,Importe_Neto,Dto_Contado,Dto_Flete,Dto_Especial,Bonificacion,Desc_Adicional,cantidad_elaborada,m2_ocupados,costo_unitario,costo_total_stock,Costo_de_venta,comp,C_Construccion,nomdoc
20171005,29003400,Belforti Hugo Osmar,Urquiza 115,01960DA,Disapla,10,0,0,10,29449.3,35633.66,0,0,0,21,0,0,0,0,0,10850,002200007672,N,Factura de Venta
20171005,22005801,Vargas Maria Elena,Sarmiento 253,01571EC,Leandro Diaz,15,6,300,15,14100,17061,0,0,0,0,0,0,0,0,0,10234.05,002200007676,S,Factura de Venta
20171005,16005773,Metales Dibo SA,Maza Norte 3536,01571EC,Leandro Diaz,58,23.2,1160,58,54520,65969.2,0,0,0,0,0,0,0,0,0,39571.66,002200007677,S,Factura de Venta
20171005,04004334,Fapex SA,Rio Potrero 175 (Esq. Rio de Rey) Barrio CinaCina,01557ARF,Isolant SI,308,61.6,6160,308,88676.28,107298.3,0,0,0,0,0,0,0,0,0,73014.48,002200007670,N,Factura de Venta
20171005,26004849,Bernales Juan Antonio,9 de Julio N°793,01765A,Norberto Oppezzo,8,0.372,0,8,3053.52,3053.52,0,0,0,0,0,0,0,0,0,476.16,002500000035,,Factura Exterior
20171005,26004849,Bernales Juan Antonio,9 de Julio N°793,01767A,Norberto Oppezzo,4,0.16964,0,4,1351.04,1351.04,0,0,0,0,0,0,0,0,0,214.2,002500000035,,Factura Exterior
20171005,02005702,Caps Ram,J. Díaz Solís 3535,01558ES,Levy,1,0.2,20,1,483.36,584.87,0,0,0,25,0,0,0,0,0,259.96,002200007686,N,Factura de Venta
20171005,24005870,Orlandi Industrial y Comercial SA,Ovideo Lagos 3992,01558ET,Diego Fani,200,40,4000,200,76564.22,92642.71,0,0,10,25,12,0,0,0,0,50622,002200007690,N,Factura de Venta
20171005,10005925,Neomat De La Patagonia S.A,Av. Hipolito Yrigoyen 4581,06C001CO,Norberto Oppezzo,1,0,0,1,0.1,0.12,0,0,0,0,0,0,0,0,0,0,002200007692,N,Factura de Venta
20171005,10005925,Neomat De La Patagonia S.A,Av. Hipolito Yrigoyen 4581,01550I,Norberto Oppezzo,300,21,10500,300,28570.63,34570.47,0,0,0,21,12,0,0,0,0,12771,002200007692,N,Factura de Venta
20171005,02001697,Sealed Air Argentina SA,Deposito Katya: Primera Junta 695,01524DC,Isolant SI,75,0.75,75,0,1456.5,1762.36,0,0,0,0,0,0,0,0,0,765,002200007687,N,Factura de Venta
20171005,05003822,Tapitel SA,Warnes 2674,01666ACP,Ventas Buenos Aires,40,2,40,0,10597.38,12822.82,0,0,0,21,0,0,0,0,0,2265.2,002200007688,N,Factura de Venta
20171005,29002246,Ungaro Leonardo Roberto,Calle 20 nº 1178,01960DA,Hector Collia,20,0,0,20,55916.4,67658.84,0,0,0,25,0,0,0,0,0,21700,002200007691,N,Factura de Venta
20171005,29002246,Ungaro Leonardo Roberto,Calle 20 nº 1178,01558BC,Hector Collia,103,20.6,2060,103,114236.53,138226.2,0,0,0,25,0,0,0,0,0,57578.03,002200007691,N,Factura de Venta
20171005,29002246,Ungaro Leonardo Roberto,Calle 20 nº 1178,01557A,Hector Collia,100,20,2000,100,62230.74,75299.2,0,0,0,25,12,0,0,0,0,27061,002200007691,N,Factura de Venta
20171005,24005811,Levato Leonardo Daniel,,04C01128,Victor Casañas,1,0,0,1,6897,6897,0,0,0,0,0,0,0,0,0,0,001300001628,,Débito de Venta
20171005,28003914,TECNOPOR S.A.,Parque Industrial Mz. 5,01555A,Fernando Palmas,115,11.5,2300,115,57154.95,57154.95,0,0,0,0,0,0,0,0,0,19203.85,001500000679,,Factura Exterior
20171005,21005576,Alessi Martin Esteban SRL en formacion,Salta 732 Norte,06C001CO,Leandro Diaz,1,0,0,1,0.1,0.12,0,0,0,0,0,0,0,0,0,0,002200007684,S,Factura de Venta
20171005,21005576,Alessi Martin Esteban SRL en formacion,Salta 732 Norte,06C001PI,Leandro Diaz,1,0,0,1,0.1,0.12,0,0,0,0,0,0,0,0,0,0,002200007684,S,Factura de Venta
20171005,21005576,Alessi Martin Esteban SRL en formacion,Salta 732 Norte,06C001CS,Leandro Diaz,1,0,0,1,0.1,0.12,0,0,0,0,0,0,0,0,0,0,002200007684,S,Factura de Venta
20171005,21005576,Alessi Martin Esteban SRL en formacion,Salta 732 Norte,01524HC,Leandro Diaz,1000,10,1000,0,14300,17303,0,0,0,0,0,0,0,0,0,11160,002200007684,S,Factura de Venta
20171005,02005702,Caps Ram,J. Díaz Solís 3535,01510D,Levy,4000,12,4000,4000,46050,55720.5,0,0,0,25,0,0,0,0,0,15320,002200007685,N,Factura de Venta
20171005,02000801,Ritrac SA,Alem 1640,01854A,Levy,5,1.25,125,5,6016.09,7279.47,0,0,0,25,0,0,0,0,0,2081.85,002200007689,N,Factura de Venta
20171005,04004334,Fapex SA,Rio Potrero 175 (Esq. Rio de Rey) Barrio CinaCina,01555ARF,Isolant SI,411,41.1,8220,411,68739.75,83175.1,0,0,0,0,0,0,0,0,0,55653.51,002200007683,N,Factura de Venta
20171005,04004334,Fapex SA,Rio Potrero 175 (Esq. Rio de Rey) Barrio CinaCina,01557ARF,Isolant SI,13,2.6,260,13,3742.83,4528.82,0,0,0,0,0,0,0,0,0,3081.78,002200007683,N,Factura de Venta
20171005,04004334,Fapex SA,Rio Potrero 175 (Esq. Rio de Rey) Barrio CinaCina,01524AF,Isolant SI,26,0.26,26,0,287.04,347.32,0,0,0,0,0,0,0,0,0,237.9,002200007683,N,Factura de Venta
20171005,04004334,Fapex SA,Rio Potrero 175 (Esq. Rio de Rey) Barrio CinaCina,01558A,Isolant SI,76,15.2,1520,76,34397.6,41621.1,0,0,0,0,0,0,0,0,0,19696.16,002200007683,N,Factura de Venta
20171005,28003914,TECNOPOR S.A.,Parque Industrial Mz. 5,01557A,Fernando Palmas,180,36,3600,180,146306.85,146306.85,0,0,0,0,0,0,0,0,0,48709.8,001500000679,,Factura Exterior
20171005,11005821,Bh Maderas SA,Ruta 18 Km 14.5,01854B,Victor Casañas,10,2.5,250,10,13544.56,16388.9,0,0,0,25,0,0,0,0,0,5171.2,002200007679,S,Factura de Venta
20171005,07005950,Nuevo emprendimiento SRL,Ruta 9 esq. Juan Domingo Peron,01558EC,Meier,52,10.4,1040,52,32617.78,39467.52,0,0,0,21,4,0,0,0,0,21208.72,002200007680,N,Factura de Venta
20171005,04005689,Polifoam SRL,Alte. Brown 3985,01666DAP,Isolant SI,90,4.5,90,0,17146.8,20747.63,0,0,0,45,0,0,0,0,0,6011.1,002200007681,N,Factura de Venta
20171005,02005827,A.D.Barbieri S.A,Luis Maria Drago 1382 Parque Industrial Almirante Brown,01753AB,Isolant SA,120,4.5,0,120,58680,71002.8,0,0,0,0,0,0,0,0,0,55732.8,002200007678,N,Factura de Venta
20171005,02005827,A.D.Barbieri S.A,Luis Maria Drago 1382 Parque Industrial Almirante Brown,01753AD,Isolant SA,52,1.95,0,52,24793.6,30000.26,0,0,0,0,0,0,0,0,0,24150.88,002200007678,N,Factura de Venta
20171005,04005689,Polifoam SRL,Alte. Brown 3985,01666AP,Isolant SI,100,5,100,0,19052,23052.92,0,0,0,45,0,0,0,0,0,6428,002200007682,N,Factura de Venta
20171005,28000201,CASARINO S.R.L.,"Eusebio Ayala 4165 Km 4,5",01750A,Fernando Palmas,20,0,0,20,6288.81,6288.81,0,0,0,0,0,0,0,0,0,3752,001500000677,,Factura Exterior
20171005,28000201,CASARINO S.R.L.,"Eusebio Ayala 4165 Km 4,5",01700A,Fernando Palmas,100,12,0,100,48343.48,48343.48,0,0,0,0,0,0,0,0,0,26714,001500000678,,Factura Exterior
20171005,28000201,CASARINO S.R.L.,"Eusebio Ayala 4165 Km 4,5",01554BR,Fernando Palmas,15,1.8,300,15,15786.09,15786.09,0,0,0,0,0,0,0,0,0,6832.8,001500000678,,Factura Exterior
20171005,28000201,CASARINO S.R.L.,"Eusebio Ayala 4165 Km 4,5",01960DA,Fernando Palmas,5,0,0,5,10735.3,10735.3,0,0,0,0,0,0,0,0,0,5425,001500000678,,Factura Exterior
20171005,28000201,CASARINO S.R.L.,"Eusebio Ayala 4165 Km 4,5",01603AC,Fernando Palmas,10,0.5,250,10,2082.99,2082.99,0,0,0,0,0,0,0,0,0,1259.9,001500000678,,Factura Exterior
20171005,28000201,CASARINO S.R.L.,"Eusebio Ayala 4165 Km 4,5",01558BC,Fernando Palmas,40,8,800,40,40849.55,40849.55,0,0,0,0,0,0,0,0,0,22360.4,001500000678,,Factura Exterior
20171005,28000201,CASARINO S.R.L.,"Eusebio Ayala 4165 Km 4,5",01551I,Fernando Palmas,50,5,1000,50,10562.15,10562.15,0,0,0,0,0,0,0,0,0,4051,001500000677,,Factura Exterior
20171005,28000201,CASARINO S.R.L.,"Eusebio Ayala 4165 Km 4,5",01558ES,Fernando Palmas,60,12,1200,60,31582.56,31582.56,0,0,0,0,0,0,0,0,0,15597.6,001500000677,,Factura Exterior
20171005,28000201,CASARINO S.R.L.,"Eusebio Ayala 4165 Km 4,5",01555AR,Fernando Palmas,80,8,1600,80,19115.76,19115.76,0,0,0,0,0,0,0,0,0,10832.8,001500000677,,Factura Exterior
20171005,28000201,CASARINO S.R.L.,"Eusebio Ayala 4165 Km 4,5",01557AR,Fernando Palmas,30,6,600,30,11116.23,11116.23,0,0,0,0,0,0,0,0,0,7111.8,001500000677,,Factura Exterior
20171005,28000201,CASARINO S.R.L.,"Eusebio Ayala 4165 Km 4,5",01555ED,Fernando Palmas,50,5,1000,50,24241,24241,0,0,0,0,0,0,0,0,0,15992.5,001500000677,,Factura Exterior
20171005,28000201,CASARINO S.R.L.,"Eusebio Ayala 4165 Km 4,5",01569BC,Fernando Palmas,18,5.4,360,18,22359.21,22359.21,0,0,0,0,0,0,0,0,0,12040.56,001500000677,,Factura Exterior
20171005,26004849,Bernales Juan Antonio,9 de Julio N°793,01765C,Norberto Oppezzo,4,0.23524,0,4,3502.96,3502.96,0,0,0,0,0,0,0,0,0,821.8,002500000035,,Factura Exterior
20171005,26004849,Bernales Juan Antonio,9 de Julio N°793,01767C,Norberto Oppezzo,4,0.21264,0,4,2981.44,2981.44,0,0,0,0,0,0,0,0,0,668.28,002500000035,,Factura Exterior
20171005,31000873,Tellechea Juan Carlos,12 de Octubre 340,01960DA,Disapla,10,0,0,10,26839.87,32476.25,0,0,0,25,4,0,0,0,0,10850,002200007673,N,Factura de Venta
20171005,04002644,Materiales Nuciari S R L,Acceso Oeste Km 44500 y puente Gorriti,01557A,Hector Collia,10,2,200,10,7448.83,9013.09,0,0,0,21,0,0,0,0,0,2706.1,002200007675,N,Factura de Venta
20171005,01003118,Caputo Marcelo Claudio,Acevedo 65,01658ACP,Luis Ramirez,80,2.4,80,0,9857.76,11927.89,0,0,0,40,0,0,0,0,0,3004,002200007671,N,Factura de Venta
20171005,01003118,Caputo Marcelo Claudio,Acevedo 65,01700A,Luis Ramirez,5,0.6,0,5,3126.24,3782.74,0,0,0,30,0,0,0,0,0,1335.7,002200007671,N,Factura de Venta
20171005,29002246,Ungaro Leonardo Roberto,Calle 20 nº 1178,01557C,Hector Collia,24,4.8,480,24,2.4,2.9,0,0,0,0,0,0,0,0,0,767.23,002200007691,N,Factura de Venta
20171005,04001988,Valentini Eduardo Hector,Bme. Mitre 1460,01557ARC,Hector Collia,1000,10,1000,50,21059.02,25481.42,0,0,0,21,5,0,0,0,0,1413.13,002200007674,S,Factura de Venta
20171005,21005576,Alessi Martin Esteban SRL en formacion,Salta 732 Norte,01568BC,Leandro Diaz,300,3,300,15,17523.78,21203.78,0,0,0,21,0,0,0,0,0,7510.47,002200007684,S,Factura de Venta
20171005,30004679,Landoni Eduardo Antonio,,01IN,Esteban Bergamaschi,-1,0,0,-1,-370.21,-447.95,0,0,0,0,0,0,0,0,0,,001300000359,,Crédito de Venta
20171005,30004679,Landoni Eduardo Antonio,,04C00898,Esteban Bergamaschi,1,0,0,1,6.33,6.33,0,0,0,0,0,0,0,0,0,,000000011193,,Débito (Ajustes)
20171005,26004849,Bernales Juan Antonio,9 de Julio N°793,01764A,Norberto Oppezzo,2,0.1036728,0,2,843.38,843.38,0,0,0,0,0,0,0,0,0,130.74,002500000035,,Factura Exterior
20171005,13003662,A B Construcciones SRL,,04C00898,Pedro Cocaña,1,0,0,1,0.01,0.01,0,0,0,0,0,0,0,0,0,,000000011194,,Débito (Ajustes)
20171005,05003080,Dominguez Martha Ofelia,,01IN,Levy,-1,0,0,-1,-168.39,-203.76,0,0,0,0,0,0,0,0,0,,001300000360,,Crédito de Venta
20171005,05003080,Dominguez Martha Ofelia,,04C00898,Levy,1,0,0,1,1.83,1.83,0,0,0,0,0,0,0,0,0,,000000011195,,Débito (Ajustes)
20171005,03000357,Laboratorios Valmax SA,Sub Perdomo 1619,04IIBB,Isolant SI,-1,0,0,-1,0,0,0,0,0,0,0,0,0,0,0,,001400008067,N,Crédito de Venta
20171005,03003491,Sumadera Sociedad Anonima,,04C00898,Mariano Martinez,1,0,0,1,219.7,219.7,0,0,0,0,0,0,0,0,0,,000000011197,,Débito (Ajustes)
20171005,02003863,Sebastian Fava SA,,04C00898,Mariano Martinez,1,0,0,1,308.52,308.52,0,0,0,0,0,0,0,0,0,,000000011198,,Débito (Ajustes)
20171005,03000357,Laboratorios Valmax SA,Sub Perdomo 1619,04IIBB,Isolant SI,-1,0,0,-1,0,0,0,0,0,0,0,0,0,0,0,,001400008068,N,Crédito de Venta
20171005,04005905,Kaletra SRL,Francia 741,01654D,Victor Casañas,140,2.8,140,0,4930.9,5966.39,0,3,0,0,0,0,0,0,0,3725.4,002200007694,N,Factura de Venta
20171005,03001754,Boiero Lyonel,,04C00677,Mariano Martinez,-1,0,0,-1,-40.95,-40.95,0,0,0,0,0,0,0,0,0,,000000011196,,Crédito (Ajustes)
20171005,04005905,Kaletra SRL,Francia 741,01654D,Victor Casañas,300,6,300,0,10566.21,12785.11,0,3,0,0,0,0,0,0,0,7983,002200007693,N,Factura de Venta
20171005,28003914,TECNOPOR S.A.,Parque Industrial Mz. 5,01957AD,Fernando Palmas,1,0,0,1,1.73,1.73,0,0,0,0,0,0,0,0,0,,001500000679,,Factura Exterior
20171005,01004323,Santiago Rossi SCA,,04C00898,Mariano Martinez,1,0,0,1,92.08,92.08,0,0,0,0,0,0,0,0,0,,000000011199,,Débito (Ajustes)
20171005,07002180,Ferrocons SA,,04C00898,Meier,1,0,0,1,118.54,118.54,0,0,0,0,0,0,0,0,0,,000000011200,,Débito (Ajustes)
20171005,03000357,Laboratorios Valmax SA,Sub Perdomo 1619,04IIBB,Isolant SI,-1,0,0,-1,0,0,0,0,0,0,0,0,0,0,0,,001400008069,N,Crédito de Venta
20171005,03000357,Laboratorios Valmax SA,Sub Perdomo 1619,04IIBB,Isolant SI,-1,0,0,-1,0,0,0,0,0,0,0,0,0,0,0,,001400008070,N,Crédito de Venta

