﻿FechaTxt,Codigo_Cliente,Cliente,EntDir,Codigo_Articulo,Vendedor,cantidad,Mts3,Mts2,Rollos,Importe_Bruto,Importe_Neto,Dto_Contado,Dto_Flete,Dto_Especial,Bonificacion,Desc_Adicional,cantidad_elaborada,m2_ocupados,costo_unitario,costo_total_stock,Costo_de_venta,comp,C_Construccion,nomdoc
20170908,24002895,Gani Sociedad Anonima,Parque Industrial Sauce Viejo - Lote 83,01658ACP,Victor Casañas,1000,30,1000,0,96480,116740.8,0,0,0,0,0,0,0,0,0,36130,002200007106,N,Factura de Venta
20170908,03000023,Industrias Saladillo SA,IS.SA. Planta Pilar,01780BB,Isolant SI,48,2.28,0,48,15359.04,18584.44,0,0,0,0,0,0,0,0,0,10321.44,002200007112,N,Factura de Venta
20170908,04001187,Muresco SA,J. M. Rosas 7020,01700A,Ventas Buenos Aires,100,12,0,100,62524.7,75654.89,0,0,0,30,0,0,0,0,0,26534,002200007113,N,Factura de Venta
20170908,02000801,Ritrac SA,Alem 1640,01854A,Levy,5,1.25,125,5,6016.09,7279.47,0,0,0,25,0,0,0,0,0,2013.4,002200007121,N,Factura de Venta
20170908,02003203,Maderera La Loma SA,Calle 161 y 40,01555M,Ventas Buenos Aires,100,15,2000,100,102581.63,124123.77,0,0,0,21,12,0,0,0,0,54184,002200007093,N,Factura de Venta
20170908,02003203,Maderera La Loma SA,Calle 161 y 40,01558AL,Ventas Buenos Aires,50,10,2000,50,44991.61,54439.84,0,0,0,21,12,0,0,0,0,15931.5,002200007093,N,Factura de Venta
20170908,29001133,Empresa Sposito SA,,04VARIOS,Ventas Buenos Aires,-1,0,0,-1,-355.37,-430,0,0,0,0,0,0,0,0,0,0,001400008028,N,Crédito de Venta
20170908,09002438,Suc De Gustavo Lagerheim SA,,04VARIOS,Victor Casañas,-1,0,0,-1,-10070.25,-12185,0,0,0,0,0,0,0,0,0,0,001400008030,N,Crédito de Venta
20170908,30001022,Eusebio D. Bouciguez SA,Chacabuco 2377 y Bolivar,01767A,Esteban Bergamaschi,4,0.16964,0,4,1447.56,1751.55,0,0,0,25,0,0,0,0,0,209.2,002200007129,N,Factura de Venta
20170908,30001022,Eusebio D. Bouciguez SA,Chacabuco 2377 y Bolivar,01767C,Esteban Bergamaschi,4,0.21264,0,4,3194.4,3865.22,0,0,0,25,0,0,0,0,0,664.16,002200007129,N,Factura de Venta
20170908,30001022,Eusebio D. Bouciguez SA,Chacabuco 2377 y Bolivar,01765C,Esteban Bergamaschi,3,0.17643,0,3,2814.88,3406.01,0,0,0,25,0,0,0,0,0,634.62,002200007129,N,Factura de Venta
20170908,29001133,Empresa Sposito SA,Alte Brown 241,01557A,Ventas Buenos Aires,5,1,100,5,3724.42,4506.54,0,0,0,21,0,0,0,0,0,1281.7,002200007120,N,Factura de Venta
20170908,29001133,Empresa Sposito SA,Alte Brown 241,01555AK,Ventas Buenos Aires,15,0.675,225,15,3525.73,4266.13,0,0,0,21,0,0,0,0,0,1529.1,002200007120,N,Factura de Venta
20170908,29001133,Empresa Sposito SA,Alte Brown 241,01557AK,Ventas Buenos Aires,15,1.575,225,15,5422.92,6561.73,0,0,0,21,0,0,0,0,0,2596.65,002200007120,N,Factura de Venta
20170908,29001133,Empresa Sposito SA,Alte Brown 241,01750A,Ventas Buenos Aires,2,0,0,2,1387.48,1678.85,0,0,0,21,0,0,0,0,0,382.7,002200007120,N,Factura de Venta
20170908,29001133,Empresa Sposito SA,Alte Brown 241,01558BC,Ventas Buenos Aires,12,2.4,240,12,14018.93,16962.9,0,0,0,21,0,0,0,0,0,6445.08,002200007120,N,Factura de Venta
20170908,31003219,Montero Miguel Angel,,04VARIOS,Ventas Buenos Aires,-1,0,0,-1,-1107.44,-1340,0,0,0,0,0,0,0,0,0,0,001400008026,N,Crédito de Venta
20170908,10000562,Poliplastica del Golfo,M.T Alvear 295,01766C,Norberto Oppezzo,12,0.59712,0,12,9583.24,11595.72,0,0,0,21,0,0,0,0,0,1892.52,002200007115,N,Factura de Venta
20170908,10000562,Poliplastica del Golfo,M.T Alvear 295,01767C,Norberto Oppezzo,7,0.37212,0,7,5888.34,7124.9,0,0,0,21,0,0,0,0,0,1162.28,002200007115,N,Factura de Venta
20170908,24002556,Centro de Embalajes SA,Bv. Lehmann 1134,01504AC,Diego Fani,1200,1.2,1200,0,6064.8,7338.41,0,0,0,30,0,0,0,0,0,2016,002200007116,N,Factura de Venta
20170908,07003893,Torres Carlos Hector,,04VARIOS,Meier,-1,0,0,-1,-12276.86,-14855,0,0,0,0,0,0,0,0,0,0,001400008027,N,Crédito de Venta
20170908,24005828,Pedro Bravin S.A,,04VARIOS,Diego Fani,-1,0,0,-1,-772.73,-935,0,0,0,0,0,0,0,0,0,0,001400008029,N,Crédito de Venta
20170908,29001133,Empresa Sposito SA,Alte Brown 241,01555A,Ventas Buenos Aires,15,1.5,300,15,7316.66,8853.16,0,0,0,21,0,0,0,0,0,2390.55,002200007120,N,Factura de Venta
20170908,04004334,Fapex SA,Rio Potrero 175 (Esq. Rio de Rey) Barrio CinaCina,01524AF,Isolant SI,-4134,-41.34,-4134,0,-38280.84,-46319.82,0,0,0,0,0,0,0,0,0,36048.48,001400008025,N,Crédito de Venta
20170908,27001542,Rosso Hnos. de Alvaro S. Rosso y Raul E. Rosso,Suc. 09- Ruta 301 (ex38) Km 1541,01557A,Pedro Cocaña,100,20,2000,100,54327.44,65736.2,0,3,10,25,12,0,0,0,0,25634,002200007098,N,Factura de Venta
20170908,24002713,Casa Bureu SA,Av. Pte. Juan D. Peron 3447,01557A,Diego Fani,10,2,200,10,7448.83,9013.09,0,0,0,21,0,0,0,0,0,2563.4,002200007101,N,Factura de Venta
20170908,01002018,Zanet SA,Erezcano 3021/35,01508F,Fernando Palmas,3400,6.8,3400,0,24514,29661.94,0,0,0,0,0,0,0,0,0,9901.04,002200007102,N,Factura de Venta
20170908,11002802,Casa Schanton SA,Mitre 2250,01555M,Victor Casañas,20,3,400,20,20516.33,24824.75,0,0,0,21,12,0,0,0,0,10836.8,000900038922,N,Factura de Venta
20170908,10000562,Poliplastica del Golfo,M.T Alvear 295,01765C,Norberto Oppezzo,7,0.41167,0,7,6918.36,8371.22,0,0,0,21,0,0,0,0,0,1480.78,002200007115,N,Factura de Venta
20170908,01003103,Abuye Jorge Oscar,La Pampa 4965,01524GC,Luis Ramirez,50,0.5,50,0,1494.15,1807.92,0,0,0,30,0,0,0,0,0,497,002200007105,N,Factura de Venta
20170908,01003103,Abuye Jorge Oscar,La Pampa 4965,01666ACP,Luis Ramirez,10,0.5,10,0,2347.52,2840.5,0,0,0,30,0,0,0,0,0,541.4,002200007105,N,Factura de Venta
20170908,01003103,Abuye Jorge Oscar,La Pampa 4965,01558ES,Luis Ramirez,1,0.2,20,1,451.14,545.87,0,0,0,30,0,0,0,0,0,253.11,002200007105,N,Factura de Venta
20170908,01003103,Abuye Jorge Oscar,La Pampa 4965,01772AD,Luis Ramirez,1,0.18944,0,1,1575.76,1906.67,0,0,0,30,0,0,0,0,0,309.67,002200007105,N,Factura de Venta
20170908,03000023,Industrias Saladillo SA,IS.SA. Planta Pilar,01788BA,Isolant SI,55,1.2958,0,55,10105.15,12227.23,0,0,0,0,0,0,0,0,0,6871.7,002200007108,N,Factura de Venta
20170908,01005292,Adamant SRL,Paysandu 923 (entre Crisologo Larralde y Lucena),01508BA,Isolant SI,10800,21.6,10800,0,39312,47567.52,0,0,0,0,0,0,0,0,0,25920,002200007122,N,Factura de Venta
20170908,16003379,Dry Wall SA,Ituzaingo 2240,01558EC,Leandro Diaz,10,2,200,10,6011.29,7273.66,0,0,0,21,8,0,0,0,0,3997.1,002200007109,N,Factura de Venta
20170908,16003379,Dry Wall SA,Ituzaingo 2240,01558ES,Leandro Diaz,10,2,200,10,4684.08,5667.74,0,0,0,21,8,0,0,0,0,2531.1,002200007109,N,Factura de Venta
20170908,16003379,Dry Wall SA,Ituzaingo 2240,01555EC,Leandro Diaz,20,2,400,20,6213.41,7518.23,0,0,0,21,8,0,0,0,0,3135.2,002200007109,N,Factura de Venta
20170908,01005292,Adamant SRL,Paysandu 923 (entre Crisologo Larralde y Lucena),01508BA,Isolant SI,10800,21.6,10800,0,39312,47567.52,0,0,0,0,0,0,0,0,0,25920,002200007123,N,Factura de Venta
20170908,01002350,Refrigeracion Pizarro SA,Av. Constituyentes 3729,01767C,Hector Collia,5,0.2658,0,5,3726.8,4509.43,0,0,0,30,0,0,0,0,0,830.2,002200007104,N,Factura de Venta
20170908,01002350,Refrigeracion Pizarro SA,Av. Constituyentes 3729,01767A,Hector Collia,5,0.21205,0,5,1688.82,2043.47,0,0,0,30,0,0,0,0,0,261.5,002200007104,N,Factura de Venta
20170908,03000023,Industrias Saladillo SA,IS.SA. Planta Pilar,01507AS,Isolant SI,600,0.9,600,0,5508,6664.68,0,0,0,0,0,0,0,0,0,6461.42,002200007094,N,Factura de Venta
20170908,27001542,Rosso Hnos. de Alvaro S. Rosso y Raul E. Rosso,Suc 13 Avda Chile 1474,01555A,Pedro Cocaña,50,5,1000,50,17787.83,21523.27,0,3,10,25,12,0,0,0,0,7968.5,002200007095,N,Factura de Venta
20170908,27001542,Rosso Hnos. de Alvaro S. Rosso y Raul E. Rosso,Suc.07 - A. DEL VALLE 44,01557A,Pedro Cocaña,50,10,1000,50,27163.72,32868.1,0,3,10,25,12,0,0,0,0,12817,002200007096,N,Factura de Venta
20170908,27001542,Rosso Hnos. de Alvaro S. Rosso y Raul E. Rosso,Suc.05 - 25 DE MAYO 69,01557A,Pedro Cocaña,50,10,1000,50,27163.72,32868.1,0,3,10,25,12,0,0,0,0,12817,002200007097,N,Factura de Venta
20170908,20003188,Emprendimiento Metalurgico Industrial SRL,LOS VALLISTOS - Ruta 9 Km 128 - Acc Norte,01557A,Pedro Cocaña,12,2.4,240,12,5815.51,7036.76,0,3,10,25,21.5,0,0,0,0,3076.08,002200007099,N,Factura de Venta
20170908,01001217,Diamore SA,Av. Cobo 1516/18,01771C,Luis Ramirez,8,0.38,0,8,5808.9,7028.77,0,0,0,21,0,0,0,0,0,1115.44,002200007100,N,Factura de Venta
20170908,02003203,Maderera La Loma SA,Calle 161 y 40,01558BC,Ventas Buenos Aires,20,4,400,20,23364.88,28271.51,0,0,0,21,0,0,0,0,0,10741.8,002200007093,N,Factura de Venta
20170908,02003203,Maderera La Loma SA,Calle 161 y 40,01654ON,Ventas Buenos Aires,14,2.352,0,14,6685.27,8089.17,0,0,0,21,12,0,0,0,0,3960.88,002200007093,N,Factura de Venta
20170908,02003203,Maderera La Loma SA,Calle 161 y 40,01655ON,Ventas Buenos Aires,14,2.352,0,14,8093.8,9793.49,0,0,0,21,12,0,0,0,0,4704.84,002200007093,N,Factura de Venta
20170908,04005551,Armado y Montado SA,Irigoyen 668,01570B,Ventas Buenos Aires,2788,41.82,2788,139.4,166192.68,201093.14,0,0,0,0,0,0,0,0,0,1758307.96,002200007124,N,Factura de Venta
20170908,30001022,Eusebio D. Bouciguez SA,Chacabuco 2377 y Bolivar,01750A,Esteban Bergamaschi,5,0,0,5,3293.1,3984.66,0,0,0,25,0,0,0,0,0,956.75,002200007128,S,Factura de Venta
20170908,29001927,Damioli Franca Amabile,Av. 520 nº 1681 e/11 Y 12,01557A,NN (Ex MDT),20,4,400,20,13200.46,15972.56,0,0,0,30,0,0,0,0,0,5126.8,002200007092,N,Factura de Venta
20170908,30001022,Eusebio D. Bouciguez SA,Chacabuco 2377 y Bolivar,01550IC,Esteban Bergamaschi,2000,4,2000,100,7223.04,8739.88,0,0,20,25,12,0,0,0,0,2727.57,002200007127,S,Factura de Venta
20170908,16005687,Plafal SRL,Manuel A. Saenz y Acceso Norte,01552IC,Leandro Diaz,2000,20,2000,100,29635.2,35858.6,0,0,0,30,20,0,0,0,0,8298.13,002200007117,S,Factura de Venta
20170908,29002289,Maria Cristina Chiapuzzi Y Elda Luisa Ciley S.H.,Calle 17 nº 76,01555AA,Hector Collia,500,2.5,500,25,11580,14011.8,0,0,0,25,0,0,0,0,0,695.44,002200007119,S,Factura de Venta
20170908,29002289,Maria Cristina Chiapuzzi Y Elda Luisa Ciley S.H.,Calle 17 nº 76,01555C,Hector Collia,3,0.3,60,3,0.6,0.72,0,0,0,0,0,0,0,0,0,83.45,002200007119,S,Factura de Venta
20170908,27001542,Rosso Hnos. de Alvaro S. Rosso y Raul E. Rosso,Suc 13 Avda Chile 1474,01555C,Pedro Cocaña,6,0.6,120,6,0.52,0.63,0,3,10,0,0,0,0,0,0,166.91,002200007095,N,Factura de Venta
20170908,30001022,Eusebio D. Bouciguez SA,Chacabuco 2377 y Bolivar,01555ARC,Esteban Bergamaschi,400,2,400,20,3856.52,4666.38,0,0,20,25,12,0,0,0,0,622.87,002200007127,S,Factura de Venta
20170908,02003203,Maderera La Loma SA,Calle 161 y 40,01555MA,Ventas Buenos Aires,10,1.5,200,10,1,1.21,0,0,0,0,0,0,0,0,0,4911.71,002200007093,N,Factura de Venta
20170908,11002802,Casa Schanton SA,Mitre 2250,01555MA,Victor Casañas,2,0.3,40,2,0.2,0.24,0,0,0,0,0,0,0,0,0,982.34,000900038922,N,Factura de Venta
20170908,29002289,Maria Cristina Chiapuzzi Y Elda Luisa Ciley S.H.,Calle 17 nº 76,01559AA,Hector Collia,500,5,500,25,17677.5,21389.78,0,0,0,25,0,0,0,0,0,768.41,002200007119,S,Factura de Venta
20170908,29002289,Maria Cristina Chiapuzzi Y Elda Luisa Ciley S.H.,Calle 17 nº 76,01557C,Hector Collia,3,0.6,60,3,0.3,0.36,0,0,0,0,0,0,0,0,0,92.21,002200007119,S,Factura de Venta
20170908,30005659,Tripodi Jorge Enrique,Av. Falucho 1140,01559AA,Esteban Bergamaschi,1000,10,1000,50,31112.4,37646,0,0,0,25,12,0,0,0,0,1536.83,002200007125,S,Factura de Venta
20170908,30005659,Tripodi Jorge Enrique,Av. Falucho 1140,01557C,Esteban Bergamaschi,9,1.8,180,9,0.9,1.08,0,0,0,0,0,0,0,0,0,276.63,002200007125,S,Factura de Venta
20170908,27001542,Rosso Hnos. de Alvaro S. Rosso y Raul E. Rosso,Suc.07 - A. DEL VALLE 44,01557C,Pedro Cocaña,6,1.2,120,6,0.52,0.63,0,3,10,0,0,0,0,0,0,184.42,002200007096,N,Factura de Venta
20170908,27001542,Rosso Hnos. de Alvaro S. Rosso y Raul E. Rosso,Suc.05 - 25 DE MAYO 69,01557C,Pedro Cocaña,6,1.2,120,6,0.52,0.63,0,3,10,0,0,0,0,0,0,184.42,002200007097,N,Factura de Venta
20170908,27001542,Rosso Hnos. de Alvaro S. Rosso y Raul E. Rosso,Suc. 09- Ruta 301 (ex38) Km 1541,01557C,Pedro Cocaña,12,2.4,240,12,1.05,1.27,0,3,10,0,0,0,0,0,0,368.84,002200007098,N,Factura de Venta
20170908,16005687,Plafal SRL,Manuel A. Saenz y Acceso Norte,01557ARC,Leandro Diaz,1000,10,1000,50,15713.6,19013.46,0,0,0,30,20,0,0,0,0,1502.34,002200007118,S,Factura de Venta
20170908,29002289,Maria Cristina Chiapuzzi Y Elda Luisa Ciley S.H.,Calle 17 nº 76,01557ARC,Hector Collia,200,2,200,10,4209,5092.88,0,0,0,25,0,0,0,0,0,300.47,002200007119,S,Factura de Venta
20170908,30005659,Tripodi Jorge Enrique,Av. Falucho 1140,01557ARC,Esteban Bergamaschi,2600,26,2600,130,49245.3,59586.82,0,0,0,25,10,0,0,0,0,3906.07,002200007126,S,Factura de Venta
20170908,02003203,Maderera La Loma SA,Calle 161 y 40,01558ALP,Ventas Buenos Aires,5,1,200,5,0.5,0.61,0,0,0,0,0,0,0,0,0,1680.75,002200007093,N,Factura de Venta
20170908,03000023,Industrias Saladillo SA,IS.SA. Planta Pilar,01776BB,Isolant SI,42,3.08756448,0,42,21402.78,25897.36,0,0,0,0,0,0,0,0,0,13487.46,002200007110,N,Factura de Venta
20170908,03000023,Industrias Saladillo SA,IS.SA. Planta Pilar,01776BB,Isolant SI,43,3.16107792,0,43,21912.37,26513.97,0,0,0,0,0,0,0,0,0,13808.59,002200007112,N,Factura de Venta
20170908,04001630,J S Rattaro SRL,,04C00898,Hector Collia,1,0,0,1,0.29,0.29,0,0,0,0,0,0,0,0,0,,000000011114,,Débito (Ajustes)
20170908,15004858,Martinez Lattanzi Lucia Dominga,,04C00898,Pedro Cocaña,1,0,0,1,7.9,7.9,0,0,0,0,0,0,0,0,0,,000000000219,,Débito (Ajustes)
20170908,27003779,Materiales Arcon SRL,,04C00898,Pedro Cocaña,1,0,0,1,5.1,5.1,0,0,0,0,0,0,0,0,0,,000000011115,,Débito (Ajustes)
20170908,01004381,Fenza SRL,San Blas 4839,01514DE,Luis Ramirez,350,1.75,350,350,7313.43,8849.24,0,0,0,21,0,0,0,0,0,1774.5,002200007103,N,Factura de Venta
20170908,14004178,Corti Andrea y Corti Dillman Maria Cecilia SH,,01IN,Disapla,-1,0,0,-1,-662.47,-801.59,0,0,0,0,0,0,0,0,0,,001300000311,,Crédito de Venta
20170908,24002556,Centro de Embalajes SA,Bv. Lehmann 1134,01504CC,Diego Fani,2400,2.4,2400,0,12129.6,14676.82,0,0,0,30,0,0,0,0,0,3576,002200007116,N,Factura de Venta
20170908,05003080,Dominguez Martha Ofelia,,01IN,Levy,-1,0,0,-1,-79.6,-96.32,0,0,0,0,0,0,0,0,0,,001300000312,,Crédito de Venta
20170908,30001022,Eusebio D. Bouciguez SA,Chacabuco 2377 y Bolivar,01764A,Esteban Bergamaschi,3,0.1555092,0,3,1355.42,1640.06,0,0,0,25,0,0,0,0,0,218.31,002200007129,N,Factura de Venta
20170908,01003103,Abuye Jorge Oscar,La Pampa 4965,01514PC,Luis Ramirez,50,0.25,50,0,925.75,1120.16,0,0,0,30,0,0,0,0,0,344,002200007105,N,Factura de Venta
20170908,03000023,Industrias Saladillo SA,IS.SA. Planta Pilar,01777BA,Isolant SI,75,2.00277,0,75,12654,15311.34,0,0,0,0,0,0,0,0,0,7527,002200007107,N,Factura de Venta
20170908,03000023,Industrias Saladillo SA,IS.SA. Planta Pilar,01778BA,Isolant SI,100,2.45045,0,100,17921,21684.41,0,0,0,0,0,0,0,0,0,9265,002200007107,N,Factura de Venta
20170908,03000023,Industrias Saladillo SA,IS.SA. Planta Pilar,01776BA,Isolant SI,54,1.5268176,0,54,10250.28,12402.84,0,0,0,0,0,0,0,0,0,6120.9,002200007108,N,Factura de Venta
20170908,03000023,Industrias Saladillo SA,IS.SA. Planta Pilar,01781B,Isolant SI,39,1.5288,0,39,4261.14,5155.98,0,0,0,0,0,0,0,0,0,2472.99,002200007111,N,Factura de Venta
20170908,07002180,Ferrocons SA,Av. Juan B. Justo 4000,01764A,Meier,12,0.6220368,0,12,5060.24,6122.9,0,0,0,30,0,0,0,0,0,873.24,002200007114,N,Factura de Venta

