﻿FechaTxt,Codigo_Cliente,Cliente,EntDir,Codigo_Articulo,Vendedor,cantidad,Mts3,Mts2,Rollos,Importe_Bruto,Importe_Neto,Dto_Contado,Dto_Flete,Dto_Especial,Bonificacion,Desc_Adicional,cantidad_elaborada,m2_ocupados,costo_unitario,costo_total_stock,Costo_de_venta,comp,C_Construccion,nomdoc
20171012,10000785,Perren y Cia. SA,9 de Julio 975,01551A,Norberto Oppezzo,5,0.5,100,5,1820.2,2202.45,0,3,0,25,4,0,0,0,0,603,002200007827,N,Factura de Venta
20171012,10000785,Perren y Cia. SA,9 de Julio 975,01550A,Norberto Oppezzo,10,0.4,200,10,1865.92,2257.76,0,3,0,25,4,0,0,0,0,682.7,002200007827,N,Factura de Venta
20171012,10000785,Perren y Cia. SA,9 de Julio 975,01557A,Norberto Oppezzo,10,2,200,10,6585.14,7968.02,0,3,0,25,4,0,0,0,0,2706.1,002200007827,N,Factura de Venta
20171012,10000785,Perren y Cia. SA,9 de Julio 975,01555A,Norberto Oppezzo,25,2.5,500,25,10780.5,13044.41,0,3,0,25,4,0,0,0,0,4174.75,002200007827,N,Factura de Venta
20171012,10000785,Perren y Cia. SA,9 de Julio 975,01960DA,Norberto Oppezzo,4,0,0,4,10847.78,13125.82,0,3,0,25,0,0,0,0,0,4340,002200007827,N,Factura de Venta
20171012,03000357,Laboratorios Valmax SA,Sub Perdomo 1619,01507VA,Isolant SI,1200,1.8,1200,0,6660,8058.6,0,0,0,0,0,0,0,0,0,3672,002200007829,N,Factura de Venta
20171012,28004489,COMERCIAL E INVERSIONES CROSUR LTDA.,"Av. Principal sitio 26 Mz.11, Zona Franca, Punta Arenas",01603A,Fernando Palmas,430,21.5,10750,430,59340.24,59340.24,0,0,0,0,0,0,0,0,0,23245.8,001500000682,,Factura Exterior
20171012,28004489,COMERCIAL E INVERSIONES CROSUR LTDA.,"Av. Principal sitio 26 Mz.11, Zona Franca, Punta Arenas",0402GTOSCONSO,Fernando Palmas,1,0,0,1,14717.75,14717.75,0,0,0,0,0,0,0,0,0,0,001500000682,,Factura Exterior
20171012,31004474,Polyfrio S.A.,Av. Polonia 1038,01510CC,Fernando Palmas,1650,4.95,1650,1650,9405,11380.05,0,0,0,0,0,0,0,0,0,6319.5,002200007836,N,Factura de Venta
20171012,24002752,Rusma SRL,Av. Eva Perón 8730,01750A,Diego Fani,4,0,0,4,2774.98,3357.74,0,0,0,21,0,0,0,0,0,750.4,002200007841,S,Factura de Venta
20171012,11005824,Directo Srl,Luis Noaco 123,01654AC,Victor Casañas,60,1.2,60,0,4094.36,4954.18,0,3,0,50,0,0,0,0,0,1478.4,002200007846,S,Factura de Venta
20171012,24002195,Prado Hector Roque,Prbo. Daniel Segundo 931,06X003ZZ,Diego Fani,1,0,0,1,0.08,0.1,0,0,0,25,0,0,0,0,0,0,002200007843,S,Factura de Venta
20171012,24002195,Prado Hector Roque,Prbo. Daniel Segundo 931,01603AC,Diego Fani,50,2.5,1250,50,9814.86,11875.98,0,0,0,25,12,0,0,0,0,6299.5,002200007843,S,Factura de Venta
20171012,24002195,Prado Hector Roque,Prbo. Daniel Segundo 931,01750A,Diego Fani,6,0,0,6,3556.54,4303.42,0,0,10,25,0,0,0,0,0,1125.6,002200007844,S,Factura de Venta
20171012,03005126,Cordani Ariel Antonio,Av. San Martín 62,01557A,Ventas Buenos Aires,7,1.4,140,7,5214.18,6309.16,0,0,0,21,0,0,0,0,0,1894.27,002200007834,N,Factura de Venta
20171012,03005126,Cordani Ariel Antonio,Av. San Martín 62,01555A,Ventas Buenos Aires,11,1.1,220,11,5365.55,6492.32,0,0,0,21,0,0,0,0,0,1836.89,002200007834,N,Factura de Venta
20171012,03003975,Alfombras Martinez SRL,Colectora Panamericana 981,01700A,Ventas Buenos Aires,15,1.8,0,15,9378.7,11348.23,0,0,0,30,0,0,0,0,0,4007.1,002200007835,N,Factura de Venta
20171012,03003975,Alfombras Martinez SRL,Colectora Panamericana 981,01603AC,Ventas Buenos Aires,25,1.25,625,25,5204.85,6297.87,0,0,0,30,0,0,0,0,0,3149.75,002200007835,N,Factura de Venta
20171012,27004790,Luciano Pablo Nestor,Camino del Peru 2150 (esq. Pje Roca),01767C,Pedro Cocaña,3,0.15948,0,3,2323.92,2811.96,0,3,0,25,0,0,0,0,0,501.21,002200007825,S,Factura de Venta
20171012,10000785,Perren y Cia. SA,9 de Julio 975,01960DA,Norberto Oppezzo,4,0,0,4,10847.78,13125.82,0,3,0,25,0,0,0,0,0,4340,002200007826,N,Factura de Venta
20171012,04004334,Fapex SA,Rio Potrero 175 (Esq. Rio de Rey) Barrio CinaCina,01558A,Isolant SI,24,4.8,480,24,10862.4,13143.5,0,0,0,0,0,0,0,0,0,6219.84,002200007824,N,Factura de Venta
20171012,04001831,APF Laminacion Plastica SA,Monseñor Marcón 3976 (Ex pichincha),01514DAD,Hector Collia,1850,9.25,1850,0,29840.5,36107.01,0,0,0,0,0,0,0,0,0,10471,002200007828,N,Factura de Venta
20171012,02003841,Ricardo Ospital SA,Av. Hipolito Irigoyen 13536,06C001PI,Ventas Buenos Aires,1,0,0,1,0.1,0.12,0,0,0,0,0,0,0,0,0,0,002200007830,N,Factura de Venta
20171012,02003841,Ricardo Ospital SA,Av. Hipolito Irigoyen 13536,01557A,Ventas Buenos Aires,25,5,500,25,18622.08,22532.71,0,0,0,21,0,0,0,0,0,6765.25,002200007830,N,Factura de Venta
20171012,02003841,Ricardo Ospital SA,Av. Hipolito Irigoyen 13536,01603AC,Ventas Buenos Aires,50,2.5,1250,50,11748.09,14215.19,0,0,0,21,0,0,0,0,0,6299.5,002200007830,N,Factura de Venta
20171012,02001281,Maderera Llavallol SA,Camino De Cintura 490,01557A,Hector Collia,25,5,500,25,18622.08,22532.71,0,0,0,21,0,0,0,0,0,6765.25,002200007831,N,Factura de Venta
20171012,04004334,Fapex SA,Rio Potrero 175 (Esq. Rio de Rey) Barrio CinaCina,01524AF,Isolant SI,2184,21.84,2184,0,24111.36,29174.75,0,0,0,0,0,0,0,0,0,19983.6,002200007845,N,Factura de Venta
20171012,04004334,Fapex SA,Rio Potrero 175 (Esq. Rio de Rey) Barrio CinaCina,01558A,Isolant SI,45,9,900,45,20367,24644.07,0,0,0,0,0,0,0,0,0,11662.2,002200007845,N,Factura de Venta
20171012,31004474,Polyfrio S.A.,Av. Polonia 1038,01515BG,Fernando Palmas,1200,6,1200,0,13740,16625.4,0,0,0,0,0,0,0,0,0,11160,002200007823,N,Factura de Venta
20171012,31004474,Polyfrio S.A.,Av. Polonia 1038,01515BH,Fernando Palmas,7500,37.5,7500,0,85875,103908.75,0,0,0,0,0,0,0,0,0,56100,002200007823,N,Factura de Venta
20171012,31004474,Polyfrio S.A.,Av. Polonia 1038,01515BG,Fernando Palmas,1200,6,1200,0,13740,16625.4,0,0,0,0,0,0,0,0,0,11160,002200007823,N,Factura de Venta
20171012,04004334,Fapex SA,Rio Potrero 175 (Esq. Rio de Rey) Barrio CinaCina,01557ARF,Isolant SI,187,37.4,3740,187,53839.17,65145.4,0,0,0,0,0,0,0,0,0,44330.22,002200007824,N,Factura de Venta
20171012,03000357,Laboratorios Valmax SA,Sub Perdomo 1619,01507VG,Isolant SI,5400,8.1,5400,0,29970,36263.7,0,0,0,0,0,0,0,0,0,16524,002200007829,N,Factura de Venta
20171012,29005669,Siplis Susana Beatriz y Siplis Elisa Liliana,Av. Luro 4902,01854A,Ventas Buenos Aires,8,2,200,8,10139.11,12268.33,0,0,0,21,0,0,0,0,0,3330.96,002200007822,N,Factura de Venta
20171012,03000480,Krasuk SRL,,04C01296,Esteban Bergamaschi,1,0,0,1,1000,1000,0,0,0,0,0,0,0,0,0,0,001300001634,,Débito de Venta
20171012,29003023,Fiol S R L,Ruta 205 Km 182 N°2144,01558EC,Hector Collia,30,6,600,30,18621.93,22532.54,0,0,0,21,5,0,0,0,0,12235.8,002200007837,N,Factura de Venta
20171012,24002752,Rusma SRL,Av. Eva Perón 8730,06C001PI,Diego Fani,1,0,0,1,0.1,0.12,0,0,0,0,0,0,0,0,0,0,002200007840,S,Factura de Venta
20171012,04004334,Fapex SA,Rio Potrero 175 (Esq. Rio de Rey) Barrio CinaCina,01555ARF,Isolant SI,70,7,1400,70,11707.5,14166.07,0,0,0,0,0,0,0,0,0,9478.7,002200007845,N,Factura de Venta
20171012,03000023,Industrias Saladillo SA,IS.SA. Planta Pilar,01525AHC,Isolant SI,400,4,400,400,6516,7884.36,0,0,0,0,0,0,0,0,0,599.52,002200007838,N,Factura de Venta
20171012,10000785,Perren y Cia. SA,9 de Julio 975,01555C,Norberto Oppezzo,3,0.3,60,3,0.29,0.35,0,3,0,0,0,0,0,0,0,71.57,002200007827,N,Factura de Venta
20171012,11005824,Directo Srl,Luis Noaco 123,01555ARC,Victor Casañas,2800,14,2800,140,33476.06,40506.04,0,3,0,32.5,0,0,0,0,0,3091.06,002200007846,S,Factura de Venta
20171012,11005824,Directo Srl,Luis Noaco 123,01555ECC,Victor Casañas,1400,7,1400,70,19579.64,23691.36,0,3,0,32.5,0,0,0,0,0,1607.03,002200007846,S,Factura de Venta
20171012,24002752,Rusma SRL,Bv. Seguí & Crespo,01559AA,Diego Fani,1500,15,1500,75,46668.6,56469,0,0,0,25,12,0,0,0,0,2397.61,002200007839,S,Factura de Venta
20171012,24002752,Rusma SRL,Bv. Seguí & Crespo,01557C,Diego Fani,18,3.6,360,18,1.8,2.18,0,0,0,0,0,0,0,0,0,575.43,002200007839,S,Factura de Venta
20171012,24002752,Rusma SRL,Av. Eva Perón 8730,01559AA,Diego Fani,500,5,500,25,15556.2,18823,0,0,0,25,12,0,0,0,0,799.2,002200007840,S,Factura de Venta
20171012,24002752,Rusma SRL,Av. Eva Perón 8730,01557C,Diego Fani,6,1.2,120,6,0.6,0.72,0,0,0,0,0,0,0,0,0,191.81,002200007840,S,Factura de Venta
20171012,02003841,Ricardo Ospital SA,Av. Hipolito Irigoyen 13536,01557C,Ventas Buenos Aires,3,0.6,60,3,0.3,0.36,0,0,0,0,0,0,0,0,0,95.9,002200007830,N,Factura de Venta
20171012,02001281,Maderera Llavallol SA,Camino De Cintura 490,01557C,Hector Collia,6,1.2,120,6,0.6,0.73,0,0,0,0,0,0,0,0,0,191.81,002200007831,N,Factura de Venta
20171012,27004790,Luciano Pablo Nestor,Camino del Peru 2150 (esq. Pje Roca),01557ARC,Pedro Cocaña,2700,27,2700,135,34570.8,41830.66,0,3,0,0,0,0,0,0,0,3815.44,002200007825,S,Factura de Venta
20171012,24002752,Rusma SRL,Av. Eva Perón 8730,01558ALC,Diego Fani,200,2,200,10,8540.4,10333.88,0,0,0,25,12,0,0,0,0,3498.37,002200007841,S,Factura de Venta
20171012,24002752,Rusma SRL,Av. Eva Perón 8730,01558ALP,Diego Fani,1,0.2,40,1,0.1,0.12,0,0,0,0,0,0,0,0,0,349.84,002200007841,S,Factura de Venta
20171012,24002195,Prado Hector Roque,Prbo. Daniel Segundo 931,01568BC,Diego Fani,600,6,600,30,33273,40260.34,0,0,0,25,0,0,0,0,0,15020.95,002200007842,S,Factura de Venta
20171012,24002752,Rusma SRL,Av. Eva Perón 8730,01558BRC,Diego Fani,200,2,200,10,13884,16799.64,0,0,0,25,0,0,0,0,0,2809.65,002200007841,S,Factura de Venta
20171012,11005824,Directo Srl,Luis Noaco 123,01558ESC,Victor Casañas,1000,10,1000,50,21096.04,25526.22,0,3,0,32.5,0,0,0,0,0,1509.77,002200007846,S,Factura de Venta
20171012,24002752,Rusma SRL,Av. Eva Perón 8730,01558ETC,Diego Fani,400,4,400,20,8506.08,10292.36,0,0,0,25,12,0,0,0,0,578.21,002200007841,S,Factura de Venta
20171012,24002195,Prado Hector Roque,Prbo. Daniel Segundo 931,01558ETC,Diego Fani,1600,16,1600,80,34024.32,41169.42,0,0,0,25,12,0,0,0,0,2312.85,002200007843,S,Factura de Venta
20171012,24002195,Prado Hector Roque,Prbo. Daniel Segundo 931,01753AC,Diego Fani,2,0.075,0,2,1347.42,1630.38,0,0,10,25,12,0,0,0,0,0,002200007844,S,Factura de Venta
20171012,24002195,Prado Hector Roque,Prbo. Daniel Segundo 931,01960FC,Diego Fani,20,0,0,20,36007.56,43569.16,0,0,10,25,12,0,0,0,0,0,002200007844,S,Factura de Venta
20171012,07003929,Daniel Hernandez e hijos SRL,,04C00898,Meier,1,0,0,1,0.02,0.02,0,0,0,0,0,0,0,0,0,,000000011221,,Débito (Ajustes)
20171012,27001542,Rosso Hnos. SA,,04C00898,Pedro Cocaña,1,0,0,1,5.24,5.24,0,0,0,0,0,0,0,0,0,,000000011223,,Débito (Ajustes)
20171012,20004067,Hierronort Salta SRL,,01IN,Pedro Cocaña,-1,0,0,-1,-1553.65,-1879.92,0,0,0,0,0,0,0,0,0,,001300000380,,Crédito de Venta
20171012,03000440,Aquatic SRL,Dr. Luis Pasteur 2564,01514DB,Esteban Bergamaschi,675,3.375,675,675,7519.5,9098.59,0,0,0,0,0,0,0,0,0,3361.5,002200007832,N,Factura de Venta
20171012,25004564,Lo Bruno Sociedad Anonima,,04C00898,Pedro Cocaña,1,0,0,1,0.98,0.98,0,0,0,0,0,0,0,0,0,,000000011222,,Débito (Ajustes)
20171012,03000440,Aquatic SRL,Dr. Luis Pasteur 2564,01514DB,Esteban Bergamaschi,1125,5.625,1125,1125,12532.5,15164.32,0,0,0,0,0,0,0,0,0,5602.5,002200007833,N,Factura de Venta
20171012,99004268,Expo Chapa SRL,,04C00898,Diego Fani,1,0,0,1,34.63,34.63,0,0,0,0,0,0,0,0,0,,000000011230,,Débito (Ajustes)

