﻿FechaTxt,Codigo_Cliente,Cliente,EntDir,Codigo_Articulo,Vendedor,cantidad,Mts3,Mts2,Rollos,Importe_Bruto,Importe_Neto,Dto_Contado,Dto_Flete,Dto_Especial,Bonificacion,Desc_Adicional,cantidad_elaborada,m2_ocupados,costo_unitario,costo_total_stock,Costo_de_venta,comp,C_Construccion,nomdoc
20170710,07003331,Entre Rios Maderas SRL,,04C00291,Meier,1,0,0,1,5400,5400,0,0,0,0,0,0,0,0,0,0,001300001589,,Débito de Venta
20170710,31003228,Giliberto Hnos. SA,,04C00291,Ventas Buenos Aires,1,0,0,1,50000,50000,0,0,0,0,0,0,0,0,0,0,001300001590,,Débito de Venta
20170710,27001542,Rosso Hnos. de Alvaro S. Rosso y Raul E. Rosso,Suc.07 - A. DEL VALLE 44,01557A,Pedro Cocaña,8,1.6,160,8,4599.15,5564.97,0,3,0,25,12,0,0,0,0,579.63,002200005894,N,Factura de Venta
20170710,04002644,Materiales Nuciari S R L,Acceso Oeste Km 44500 y puente Gorriti,01557AK,Hector Collia,20,2.1,300,20,6455.88,7811.61,0,0,0,21,0,0,0,0,0,624.26,002200005896,N,Factura de Venta
20170710,27002322,Rio Azul Ingenieria SRL,Lavalle 2974,01568CR,Pedro Cocaña,209,41.8,4180,209,264673.57,320255.02,3,3,0,21,4,0,0,0,0,86882.07,002200005893,N,Factura de Venta
20170710,02002971,Expotap SRL,Av. Mitre 5447,01524GC,Hector Collia,500,5,500,0,12685.05,15348.91,0,0,0,30,10,0,0,0,0,3986.21,002200005906,N,Factura de Venta
20170710,03000357,Laboratorios Valmax SA,Sub Perdomo 1619,01507VH,Isolant SI,600,0.9,600,0,3144,3804.24,0,0,0,0,0,0,0,0,0,1675.94,002200005897,N,Factura de Venta
20170710,03000357,Laboratorios Valmax SA,Sub Perdomo 1619,01507VK,Isolant SI,1440,2.16,1440,0,7545.6,9130.18,0,0,0,0,0,0,0,0,0,4689.5,002200005897,N,Factura de Venta
20170710,01000313,Montagne Outdoors SACIFIA,"Godoy Cruz 1360 - ""No enviar Semis""",01510AC,Fernando Palmas,100,0.3,100,100,733,886.93,0,0,0,0,0,0,0,0,0,287.17,002200005903,N,Factura de Venta
20170710,11002933,La Agricola Regional Cooperativa Limitada,Moreno 1404,01555M,Natali Plasticos (Vta Directa),100,15,2000,100,96719.49,117030.58,0,0,1,21,12,0,0,0,0,48727.23,002200005905,N,Factura de Venta
20170710,10004089,Plastisur SRL,Hipolito Yrigoyen 5135,01764C,Norberto Oppezzo,5,0.32985,0,5,5169.01,6254.5,0,0,0,21,0,0,0,0,0,1564.79,002200005908,N,Factura de Venta
20170710,10004089,Plastisur SRL,Hipolito Yrigoyen 5135,01767C,Norberto Oppezzo,15,0.7974,0,15,11683.27,14136.76,0,0,0,21,0,0,0,0,0,3452.25,002200005908,N,Factura de Venta
20170710,01003621,Gontel SACIF,Av. Warnes 975,01854B,Levy,3,0.75,75,3,4037.82,4885.76,0,0,0,21,0,0,0,0,0,1424.49,002200005900,N,Factura de Venta
20170710,01003621,Gontel SACIF,Av. Warnes 975,01558BC,Levy,2,0.4,40,2,2268.44,2744.81,0,0,0,21,0,0,0,0,0,865.66,002200005900,N,Factura de Venta
20170710,01003621,Gontel SACIF,Av. Warnes 975,01654ON,Levy,2,0.336,0,2,1004.88,1215.9,0,0,0,21,0,0,0,0,0,671.09,002200005900,N,Factura de Venta
20170710,01002325,Centro Sec SRL,Av. Cordoba 5625,06C001CO,Hector Collia,1,0,0,1,0.1,0.12,0,0,0,0,0,0,0,0,0,0,002200005901,S,Factura de Venta
20170710,20004718,Molina Oscar,,04C00291,Pedro Cocaña,1,0,0,1,11258.33,11258.33,0,0,0,0,0,0,0,0,0,0,001300001591,,Débito de Venta
20170710,01005292,Adamant SRL,,04C00291,Isolant SI,1,0,0,1,1829.52,1829.52,0,0,0,0,0,0,0,0,0,0,001300001592,,Débito de Venta
20170710,04005689,Polifoam SRL,Alte. Brown 3985,01769A,Isolant SI,15,0.4995,0,15,2197.65,2659.16,0,0,0,0,0,0,0,0,0,1131.03,002200005898,N,Factura de Venta
20170710,04005689,Polifoam SRL,Alte. Brown 3985,01558ES,Isolant SI,10,2,200,10,3611.52,4369.94,0,0,0,32.5,12,0,0,0,0,969.86,002200005898,N,Factura de Venta
20170710,01001310,Juan Czentner e Hijo S.A,Quintana 114-Ir con camion chico (llamar 1 dia antes 4813-3159),01700A,Ventas Buenos Aires,60,7.2,0,60,38280.6,46319.53,0,0,0,25,0,0,0,0,0,13545.26,002200005899,N,Factura de Venta
20170710,01003621,Gontel SACIF,Av. Warnes 975,01850A,Levy,5,0.625,125,5,2771.91,3354.01,0,0,0,21,0,0,0,0,0,434.15,002200005900,N,Factura de Venta
20170710,01003621,Gontel SACIF,Av. Warnes 975,01853B,Levy,2,0.25,50,2,2212.08,2676.62,0,0,0,21,0,0,0,0,0,1177.73,002200005900,N,Factura de Venta
20170710,01003621,Gontel SACIF,Av. Warnes 975,01851A,Levy,5,1.25,125,5,4155.24,5027.84,0,0,0,21,0,0,0,0,0,1085.36,002200005900,N,Factura de Venta
20170710,03000023,Industrias Saladillo SA,IS.SA. Planta Pilar,01765AS,Isolant SI,50,2.325,0,50,5901,7140.21,0,0,0,0,0,0,0,0,0,4957.69,002200005890,N,Factura de Venta
20170710,03000023,Industrias Saladillo SA,IS.SA. Planta Pilar,01767AS,Isolant SI,34,1.44194,0,34,3695.12,4471.1,0,0,0,0,0,0,0,0,0,1390.67,002200005890,N,Factura de Venta
20170710,17004414,Klauk Victor Lindolfo,,04C00291,Pedro Cocaña,1,0,0,1,10000,10000,0,0,0,0,0,0,0,0,0,0,001300001588,,Débito de Venta
20170710,04005689,Polifoam SRL,Alte. Brown 3985,01662AP,Isolant SI,100,4,100,0,14491.95,17535.26,0,0,0,45,0,0,0,0,0,5678.55,002200005898,N,Factura de Venta
20170710,04005689,Polifoam SRL,Alte. Brown 3985,01666DAP,Isolant SI,105,5.25,105,0,18872.12,22835.27,0,0,0,45,0,0,0,0,0,12141.69,002200005898,N,Factura de Venta
20170710,04005689,Polifoam SRL,Alte. Brown 3985,01769A,Isolant SI,7,0.2331,0,7,1025.57,1240.94,0,0,0,0,0,0,0,0,0,527.82,002200005898,N,Factura de Venta
20170710,18000136,Corralon Patagonico De Los Andes SA,Gral. Roca 1296,01771C,Latyn-Valle y Cordillera,3,0.1425,0,3,2016.99,2440.56,0,0,0,21,0,0,0,0,0,749.78,002200005886,N,Factura de Venta
20170710,18000136,Corralon Patagonico De Los Andes SA,Gral. Roca 1296,01769D,Latyn-Valle y Cordillera,2,0.08294,0,2,1289.19,1559.91,0,0,0,21,0,0,0,0,0,604.18,002200005886,N,Factura de Venta
20170710,01002112,Obras Metalicas SA,Av. F Ravanal 3050,01906A,Esteban Bergamaschi,7,0.54425,0,7,5541.34,6705.02,0,0,0,21,0,0,0,0,0,1904.89,002200005887,N,Factura de Venta
20170710,03004075,Comercial CMP SA,Ruta Panamericana Km. 39.5 Nº1166,01555A,Hector Collia,44,4.4,880,44,17076.68,20662.78,0,0,0,25,12,0,0,0,0,1972.66,002200005888,N,Factura de Venta
20170710,03004075,Comercial CMP SA,Ruta Panamericana Km. 39.5 Nº1166,01557A,Hector Collia,100,20,2000,100,59267.34,71713.48,0,0,0,25,12,0,0,0,0,7245.34,002200005888,N,Factura de Venta
20170710,27001542,Rosso Hnos. de Alvaro S. Rosso y Raul E. Rosso,Suc.05 - 25 DE MAYO 69,01557A,Pedro Cocaña,52,10.4,1040,52,29894.45,36172.28,0,3,0,25,12,0,0,0,0,3767.58,002200005895,N,Factura de Venta
20170710,01003526,D.G.A. SRL,Suarez 2737,01603B,Esteban Bergamaschi,6,0.3,150,6,1189.69,1439.53,0,0,0,30,0,0,0,0,0,416.12,002200005884,N,Factura de Venta
20170710,01003526,D.G.A. SRL,Suarez 2737,01655ON,Esteban Bergamaschi,2,0.336,0,2,1058.4,1280.66,0,0,0,30,0,0,0,0,0,820.8,002200005884,N,Factura de Venta
20170710,01003526,D.G.A. SRL,Suarez 2737,01761A,Esteban Bergamaschi,2,0.13006,0,2,993.47,1202.1,0,0,0,30,0,0,0,0,0,185.87,002200005884,N,Factura de Venta
20170710,01003526,D.G.A. SRL,Suarez 2737,01762A,Esteban Bergamaschi,6,0.30534,0,6,2321.47,2808.97,0,0,0,30,0,0,0,0,0,0,002200005884,N,Factura de Venta
20170710,01003526,D.G.A. SRL,Suarez 2737,01766A,Esteban Bergamaschi,4,0.15832,0,4,1206.94,1460.4,0,0,0,30,0,0,0,0,0,225.5,002200005884,N,Factura de Venta
20170710,01003526,D.G.A. SRL,Suarez 2737,01760A,Esteban Bergamaschi,2,0.12566,0,2,1085.24,1313.14,0,0,0,30,0,0,0,0,0,220.77,002200005884,N,Factura de Venta
20170710,04004334,Fapex SA,Rio Potrero 175 (Esq. Rio de Rey) Barrio CinaCina,01557ARF,Isolant SI,300,60,6000,300,86373,104511.33,0,0,0,0,0,0,0,0,0,10383.15,002200005913,N,Factura de Venta
20170710,04004334,Fapex SA,Rio Potrero 175 (Esq. Rio de Rey) Barrio CinaCina,01557ARF,Isolant SI,282,56.4,5640,282,73545.6,88990.18,0,0,0,0,0,0,0,0,0,9760.16,002200005885,N,Factura de Venta
20170710,01003526,D.G.A. SRL,Suarez 2737,01773A,Esteban Bergamaschi,3,0.09765,0,3,759.13,918.55,0,0,0,30,0,0,0,0,0,399.59,002200005883,N,Factura de Venta
20170710,01003526,D.G.A. SRL,Suarez 2737,01771A,Esteban Bergamaschi,3,0.11499,0,3,900.63,1089.76,0,0,0,30,0,0,0,0,0,175.21,002200005883,N,Factura de Venta
20170710,01003526,D.G.A. SRL,Suarez 2737,01652AC,Esteban Bergamaschi,60,0.9,60,0,4517.94,5466.71,0,0,0,30,0,0,0,0,0,1959.3,002200005883,N,Factura de Venta
20170710,01003526,D.G.A. SRL,Suarez 2737,01853B,Esteban Bergamaschi,2,0.25,50,2,1960.07,2371.68,0,0,0,30,0,0,0,0,0,1177.73,002200005884,N,Factura de Venta
20170710,01004209,Brifitel SRL,Pasteur 677,01524GC,Hector Collia,250,2.5,250,0,6342.53,7674.46,0,0,0,30,10,0,0,0,0,1993.11,002200005907,N,Factura de Venta
20170710,02000386,Decorsur S R L,Del Valle Iberlucea 5142,06C001PI,Pastore Pablo,1,0,0,1,0.1,0.12,0,0,0,0,0,0,0,0,0,0,002200005909,N,Factura de Venta
20170710,02000386,Decorsur S R L,Del Valle Iberlucea 5142,01700A,Pastore Pablo,20,2.4,0,20,11909.52,14410.52,0,0,0,30,0,0,0,0,0,4515.09,002200005909,N,Factura de Venta
20170710,01000313,Montagne Outdoors SACIFIA,"Godoy Cruz 1360 - ""No enviar Semis""",01510AC,Fernando Palmas,100,0.3,100,100,733,886.93,0,0,0,0,0,0,0,0,0,287.17,002200005904,N,Factura de Venta
20170710,24005520,Nocelli Ariel Jesus,Cerrityo 1114/1122,01558ES,Isolant SA,50,10,1000,50,17515.87,21194.21,0,3,0,32.5,12,0,0,0,0,4849.31,002200005911,N,Factura de Venta
20170710,24005520,Nocelli Ariel Jesus,Cerrityo 1114/1122,01557AR,Isolant SA,10,2,200,10,3139.03,3798.22,0,3,0,32.5,12,0,0,0,0,597.67,002200005912,N,Factura de Venta
20170710,03004075,Comercial CMP SA,Ruta Panamericana Km. 39.5 Nº1166,01555C,Hector Collia,6,0.6,120,6,0.6,0.73,0,0,0,0,0,0,0,0,0,269,002200005888,N,Factura de Venta
20170710,01002325,Centro Sec SRL,Av. Cordoba 5625,01555ARC,Hector Collia,1000,5,1000,50,11695.2,14151.2,0,0,0,25,12,0,0,0,0,2459.85,002200005901,S,Factura de Venta
20170710,11002933,La Agricola Regional Cooperativa Limitada,Moreno 1404,01555MA,Natali Plasticos (Vta Directa),10,1.5,200,10,0.99,1.2,0,0,1,0,0,0,0,0,0,4872.72,002200005905,N,Factura de Venta
20170710,02005125,Pablo Nicolas Sesma,A. Rojas 630,01555MC,Hector Collia,200,1.5,200,10,10545,12759.44,0,0,0,25,0,0,0,0,0,4872.72,002200005910,S,Factura de Venta
20170710,02005125,Pablo Nicolas Sesma,A. Rojas 630,01555MA,Hector Collia,1,0.15,20,1,0.1,0.12,0,0,0,0,0,0,0,0,0,487.27,002200005910,S,Factura de Venta
20170710,03004075,Comercial CMP SA,Ruta Panamericana Km. 39.5 Nº1166,01557C,Hector Collia,12,2.4,240,12,1.2,1.45,0,0,0,0,0,0,0,0,0,869.44,002200005888,N,Factura de Venta
20170710,27001542,Rosso Hnos. de Alvaro S. Rosso y Raul E. Rosso,Suc.05 - 25 DE MAYO 69,01557C,Pedro Cocaña,6,1.2,120,6,0.58,0.7,0,3,0,0,0,0,0,0,0,434.72,002200005895,N,Factura de Venta
20170710,02005125,Pablo Nicolas Sesma,A. Rojas 630,01557C,Hector Collia,3,0.6,60,3,0.3,0.36,0,0,0,0,0,0,0,0,0,217.36,002200005910,S,Factura de Venta
20170710,01002325,Centro Sec SRL,Av. Cordoba 5625,01558ECC,Hector Collia,200,2,200,10,5298.48,6411.16,0,0,0,25,12,0,0,0,0,3772.29,002200005901,S,Factura de Venta
20170710,07003331,Entre Rios Maderas SRL,,04C00205,Meier,1,0,0,1,12,14.52,0,0,0,0,0,0,0,0,0,,001300001589,,Débito de Venta
20170710,31003228,Giliberto Hnos. SA,,04C00205,Ventas Buenos Aires,1,0,0,1,12,14.52,0,0,0,0,0,0,0,0,0,,001300001590,,Débito de Venta
20170710,01000313,Montagne Outdoors SACIFIA,"Godoy Cruz 1360 - ""No enviar Semis""",01514PC,Fernando Palmas,700,3.5,700,0,8722,10553.62,0,0,0,0,0,0,0,0,0,1984.3,002200005902,N,Factura de Venta
20170710,20004718,Molina Oscar,,04C00898,Pedro Cocaña,1,0,0,1,0.45,0.45,0,0,0,0,0,0,0,0,0,,000000010957,,Débito (Ajustes)
20170710,04005401,Interlicchia Felix Salvador,,04C00898,Esteban Bergamaschi,1,0,0,1,2.03,2.03,0,0,0,0,0,0,0,0,0,,000000010956,,Débito (Ajustes)
20170710,01003526,D.G.A. SRL,Suarez 2737,01654DC,Esteban Bergamaschi,50,1,50,0,4924.5,5958.64,0,0,0,30,0,0,0,0,0,1374.23,002200005883,N,Factura de Venta
20170710,03000023,Industrias Saladillo SA,IS.SA. Planta Pilar,01777BA,Isolant SI,81,2.1629916,0,81,13015.89,15749.23,0,0,0,0,0,0,0,0,0,5253.52,002200005892,N,Factura de Venta
20170710,17004414,Klauk Victor Lindolfo,,04C00205,Pedro Cocaña,1,0,0,1,12,14.52,0,0,0,0,0,0,0,0,0,,001300001588,,Débito de Venta
20170710,03000023,Industrias Saladillo SA,IS.SA. Planta Pilar,01781B,Isolant SI,27,1.0584,0,27,2809.62,3399.64,0,0,0,0,0,0,0,0,0,1491.66,002200005891,N,Factura de Venta
20170710,20004718,Molina Oscar,,04C00205,Pedro Cocaña,1,0,0,1,12,14.52,0,0,0,0,0,0,0,0,0,,001300001591,,Débito de Venta
20170710,01005292,Adamant SRL,,04C00205,Isolant SI,1,0,0,1,12,14.52,0,0,0,0,0,0,0,0,0,,001300001592,,Débito de Venta
20170710,01003526,D.G.A. SRL,Suarez 2737,01764A,Esteban Bergamaschi,5,0.259182,0,5,1952.27,2362.24,0,0,0,30,0,0,0,0,0,283.89,002200005884,N,Factura de Venta
20170710,18000136,Corralon Patagonico De Los Andes SA,Gral. Roca 1296,01790A,Latyn-Valle y Cordillera,2,0.07916832,0,2,1328.69,1607.71,0,0,0,21,0,0,0,0,0,47.91,002200005886,N,Factura de Venta
20170710,18000136,Corralon Patagonico De Los Andes SA,Gral. Roca 1296,01764A,Latyn-Valle y Cordillera,4,0.2073456,0,4,1762.62,2132.77,0,0,0,21,0,0,0,0,0,227.11,002200005886,N,Factura de Venta
20170710,25004422,Vega Alfredo Eduardo,,01IN,Pedro Cocaña,-1,0,0,-1,-2864.26,-3465.76,0,0,0,0,0,0,0,0,0,,001300000219,N,Crédito de Venta
20170710,03000023,Industrias Saladillo SA,IS.SA. Planta Pilar,01777BA,Isolant SI,11,0.2937396,0,11,1767.59,2138.78,0,0,0,0,0,0,0,0,0,713.44,002200005889,N,Factura de Venta
20170710,03000023,Industrias Saladillo SA,IS.SA. Planta Pilar,01776BA,Isolant SI,54,1.5268176,0,54,9762.12,11812.17,0,0,0,0,0,0,0,0,0,5238.84,002200005892,N,Factura de Venta

