﻿FechaTxt,Codigo_Cliente,Cliente,EntDir,Codigo_Articulo,Vendedor,cantidad,Mts3,Mts2,Rollos,Importe_Bruto,Importe_Neto,Dto_Contado,Dto_Flete,Dto_Especial,Bonificacion,Desc_Adicional,cantidad_elaborada,m2_ocupados,costo_unitario,costo_total_stock,Costo_de_venta,comp,C_Construccion,nomdoc
20170809,04005689,Polifoam SRL,Alte. Brown 3985,01514DC,Isolant SI,300,1.5,300,300,3864,4675.44,0,0,0,0,0,0,0,0,0,1521,002200006509,N,Factura de Venta
20170809,04005689,Polifoam SRL,Alte. Brown 3985,01662AP,Isolant SI,100,4,100,0,15361.5,18587.42,0,0,0,45,0,0,0,0,0,5119,002200006510,N,Factura de Venta
20170809,04005689,Polifoam SRL,Alte. Brown 3985,01650DC,Isolant SI,125,1.25,125,0,5219.5,6315.6,0,0,0,45,0,0,0,0,0,1915,002200006511,N,Factura de Venta
20170809,29002289,Maria Cristina Chiapuzzi Y Elda Luisa Ciley S.H.,Calle 17 nº 76,06C001PI,Hector Collia,1,0,0,1,0.1,0.12,0,0,0,0,0,0,0,0,0,0,002200006506,S,Factura de Venta
20170809,01005292,Adamant SRL,Paysandu 923 (entre Crisologo Larralde y Lucena),01666ACP,Isolant SI,1300,65,1300,0,127072.4,153757.6,0,0,0,30,0,0,0,0,0,70382,002200006518,N,Factura de Venta
20170809,03003751,Indupoles Argentina SA,Parque Ind. Campana - Km70 de Panamericana - Lote 12,01500BIN,Isolant SI,19800,9.9,19800,19800,30096,36416.16,0,0,0,0,0,0,0,0,0,21780,002200006505,N,Factura de Venta
20170809,28004489,COMERCIAL E INVERSIONES CROSUR LTDA.,"Av. Principal sitio 26 Mz.11, Zona Franca, Punta Arenas",01773A,Isolant SI,7,0.22785,0,7,1564.64,1564.64,0,0,0,0,0,0,0,0,0,504.14,001500000671,,Factura Exterior
20170809,28004489,COMERCIAL E INVERSIONES CROSUR LTDA.,"Av. Principal sitio 26 Mz.11, Zona Franca, Punta Arenas",0402GTOSCONSO,Isolant SI,1,0,0,1,14960,14960,0,0,0,0,0,0,0,0,0,0,001500000671,,Factura Exterior
20170809,04004334,Fapex SA,Rio Potrero 175 (Esq. Rio de Rey) Barrio CinaCina,01555ARF,Isolant SI,80,8,1600,80,13380,16189.8,0,0,0,0,0,0,0,0,0,10342.4,002200006513,N,Factura de Venta
20170809,28004489,COMERCIAL E INVERSIONES CROSUR LTDA.,"Av. Principal sitio 26 Mz.11, Zona Franca, Punta Arenas",01603A,Isolant SI,185,9.25,4625,185,25950.32,25950.32,0,0,0,0,0,0,0,0,0,9644.05,001500000671,,Factura Exterior
20170809,28004489,COMERCIAL E INVERSIONES CROSUR LTDA.,"Av. Principal sitio 26 Mz.11, Zona Franca, Punta Arenas",01762A,Isolant SI,3,0.15267,0,3,765.07,765.07,0,0,0,0,0,0,0,0,0,224.13,001500000671,,Factura Exterior
20170809,28004489,COMERCIAL E INVERSIONES CROSUR LTDA.,"Av. Principal sitio 26 Mz.11, Zona Franca, Punta Arenas",01792AA,Isolant SI,52,2.61404,0,52,16693.25,16693.25,0,0,0,0,0,0,0,0,0,2952.43,001500000671,,Factura Exterior
20170809,28004489,COMERCIAL E INVERSIONES CROSUR LTDA.,"Av. Principal sitio 26 Mz.11, Zona Franca, Punta Arenas",01765A,Isolant SI,75,3.4875,0,75,20037.6,20037.6,0,0,0,0,0,0,0,0,0,4881,001500000671,,Factura Exterior
20170809,28004489,COMERCIAL E INVERSIONES CROSUR LTDA.,"Av. Principal sitio 26 Mz.11, Zona Franca, Punta Arenas",01767A,Isolant SI,40,1.6964,0,40,10686.72,10686.72,0,0,0,0,0,0,0,0,0,2092,001500000671,,Factura Exterior
20170809,02002202,Simmons De Argentina SAIC,Heredia 626,01907A,Isolant SI,40,7.54,0,40,34006.4,41147.74,0,0,0,0,0,0,0,0,0,12027.6,002200006517,N,Factura de Venta
20170809,07003238,Cooperativa de Provision de Servicios para Comerciantes,Av. MITRE 2645,01558BC,Meier,5,1,100,5,5268.19,6374.51,0,0,5,25,0,0,0,0,0,2685.45,002200006507,N,Factura de Venta
20170809,07003238,Cooperativa de Provision de Servicios para Comerciantes,Av. MITRE 2645,01550A,Meier,10,0.4,200,10,1675.16,2026.94,0,0,5,25,12,0,0,0,0,630,002200006507,N,Factura de Venta
20170809,07003238,Cooperativa de Provision de Servicios para Comerciantes,Av. MITRE 2645,01557A,Meier,10,2,200,10,5911.92,7153.42,0,0,5,25,12,0,0,0,0,2563.4,002200006507,N,Factura de Venta
20170809,07003238,Cooperativa de Provision de Servicios para Comerciantes,Julio A. Roca 270,01558BC,Meier,10,2,200,10,10536.38,12749.02,0,0,5,25,0,0,0,0,0,5370.9,002200006508,N,Factura de Venta
20170809,04004334,Fapex SA,Rio Potrero 175 (Esq. Rio de Rey) Barrio CinaCina,01557ARF,Isolant SI,250,50,5000,250,71977.5,87092.77,0,0,0,0,0,0,0,0,0,56462.5,002200006513,N,Factura de Venta
20170809,03003751,Indupoles Argentina SA,Parque Ind. Campana - Km70 de Panamericana - Lote 12,01658ACP,Isolant SI,500,15,500,0,27740,33565.4,0,0,0,0,0,0,0,0,0,18065,002200006505,N,Factura de Venta
20170809,03003751,Indupoles Argentina SA,Parque Ind. Campana - Km70 de Panamericana - Lote 12,01766E,Isolant SI,20,4.2224,0,20,20486.8,24789.03,0,0,0,0,0,0,0,0,0,4657.8,002200006505,N,Factura de Venta
20170809,03003751,Indupoles Argentina SA,Parque Ind. Campana - Km70 de Panamericana - Lote 12,01510D,Isolant SI,1800,5.4,1800,1800,9324,11282.04,0,0,0,0,0,0,0,0,0,6624,002200006505,N,Factura de Venta
20170809,03003751,Indupoles Argentina SA,Parque Ind. Campana - Km70 de Panamericana - Lote 12,01500BIN,Isolant SI,8400,4.2,8400,8400,13272,16059.12,0,0,0,0,0,0,0,0,0,9240,002200006505,N,Factura de Venta
20170809,02005827,A.D.Barbieri S.A,Luis Maria Drago 1382 Parque Industrial Almirante Brown,01753AB,Isolant SA,80,3,0,80,39120,47335.2,0,0,0,0,0,0,0,0,0,34094.4,002200006515,N,Factura de Venta
20170809,02002251,Pafumi Eduardo Daniel y Carnuc,Carlos Glade 389,01555A,Hector Collia,12,1.2,240,12,5853.33,7082.53,0,0,0,21,0,0,0,0,0,1912.44,002200006516,N,Factura de Venta
20170809,02004019,Fallesen Juan Carlos,Juan D. Peron 1140,01559AA,Hector Collia,500,5,500,25,18620.3,22530.56,0,0,0,21,0,0,0,0,0,719.27,002200006514,S,Factura de Venta
20170809,02004019,Fallesen Juan Carlos,Juan D. Peron 1140,01557C,Hector Collia,3,0.6,60,3,0.3,0.36,0,0,0,0,0,0,0,0,0,86.31,002200006514,S,Factura de Venta
20170809,29002289,Maria Cristina Chiapuzzi Y Elda Luisa Ciley S.H.,Calle 17 nº 76,01603BD,Hector Collia,750,1.5,750,30,6367.5,7704.68,0,0,0,25,0,0,0,0,0,1095.29,002200006506,S,Factura de Venta
20170809,29000683,Multicontrol SA,Austria Norte 1456,01650DY,Levy,950,9.5,950,0,45438.12,54980.13,0,0,0,37,0,0,0,0,0,14497,002200006512,N,Factura de Venta
20170809,03003300,Aserradero Vagol SRL,,01IN,Esteban Bergamaschi,-1,0,0,-1,-674.26,-815.86,0,0,0,0,0,0,0,0,0,,001300000255,,Crédito de Venta
20170809,16003448,Tapicenter SA,,01IN,Leandro Diaz,-1,0,0,-1,-243.47,-294.6,0,0,0,0,0,0,0,0,0,,001300000256,N,Crédito de Venta

