﻿FechaTxt,Codigo_Cliente,Cliente,EntDir,Codigo_Articulo,Vendedor,cantidad,Mts3,Mts2,Rollos,Importe_Bruto,Importe_Neto,Dto_Contado,Dto_Flete,Dto_Especial,Bonificacion,Desc_Adicional,cantidad_elaborada,m2_ocupados,costo_unitario,costo_total_stock,Costo_de_venta,comp,C_Construccion,nomdoc
20170608,11005426,Johnson Acero S.A. Industrial Y Comercial,Avda. almafuerte 3658-Entre Rios,01771C,Victor Casañas,4,0.19,0,4,2689.32,3254.07,0,0,0,21,0,0,0,0,0,1786.38,002200005249,N,Factura de Venta
20170608,11005426,Johnson Acero S.A. Industrial Y Comercial,Avda. almafuerte 3658-Entre Rios,01750A,Victor Casañas,1,0,0,1,660.7,799.45,0,0,0,21,0,0,0,0,0,0,002200005249,N,Factura de Venta
20170608,29003685,Andres Luis de Francesco SA,Dr. Carabajal 1326,06C001CO,Ventas Buenos Aires,1,0,0,1,0.1,0.12,0,0,0,0,0,0,0,0,0,0,002200005250,N,Factura de Venta
20170608,29003685,Andres Luis de Francesco SA,Dr. Carabajal 1326,01960DA,Ventas Buenos Aires,6,0,0,6,16669.4,20169.97,0,0,0,21,0,0,0,0,0,5608.37,002200005250,N,Factura de Venta
20170608,01002348,Almagro Refrigeracion y Asociados SA,Mexico 3326,01857A,Hector Collia,4,2,100,4,25495.8,30849.91,0,0,0,21,0,0,0,0,0,7479.87,002200005251,N,Factura de Venta
20170608,02005673,Cancina Celia Jorgelina,Ituzaingo 1325,01655ON ,Levy,4,0.672,0,4,2030.62,2457.05,0,0,15,21,0,0,0,0,0,1885.69,002200005256,N,Factura de Venta
20170608,16004605,Canton Ruben y Rodolfo,Saavedra Nº 1365,01603B,Leandro Diaz,25,1.25,625,25,5594.39,6769.21,0,0,0,21,0,0,0,0,0,2421.28,002200005255,N,Factura de Venta
20170608,04004334,Fapex SA,Rio Potrero 175 (Esq. Rio de Rey) Barrio CinaCina,01557ARF,Isolant SI,280,56,5600,280,73024,88359.04,0,0,0,0,0,0,0,0,0,58550.85,002200005259,N,Factura de Venta
20170608,09002438,Suc De Gustavo Lagerheim SA,Ruta Nacional 11 Km.1005,01666ACP,Victor Casañas,20,1,20,0,3864.55,4676.11,0,3,0,32.5,12,0,0,0,0,1173.76,002200005267,N,Factura de Venta
20170608,09002438,Suc De Gustavo Lagerheim SA,Ruta Nacional 11 Km.1005,01557A,Isolant SA,10,2,200,10,6061.43,7334.33,0,0,0,32.5,0,0,0,0,0,1730.42,002200005262,N,Factura de Venta
20170608,01003526,D.G.A. SRL,Av. Diaz Velez 4085,01901A,Esteban Bergamaschi,1,0.07854,0,1,1806.34,2185.68,0,0,0,30,0,0,0,0,0,669.57,002200005257,N,Factura de Venta
20170608,24000055,Impack SA,Galvez 1544,01500CC,Victor Casañas,22500,11.25,22500,0,42975,51999.75,0,0,0,0,0,0,0,0,0,22372.99,002200005258,N,Factura de Venta
20170608,11002933,La Agricola Regional Cooperativa Limitada,Moreno 1404,06C001PI,Natali Plasticos (Vta Directa),1,0,0,1,0.1,0.12,0,0,1,0,0,0,0,0,0,0,002200005248,N,Factura de Venta
20170608,11002933,La Agricola Regional Cooperativa Limitada,Moreno 1404,01557AR,Natali Plasticos (Vta Directa),45,9,900,45,16873.09,20416.44,0,0,1,21,12,0,0,0,0,5161.09,002200005248,N,Factura de Venta
20170608,11002933,La Agricola Regional Cooperativa Limitada,Moreno 1404,01960DA,Natali Plasticos (Vta Directa),10,0,0,10,27504.5,33280.45,0,0,1,21,0,0,0,0,0,9347.28,002200005248,N,Factura de Venta
20170608,24005833,Michelotti Emiliano Manuel,Juan B. Justo 644,01557A,Diego Fani,10,2,200,10,7094.12,8583.89,0,0,0,21,0,0,0,0,0,1730.42,002200005252,N,Factura de Venta
20170608,24005833,Michelotti Emiliano Manuel,Juan B. Justo 644,01750A,Diego Fani,10,0,0,10,6607.01,7994.48,0,0,0,21,0,0,0,0,0,0,002200005252,N,Factura de Venta
20170608,24002156,Tinglados Maciel SRL,Martin Fierro S/N,01555A,Diego Fani,50,5,1000,50,21169.44,25615.02,0,0,0,25,4,0,0,0,0,4118.16,002200005253,N,Factura de Venta
20170608,09002438,Suc De Gustavo Lagerheim SA,Ruta Nacional 11 Km.1005,01557A,Isolant SA,24,4.8,480,24,12417.69,15025.41,0,3,0,32.5,12,0,0,0,0,4153,002200005263,N,Factura de Venta
20170608,08003097,Blanco Juan Cirilo,Rivadavia 1177,01550I,Ind Saladillo Chaco,1,0.04,20,1,105.07,127.13,0,0,0,21,0,0,0,0,0,53.02,002200005264,N,Factura de Venta
20170608,08003097,Blanco Juan Cirilo,Rivadavia 1177,01551I,Ind Saladillo Chaco,1,0.1,20,1,202.87,245.48,0,0,0,21,0,0,0,0,0,49.33,002200005264,N,Factura de Venta
20170608,08003097,Blanco Juan Cirilo,Rivadavia 1177,01555AR,Ind Saladillo Chaco,1,0.1,20,1,279.82,338.58,0,0,0,21,0,0,0,0,0,54.74,002200005264,N,Factura de Venta
20170608,14004178,Corti Andrea y Corti Dillman Maria Cecilia SH,Rodriguez 252,01557A,Disapla,25,5,500,25,17735.3,21459.72,0,0,0,21,0,0,0,0,0,4326.04,002200005247,N,Factura de Venta
20170608,14004178,Corti Andrea y Corti Dillman Maria Cecilia SH,Rodriguez 252,01558BC,Disapla,5,1,100,5,5671.09,6862.02,0,0,0,21,0,0,0,0,0,2250.54,002200005247,N,Factura de Venta
20170608,09005745,Comercial Ruta 11 SRL,Ruta 11 km 1006.50,01555AR,Ind Saladillo Chaco,5,0.5,100,5,1440.53,1743.04,0,0,0,17,2,0,0,0,0,273.69,002200005265,N,Factura de Venta
20170608,09002438,Suc De Gustavo Lagerheim SA,Ruta Nacional 11 Km.1005,01555ED,Victor Casañas,20,2,400,20,6403.59,7748.34,0,3,0,32.5,21,0,0,0,0,6459.43,002200005266,N,Factura de Venta
20170608,04004334,Fapex SA,Rio Potrero 175 (Esq. Rio de Rey) Barrio CinaCina,01557ARF,Isolant SI,52,10.4,1040,52,13561.6,16409.54,0,0,0,0,0,0,0,0,0,10873.73,002200005243,N,Factura de Venta
20170608,04004334,Fapex SA,Rio Potrero 175 (Esq. Rio de Rey) Barrio CinaCina,01524AF,Isolant SI,3498,34.98,3498,0,32391.48,39193.69,0,0,0,0,0,0,0,0,0,9118.86,002200005243,N,Factura de Venta
20170608,04004334,Fapex SA,Rio Potrero 175 (Esq. Rio de Rey) Barrio CinaCina,01765CF,Isolant SI,60,3.5286,0,60,17396.4,21049.64,0,0,0,0,0,0,0,0,0,12314.02,002200005243,N,Factura de Venta
20170608,11002933,La Agricola Regional Cooperativa Limitada,Moreno 1404,01557AR,Natali Plasticos (Vta Directa),105,21,2100,105,39370.54,47638.35,0,0,1,21,12,0,0,0,0,12042.54,002200005244,N,Factura de Venta
20170608,24002156,Tinglados Maciel SRL,Martin Fierro S/N,01555C,Diego Fani,6,0.6,120,6,0.6,0.73,0,0,0,0,0,0,0,0,0,494.18,002200005253,N,Factura de Venta
20170608,11005048,Vilumar SRL en Formacion,Alem 295,01555ARC,Victor Casañas,1400,7,1400,70,16227.4,19635.16,0,0,10,21,8,0,0,0,0,3831.61,002200005254,S,Factura de Venta
20170608,24005828,Pedro Bravin S.A,Sequi 162,01555ECC,Diego Fani,1500,7.5,1500,75,19163.76,23188.14,0,0,0,30,12,0,0,0,0,7640.03,002200005260,S,Factura de Venta
20170608,24005828,Pedro Bravin S.A,Sequi 162,01555MC,Diego Fani,200,1.5,200,10,7361.82,8907.8,0,0,15,30,12,0,0,0,0,5009.52,002200005261,S,Factura de Venta
20170608,24005828,Pedro Bravin S.A,Sequi 162,01555MA,Diego Fani,1,0.15,20,1,0.08,0.1,0,0,15,0,0,0,0,0,0,500.95,002200005261,S,Factura de Venta
20170608,09002438,Suc De Gustavo Lagerheim SA,Ruta Nacional 11 Km.1005,01557C,Isolant SA,4,0.8,80,4,0.39,0.47,0,3,0,0,0,0,0,0,0,692.17,002200005263,N,Factura de Venta
20170608,14004178,Corti Andrea y Corti Dillman Maria Cecilia SH,Rodriguez 252,01557C,Disapla,3,0.6,60,3,0.3,0.36,0,0,0,0,0,0,0,0,0,519.12,002200005247,N,Factura de Venta
20170608,04001630,J S Rattaro SRL,Jose Marti 3461,01557ARC,Hector Collia,300,3,300,15,6455.88,7811.62,0,0,0,21,0,0,0,0,0,1720.36,002200005246,S,Factura de Venta
20170608,11005048,Vilumar SRL en Formacion,Alem 295,01557ARC,Victor Casañas,600,6,600,30,10690.94,12936.04,0,0,10,21,8,0,0,0,0,3440.72,002200005254,S,Factura de Venta
20170608,24005828,Pedro Bravin S.A,Sequi 162,01558ALC,Diego Fani,400,4,400,20,12905.7,15615.88,0,0,15,30,12,0,0,0,0,6348.26,002200005261,S,Factura de Venta
20170608,24005828,Pedro Bravin S.A,Sequi 162,01558ALP,Diego Fani,2,0.4,80,2,0.18,0.2,0,0,15,0,0,0,0,0,0,634.83,002200005261,S,Factura de Venta
20170608,24005828,Pedro Bravin S.A,Sequi 162,01558ECC,Diego Fani,1000,10,1000,50,24726.24,29918.76,0,0,0,30,12,0,0,0,0,18382.14,002200005260,S,Factura de Venta
20170608,24005828,Pedro Bravin S.A,Sequi 162,01558ESC,Diego Fani,2000,20,2000,100,37452.8,45317.88,0,0,0,30,12,0,0,0,0,17230.92,002200005260,S,Factura de Venta
20170608,03004883,Porosin S.A.,Av. Mitre Nro. 1338,01651G,Levy,100,1,100,0,6227,7534.67,0,0,0,0,0,0,0,0,0,1590.13,002200005245,N,Factura de Venta
20170608,01005292,Adamant SRL,,04C00898,Isolant SI,1,0,0,1,1.54,1.54,0,0,0,0,0,0,0,0,0,,000000010871,,Débito (Ajustes)
20170608,04002644,Materiales Nuciari S R L,,04C00898,Hector Collia,1,0,0,1,2.32,2.32,0,0,0,0,0,0,0,0,0,,000000010873,,Débito (Ajustes)
20170608,03003751,Indupoles Argentina SA,,04C00898,Isolant SI,1,0,0,1,0.07,0.07,0,0,0,0,0,0,0,0,0,,000000010874,,Débito (Ajustes)
20170608,10002100,Los Andes SCPA,,04C00898,Norberto Oppezzo,1,0,0,1,0.01,0.01,0,0,0,0,0,0,0,0,0,,000000010872,,Débito (Ajustes)

