﻿FechaTxt,Codigo_Cliente,Cliente,EntDir,Codigo_Articulo,Vendedor,cantidad,Mts3,Mts2,Rollos,Importe_Bruto,Importe_Neto,Dto_Contado,Dto_Flete,Dto_Especial,Bonificacion,Desc_Adicional,cantidad_elaborada,m2_ocupados,costo_unitario,costo_total_stock,Costo_de_venta,comp,C_Construccion,nomdoc
20170718,04002052,Disapla SA (Cipo),Estado de Israel 85,01555AK,Isolant SA,30,1.35,450,30,4733.88,5728,0,0,0,32.5,12,0,0,0,0,3619.78,002200006038,N,Factura de Venta
20170718,04005689,Polifoam SRL,Alte. Brown 3985,01666DAP,Isolant SI,105,5.25,105,0,18872.12,22835.27,0,0,0,45,0,0,0,0,0,12141.69,002200006039,N,Factura de Venta
20170718,04005689,Polifoam SRL,Alte. Brown 3985,01769A,Isolant SI,21,0.6993,0,21,3076.71,3722.82,0,0,0,0,0,0,0,0,0,1583.45,002200006040,N,Factura de Venta
20170718,04005689,Polifoam SRL,Alte. Brown 3985,01771A,Isolant SI,20,0.7666,0,20,3011.2,3643.55,0,0,0,0,0,0,0,0,0,1168.04,002200006040,N,Factura de Venta
20170718,04005689,Polifoam SRL,Alte. Brown 3985,01761A,Isolant SI,6,0.39018,0,6,1520.64,1839.97,0,0,0,0,0,0,0,0,0,557.62,002200006040,N,Factura de Venta
20170718,21005576,Alessi Martin Esteban SRL en formacion,Salta 732 Norte,01852AA,Leandro Diaz,1,0.5,25,1,2037.08,2464.86,0,0,0,21,0,0,0,0,0,686.89,002200006041,S,Factura de Venta
20170718,11004428,Prades Sociedad Anonima,Av. Monseñor Tavella Nº1937,01558BC,Victor Casañas,20,4,400,20,21343.73,25825.91,0,3,0,21,3,0,0,0,0,8656.55,002200006080,N,Factura de Venta
20170718,11004428,Prades Sociedad Anonima,Av. Monseñor Tavella Nº1937,01555A,Victor Casañas,65,6.5,1300,65,25775.18,31187.97,0,3,0,21,12,0,0,0,0,2914.15,002200006081,N,Factura de Venta
20170718,01004065,Balbin 3001 SRL,"Km 52, J.E. Uriburu 1232 (Ex Ruta 8)",01854A,Levy,5,1.25,125,5,5978.25,7233.68,0,0,0,21,0,0,0,0,0,1910.16,002200006075,N,Factura de Venta
20170718,01004065,Balbin 3001 SRL,"Km 52, J.E. Uriburu 1232 (Ex Ruta 8)",01750A,Levy,1,0,0,1,660.7,799.45,0,0,0,21,0,0,0,0,0,0,002200006075,N,Factura de Venta
20170718,01004065,Balbin 3001 SRL,"Km 52, J.E. Uriburu 1232 (Ex Ruta 8)",01901A,Levy,2,0.15708,0,2,4077.17,4933.38,0,0,0,21,0,0,0,0,0,1339.15,002200006075,N,Factura de Venta
20170718,16005311,Manrique Margarita Rosa,Buenos Aires 555,01524GC,Leandro Diaz,250,2.5,250,0,7953.33,9623.52,0,0,0,21,0,0,0,0,0,1993.11,002200006037,N,Factura de Venta
20170718,16002425,Gumy SA,Ituzaingo 2054,01552A,Leandro Diaz,15,3,300,15,8413.47,10180.3,0,0,0,30,8,0,0,0,0,1839.23,002200006078,N,Factura de Venta
20170718,11004428,Prades Sociedad Anonima,Av. Monseñor Tavella Nº1937,01557A,Victor Casañas,75,15,1500,75,45416.56,54954.04,0,3,0,21,12,0,0,0,0,5434.01,002200006080,N,Factura de Venta
20170718,01005292,Adamant SRL,Paysandu 923 (entre Crisologo Larralde y Lucena),01508BA,Isolant SI,720,1.44,720,0,2426.4,2935.94,0,0,0,0,0,0,0,0,0,4805.19,002200006074,N,Factura de Venta
20170718,03005902,TDL SA,Ruta 25 Km 4.2,01570BR,Esteban Bergamaschi,2640,39.6,2640,132,182160,220413.6,0,0,0,0,0,0,0,0,0,48796.83,002200006033,N,Factura de Venta
20170718,07002231,Acerco SA,Av La Voz del Interior y Av. Japon,01555M,Meier,50,7.5,1000,50,46374.9,56113.63,0,0,0,25,12,0,0,0,0,24363.61,002200006053,N,Factura de Venta
20170718,01004065,Balbin 3001 SRL,Balbin Ricardo 3001,01851A,Levy,5,1.25,125,5,4030.58,4877.01,0,3,0,21,0,0,0,0,0,1085.36,002200006076,N,Factura de Venta
20170718,24002713,Casa Bureu SA,Av. Pte. Juan D. Peron 3447,01765C,Diego Fani,8,0.47048,0,8,7321.02,8858.44,0,0,0,21,0,0,0,0,0,1592.13,002200006070,N,Factura de Venta
20170718,01002656,Costantino Omar Alfredo,Talcahuano 1081,01700A,Luis Ramirez,9,1.08,0,9,5359.28,6484.73,0,0,0,30,0,0,0,0,0,2031.79,002200006071,N,Factura de Venta
20170718,01005292,Adamant SRL,Paysandu 923 (entre Crisologo Larralde y Lucena),01500ASA,Isolant SI,7000,3.5,7000,0,10710,12959.1,0,0,0,0,0,0,0,0,0,7186.16,002200006073,N,Factura de Venta
20170718,01005292,Adamant SRL,Paysandu 923 (entre Crisologo Larralde y Lucena),01500D,Isolant SI,11250,5.625,11250,0,17212.5,20827.13,0,0,0,0,0,0,0,0,0,16437.08,002200006073,N,Factura de Venta
20170718,01005292,Adamant SRL,Paysandu 923 (entre Crisologo Larralde y Lucena),01514DC,Isolant SI,1320,6.6,1320,1320,10282.8,12442.19,0,0,0,0,0,0,0,0,0,4267.74,002200006073,N,Factura de Venta
20170718,01005292,Adamant SRL,Paysandu 923 (entre Crisologo Larralde y Lucena),01514DC,Isolant SI,1320,6.6,1320,1320,10282.8,12442.19,0,0,0,0,0,0,0,0,0,4267.74,002200006073,N,Factura de Venta
20170718,01005292,Adamant SRL,Paysandu 923 (entre Crisologo Larralde y Lucena),01762A,Isolant SI,10,0.5089,0,10,1920.2,2323.44,0,0,0,0,0,0,0,0,0,0,002200006073,N,Factura de Venta
20170718,01005292,Adamant SRL,Paysandu 923 (entre Crisologo Larralde y Lucena),01904A,Isolant SI,12,0.75396,0,12,4568.16,5527.47,0,0,0,0,0,0,0,0,0,3258.9,002200006073,N,Factura de Venta
20170718,16002012,Zapata Goma Sociedad Anonima,Salta 745,01772AC,Leandro Diaz,1,0.18944,0,1,1459.04,1765.44,0,0,0,30,0,0,0,0,0,116.48,002200006069,N,Factura de Venta
20170718,16002012,Zapata Goma Sociedad Anonima,Salta 745,01652AC,Leandro Diaz,30,0.45,30,0,2258.97,2733.35,0,0,0,30,0,0,0,0,0,979.65,002200006069,N,Factura de Venta
20170718,16002012,Zapata Goma Sociedad Anonima,Salta 745,01524GC,Leandro Diaz,25,0.25,25,0,604.05,730.9,0,0,0,40,0,0,0,0,0,199.31,002200006069,N,Factura de Venta
20170718,16002012,Zapata Goma Sociedad Anonima,Salta 745,01854A,Leandro Diaz,4,1,100,4,4237.74,5127.67,0,0,0,30,0,0,0,0,0,1528.13,002200006069,N,Factura de Venta
20170718,29001489,Rodriguez Umberto Felipe,9 de Julio 248,01554BC,Hector Collia,30,3,600,30,25514.47,30872.51,0,0,0,21,0,0,0,0,0,8831.86,002200006072,N,Factura de Venta
20170718,01005292,Adamant SRL,Paysandu 923 (entre Crisologo Larralde y Lucena),01654ACP,Isolant SI,300,6,300,0,11957.4,14468.45,0,0,0,30,0,0,0,0,0,8379.83,002200006073,N,Factura de Venta
20170718,19003792,Martinolich Herve,San Martin 434,01557A,Latyn-Valle y Cordillera,20,4,400,20,13218.41,15994.28,0,0,0,20,8,0,0,0,0,1449.07,002200006067,N,Factura de Venta
20170718,19003792,Martinolich Herve,San Martin 434,01960DA,Latyn-Valle y Cordillera,4,0,0,4,11253.6,13616.86,0,0,0,20,0,0,0,0,0,3312.8,002200006067,N,Factura de Venta
20170718,19003792,Martinolich Herve,San Martin 434,01765C,Latyn-Valle y Cordillera,1,0.05881,0,1,926.71,1121.32,0,0,0,20,0,0,0,0,0,199.02,002200006067,N,Factura de Venta
20170718,19003792,Martinolich Herve,San Martin 434,01767C,Latyn-Valle y Cordillera,3,0.15948,0,3,2366.23,2863.14,0,0,0,20,0,0,0,0,0,690.45,002200006067,N,Factura de Venta
20170718,07004383,Electro Cordoba SA,Av. juan B Justo 7800,01767A,Meier,15,0.63615,0,15,5294.34,6406.16,0,0,0,21,0,0,0,0,0,491.21,002200006068,N,Factura de Venta
20170718,16002012,Zapata Goma Sociedad Anonima,Salta 745,01766A,Leandro Diaz,1,0.03958,0,1,301.74,365.1,0,0,0,30,0,0,0,0,0,56.37,002200006069,N,Factura de Venta
20170718,24003194,Coco Mario,Lamadrid 280 (esq. Ayacucho),06C001CO,Diego Fani,1,0,0,1,0.1,0.12,0,0,0,0,0,0,0,0,0,0,002200006059,N,Factura de Venta
20170718,24003194,Coco Mario,Lamadrid 280 (esq. Ayacucho),01557A,Diego Fani,50,10,1000,50,29633.67,35856.74,0,0,0,25,12,0,0,0,0,3622.67,002200006059,N,Factura de Venta
20170718,03005902,TDL SA,Ruta 25 Km 4.2,01570BR,Esteban Bergamaschi,1456,21.84,1456,72.8,100464,121561.44,0,0,0,0,0,0,0,0,0,26912.19,002200006032,N,Factura de Venta
20170718,24002684,Centro De Chapas Rosario SA,Bv. Oroño 4190,06C001CO,Diego Fani,1,0,0,1,0.1,0.12,0,0,0,0,0,0,0,0,0,0,002200006061,S,Factura de Venta
20170718,19003792,Martinolich Herve,San Martin 434,06C001CO,Latyn-Valle y Cordillera,1,0,0,1,0.1,0.12,0,0,0,0,0,0,0,0,0,0,002200006067,N,Factura de Venta
20170718,19003792,Martinolich Herve,San Martin 434,01555A,Latyn-Valle y Cordillera,90,9,1800,90,38951.77,47131.64,0,0,0,20,8,0,0,0,0,4034.98,002200006067,N,Factura de Venta
20170718,07002231,Acerco SA,Av La Voz del Interior y Av. Japon,01960F,Meier,5,0,0,5,9710.81,11750.08,0,0,0,25,12,0,0,0,0,0,002200006052,N,Factura de Venta
20170718,07002231,Acerco SA,Av La Voz del Interior y Av. Japon,01558BC,Meier,60,12,1200,60,64607.4,78174.95,0,0,0,25,0,0,0,0,0,25969.66,002200006052,N,Factura de Venta
20170718,07002231,Acerco SA,Av La Voz del Interior y Av. Japon,01555A,Meier,25,2.5,500,25,9702.66,11740.22,0,0,0,25,12,0,0,0,0,1120.83,002200006052,N,Factura de Venta
20170718,07002231,Acerco SA,Av La Voz del Interior y Av. Japon,01557A,Meier,75,15,1500,75,44450.5,53785.11,0,0,0,25,12,0,0,0,0,5434.01,002200006052,N,Factura de Venta
20170718,01004065,Balbin 3001 SRL,"Km 52, J.E. Uriburu 1232 (Ex Ruta 8)",01900A,Levy,1,0.0754,0,1,2699.73,3266.67,0,3,0,21,0,0,0,0,0,609.04,002200006077,N,Factura de Venta
20170718,01004065,Balbin 3001 SRL,"Km 52, J.E. Uriburu 1232 (Ex Ruta 8)",01905A,Levy,1,0.07118,0,1,745.68,902.27,0,3,0,21,0,0,0,0,0,230.96,002200006077,N,Factura de Venta
20170718,16003078,Baron SA,Ayacucho 666,06C001PI,Leandro Diaz,1,0,0,1,0.1,0.12,0,0,0,0,0,0,0,0,0,0,002200006055,N,Factura de Venta
20170718,16003078,Baron SA,Ayacucho 666,01603B,Leandro Diaz,30,1.5,750,30,6118.42,7403.28,0,0,0,25,4,0,0,0,0,2080.62,002200006055,N,Factura de Venta
20170718,16003078,Baron SA,Ayacucho 666,01603AC,Leandro Diaz,10,0.5,250,10,2698.85,3265.61,0,0,0,25,4,0,0,0,0,693.69,002200006055,N,Factura de Venta
20170718,16003078,Baron SA,Ayacucho 666,01654ON,Leandro Diaz,7,1.176,0,7,3376.4,4085.44,0,0,0,21,4,0,0,0,0,2348.8,002200006055,N,Factura de Venta
20170718,16003078,Baron SA,Ayacucho 666,01655ON,Leandro Diaz,3,0.504,0,3,1720.05,2081.26,0,0,0,21,4,0,0,0,0,1231.2,002200006055,N,Factura de Venta
20170718,07002231,Acerco SA,Av La Voz del Interior y Av. Japon,01558AL,Meier,50,10,2000,50,40679.43,49222.11,0,0,0,25,12,0,0,0,0,15894.49,002200006052,N,Factura de Venta
20170718,01002018,Zanet SA,Erezcano 3021/35,01508F,Fernando Palmas,5000,10,5000,0,34000,41140,0,0,0,0,0,0,0,0,0,12647.84,002200006057,N,Factura de Venta
20170718,01004065,Balbin 3001 SRL,"Km 52, J.E. Uriburu 1232 (Ex Ruta 8)",01854A,Levy,10,2.5,250,10,11956.49,14467.36,0,0,0,21,0,0,0,0,0,3820.32,002200006058,N,Factura de Venta
20170718,24002397,Trobbiani Daniel Ramon,27 De Febrero 2439,01851A,Diego Fani,5,1.25,125,5,4155.24,5027.84,0,0,0,21,0,0,0,0,0,1085.36,002200006054,N,Factura de Venta
20170718,24002397,Trobbiani Daniel Ramon,27 De Febrero 2439,01854B,Diego Fani,2,0.5,50,2,2691.88,3257.17,0,0,0,21,0,0,0,0,0,949.66,002200006054,N,Factura de Venta
20170718,24002397,Trobbiani Daniel Ramon,27 De Febrero 2439,01765C,Diego Fani,5,0.29405,0,5,3475.17,4204.96,0,0,0,40,0,0,0,0,0,995.08,002200006054,N,Factura de Venta
20170718,24002397,Trobbiani Daniel Ramon,27 De Febrero 2439,01767C,Diego Fani,1,0.05316,0,1,591.56,715.79,0,0,0,40,0,0,0,0,0,230.15,002200006054,N,Factura de Venta
20170718,03001313,Prokrete Argentina SA,Austria Norte 2009,01900A,Esteban Bergamaschi,3,0.2262,0,3,9512.29,11509.87,0,0,0,10,0,0,0,0,0,1827.11,002200006043,N,Factura de Venta
20170718,03001313,Prokrete Argentina SA,Austria Norte 2009,01905A,Esteban Bergamaschi,10,0.7118,0,10,8757.81,10596.95,0,0,0,10,0,0,0,0,0,2309.58,002200006043,N,Factura de Venta
20170718,22002618,Rosso Alicia Ines,Caseros y Belgrano,01558BC,Leandro Diaz,10,2,200,10,11342.19,13724.05,0,0,0,21,0,0,0,0,0,4328.28,002200006045,N,Factura de Venta
20170718,23004427,El Fuerte SA,Corrientes Nº 287,01763C,Norberto Oppezzo,3,0.18096,0,3,2438.9,2951.07,0,0,0,30,0,0,0,0,0,1240.18,002200006048,N,Factura de Venta
20170718,01004065,Balbin 3001 SRL,"Km 52, J.E. Uriburu 1232 (Ex Ruta 8)",01854A,Levy,10,2.5,250,10,11956.49,14467.36,0,0,0,21,0,0,0,0,0,3820.32,002200006066,N,Factura de Venta
20170718,24003494,Insumos y Masivos SRL,Cochabamba 455,01524DC,Victor Casañas,250,2.5,250,0,7550.63,9136.26,0,0,0,25,0,0,0,0,0,1780.9,002200006056,N,Factura de Venta
20170718,07003997,Ferraro Jose Luis,Av. Carcano 822,01524GC,Meier,150,1.5,150,0,4531.5,5483.12,0,0,0,25,0,0,0,0,0,1195.86,002200006046,S,Factura de Venta
20170718,23003121,Francisco Jorge,Gobernador Moyano 158,06C001PI,Norberto Oppezzo,1,0,0,1,0.1,0.12,0,0,0,0,0,0,0,0,0,0,002200006049,N,Factura de Venta
20170718,23003121,Francisco Jorge,Gobernador Moyano 158,01700A,Norberto Oppezzo,15,1.8,0,15,8932.14,10807.89,0,0,0,30,0,0,0,0,0,3386.32,002200006049,N,Factura de Venta
20170718,05001164,Sika Argentina SAIC,Juan B. Alberdi 5250,01901A,Fernando Palmas,15,1.1781,0,15,16480.2,19941.04,0,0,0,0,0,0,0,0,0,10043.61,002200006035,N,Factura de Venta
20170718,01004029,Sologoma SRL,Av Boedo 1900 - Esquina Barrio,01524GC,Hector Collia,125,1.25,125,0,3976.66,4811.76,0,0,0,21,0,0,0,0,0,996.55,002200006036,N,Factura de Venta
20170718,01004029,Sologoma SRL,Av Boedo 1900 - Esquina Barrio,01854A,Hector Collia,1,0.25,25,1,1195.65,1446.74,0,0,0,21,0,0,0,0,0,382.03,002200006036,N,Factura de Venta
20170718,21005576,Alessi Martin Esteban SRL en formacion,Salta 732 Norte,01765A,Leandro Diaz,4,0.186,0,4,1595.42,1930.46,0,0,0,21,0,0,0,0,0,208.93,002200006041,S,Factura de Venta
20170718,21005576,Alessi Martin Esteban SRL en formacion,Salta 732 Norte,01767C,Leandro Diaz,2,0.10632,0,2,1557.76,1884.88,0,0,0,21,0,0,0,0,0,460.3,002200006041,S,Factura de Venta
20170718,21005576,Alessi Martin Esteban SRL en formacion,Salta 732 Norte,01901A,Leandro Diaz,1,0.07854,0,1,2038.58,2466.68,0,0,0,21,0,0,0,0,0,669.57,002200006042,S,Factura de Venta
20170718,03004731,Ferrara SA,Av. del Libertador 124,01558BC,Levy,20,4,400,20,22684.38,27448.09,0,0,0,21,0,0,0,0,0,8656.55,002200006044,N,Factura de Venta
20170718,03004731,Ferrara SA,Av. del Libertador 124,01558EC,Levy,30,6,600,30,18269.86,22106.53,0,0,0,21,4,0,0,0,0,11316.88,002200006044,N,Factura de Venta
20170718,03004731,Ferrara SA,Av. del Libertador 124,01557A,Levy,20,4,400,20,13620.71,16481.06,0,0,0,21,4,0,0,0,0,1449.07,002200006044,N,Factura de Venta
20170718,29002289,Maria Cristina Chiapuzzi Y Elda Luisa Ciley S.H.,Calle 17 nº 76,01550AA,Hector Collia,100,0.2,100,5,1002,1212.42,0,0,0,25,0,0,0,0,0,406.51,002200006047,S,Factura de Venta
20170718,21005576,Alessi Martin Esteban SRL en formacion,Salta 732 Norte,01552IC,Leandro Diaz,160,1.6,160,8,3245.96,3927.6,0,0,0,21,0,0,0,0,0,233.12,002200006042,S,Factura de Venta
20170718,04005888,Lozano Facundo,Santa Rosa 2283-Castelar,01554BRC,Hector Collia,20,0.12,20,1,1540.5,1864,0,0,0,21,0,0,0,0,0,398.33,002200006051,S,Factura de Venta
20170718,04005888,Lozano Facundo,Santa Rosa 2283-Castelar,01554BRC,Hector Collia,20,0.12,20,1,1540.5,1864,0,0,0,21,0,0,0,0,0,398.33,002200006051,S,Factura de Venta
20170718,04001595,Dommarco Hnos Sociedad Anonima,Pte Peron (ex Kennedy) 1759,01555AA,Hector Collia,500,2.5,500,25,11613,14051.72,0,0,0,21,0,0,0,0,0,1120.83,002200006050,S,Factura de Venta
20170718,04001595,Dommarco Hnos Sociedad Anonima,Pte Peron (ex Kennedy) 1759,01555C,Hector Collia,3,0.3,60,3,0.3,0.36,0,0,0,0,0,0,0,0,0,134.5,002200006050,S,Factura de Venta
20170718,07002231,Acerco SA,Av La Voz del Interior y Av. Japon,01555C,Meier,3,0.3,60,3,0.3,0.36,0,0,0,0,0,0,0,0,0,134.5,002200006052,N,Factura de Venta
20170718,19003792,Martinolich Herve,San Martin 434,01555C,Latyn-Valle y Cordillera,9,0.9,180,9,0.9,1.09,0,0,0,0,0,0,0,0,0,403.5,002200006067,N,Factura de Venta
20170718,11004428,Prades Sociedad Anonima,Av. Monseñor Tavella Nº1937,01555C,Victor Casañas,12,1.2,240,12,1.16,1.41,0,3,0,0,0,0,0,0,0,538,002200006081,N,Factura de Venta
20170718,07003997,Ferraro Jose Luis,Av. Carcano 822,01555ARC,Meier,20,0.1,20,1,265.8,321.62,0,0,0,25,0,0,0,0,0,49.2,002200006046,S,Factura de Venta
20170718,29002289,Maria Cristina Chiapuzzi Y Elda Luisa Ciley S.H.,Calle 17 nº 76,01555ARC,Hector Collia,200,1,200,10,2658,3216.18,0,0,0,25,0,0,0,0,0,491.97,002200006047,S,Factura de Venta
20170718,07002231,Acerco SA,Av La Voz del Interior y Av. Japon,01555MA,Meier,5,0.75,100,5,0.5,0.61,0,0,0,0,0,0,0,0,0,2436.36,002200006053,N,Factura de Venta
20170718,29002289,Maria Cristina Chiapuzzi Y Elda Luisa Ciley S.H.,Calle 17 nº 76,01559AA,Hector Collia,500,5,500,25,16837.5,20373.38,0,0,0,25,0,0,0,0,0,1811.34,002200006047,S,Factura de Venta
20170718,29002289,Maria Cristina Chiapuzzi Y Elda Luisa Ciley S.H.,Calle 17 nº 76,01557C,Hector Collia,3,0.6,60,3,0.3,0.36,0,0,0,0,0,0,0,0,0,217.36,002200006047,S,Factura de Venta
20170718,04005888,Lozano Facundo,Santa Rosa 2283-Castelar,01559AA,Hector Collia,80,0.8,80,4,2837.68,3433.6,0,0,0,21,0,0,0,0,0,289.81,002200006051,S,Factura de Venta
20170718,07002231,Acerco SA,Av La Voz del Interior y Av. Japon,01557C,Meier,9,1.8,180,9,0.9,1.09,0,0,0,0,0,0,0,0,0,652.08,002200006052,N,Factura de Venta
20170718,24003194,Coco Mario,Lamadrid 280 (esq. Ayacucho),01557C,Diego Fani,6,1.2,120,6,0.6,0.73,0,0,0,0,0,0,0,0,0,434.72,002200006059,N,Factura de Venta
20170718,11004428,Prades Sociedad Anonima,Av. Monseñor Tavella Nº1937,01557C,Victor Casañas,9,1.8,180,9,0.87,1.06,0,3,0,0,0,0,0,0,0,652.08,002200006080,N,Factura de Venta
20170718,07003997,Ferraro Jose Luis,Av. Carcano 822,01557ARC,Meier,20,0.2,20,1,408.6,494.4,0,0,0,25,0,0,0,0,0,59.77,002200006046,S,Factura de Venta
20170718,29002289,Maria Cristina Chiapuzzi Y Elda Luisa Ciley S.H.,Calle 17 nº 76,01557ARC,Hector Collia,200,2,200,10,4086,4944.06,0,0,0,25,0,0,0,0,0,597.67,002200006047,S,Factura de Venta
20170718,24002684,Centro De Chapas Rosario SA,Bv. Oroño 4190,01557ARC,Diego Fani,2000,20,2000,100,35956.8,43507.72,0,0,0,25,12,0,0,0,0,5976.75,002200006061,S,Factura de Venta
20170718,24002684,Centro De Chapas Rosario SA,Bv. Oroño 4190,01557ARC,Diego Fani,460,4.6,460,23,7029.56,8505.76,0,0,15,25,12,0,0,0,0,1374.65,002200006062,S,Factura de Venta
20170718,24002684,Centro De Chapas Rosario SA,Bv. Oroño 4190,01557ARC,Diego Fani,1800,18,1800,90,32361.12,39156.96,0,0,0,25,12,0,0,0,0,5379.07,002200006063,S,Factura de Venta
20170718,07002231,Acerco SA,Av La Voz del Interior y Av. Japon,01558ALP,Meier,5,1,200,5,0.5,0.61,0,0,0,0,0,0,0,0,0,1589.45,002200006052,N,Factura de Venta
20170718,29002289,Maria Cristina Chiapuzzi Y Elda Luisa Ciley S.H.,Calle 17 nº 76,01568BC,Hector Collia,100,1,100,5,5383.5,6514.04,0,0,0,25,0,0,0,0,0,2164.14,002200006047,S,Factura de Venta
20170718,24002684,Centro De Chapas Rosario SA,Bv. Oroño 4190,01558ECC,Diego Fani,1600,16,1600,80,42387.84,51289.28,0,0,0,25,12,0,0,0,0,30178.34,002200006061,S,Factura de Venta
20170718,04005888,Lozano Facundo,Santa Rosa 2283-Castelar,01570BD,Hector Collia,300,4.5,300,15,20965.02,25367.68,0,0,0,21,0,0,0,0,0,12495.72,002200006051,S,Factura de Venta
20170718,16005773,Metales Dibo SA,Maza Norte 3536,01571ECC,Leandro Diaz,1000,20,1000,50,47000,56870,0,0,0,0,0,0,0,0,0,27444.53,002200006064,S,Factura de Venta
20170718,16005773,Metales Dibo SA,Maza Norte 3536,01571ECC,Leandro Diaz,520,10.4,520,26,24440,29572.4,0,0,0,0,0,0,0,0,0,14271.15,002200006079,S,Factura de Venta
20170718,24002684,Centro De Chapas Rosario SA,Bv. Oroño 4190,01960FC,Diego Fani,20,0,0,20,33016.64,39950.14,0,0,15,25,12,0,0,0,0,0,002200006060,S,Factura de Venta
20170718,04005689,Polifoam SRL,Alte. Brown 3985,01764A,Isolant SI,12,0.6220368,0,12,2426.52,2936.09,0,0,0,0,0,0,0,0,0,681.32,002200006040,N,Factura de Venta
20170718,04005689,Polifoam SRL,Alte. Brown 3985,01763A,Isolant SI,14,0.659736,0,14,2472.82,2992.11,0,0,0,0,0,0,0,0,0,543.69,002200006040,N,Factura de Venta
20170718,07003997,Ferraro Jose Luis,Av. Carcano 822,01654DC,Meier,10,0.2,10,0,1055.26,1276.86,0,0,0,25,0,0,0,0,0,274.85,002200006046,S,Factura de Venta
20170718,07003997,Ferraro Jose Luis,Av. Carcano 822,01658DC,Meier,20,0.6,20,0,3080.4,3727.28,0,0,0,25,0,0,0,0,0,752.28,002200006046,S,Factura de Venta
20170718,01004029,Sologoma SRL,Av Boedo 1900 - Esquina Barrio,01514PC,Hector Collia,25,0.125,25,0,492.76,596.24,0,0,0,21,0,0,0,0,0,70.87,002200006036,N,Factura de Venta
20170718,01000165,Macroplast SA,Calle 15,01504D,Isolant SA,4800,4.8,4800,0,22064.4,26697.92,0,0,0,32.5,0,0,0,0,0,8488.3,002200006065,N,Factura de Venta
20170718,29003400,Belforti Hugo Osmar,,04C00898,Disapla,1,0,0,1,0.18,0.18,0,0,0,0,0,0,0,0,0,,000000010970,,Débito (Ajustes)
20170718,20003188,Emprendimiento Metalurgico Industrial SRL,,01IN,Pedro Cocaña,-1,0,0,-1,-467.05,-565.13,0,0,0,0,0,0,0,0,0,,001300000231,,Crédito de Venta
20170718,20003188,Emprendimiento Metalurgico Industrial SRL,,01IN,Pedro Cocaña,-1,0,0,-1,-1369.04,-1656.54,0,0,0,0,0,0,0,0,0,,001300000234,,Crédito de Venta
20170718,20003188,Emprendimiento Metalurgico Industrial SRL,,01IN,Pedro Cocaña,-1,0,0,-1,-883.48,-1069.01,0,0,0,0,0,0,0,0,0,,001300000232,,Crédito de Venta
20170718,20003188,Emprendimiento Metalurgico Industrial SRL,,01IN,Pedro Cocaña,-1,0,0,-1,-1171.81,-1417.89,0,0,0,0,0,0,0,0,0,,001300000233,,Crédito de Venta
20170718,16005311,Manrique Margarita Rosa,Buenos Aires 555,01514PC,Leandro Diaz,75,0.375,75,0,1478.29,1788.73,0,0,0,21,0,0,0,0,0,212.6,002200006037,N,Factura de Venta
20170718,30005117,Grandes Depositos Del Oeste S.A,,04C00898,Disapla,1,0,0,1,0.41,0.41,0,0,0,0,0,0,0,0,0,,000000010969,,Débito (Ajustes)
20170718,07005677,Iron Pack SRL,Montecatini 3158,01506D,Meier,1200,1.8,1200,1200,5653.26,6840.44,0,5,5,40,0,0,0,0,0,2847.17,002200006034,S,Factura de Venta
20170718,07005677,Iron Pack SRL,Montecatini 3158,01660A,Meier,160,5.6,160,0,9276.26,11224.26,0,5,5,0,0,0,0,0,0,14110.74,002200006034,S,Factura de Venta
20170718,16002012,Zapata Goma Sociedad Anonima,Salta 745,01763A,Leandro Diaz,1,0.047124,0,1,355.39,430.02,0,0,0,30,0,0,0,0,0,38.83,002200006069,N,Factura de Venta
20170718,01005292,Adamant SRL,Paysandu 923 (entre Crisologo Larralde y Lucena),01500BC,Isolant SI,12960,6.48,12960,0,20736,25090.56,0,0,0,0,0,0,0,0,0,5252.96,002200006073,N,Factura de Venta
20170718,01005292,Adamant SRL,Paysandu 923 (entre Crisologo Larralde y Lucena),01504D,Isolant SI,6000,6,6000,0,14580,17641.8,0,0,0,0,0,0,0,0,0,10610.38,002200006073,N,Factura de Venta

