﻿FechaTxt,Codigo_Cliente,Cliente,EntDir,Codigo_Articulo,Vendedor,cantidad,Mts3,Mts2,Rollos,Importe_Bruto,Importe_Neto,Dto_Contado,Dto_Flete,Dto_Especial,Bonificacion,Desc_Adicional,cantidad_elaborada,m2_ocupados,costo_unitario,costo_total_stock,Costo_de_venta,comp
20170518,01000452,Caffaro Hnos Sociedad de Responsabilidad Limitada,Pavon 2632,01950B,Isolant SI,29,6.6294,0,29,28605.6,34612.78,0,0,0,0,0,0,0,0,0,0,002200004770
20170518,01001802,Boedogoma SRL,Av. San Juan 3706,01514PC,Hector Collia,50,0.25,50,0,985.53,1192.49,0,0,0,21,0,0,0,0,0,0,002200004771
20170518,01001802,Boedogoma SRL,Av. San Juan 3706,01524GC,Hector Collia,50,0.5,50,0,1590.67,1924.7,0,0,0,21,0,0,0,0,0,0,002200004771
20170518,01001802,Boedogoma SRL,Av. San Juan 3706,01652AC,Hector Collia,20,0.3,20,0,1650.15,1996.68,0,0,0,21,0,0,0,0,0,0,002200004771
20170518,01001802,Boedogoma SRL,Av. San Juan 3706,01654DC,Hector Collia,10,0.2,10,0,1079.14,1305.76,0,0,0,21,0,0,0,0,0,0,002200004771
20170518,28002335,TUBACERO S.A.,,04C00624,Fernando Palmas,1,0,0,1,1161.83,1161.83,0,0,0,0,0,0,0,0,0,0,000000000929
20170518,16002012,Zapata Goma Sociedad Anonima,Salta 745,01654DC,Leandro Diaz,60,1.2,60,0,5909.4,7150.37,0,0,0,30,0,0,0,0,0,0,002200004772
20170518,16002012,Zapata Goma Sociedad Anonima,Salta 745,01658DC,Leandro Diaz,30,0.9,30,0,4312.77,5218.45,0,0,0,30,0,0,0,0,0,0,002200004772
20170518,16002012,Zapata Goma Sociedad Anonima,Salta 745,01854A,Leandro Diaz,4,1,100,4,4237.74,5127.67,0,0,0,30,0,0,0,0,0,0,002200004772
20170518,16002012,Zapata Goma Sociedad Anonima,Salta 745,01514PC,Leandro Diaz,150,0.75,150,0,2245.5,2717.05,0,0,0,40,0,0,0,0,0,0,002200004772
20170518,16002012,Zapata Goma Sociedad Anonima,Salta 745,01524GC,Leandro Diaz,200,2,200,0,4832.4,5847.2,0,0,0,40,0,0,0,0,0,0,002200004772
20170518,16002012,Zapata Goma Sociedad Anonima,Salta 745,01960DA,Leandro Diaz,1,0,0,1,2461.72,2978.69,0,0,0,30,0,0,0,0,0,0,002200004772
20170518,24003150,Germena Vito Antonio,Belgrano 832,01555AA,Diego Fani,500,2.5,500,25,11148.48,13489.66,0,0,0,21,4,0,0,0,0,0,002200004773
20170518,24003150,Germena Vito Antonio,Belgrano 832,01555C,Diego Fani,3,0.3,60,3,0.3,0.36,0,0,0,0,0,0,0,0,0,0,002200004773
20170518,24003150,Germena Vito Antonio,Belgrano 832,01559AA,Diego Fani,500,5,500,25,17026.08,20601.56,0,0,0,21,4,0,0,0,0,0,002200004773
20170518,24003150,Germena Vito Antonio,Belgrano 832,01557C,Diego Fani,3,0.6,60,3,0.3,0.36,0,0,0,0,0,0,0,0,0,0,002200004773
20170518,07002180,Ferrocons SA,,04C00898,Meier,1,0,0,1,0.1,0.1,0,0,0,0,0,0,0,0,0,0,000000010823
20170518,01002325,Centro Sec SRL,Av. Cordoba 5625,01568BC,Hector Collia,600,6,600,30,32301,39084.2,0,0,0,25,0,0,0,0,0,0,002200004774
20170518,01002325,Centro Sec SRL,Av. Cordoba 5625,01557ARC,Hector Collia,1400,14,1400,70,25169.76,30455.4,0,0,0,25,12,0,0,0,0,0,002200004774
20170518,01002325,Centro Sec SRL,Av. Cordoba 5625,01552IC,Hector Collia,600,6,600,30,10169.28,12304.82,0,0,0,25,12,0,0,0,0,0,002200004774
20170518,24002752,Rusma SRL,Eva Peron (Ex Cordoba) nº 8730,01559AA,Diego Fani,500,5,500,25,14817,17928.56,0,0,0,25,12,0,0,0,0,0,002200004776
20170518,24002752,Rusma SRL,Eva Peron (Ex Cordoba) nº 8730,01557C,Diego Fani,6,1.2,120,6,0.6,0.72,0,0,0,0,0,0,0,0,0,0,002200004776
20170518,24002752,Rusma SRL,Crespo y Bv Segui,01559AA,Diego Fani,500,5,500,25,14817,17928.56,0,0,0,25,12,0,0,0,0,0,002200004777
20170518,24002752,Rusma SRL,Crespo y Bv Segui,01557C,Diego Fani,6,1.2,120,6,0.6,0.72,0,0,0,0,0,0,0,0,0,0,002200004777
20170518,11004513,Zenith SA,Concejal Veiga y Santa Maria de Oro,01555A,Victor Casañas,12,1.2,240,12,5574.62,6745.29,0,0,0,21,0,0,0,0,0,0,002200004778
20170518,01002325,Centro Sec SRL,Avda Mitre 2320,01557ARC,Hector Collia,1000,10,1000,50,17978.4,21753.86,0,0,0,25,12,0,0,0,0,0,002200004779
20170518,01002325,Centro Sec SRL,Avda Mitre 2320,01555ARC,Hector Collia,2000,10,2000,100,23390.4,28302.38,0,0,0,25,12,0,0,0,0,0,002200004779
20170518,19002241,Carlos Isla y Cia. SA,Tucuman 225,01557A,Latyn-Valle y Cordillera,55,11,1100,55,28605.5,34612.65,0,0,0,0,0,0,0,0,0,0,002200004780
20170518,19002241,Carlos Isla y Cia. SA,Teodoro Plan 5055,01555AR,Latyn-Valle y Cordillera,30,3,600,30,5940,7187.4,0,0,0,0,0,0,0,0,0,0,002200004781
20170518,19002241,Carlos Isla y Cia. SA,Teodoro Plan 5055,01557AR,Latyn-Valle y Cordillera,30,6,600,30,9150,11071.5,0,0,0,0,0,0,0,0,0,0,002200004781
20170518,31004346,Fauszleger Sociedad Anonima,Av. Jara 3063,01555A,Ventas Buenos Aires,50,5,1000,50,20440.27,24732.73,0,0,0,21,12,0,0,0,0,0,002200004782
20170518,31004346,Fauszleger Sociedad Anonima,Av. Jara 3063,01557A,Ventas Buenos Aires,100,20,2000,100,62428.26,75538.2,0,0,0,21,12,0,0,0,0,0,002200004782
20170518,31004346,Fauszleger Sociedad Anonima,Av. Jara 3063,01555M,Ventas Buenos Aires,70,10.5,1400,70,66395.7,80338.8,0,0,0,21,12,0,0,0,0,0,002200004782
20170518,31004346,Fauszleger Sociedad Anonima,Av. Jara 3063,01558AL,Ventas Buenos Aires,20,4,800,20,17139.6,20738.92,0,0,0,21,12,0,0,0,0,0,002200004782
20170518,31004346,Fauszleger Sociedad Anonima,Av. Jara 3063,01555C,Ventas Buenos Aires,12,1.2,240,12,1.2,1.45,0,0,0,0,0,0,0,0,0,0,002200004782
20170518,31004346,Fauszleger Sociedad Anonima,Av. Jara 3063,01557C,Ventas Buenos Aires,24,4.8,480,24,2.4,2.9,0,0,0,0,0,0,0,0,0,0,002200004782
20170518,31004346,Fauszleger Sociedad Anonima,Av. Jara 3063,01555MA,Ventas Buenos Aires,7,1.05,140,7,0.7,0.85,0,0,0,0,0,0,0,0,0,0,002200004782
20170518,31004346,Fauszleger Sociedad Anonima,Av. Jara 3063,01558ALP,Ventas Buenos Aires,2,0.4,80,2,0.2,0.24,0,0,0,0,0,0,0,0,0,0,002200004782
20170518,02003203,Maderera La Loma SA,Calle 161 y 40,01558AL,Ventas Buenos Aires,13,2.6,520,13,11140.74,13480.3,0,0,0,21,12,0,0,0,0,0,002200004769
20170518,02003203,Maderera La Loma SA,Calle 161 y 40,01558ALP,Ventas Buenos Aires,1,0.2,40,1,0.1,0.12,0,0,0,0,0,0,0,0,0,0,002200004769
20170518,02003203,Maderera La Loma SA,Calle 161 y 40,01557A,Ventas Buenos Aires,100,20,2000,100,62428.26,75538.2,0,0,0,21,12,0,0,0,0,0,002200004769
20170518,02003203,Maderera La Loma SA,Calle 161 y 40,01555M,Ventas Buenos Aires,50,7.5,1000,50,47425.5,57384.86,0,0,0,21,12,0,0,0,0,0,002200004769
20170518,02003203,Maderera La Loma SA,Calle 161 y 40,01555A,Ventas Buenos Aires,50,5,1000,50,20440.27,24732.73,0,0,0,21,12,0,0,0,0,0,002200004769
20170518,02003203,Maderera La Loma SA,Calle 161 y 40,01557C,Ventas Buenos Aires,24,4.8,480,24,2.4,2.9,0,0,0,0,0,0,0,0,0,0,002200004769
20170518,02003203,Maderera La Loma SA,Calle 161 y 40,01555MA,Ventas Buenos Aires,5,0.75,100,5,0.5,0.61,0,0,0,0,0,0,0,0,0,0,002200004769
20170518,02003203,Maderera La Loma SA,Calle 161 y 40,01555C,Ventas Buenos Aires,12,1.2,240,12,1.2,1.45,0,0,0,0,0,0,0,0,0,0,002200004769
20170518,03001796,Hoffman Ernesto Guillermo,,04C00898,Levy,1,0,0,1,4.11,4.11,0,0,0,0,0,0,0,0,0,0,000000010822
20170518,01005292,Adamant SRL,Paysandu 923 (entre Crisologo Larralde y Lucena),01510AC,Isolant SI,150,0.45,150,150,688.5,833.08,0,0,0,0,0,0,0,0,0,0,002200004768
20170518,01005292,Adamant SRL,Paysandu 923 (entre Crisologo Larralde y Lucena),01508DB,Isolant SI,1200,2.4,1200,0,4044,4893.24,0,0,0,0,0,0,0,0,0,0,002200004768
20170518,01005292,Adamant SRL,Paysandu 923 (entre Crisologo Larralde y Lucena),01650DC,Isolant SI,425,4.25,425,0,6937.7,8394.62,0,0,0,30,0,0,0,0,0,0,002200004768
20170518,01005292,Adamant SRL,Paysandu 923 (entre Crisologo Larralde y Lucena),01500D,Isolant SI,10800,5.4,10800,0,16092,19471.32,0,0,0,0,0,0,0,0,0,0,002200004768
20170518,01005292,Adamant SRL,Paysandu 923 (entre Crisologo Larralde y Lucena),01504AC,Isolant SI,3000,3,3000,0,7080,8566.8,0,0,0,0,0,0,0,0,0,0,002200004768
20170518,07003811,Centro Poliester SRL,Bulnes 2170,01852AA,Meier,4,2,100,4,6659.26,8057.7,0,0,5,30,0,0,0,0,0,0,002200004775
20170518,07003811,Centro Poliester SRL,Bulnes 2170,01654DC,Meier,70,1.4,70,0,6358.72,7694.06,0,0,5,30,0,0,0,0,0,0,002200004775
20170518,07003811,Centro Poliester SRL,Bulnes 2170,01514DB,Meier,150,0.75,150,150,2489.76,3012.6,0,0,5,30,0,0,0,0,0,0,002200004775
20170518,07003811,Centro Poliester SRL,Bulnes 2170,01514P,Meier,250,1.25,250,250,4149.6,5021.02,0,0,5,30,0,0,0,0,0,0,002200004775
20170518,07003811,Centro Poliester SRL,Bulnes 2170,01654D,Meier,200,4,200,0,18167.8,21983.04,0,0,5,30,0,0,0,0,0,0,002200004775

