﻿Vendedor,Nom_Ven,Dias
30,Disapla,82
11,NN (Ex MDT),36
05,Ventas Buenos Aires,62
01,Isolant SA,69
24,Meier,41
056,Diego Fani,67
25,Leandro Diaz,77
06,Pastore Pablo,125
03,Inactivos,707
058,Luis Ramirez,61
50,Disapla-Sur (Costa patagonia),180
55,Fernando Palmas,80
21,Latyn-Valle y Cordillera,5
53,Norberto Oppezzo,58
17,Esteban Bergamaschi,50
23,Hector Collia,56
15,Natali Plasticos (Vta Directa),63
057,Victor Casañas,55
04,Levy,50
22,Ind Saladillo Chaco,74
26,Isolant SI,42
16,Pedro Cocaña,72

