﻿FechaTxt,Codigo_Cliente,Cliente,EntDir,Codigo_Articulo,Vendedor,cantidad,Mts3,Mts2,Rollos,Importe_Bruto,Importe_Neto,Dto_Contado,Dto_Flete,Dto_Especial,Bonificacion,Desc_Adicional,cantidad_elaborada,m2_ocupados,costo_unitario,costo_total_stock,Costo_de_venta,comp
20170421,04001988,Valentini Eduardo Hector,Bme. Mitre 1460,01557AKC,Hector Collia,1500,10.5,1500,100,32279.4,39058.08,0,0,0,21,0,0,0,0,0,0,002200004305
20170421,04001988,Valentini Eduardo Hector,Bme. Mitre 1460,01559AA,Hector Collia,800,8,800,40,26957.96,32619.14,0,0,0,21,5,0,0,0,0,0,002200004305
20170421,20004208,Reston Maderas SRL,Acevedo 188,01957A,Pedro Cocaña,1,0,0,1,0.1,0.12,0,3,5,0,0,0,0,0,0,0,002200004313
20170421,20004208,Reston Maderas SRL,Acevedo 188,01555AA,Pedro Cocaña,800,4,800,40,15067.54,18231.72,0,3,5,21,12,0,0,0,0,0,002200004313
20170421,20004208,Reston Maderas SRL,Acevedo 188,01555C,Pedro Cocaña,5,0.5,100,5,0.46,0.56,0,3,5,0,0,0,0,0,0,0,002200004313
20170421,07003893,Torres Carlos Hector,Juan B. Justo 3595,01555AA,Meier,500,2.5,500,25,8493.38,10276.98,5,3,5,25,12,0,0,0,0,0,002200004302
20170421,07003893,Torres Carlos Hector,Juan B. Justo 3595,01555C,Meier,6,0.6,120,6,0.52,0.64,5,3,5,0,0,0,0,0,0,0,002200004302
20170421,07003893,Torres Carlos Hector,Juan B. Justo 3595,01559AA,Meier,500,5,500,25,12971.18,15695.12,5,3,5,25,12,0,0,0,0,0,002200004302
20170421,07003893,Torres Carlos Hector,Juan B. Justo 3595,01557C,Meier,6,1.2,120,6,0.52,0.64,5,3,5,0,0,0,0,0,0,0,002200004302
20170421,07003893,Torres Carlos Hector,Juan B. Justo 3595,01554BRC,Meier,200,1.2,200,10,11266.72,13632.74,5,3,5,25,12,0,0,0,0,0,002200004302
20170421,07003893,Torres Carlos Hector,Juan B. Justo 3595,01554BP,Meier,3,0.36,60,3,0.26,0.32,5,3,5,0,0,0,0,0,0,0,002200004302
20170421,07003893,Torres Carlos Hector,Juan B. Justo 3595,01957A,Meier,2,0,0,2,0.36,0.42,5,3,5,0,0,0,0,0,0,0,002200004302
20170421,07003893,Torres Carlos Hector,Juan B. Justo 3595,01750A,Meier,20,0,0,20,9664.3,11693.81,5,3,5,25,12,0,0,0,0,0,002200004303
20170421,07005677,Iron Pack SRL,Montecatini 3158,01558ESC,Meier,1000,10,1000,50,17328,20966.88,0,5,0,40,0,0,0,0,0,0,002200004304
20170421,07003893,Torres Carlos Hector,Juan B. Justo 3595,01558ECC,Meier,4000,40,4000,200,92768.44,112249.8,5,3,5,25,12,0,0,0,0,0,002200004301
20170421,01005292,Adamant SRL,Paysandu 923 (entre Crisologo Larralde y Lucena),01500ASA,Isolant SI,3000,1.5,3000,0,4470,5408.7,0,0,0,0,0,0,0,0,0,0,002200004309
20170421,01005292,Adamant SRL,Paysandu 923 (entre Crisologo Larralde y Lucena),01552I,Isolant SI,100,20,4000,100,24000,29040,0,0,0,0,0,0,0,0,0,0,002200004309
20170421,01005292,Adamant SRL,Paysandu 923 (entre Crisologo Larralde y Lucena),01508DB,Isolant SI,8800,17.6,8800,0,29656,35883.76,0,0,0,0,0,0,0,0,0,0,002200004309
20170421,01005292,Adamant SRL,Paysandu 923 (entre Crisologo Larralde y Lucena),01507E,Isolant SI,4800,7.2,4800,0,29616,35835.36,0,0,0,0,0,0,0,0,0,0,002200004309
20170421,03004763,Mundo Hierro S.A.,,04ANTICIPOS,Levy,1,0,0,1,135711.73,164211.19,0,0,0,0,0,0,0,0,0,0,001400000681
20170421,07000012,Natali Plasticos SRL,Alvear 1475,01555A,Isolant SA,150,15,3000,150,50822.53,61495.27,0,3,0,32.5,12,0,0,0,0,0,002200004311
20170421,07000012,Natali Plasticos SRL,Alvear 1475,01555C,Isolant SA,72,7.2,1440,72,6.98,8.45,0,3,0,0,0,0,0,0,0,0,002200004311
20170421,07000012,Natali Plasticos SRL,Alvear 1475,01557A,Isolant SA,50,10,1000,50,25870.19,31302.93,0,3,0,32.5,12,0,0,0,0,0,002200004311
20170421,07000012,Natali Plasticos SRL,Alvear 1475,01558BC,Isolant SA,30,6,600,30,27379.68,33129.41,0,3,0,32.5,0,0,0,0,0,0,002200004311
20170421,07000012,Natali Plasticos SRL,Alvear 1475,01750A,Isolant SA,6,0,0,6,3285.52,3975.48,0,3,0,32.5,0,0,0,0,0,0,002200004311
20170421,07000012,Natali Plasticos SRL,Alvear 1475,01557AR,Isolant SA,50,10,1000,50,13968.48,16901.87,0,3,0,0,0,0,0,0,0,0,002200004312
20170421,03000741,Maderera Newton Sociedad Anonima,Acceso Norte 3085 (ramal Campana) y Haití- Frente la Ford,01555MC,Esteban Bergamaschi,500,3.75,500,25,23727.18,28709.88,0,0,0,21,12,0,0,0,0,0,002200004306
20170421,03000741,Maderera Newton Sociedad Anonima,Acceso Norte 3085 (ramal Campana) y Haití- Frente la Ford,01555MA,Esteban Bergamaschi,4,0.6,80,4,0.4,0.48,0,0,0,0,0,0,0,0,0,0,002200004306
20170421,04001187,Muresco SA,J. M. Rosas 7020,01700A,Ventas Buenos Aires,50,6,0,50,29773.8,36026.3,0,0,0,30,0,0,0,0,0,0,002200004307
20170421,02002433,Antares SACIE,B. De Miguel 923,01555A,Hector Collia,25,2.5,500,25,10474.46,12674.1,0,0,0,25,5,0,0,0,0,0,002200004308
20170421,02002433,Antares SACIE,B. De Miguel 923,01555C,Hector Collia,6,0.6,120,6,0.6,0.73,0,0,0,0,0,0,0,0,0,0,002200004308
20170421,02002433,Antares SACIE,B. De Miguel 923,01557A,Hector Collia,25,5,500,25,15995.45,19354.49,0,0,0,25,5,0,0,0,0,0,002200004308
20170421,02002433,Antares SACIE,B. De Miguel 923,01557C,Hector Collia,6,1.2,120,6,0.6,0.73,0,0,0,0,0,0,0,0,0,0,002200004308
20170421,04004740,Tarlon Juan Pablo,Av. San Martin 1550,01555ARC,Hector Collia,400,2,400,20,4961.6,6003.54,0,0,0,30,0,0,0,0,0,0,002200004310
20170421,04004740,Tarlon Juan Pablo,Av. San Martin 1550,01557ARC,Hector Collia,400,4,400,20,7627.2,9228.92,0,0,0,30,0,0,0,0,0,0,002200004310
20170421,04004740,Tarlon Juan Pablo,Av. San Martin 1550,01551IC,Hector Collia,3200,16,3200,160,28761.6,34801.54,0,0,0,30,0,0,0,0,0,0,002200004310
20170421,01001928,Karavell SA,Santiago del Estero 453,04ANTICIPOS,Levy,-1,0,0,-1,-23105,-27957.05,0,0,0,0,0,0,0,0,0,0,001400007647
20170421,01003118,Caputo Marcelo Claudio,,04C00898,Luis Ramirez,1,0,0,1,2.66,2.66,0,0,0,0,0,0,0,0,0,0,000000010769
20170421,20005772,Saltapor SRL,Leguizamon 1946,01555AR,Pedro Cocaña,50,5,1000,50,10151.24,12283,0,3,15,21,12,0,0,0,0,0,002200004314
20170421,20005772,Saltapor SRL,Leguizamon 1946,01557AR,Pedro Cocaña,50,10,1000,50,15613.76,18892.65,0,3,15,21,12,0,0,0,0,0,002200004314
20170421,20005772,Saltapor SRL,Leguizamon 1946,01555EC,Pedro Cocaña,50,5,1000,50,11893.74,14391.43,0,3,15,21,12,0,0,0,0,0,002200004314
20170421,20005772,Saltapor SRL,Leguizamon 1946,01558ES,Pedro Cocaña,50,10,1000,50,17425.05,21084.31,0,3,15,21,12,0,0,0,0,0,002200004314
20170421,20005772,Saltapor SRL,Leguizamon 1946,01555ED,Pedro Cocaña,25,2.5,500,25,8870.15,10732.88,0,3,15,21,12,0,0,0,0,0,002200004314
20170421,20005772,Saltapor SRL,Leguizamon 1946,01558EC,Pedro Cocaña,25,5,500,25,11506.84,13923.27,0,3,15,21,12,0,0,0,0,0,002200004314
20170421,20005772,Saltapor SRL,Leguizamon 1946,01957A,Pedro Cocaña,1,0,0,1,0.09,0.11,0,3,5,0,0,0,0,0,0,0,002200004315
20170421,20005772,Saltapor SRL,Leguizamon 1946,01555M,Pedro Cocaña,30,4.5,600,30,26221.56,31728.09,0,3,5,21,12,0,0,0,0,0,002200004315
20170421,20005772,Saltapor SRL,Leguizamon 1946,01555MA,Pedro Cocaña,3,0.45,60,3,0.28,0.33,0,3,5,0,0,0,0,0,0,0,002200004315
20170421,20005772,Saltapor SRL,Leguizamon 1946,01557A,Pedro Cocaña,50,10,1000,50,28763.82,34804.23,0,3,5,21,12,0,0,0,0,0,002200004315
20170421,20005772,Saltapor SRL,Leguizamon 1946,01557C,Pedro Cocaña,12,2.4,240,12,1.11,1.34,0,3,5,0,0,0,0,0,0,0,002200004315
20170421,20005772,Saltapor SRL,Leguizamon 1946,01555A,Pedro Cocaña,50,5,1000,50,18835.71,22791.21,0,3,5,21,12,0,0,0,0,0,002200004315
20170421,20005772,Saltapor SRL,Leguizamon 1946,01555C,Pedro Cocaña,12,1.2,240,12,1.11,1.34,0,3,5,0,0,0,0,0,0,0,002200004315
20170421,01005292,Adamant SRL,,04C00898,Isolant SI,1,0,0,1,0.16,0.16,0,0,0,0,0,0,0,0,0,0,000000010768
20170421,19002241,Carlos Isla y Cia. SA,Teodoro Plan 5055,01557A,Latyn-Valle y Cordillera,140,28,2800,140,72814,88104.94,0,0,0,0,0,0,0,0,0,0,002200004300
20170421,19002241,Carlos Isla y Cia. SA,Teodoro Plan 5055,01558BC,Latyn-Valle y Cordillera,30,6,600,30,24683.4,29866.91,0,0,0,0,0,0,0,0,0,0,002200004300
20170421,19002241,Carlos Isla y Cia. SA,Teodoro Plan 5055,01552A,Latyn-Valle y Cordillera,20,4,400,20,7870,9522.7,0,0,0,0,0,0,0,0,0,0,002200004300

