﻿FechaTxt,Codigo_Cliente,Cliente,EntDir,Codigo_Articulo,Vendedor,cantidad,Mts3,Mts2,Rollos,Importe_Bruto,Importe_Neto,Dto_Contado,Dto_Flete,Dto_Especial,Bonificacion,Desc_Adicional,cantidad_elaborada,m2_ocupados,costo_unitario,costo_total_stock,Costo_de_venta,comp,C_Construccion,nomdoc
20171115,07005943,Mar Plast SA,Av. O´Higgins 3151,01950D,Fernando Palmas,165,37.719,0,165,73062,88405.02,0,0,0,0,0,0,0,0,0,52595.4,002200008544,N,Factura de Venta
20171115,09002438,Suc De Gustavo Lagerheim SA,Ruta Nacional 11 Km.1005,01557A,Victor Casañas,45,9,900,45,26337.6,31868.5,0,0,0,32.5,12,0,0,0,0,12407.85,002200008554,N,Factura de Venta
20171115,07005677,Iron Pack SRL,Montecatini 3158,01524HC,Meier,2500,25,2500,0,32715.62,39585.9,0,5,5,0,0,0,0,0,0,28225,002200008555,S,Factura de Venta
20171115,07005677,Iron Pack SRL,Montecatini 3158,06C001PI,Meier,1,0,0,1,0.1,0.1,0,5,5,0,0,0,0,0,0,0,002200008555,S,Factura de Venta
20171115,03000023,Industrias Saladillo SA,IS.SA. Planta Pilar,01525AH,Isolant SI,380,3.8,380,0,5992.6,7251.05,0,0,0,0,0,0,0,0,0,4191.4,002200008557,N,Factura de Venta
20171115,04000007,Disapla S.A.,Mercedes 2867,01960DA,Isolant SA,3,0,0,3,7888.41,9544.97,0,0,0,32.5,0,0,0,0,0,3105.9,002200008559,N,Factura de Venta
20171115,01004209,Brifitel SRL,Pasteur 677,01524GC,Hector Collia,250,2.5,250,0,6723.68,8135.65,0,0,0,30,10,0,0,0,0,2652.5,002200008547,N,Factura de Venta
20171115,02001731,Garcia Quilmes SRL,Entre Rios 401,01650DC,Hector Collia,150,1.5,150,0,7971.6,9645.64,0,0,0,30,0,0,0,0,0,2374.5,002200008549,S,Factura de Venta
20171115,02001731,Garcia Quilmes SRL,Entre Rios 401,01772AC,Hector Collia,2,0.37888,0,2,3556.7,4303.62,0,0,0,21,0,0,0,0,0,661.54,002200008549,S,Factura de Venta
20171115,07005677,Iron Pack SRL,Montecatini 3158,01524HC,Meier,3000,30,3000,0,39258.76,47503.08,0,5,5,0,0,0,0,0,0,33870,002200008556,S,Factura de Venta
20171115,29003023,Fiol S R L,Ruta 205 Km 182 N°2144,01960DA,Hector Collia,10,0,0,10,30774.53,37237.18,0,0,0,21,0,0,0,0,0,10353,002200008566,N,Factura de Venta
20171115,29003289,Industrial Maderera Kopruch SA,Ciudadela 3450,04VARIOS,Hector Collia,-1,0,0,-1,-3055.64,-3697.32,0,0,0,0,0,0,0,0,0,0,001400008125,N,Crédito de Venta
20171115,31000124,Drap Sociedad de Responsabilidad Limitada,Victoriano Montes 2060,01555A,Mariano Martinez,25,2.5,500,25,9508.58,11505.38,0,0,0,30,12,0,0,0,0,4261.5,002200008543,N,Factura de Venta
20171115,31000124,Drap Sociedad de Responsabilidad Limitada,Victoriano Montes 2060,01552A,Mariano Martinez,10,2,200,10,5365.11,6491.79,0,0,0,30,12,0,0,0,0,2248.5,002200008543,N,Factura de Venta
20171115,31000124,Drap Sociedad de Responsabilidad Limitada,Victoriano Montes 2060,01654ON,Mariano Martinez,20,3.36,0,20,8462.36,10239.46,0,0,0,30,12,0,0,0,0,5935,002200008543,N,Factura de Venta
20171115,31000124,Drap Sociedad de Responsabilidad Limitada,Victoriano Montes 2060,01900A,Mariano Martinez,2,0.1508,0,2,5425.53,6564.89,0,0,0,30,0,0,0,0,0,2393.92,002200008543,N,Factura de Venta
20171115,31000124,Drap Sociedad de Responsabilidad Limitada,Victoriano Montes 2060,01901A,Mariano Martinez,2,0.15708,0,2,3973.96,4808.49,0,0,0,30,0,0,0,0,0,1806.02,002200008543,N,Factura de Venta
20171115,31000124,Drap Sociedad de Responsabilidad Limitada,Victoriano Montes 2060,01603AC,Mariano Martinez,10,0.5,250,10,1832.11,2216.85,0,0,0,30,12,0,0,0,0,1271.9,002200008543,N,Factura de Venta
20171115,07003238,Cooperativa de Provision de Servicios para Comerciantes,Casa Central - Ruta 9 Sur Km 689,01569BC,Meier,5,1.5,100,5,6681.73,8084.89,0,0,5,0,0,0,0,0,0,3427.8,002200008573,N,Factura de Venta
20171115,07003238,Cooperativa de Provision de Servicios para Comerciantes,Casa Central - Ruta 9 Sur Km 689,01550A,Meier,5,0.2,100,5,837.57,1013.46,0,0,5,0,0,0,0,0,0,344.75,002200008573,N,Factura de Venta
20171115,07003238,Cooperativa de Provision de Servicios para Comerciantes,Casa Central - Ruta 9 Sur Km 689,01555AR,Meier,50,5,1000,50,10397.75,12581.28,0,0,5,0,0,0,0,0,0,6901.5,002200008573,N,Factura de Venta
20171115,07003238,Cooperativa de Provision de Servicios para Comerciantes,Casa Central - Ruta 9 Sur Km 689,01555A,Meier,50,5,1000,50,17285.72,20915.73,0,0,5,0,0,0,0,0,0,8523,002200008573,N,Factura de Venta
20171115,07003238,Cooperativa de Provision de Servicios para Comerciantes,Casa Central - Ruta 9 Sur Km 689,01558ET,Meier,20,4,400,20,7347.11,8890,0,0,5,0,0,0,0,0,0,5062.2,002200008574,N,Factura de Venta
20171115,31000124,Drap Sociedad de Responsabilidad Limitada,Victoriano Montes 2060,01557A,Mariano Martinez,25,5,500,25,14520.51,17569.81,0,0,0,30,12,0,0,0,0,6893.25,002200008543,N,Factura de Venta
20171115,04004334,Fapex SA,Rio Potrero 175 (Esq. Rio de Rey) Barrio CinaCina,01550IF,Isolant SI,75,3,1500,75,3627.75,4389.58,0,0,0,0,0,0,0,0,0,2938.5,002200008563,N,Factura de Venta
20171115,04005689,Polifoam SRL,Alte. Brown 3985,01761A,Isolant SI,12,0.78036,0,12,3284.64,3974.41,0,0,0,0,0,0,0,0,0,1100.16,002200008569,N,Factura de Venta
20171115,07003238,Cooperativa de Provision de Servicios para Comerciantes,Casa Central - Ruta 9 Sur Km 689,01557A,Meier,70,14,1400,70,36955.38,44716.01,0,0,5,0,0,0,0,0,0,19301.1,002200008573,N,Factura de Venta
20171115,07003238,Cooperativa de Provision de Servicios para Comerciantes,Casa Central - Ruta 9 Sur Km 689,01555M,Meier,5,0.75,100,5,4204.94,5087.97,0,0,5,0,0,0,0,0,0,2812.3,002200008573,N,Factura de Venta
20171115,07003238,Cooperativa de Provision de Servicios para Comerciantes,Casa Central - Ruta 9 Sur Km 689,01557AR,Meier,60,12,1200,60,19190.76,23220.82,0,0,5,0,0,0,0,0,0,14460,002200008573,N,Factura de Venta
20171115,07003238,Cooperativa de Provision de Servicios para Comerciantes,Casa Central - Ruta 9 Sur Km 689,01558BC,Meier,10,2,200,10,10536.35,12748.99,0,0,5,0,0,0,0,0,0,5586,002200008573,N,Factura de Venta
20171115,04002072,Iñaqui SA,Pedro Ashkar (ex-Monteagudo) 551,01558ET,Levy,10,2,200,10,5447.76,6591.79,0,0,0,21,0,0,0,0,0,2531.1,002200008560,N,Factura de Venta
20171115,02002971,Expotap SRL,Av. Mitre 5447,01524GC,Hector Collia,750,7.5,750,0,21078.23,25504.65,0,0,0,30,10,0,0,0,0,7957.5,002200008548,N,Factura de Venta
20171115,07002155,Blussand Roberto Enrique,,04C01296,Meier,1,0,0,1,3000,3000,0,0,0,0,0,0,0,0,0,0,001300001650,,Débito de Venta
20171115,02005193,Maderera Salgueiro SA,Av. Centenario 4829,06C001CS,Ventas Buenos Aires,1,0,0,1,0.1,0.12,0,0,0,0,0,0,0,0,0,0,002200008550,S,Factura de Venta
20171115,04004334,Fapex SA,Rio Potrero 175 (Esq. Rio de Rey) Barrio CinaCina,01555ARF,Isolant SI,443,44.3,8860,443,69524.42,84124.55,0,0,0,0,0,0,0,0,0,61147.29,002200008563,N,Factura de Venta
20171115,04004334,Fapex SA,Rio Potrero 175 (Esq. Rio de Rey) Barrio CinaCina,01557ARF,Isolant SI,29,5.8,580,29,7923.67,9587.64,0,0,0,0,0,0,0,0,0,6989,002200008563,N,Factura de Venta
20171115,07003238,Cooperativa de Provision de Servicios para Comerciantes,Casa Central - Ruta 9 Sur Km 689,01557A,Meier,20,4,400,20,10558.68,12776,0,0,5,0,0,0,0,0,0,5514.6,002200008575,N,Factura de Venta
20171115,07003238,Cooperativa de Provision de Servicios para Comerciantes,Av. Pellegrini 5366,01960DC,Meier,1,0,0,1,1428.57,1728.57,0,0,5,25,0,0,0,0,0,1035.3,002200008576,N,Factura de Venta
20171115,29002554,Perkusic Hnos SRL,Rivadavia 1327,04VARIOS,Hector Collia,-1,0,0,-1,-5433.69,-6574.76,0,0,0,0,0,0,0,0,0,0,001400008126,N,Crédito de Venta
20171115,03001313,Prokrete Argentina SA,Austria Norte 2009,01903A,Esteban Bergamaschi,3,0.22797,0,3,5013.47,6066.3,0,0,0,10,0,0,0,0,0,1967.58,002200008564,N,Factura de Venta
20171115,03001313,Prokrete Argentina SA,Austria Norte 2009,01905A,Esteban Bergamaschi,15,1.0677,0,15,15107.18,18279.68,0,0,0,10,0,0,0,0,0,6077.85,002200008564,N,Factura de Venta
20171115,04005689,Polifoam SRL,Alte. Brown 3985,01666DAP,Isolant SI,100,5,100,0,19052,23052.92,0,0,0,45,0,0,0,0,0,6704,002200008572,N,Factura de Venta
20171115,09002438,Suc De Gustavo Lagerheim SA,Ruta Nacional 11 Km.1005,01557AR,Victor Casañas,50,10,1000,50,14512.55,17560.19,0,3,0,32.5,21,0,0,0,0,12050,002200008551,N,Factura de Venta
20171115,11002784,Madersa SRL,Pte. Peron y Hereñu,01557A,Disapla,40,8,800,40,27399.78,33153.73,0,0,0,21,12,0,0,0,0,11029.2,002200008568,N,Factura de Venta
20171115,04005689,Polifoam SRL,Alte. Brown 3985,01761A,Isolant SI,52,3.38156,0,52,14233.44,17222.46,0,0,0,0,0,0,0,0,0,4767.36,002200008570,N,Factura de Venta
20171115,07003238,Cooperativa de Provision de Servicios para Comerciantes,Casa Central - Ruta 9 Sur Km 689,01551A,Meier,10,1,200,10,3268.19,3954.51,0,0,5,0,0,0,0,0,0,1222.1,002200008575,N,Factura de Venta
20171115,07003238,Cooperativa de Provision de Servicios para Comerciantes,Casa Central - Ruta 9 Sur Km 689,01555A,Meier,20,2,400,20,6914.29,8366.29,0,0,5,0,0,0,0,0,0,3409.2,002200008575,N,Factura de Venta
20171115,07003238,Cooperativa de Provision de Servicios para Comerciantes,Casa Central - Ruta 9 Sur Km 689,01555M,Meier,5,0.75,100,5,4204.94,5087.97,0,0,5,0,0,0,0,0,0,2812.3,002200008575,N,Factura de Venta
20171115,04000640,Hernic SA,Sudamerica 1676,01654DQ,Esteban Bergamaschi,300,6,300,0,29547,35751.87,0,0,0,30,0,0,0,0,0,10592.4,002200008561,N,Factura de Venta
20171115,11004421,Campostrini Hnos SA,A. Palacios 202,01957M,Victor Casañas,1,0,0,1,0.09,0.1,0,0,15,0,0,0,0,0,0,0,002200008567,N,Factura de Venta
20171115,11004421,Campostrini Hnos SA,A. Palacios 202,01555EC,Victor Casañas,100,10,2000,100,26407.01,31952.48,0,0,15,21,8,0,0,0,0,16814,002200008567,N,Factura de Venta
20171115,04004334,Fapex SA,Rio Potrero 175 (Esq. Rio de Rey) Barrio CinaCina,01557ARF,Isolant SI,300,60,6000,300,81969,99182.49,0,0,0,0,0,0,0,0,0,72300,002200008546,N,Factura de Venta
20171115,09002438,Suc De Gustavo Lagerheim SA,Ruta Nacional 11 Km.1005,01558BC,Victor Casañas,40,8,800,40,38729.51,46862.71,0,3,0,32.5,0,0,0,0,0,22344,002200008551,N,Factura de Venta
20171115,09002438,Suc De Gustavo Lagerheim SA,Ruta Nacional 11 Km.1005,01555A,Victor Casañas,200,20,4000,200,71151.32,86093.09,0,3,0,32.5,12,0,0,0,0,34092,002200008551,N,Factura de Venta
20171115,09002438,Suc De Gustavo Lagerheim SA,Ruta Nacional 11 Km.1005,01555C,Victor Casañas,24,2.4,480,24,2.33,2.82,0,3,0,0,0,0,0,0,0,516.61,002200008551,N,Factura de Venta
20171115,31000124,Drap Sociedad de Responsabilidad Limitada,Victoriano Montes 2060,01555C,Mariano Martinez,3,0.3,60,3,0.3,0.36,0,0,0,0,0,0,0,0,0,64.58,002200008543,N,Factura de Venta
20171115,04000378,Morri Angel Carlos,Nazar 634,01555ECC,Hector Collia,400,2,400,20,5895.36,7133.38,0,0,0,25,8,0,0,0,0,467.34,002200008552,S,Factura de Venta
20171115,04001630,J S Rattaro SRL,Jose Marti 3461,01555ECC,Hector Collia,400,2,400,20,6749.76,8167.2,0,0,0,21,0,0,0,0,0,467.34,002200008553,S,Factura de Venta
20171115,02005193,Maderera Salgueiro SA,Av. Centenario 4829,01555MC,Ventas Buenos Aires,600,4.5,600,30,34990.68,42338.72,0,0,0,21,0,0,0,0,0,15535.97,002200008550,S,Factura de Venta
20171115,02005193,Maderera Salgueiro SA,Av. Centenario 4829,01555MA,Ventas Buenos Aires,3,0.45,60,3,0.3,0.36,0,0,0,0,0,0,0,0,0,1553.6,002200008550,S,Factura de Venta
20171115,11002784,Madersa SRL,Pte. Peron y Hereñu,01557C,Disapla,2,0.4,40,2,0.2,0.24,0,0,0,0,0,0,0,0,0,59.31,002200008568,N,Factura de Venta
20171115,31000124,Drap Sociedad de Responsabilidad Limitada,Victoriano Montes 2060,01557C,Mariano Martinez,3,0.6,60,3,0.3,0.36,0,0,0,0,0,0,0,0,0,88.96,002200008543,N,Factura de Venta
20171115,04001630,J S Rattaro SRL,Jose Marti 3461,01557ARC,Hector Collia,200,2,200,10,4433.48,5364.52,0,0,0,21,0,0,0,0,0,250.92,002200008553,S,Factura de Venta
20171115,04000378,Morri Angel Carlos,Nazar 634,01558ECC,Hector Collia,400,4,400,20,11409.84,13805.9,0,0,0,25,8,0,0,0,0,7515.65,002200008552,S,Factura de Venta
20171115,04000378,Morri Angel Carlos,Nazar 634,01558ETC,Hector Collia,1200,12,1200,60,28532.88,34524.78,0,0,0,25,8,0,0,0,0,2038.72,002200008552,S,Factura de Venta
20171115,03004883,Porosin S.A.,Av. Mitre Nro. 1338,01654QCP,Levy,100,2,100,0,11115.3,13449.51,0,0,0,21,0,0,0,0,0,772.75,002200008545,N,Factura de Venta
20171115,03004883,Porosin S.A.,Av. Mitre Nro. 1338,01666DQ,Levy,100,5,100,0,26493.44,32057.06,0,0,0,21,0,0,0,0,0,7724.09,002200008545,N,Factura de Venta
20171115,03005896,Cela Ricardo,Jose Hernández 6136,01662DA,Fernando Palmas,100,4,100,0,7781,9415.01,0,0,0,0,0,0,0,0,0,5170,002200008562,N,Factura de Venta
20171115,04005689,Polifoam SRL,Alte. Brown 3985,01652DA,Isolant SI,90,1.35,90,0,4689.14,5673.85,0,0,0,45,0,0,0,0,0,1641,002200008571,N,Factura de Venta
20171115,30004285,A P Argentina SA,Camusso 366,01507E,Fernando Palmas,2000,3,2000,0,18020,21804.2,0,0,0,0,0,0,0,0,0,9360,002200008565,N,Factura de Venta
20171115,03000773,Jonix SA,R. Wernicke 672,01654DC,Hector Collia,50,1,50,0,5557.65,6724.76,0,0,0,21,0,0,0,0,0,1348,002200008558,N,Factura de Venta
20171115,21003157,De La Vega Federico Jose,,01IN,Pedro Cocaña,-1,0,0,-1,-1305.66,-1579.85,0,0,0,0,0,0,0,0,0,,001300000436,N,Crédito de Venta
20171115,02001731,Garcia Quilmes SRL,Entre Rios 401,01654DC,Hector Collia,70,1.4,70,0,6894.3,8342.1,0,0,0,30,0,0,0,0,0,1887.2,002200008549,S,Factura de Venta
20171115,27002655,Miguel Perez Y Leopoldo Raul Sancho,,01IN,Pedro Cocaña,-1,0,0,-1,-917.98,-1110.75,0,0,0,0,0,0,0,0,0,,001300000435,N,Crédito de Venta

