﻿FechaTxt,Codigo_Cliente,Cliente,EntDir,Codigo_Articulo,Vendedor,cantidad,Mts3,Mts2,Rollos,Importe_Bruto,Importe_Neto,Dto_Contado,Dto_Flete,Dto_Especial,Bonificacion,Desc_Adicional,cantidad_elaborada,m2_ocupados,costo_unitario,costo_total_stock,Costo_de_venta,comp,C_Construccion,nomdoc
20171027,01005292,Adamant SRL,Paysandu 923 (entre Crisologo Larralde y Lucena),01508BA,Isolant SI,4320,8.64,4320,0,15724.8,19027.01,0,0,0,0,0,0,0,0,0,10843.2,002200008138,N,Factura de Venta
20171027,01005292,Adamant SRL,Paysandu 923 (entre Crisologo Larralde y Lucena),01514DA,Isolant SI,2500,12.5,2500,2500,20050,24260.5,0,0,0,0,0,0,0,0,0,12200,002200008139,N,Factura de Venta
20171027,02005177,Vidrieria Argentina S.A.,Calle Charlone y esquina calle Enz,01514D,Levy,2500,12.5,2500,2500,29450,35634.5,0,0,0,0,0,0,0,0,0,13200,002200008144,N,Factura de Venta
20171027,09002479,Elias Yapur S.A,Alvear 1160,04FLETE,Diego Fani,1,0,0,1,1662.8,2011.99,0,0,0,0,0,0,0,0,0,0,001400000142,,Débito de Venta
20171027,03003751,Indupoles Argentina SA,Parque Ind. Campana - Km70 de Panamericana - Lote 12,01500AIN,Isolant SI,55000,27.5,55000,55000,90200,109142,0,0,0,0,0,0,0,0,0,67650,002200008147,N,Factura de Venta
20171027,03003751,Indupoles Argentina SA,Parque Ind. Campana - Km70 de Panamericana - Lote 12,01500BIN,Isolant SI,2400,1.2,2400,2400,3936,4762.56,0,0,0,0,0,0,0,0,0,2760,002200008147,N,Factura de Venta
20171027,03003751,Indupoles Argentina SA,Parque Ind. Campana - Km70 de Panamericana - Lote 12,01500AIN,Isolant SI,30500,15.25,30500,30500,50020,60524.2,0,0,0,0,0,0,0,0,0,37515,002200008153,N,Factura de Venta
20171027,03003751,Indupoles Argentina SA,Parque Ind. Campana - Km70 de Panamericana - Lote 12,01500BIN,Isolant SI,30000,15,30000,30000,49200,59532,0,0,0,0,0,0,0,0,0,34500,002200008154,N,Factura de Venta
20171027,16005687,Plafal SRL,Manuel A. Saenz y Acceso Norte,01524HC,Leandro Diaz,1250,12.5,1250,0,17875,21628.76,0,0,0,0,0,0,0,0,0,13950,002200008161,S,Factura de Venta
20171027,27003323,Bercovich SACIFIA,Centro Dist. Lastenia - Km 1296 (frente a Arco),01557A,Pedro Cocaña,95,19,1900,95,29204.47,35337.41,0,3,10.9,25,12,0,0,0,0,25707.95,002200008164,N,Factura de Venta
20171027,24001793,Amiano S.A.,Av. San Martin 4349,01557A,Diego Fani,80,16,1600,80,52439.77,63452.12,0,0,0,21,12,0,0,0,0,21648.8,002200008152,N,Factura de Venta
20171027,27003323,Bercovich SACIFIA,Suc. El Amigo - Ruta 38 Km 1541,01557A,Pedro Cocaña,50,10,1000,50,15370.77,18598.64,0,3,10.9,25,12,0,0,0,0,13530.5,002200008163,N,Factura de Venta
20171027,04004434,Rodriguez Javier Alejandro,Formosa Nº2105,01950D,Ventas Buenos Aires,100,22.86,0,100,61200,74052,0,0,0,0,0,0,0,0,0,31876,002200008146,S,Factura de Venta
20171027,24003194,Coco Mario,Lamadrid 280 (esq. Ayacucho),01558BR,Diego Fani,38,7.6,760,38,50654.3,61291.71,0,0,0,25,4,0,0,0,0,23306.92,002200008149,N,Factura de Venta
20171027,24003194,Coco Mario,Lamadrid 280 (esq. Ayacucho),06X003ZZ,Diego Fani,1,0,0,1,0.08,0.09,0,0,0,25,0,0,0,0,0,0,002200008150,N,Factura de Venta
20171027,24003194,Coco Mario,Lamadrid 280 (esq. Ayacucho),01558BR,Diego Fani,40,8,800,40,53320.32,64517.59,0,0,0,25,4,0,0,0,0,24533.6,002200008150,N,Factura de Venta
20171027,05001164,Sika Argentina SAIC,Juan B. Alberdi 5250,01905A,Fernando Palmas,5,0.3559,0,5,2704.35,3272.26,0,0,0,0,0,0,0,0,0,2021.4,002200008159,N,Factura de Venta
20171027,05001164,Sika Argentina SAIC,Juan B. Alberdi 5250,01903A,Fernando Palmas,14,1.06386,0,14,12340.44,14931.93,0,0,0,0,0,0,0,0,0,9023.56,002200008160,N,Factura de Venta
20171027,01005292,Adamant SRL,Paysandu 923 (entre Crisologo Larralde y Lucena),06C001CO,Isolant SI,1,0,0,1,0,0,0,0,0,0,0,0,0,0,0,0,002200008137,N,Factura de Venta
20171027,01005292,Adamant SRL,Paysandu 923 (entre Crisologo Larralde y Lucena),01511BE,Isolant SI,1350,4.05,1350,0,15862.5,19193.63,0,0,0,0,0,0,0,0,0,6774.68,002200008137,N,Factura de Venta
20171027,24001793,Amiano S.A.,Av. San Martin 4349,06M001FE,Diego Fani,1,0,0,1,0.1,0.12,0,0,0,0,0,0,0,0,0,0,002200008152,N,Factura de Venta
20171027,24001793,Amiano S.A.,Av. San Martin 4349,06C001MA,Diego Fani,1,0,0,1,0.1,0.12,0,0,0,0,0,0,0,0,0,0,002200008152,N,Factura de Venta
20171027,01002348,Almagro Refrigeracion y Asociados SA,Mexico 3326,01761A,Hector Collia,10,0.6503,0,10,5364.73,6491.32,0,0,0,30,0,0,0,0,0,901.1,002200008157,N,Factura de Venta
20171027,26000747,Importadora Comercial Fueguina,Gdor. Deloqui 1027,06C001CS,Norberto Oppezzo,1,0,0,1,0.1,0.1,0,0,0,0,0,0,0,0,0,0,002500000037,,Factura Exterior
20171027,26000747,Importadora Comercial Fueguina,Gdor. Deloqui 1027,01765A,Norberto Oppezzo,10,0.465,0,10,3816.9,3816.9,0,0,0,0,0,0,0,0,0,595.2,002500000037,,Factura Exterior
20171027,26000747,Importadora Comercial Fueguina,Gdor. Deloqui 1027,01766A,Norberto Oppezzo,14,0.55412,0,14,4562.18,4562.18,0,0,0,0,0,0,0,0,0,674.8,002500000037,,Factura Exterior
20171027,26000747,Importadora Comercial Fueguina,Gdor. Deloqui 1027,01771A,Norberto Oppezzo,8,0.30664,0,8,2593.84,2593.84,0,0,0,0,0,0,0,0,0,318.24,002500000037,,Factura Exterior
20171027,01005292,Adamant SRL,Paysandu 923 (entre Crisologo Larralde y Lucena),01766A,Isolant SI,15,0.5937,0,15,2619.9,3170.08,0,0,0,0,0,0,0,0,0,723,002200008135,N,Factura de Venta
20171027,24003194,Coco Mario,Lamadrid 280 (esq. Ayacucho),06M001FE,Diego Fani,1,0,0,1,0.09,0.11,0,0,10,0,0,0,0,0,0,0,002200008151,N,Factura de Venta
20171027,24003194,Coco Mario,Lamadrid 280 (esq. Ayacucho),06C001TG,Diego Fani,1,0,0,1,0.09,0.11,0,0,10,0,0,0,0,0,0,0,002200008151,N,Factura de Venta
20171027,24003194,Coco Mario,Lamadrid 280 (esq. Ayacucho),01558ET,Diego Fani,150,30,3000,150,57423.17,69482.03,0,0,10,25,12,0,0,0,0,37966.5,002200008151,N,Factura de Venta
20171027,16005649,Corralon Lujan SA,A Guiñazu 643,01558ET,Leandro Diaz,30,6,600,30,16343.28,19775.37,0,0,0,21,0,0,0,0,0,7593.3,002200008155,N,Factura de Venta
20171027,16005649,Corralon Lujan SA,A Guiñazu 643,01552A,Leandro Diaz,1,0.2,20,1,688.06,832.55,0,0,0,21,0,0,0,0,0,222.12,002200008155,N,Factura de Venta
20171027,01002348,Almagro Refrigeracion y Asociados SA,Mexico 3326,01788A,Hector Collia,15,0.80115,0,15,7728,9350.88,0,0,0,30,0,0,0,0,0,1579.2,002200008157,N,Factura de Venta
20171027,03004746,Das Dach S.A.,,04C01203,Isolant SA,1,0,0,1,16500,18232.5,0,0,0,0,0,0,0,0,0,0,001400000799,N,Factura de Venta
20171027,04004333,Busnelli Esteban,Colectora Autop. Lujan Mercedes e/ Fleming y Pasteur,01SCRES,Isolant SA,190,0,0,190,467.4,565.55,0,0,0,0,0,0,0,0,0,0,001400000800,N,Factura de Venta
20171027,04004333,Busnelli Esteban,Colectora Autop. Lujan Mercedes e/ Fleming y Pasteur,01SCRES,Isolant SA,300,0,0,300,738,892.98,0,0,0,0,0,0,0,0,0,0,001400000801,N,Factura de Venta
20171027,04004333,Busnelli Esteban,Colectora Autop. Lujan Mercedes e/ Fleming y Pasteur,01SCRES,Isolant SA,460,0,0,460,1131.6,1369.24,0,0,0,0,0,0,0,0,0,0,001400000801,N,Factura de Venta
20171027,03004746,Das Dach S.A.,,04C01203,Isolant SA,1,0,0,1,16000,17680,0,0,0,0,0,0,0,0,0,0,001400000798,N,Factura de Venta
20171027,29002246,Ungaro Leonardo Roberto,,04C00291,Hector Collia,1,0,0,1,4274.5,4274.5,0,0,0,0,0,0,0,0,0,0,001300001643,,Débito de Venta
20171027,02003403,Vetra SA,Av. M. Castex 1230 (Ex Ruta 52),01559AA,Hector Collia,400,4,400,20,14142,17111.82,0,0,0,25,0,0,0,0,0,621.41,002200008142,S,Factura de Venta
20171027,24001793,Amiano S.A.,Av. San Martin 4349,01557C,Diego Fani,10,2,200,10,1,1.21,0,0,0,0,0,0,0,0,0,310.7,002200008152,N,Factura de Venta
20171027,24004644,Fachini Eduardo Jose,Amado Aufranc 750,01559AA,Meier,1000,10,1000,50,35750.98,43258.68,0,0,0,21,4,0,0,0,0,1553.51,002200008158,S,Factura de Venta
20171027,24004644,Fachini Eduardo Jose,Amado Aufranc 750,01557C,Meier,12,2.4,240,12,1.2,1.46,0,0,0,0,0,0,0,0,0,372.84,002200008158,S,Factura de Venta
20171027,04001630,J S Rattaro SRL,Jose Marti 3461,01557ARC,Hector Collia,400,4,400,20,8866.96,10729.02,0,0,0,21,0,0,0,0,0,553.13,002200008143,S,Factura de Venta
20171027,16005687,Plafal SRL,Manuel A. Saenz y Acceso Norte,01558ECC,Leandro Diaz,800,8,800,40,20372.36,24650.54,0,0,0,30,12,0,0,0,0,15621.67,002200008156,S,Factura de Venta
20171027,16005773,Metales Dibo SA,Maza Norte 3536,01558ECC,Leandro Diaz,2500,25,2500,125,57979.36,70155.02,0,0,15,25,12,0,0,0,0,48817.73,002200008162,S,Factura de Venta
20171027,02002610,Sucesion de Diaz Leonardo Jose,Avenida E. Santamarina 1038,01960FC,Hector Collia,2,0,0,2,4788.88,5794.56,0,0,0,21,0,0,0,0,0,0,002200008145,S,Factura de Venta
20171027,01005292,Adamant SRL,Paysandu 923 (entre Crisologo Larralde y Lucena),01514DB,Isolant SI,675,3.375,675,675,5258.25,6362.48,0,0,0,0,0,0,0,0,0,3361.5,002200008134,N,Factura de Venta
20171027,01005292,Adamant SRL,Paysandu 923 (entre Crisologo Larralde y Lucena),01507E,Isolant SI,3000,4.5,3000,0,20220,24466.2,0,0,0,0,0,0,0,0,0,14040,002200008136,N,Factura de Venta
20171027,01005292,Adamant SRL,Paysandu 923 (entre Crisologo Larralde y Lucena),01506CC,Isolant SI,6000,9,6000,6000,18300,22143,0,0,0,0,0,0,0,0,0,9115.29,002200008140,N,Factura de Venta
20171027,01005292,Adamant SRL,Paysandu 923 (entre Crisologo Larralde y Lucena),01514DB,Isolant SI,750,3.75,750,750,6015,7278.15,0,0,0,0,0,0,0,0,0,3735,002200008141,N,Factura de Venta
20171027,03000357,Laboratorios Valmax SA,Sub Perdomo 1619,04IIBB,Isolant SI,1,0,0,1,0,0,0,0,0,0,0,0,0,0,0,,001400000143,,Débito de Venta
20171027,03000357,Laboratorios Valmax SA,Sub Perdomo 1619,04IIBB,Isolant SI,1,0,0,1,0,0,0,0,0,0,0,0,0,0,0,,001400000144,,Débito de Venta
20171027,31005894,Pacheco Carlos,,01IN,Norberto Oppezzo,-1,0,0,-1,-2643.39,-3198.5,0,0,0,0,0,0,0,0,0,,001300000411,N,Crédito de Venta
20171027,03000357,Laboratorios Valmax SA,Sub Perdomo 1619,04IIBB,Isolant SI,1,0,0,1,0,0,0,0,0,0,0,0,0,0,0,,001400000145,,Débito de Venta
20171027,01002348,Almagro Refrigeracion y Asociados SA,Mexico 3326,01763A,Hector Collia,10,0.47124,0,10,3838.24,4644.27,0,0,0,30,0,0,0,0,0,666.4,002200008157,N,Factura de Venta
20171027,01005292,Adamant SRL,Paysandu 923 (entre Crisologo Larralde y Lucena),01763A,Isolant SI,20,0.94248,0,20,3883,4698.43,0,0,0,0,0,0,0,0,0,1332.8,002200008135,N,Factura de Venta
20171027,03000357,Laboratorios Valmax SA,Sub Perdomo 1619,04IIBB,Isolant SI,1,0,0,1,0,0,0,0,0,0,0,0,0,0,0,,001400000146,,Débito de Venta
20171027,01003694,Anacon SA,,04C00898,Hector Collia,1,0,0,1,0.01,0.01,0,0,0,0,0,0,0,0,0,,000000011265,,Débito (Ajustes)
20171027,24005795,Foam Plus SRL,Domingo Victor Cochet 496,01655J,Diego Fani,540,10.8,540,0,17547.3,21232.24,0,3,0,0,0,0,0,0,0,16116.53,002200008148,S,Factura de Venta

