﻿FechaTxt,Codigo_Cliente,Cliente,EntDir,Codigo_Articulo,Vendedor,cantidad,Mts3,Mts2,Rollos,Importe_Bruto,Importe_Neto,Dto_Contado,Dto_Flete,Dto_Especial,Bonificacion,Desc_Adicional,cantidad_elaborada,m2_ocupados,costo_unitario,costo_total_stock,Costo_de_venta,comp
20170517,24004129,Carducci SRL,Ruta 178 Nº305,01555A,Diego Fani,50,5,1000,50,20287.38,24547.73,0,0,0,25,8,0,0,0,0,0,002200004740
20170517,24004129,Carducci SRL,Ruta 178 Nº305,01555C,Diego Fani,6,0.6,120,6,0.6,0.73,0,0,0,0,0,0,0,0,0,0,002200004740
20170517,24004129,Carducci SRL,Ruta 178 Nº305,01557A,Diego Fani,25,5,500,25,15490.33,18743.3,0,0,0,25,8,0,0,0,0,0,002200004740
20170517,24004129,Carducci SRL,Ruta 178 Nº305,01557C,Diego Fani,3,0.6,60,3,0.3,0.36,0,0,0,0,0,0,0,0,0,0,002200004740
20170517,24004129,Carducci SRL,Ruta 178 Nº305,01558BC,Diego Fani,20,4,400,20,21535.8,26058.32,0,0,0,25,0,0,0,0,0,0,002200004740
20170517,03000023,Industrias Saladillo SA,IS.SA. Planta Pilar,01776B,Isolant SI,18,0.5089392,0,18,2133.18,2581.15,0,0,0,0,0,0,0,0,0,0,002200004746
20170517,05003080,Dominguez Martha Ofelia,Iturraspe 695,01557AKC,Levy,150,1.05,150,10,3227.94,3905.8,0,0,0,21,0,0,0,0,0,0,002200004749
20170517,02002202,Simmons De Argentina SAIC,,04C00898,Isolant SI,1,0,0,1,0.3,0.3,0,0,0,0,0,0,0,0,0,0,000000010820
20170517,04004334,Fapex SA,Rio Potrero 175 (Esq. Rio de Rey) Barrio CinaCina,01557ARF,Isolant SI,191,38.2,3820,191,49812.8,60273.49,0,0,0,0,0,0,0,0,0,0,002200004738
20170517,04004334,Fapex SA,Rio Potrero 175 (Esq. Rio de Rey) Barrio CinaCina,01555ARF,Isolant SI,199,19.9,3980,199,31760.4,38430.08,0,0,0,0,0,0,0,0,0,0,002200004738
20170517,03000023,Industrias Saladillo SA,IS.SA. Planta Pilar,01776B,Isolant SI,285,8.058204,0,285,33775.35,40868.17,0,0,0,0,0,0,0,0,0,0,002200004739
20170517,16005311,Manrique Margarita Rosa,Buenos Aires 555,01524GC,Leandro Diaz,250,2.5,250,0,7953.33,9623.52,0,0,0,21,0,0,0,0,0,0,002200004741
20170517,01002303,Alcantara Jorge Damaso Hector,Zarraga 3561,01551IC,Levy,1000,5,1000,50,9737.86,11782.8,0,0,0,21,4,0,0,0,0,0,002200004742
20170517,01003526,D.G.A. SRL,Suarez 2737,01771A,Esteban Bergamaschi,3,0.1149825,0,3,900.63,1089.76,0,0,0,30,0,0,0,0,0,0,002200004743
20170517,01003526,D.G.A. SRL,Suarez 2737,01765A,Esteban Bergamaschi,2,0.093,0,2,706.83,855.27,0,0,0,30,0,0,0,0,0,0,002200004743
20170517,01003526,D.G.A. SRL,Suarez 2737,01769A,Esteban Bergamaschi,2,0.066602,0,2,586.1,709.18,0,0,0,30,0,0,0,0,0,0,002200004743
20170517,01003526,D.G.A. SRL,Suarez 2737,01768A,Esteban Bergamaschi,2,0.09048,0,2,707.52,856.1,0,0,0,30,0,0,0,0,0,0,002200004743
20170517,01003526,D.G.A. SRL,Suarez 2737,01772A,Esteban Bergamaschi,1,0.18944,0,1,1459.04,1765.44,0,0,0,30,0,0,0,0,0,0,002200004743
20170517,01003526,D.G.A. SRL,Suarez 2737,01772AB,Esteban Bergamaschi,1,0.18944,0,1,1459.04,1765.44,0,0,0,30,0,0,0,0,0,0,002200004743
20170517,01003526,D.G.A. SRL,Suarez 2737,01772AC,Esteban Bergamaschi,1,0.18944,0,1,1459.04,1765.44,0,0,0,30,0,0,0,0,0,0,002200004743
20170517,01003526,D.G.A. SRL,Suarez 2737,01772AD,Esteban Bergamaschi,1,0.18944,0,1,1459.04,1765.44,0,0,0,30,0,0,0,0,0,0,002200004743
20170517,03000023,Industrias Saladillo SA,IS.SA. Planta Pilar,01776BA,Isolant SI,257,7.2665208,0,257,46460.46,56217.16,0,0,0,0,0,0,0,0,0,0,002200004744
20170517,03000023,Industrias Saladillo SA,IS.SA. Planta Pilar,01776B,Isolant SI,233,6.5879352,0,233,27612.83,33411.52,0,0,0,0,0,0,0,0,0,0,002200004747
20170517,04001831,APF Laminacion Plastica SA,Monseñor Marcón 3976 (Ex pichincha),01514DAD,Hector Collia,150,0.75,150,0,2283,2762.43,0,0,0,0,0,0,0,0,0,0,002200004748
20170517,04001831,APF Laminacion Plastica SA,Monseñor Marcón 3976 (Ex pichincha),01514DAD,Hector Collia,600,3,600,0,9132,11049.72,0,0,0,0,0,0,0,0,0,0,002200004748
20170517,01002825,Iel SRL,Palestina 631 (Ex Rawson),01902A,Levy,37,3.19236,0,37,69766.83,84417.86,0,0,10,30,0,0,0,0,0,0,002200004750
20170517,01002825,Iel SRL,Palestina 631 (Ex Rawson),01903A,Levy,18,1.36782,0,18,19142.37,23162.27,0,0,10,30,0,0,0,0,0,0,002200004750
20170517,24003284,Antoniazzi Raul Jesus,Gdor. Candioti 755 - 3044,01852AA,Diego Fani,3,1.5,75,3,5632.83,6815.72,0,0,0,25,0,0,0,0,0,0,002200004751
20170517,24003284,Antoniazzi Raul Jesus,Gdor. Candioti 755 - 3044,01524DC,Diego Fani,75,0.75,75,0,2265.19,2740.88,0,0,0,25,0,0,0,0,0,0,002200004751
20170517,31003219,Montero Miguel Angel,CORRALON DE MATERIALES - Av. nº 32 (entre 26 y 27),01558ECC,Ventas Buenos Aires,1800,18,1800,90,50229.6,60777.8,0,0,0,21,12,0,0,0,0,0,002200004745
20170517,31003219,Montero Miguel Angel,CORRALON DE MATERIALES - Av. nº 32 (entre 26 y 27),01960DA,Ventas Buenos Aires,75,0,0,75,198444.84,240118.26,0,0,0,21,0,0,0,0,0,0,002200004745
20170517,31003219,Montero Miguel Angel,CORRALON DE MATERIALES - Av. nº 32 (entre 26 y 27),01555AA,Ventas Buenos Aires,3000,15,3000,150,61316.64,74193.14,0,0,0,21,12,0,0,0,0,0,002200004745
20170517,31003219,Montero Miguel Angel,CORRALON DE MATERIALES - Av. nº 32 (entre 26 y 27),01559AA,Ventas Buenos Aires,1000,10,1000,50,31214.48,37769.52,0,0,0,21,12,0,0,0,0,0,002200004745
20170517,31003219,Montero Miguel Angel,CORRALON DE MATERIALES - Av. nº 32 (entre 26 y 27),01555C,Ventas Buenos Aires,36,3.6,720,36,3.6,4.36,0,0,0,0,0,0,0,0,0,0,002200004745
20170517,31003219,Montero Miguel Angel,CORRALON DE MATERIALES - Av. nº 32 (entre 26 y 27),01557C,Ventas Buenos Aires,12,2.4,240,12,1.2,1.46,0,0,0,0,0,0,0,0,0,0,002200004745
20170517,16003025,Fopiani Ricardo Arturo,,04C00898,Leandro Diaz,1,0,0,1,133.46,133.46,0,0,0,0,0,0,0,0,0,0,000000010819
20170517,20001306,Corralon Bermejo SRL,España Esq. Bolivia,01557C,Pedro Cocaña,6,1.2,120,6,0.58,0.7,0,3,0,0,0,0,0,0,0,0,002200004765
20170517,20001306,Corralon Bermejo SRL,España Esq. Bolivia,01557A,Pedro Cocaña,25,5,500,25,17203.24,20815.92,0,3,0,21,0,0,0,0,0,0,002200004765
20170517,17005208,Strieder Luciano,Ruta Nacional 12 y Andres Guacurari,01568B,Disapla,1404.5,14.045,1404.5,70.225,77335.98,93576.54,0,0,0,21,0,0,0,0,0,0,002200004767
20170517,17005208,Strieder Luciano,Ruta Nacional 12 y Andres Guacurari,01558BC,Disapla,20,4,400,20,22023.62,26648.58,0,0,0,21,0,0,0,0,0,0,002200004767
20170517,17005208,Strieder Luciano,Ruta Nacional 12 y Andres Guacurari,01960DA,Disapla,6,0,0,6,15875.63,19209.52,0,0,0,21,0,0,0,0,0,0,002200004767
20170517,09002438,Suc De Gustavo Lagerheim SA,Ruta Nacional 11 Km.1005,04VARIOS,Isolant SA,-1,0,0,-1,-28057.36,-33949.41,0,0,0,0,0,0,0,0,0,0,001400007751
20170517,03000023,Industrias Saladillo SA,IS.SA. Planta Pilar,01780B,Isolant SI,53,1.37535,0,53,6402.4,7746.9,0,0,0,0,0,0,0,0,0,0,002200004757
20170517,03000023,Industrias Saladillo SA,IS.SA. Planta Pilar,01777BB,Isolant SI,75,4.9762944,0,75,31668,38318.28,0,0,0,0,0,0,0,0,0,0,002200004758
20170517,27003324,Supermat S A,Av. Alte. Brown 1350,01557A,Pedro Cocaña,25,5,500,25,14372.33,17390.52,0,3,0,25,12,0,0,0,0,0,002200004762
20170517,27003324,Supermat S A,Av. Alte. Brown 1350,01557C,Pedro Cocaña,18,3.6,360,18,1.75,2.11,0,3,0,0,0,0,0,0,0,0,002200004762
20170517,27003324,Supermat S A,Av. Alte. Brown 1350,01557A,Pedro Cocaña,50,10,1000,50,28744.66,34781.04,0,3,0,25,12,0,0,0,0,0,002200004762
20170517,27003324,Supermat S A,Av. Alte. Brown 1350,01557C,Pedro Cocaña,12,2.4,240,12,1.16,1.41,0,3,0,0,0,0,0,0,0,0,002200004762
20170517,09002438,Suc De Gustavo Lagerheim SA,Ruta Nacional 11 Km.1005,04VARIOS,Isolant SA,-1,0,0,-1,-28057.36,-33949.41,0,0,0,0,0,0,0,0,0,0,001400007752
20170517,11005824,Directo Srl,Luis Noaco 123,04VARIOS,Victor Casañas,-1,0,0,-1,-11742.36,-14208.26,0,0,0,0,0,0,0,0,0,0,001400007753
20170517,19002241,Carlos Isla y Cia. SA,Teodoro Plan 5055,04VARIOS,Latyn-Valle y Cordillera,-1,0,0,-1,-50852.82,-61531.91,0,0,0,0,0,0,0,0,0,0,001400007754
20170517,08002205,Davisa SA,Av. Independencia 5440,01960F,Victor Casañas,1,0,0,1,2324.71,2812.9,0,0,0,21,0,0,0,0,0,0,002200004752
20170517,11005881,Heyde Daniel Oreste,Belgrano 153,01555AR,Victor Casañas,12,1.2,240,12,3357.82,4062.96,0,0,0,21,0,0,0,0,0,0,002200004753
20170517,11005881,Heyde Daniel Oreste,Belgrano 153,01551I,Victor Casañas,9,0.9,180,9,1825.85,2209.28,0,0,0,21,0,0,0,0,0,0,002200004753
20170517,29002369,Cambiasso Pedro Raul,Av. Mitre 315,01654DC,Hector Collia,50,1,50,0,5557.65,6724.76,0,0,0,21,0,0,0,0,0,0,002200004754
20170517,29002369,Cambiasso Pedro Raul,Av. Mitre 315,01557A,Hector Collia,2,0.4,40,2,1418.82,1716.78,0,0,0,21,0,0,0,0,0,0,002200004754
20170517,01005861,DYCASA SA,Zona Cero Rosario Santa Fe,01558BRM,Diego Fani,2189.6,21.896,2189.6,109.48,113771.62,137663.66,0,0,0,0,0,0,0,0,0,0,002200004755
20170517,01005861,DYCASA SA,Zona Cero Rosario Santa Fe,01558BRM,Diego Fani,2046.8,20.468,2046.8,102.34,106351.73,128685.59,0,0,0,0,0,0,0,0,0,0,002200004755
20170517,04004334,Fapex SA,Rio Potrero 175 (Esq. Rio de Rey) Barrio CinaCina,01557ARF,Isolant SI,56,11.2,1120,56,14604.8,17671.81,0,0,0,0,0,0,0,0,0,0,002200004756
20170517,04004334,Fapex SA,Rio Potrero 175 (Esq. Rio de Rey) Barrio CinaCina,01524AF,Isolant SI,3392,33.92,3392,0,31409.92,38006,0,0,0,0,0,0,0,0,0,0,002200004756
20170517,03000023,Industrias Saladillo SA,IS.SA. Planta Pilar,01777BB,Isolant SI,75,4.9762944,0,75,31668,38318.28,0,0,0,0,0,0,0,0,0,0,002200004759
20170517,01004664,Construccion de Estructuras SRL,,04C00898,Ventas Buenos Aires,1,0,0,1,0.02,0.02,0,0,0,0,0,0,0,0,0,0,000000010821
20170517,04001988,Valentini Eduardo Hector,Bme. Mitre 1460,01557AKC,Hector Collia,1500,10.5,1500,100,32279.4,39058.08,0,0,0,21,0,0,0,0,0,0,002200004760
20170517,04005689,Polifoam SRL,Alte. Brown 3985,01650DC,Isolant SI,125,1.25,125,0,4213.69,5098.56,0,0,0,45,0,0,0,0,0,0,002200004761
20170517,04005689,Polifoam SRL,Alte. Brown 3985,01666DAP,Isolant SI,105,5.25,105,0,18322.34,22170.03,0,0,0,45,0,0,0,0,0,0,002200004761
20170517,13004189,Tecnoshop SRL,Av Alte Brown 1340,01555EC,Pedro Cocaña,50,5,1000,50,11893.74,14391.43,0,3,15,21,12,0,0,0,0,0,002200004763
20170517,13004189,Tecnoshop SRL,Av Alte Brown 1340,01557C,Pedro Cocaña,48,9.6,960,48,3.96,4.79,0,3,15,0,0,0,0,0,0,0,002200004763
20170517,13004189,Tecnoshop SRL,Av Alte Brown 1340,01654ON,Pedro Cocaña,5,0.84,0,5,1822.75,2205.53,0,3,15,21,12,0,0,0,0,0,002200004763
20170517,13004189,Tecnoshop SRL,Av Alte Brown 1340,01655ON,Pedro Cocaña,5,0.84,0,5,2166.67,2621.67,0,3,15,21,12,0,0,0,0,0,002200004763
20170517,13004189,Tecnoshop SRL,Av Alte Brown 1340,01753B,Pedro Cocaña,5,0.1875,0,5,4298.94,5201.72,0,3,15,21,12,0,0,0,0,0,002200004763
20170517,13004184,Apaza Felipe,Av. Mosconi 270,01557C,Pedro Cocaña,12,2.4,240,12,1.1,1.34,0,3,5,0,0,0,0,0,0,0,002200004764
20170517,13004184,Apaza Felipe,Av. Mosconi 270,01559AA,Pedro Cocaña,1000,10,1000,50,28764.14,34804.62,0,3,5,21,12,0,0,0,0,0,002200004764
20170517,13004184,Apaza Felipe,Av. Mosconi 270,01558ESC,Pedro Cocaña,1800,18,1800,90,31365.08,37951.76,0,3,15,21,12,0,0,0,0,0,002200004766
20170517,09002438,Suc De Gustavo Lagerheim SA,Ruta Nacional 11 Km.1005,04VARIOS,Isolant SA,-1,0,0,-1,-28057.36,-33949.41,0,0,0,0,0,0,0,0,0,0,001400007750

