﻿FechaTxt,Codigo_Cliente,Cliente,EntDir,Codigo_Articulo,Vendedor,cantidad,Mts3,Mts2,Rollos,Importe_Bruto,Importe_Neto,Dto_Contado,Dto_Flete,Dto_Especial,Bonificacion,Desc_Adicional,cantidad_elaborada,m2_ocupados,costo_unitario,costo_total_stock,Costo_de_venta,comp,C_Construccion,nomdoc
20170911,31004474,Polyfrio S.A.,Av. Polonia 1038,01515BH,Fernando Palmas,6000,30,6000,0,68700,83127,0,0,0,0,0,0,0,0,0,44880,002200007130,N,Factura de Venta
20170911,31004474,Polyfrio S.A.,Av. Polonia 1038,01510CC,Fernando Palmas,1650,4.95,1650,1650,9405,11380.05,0,0,0,0,0,0,0,0,0,6072,002200007130,N,Factura de Venta
20170911,24005935,Construcompras Agrupacion De Colaboración,Avda. san Martin 236,01558EC,Diego Fani,70,14,1400,70,29231.84,35370.53,0,0,23.5,25,12,0,0,0,0,27979.7,002200007131,N,Factura de Venta
20170911,20004067,Hierronort Salta SRL,Av Colón 925,01557A,Pedro Cocaña,60,12,1200,60,34407.38,41632.93,0,3,5,25,12,0,0,0,0,15380.4,002200007142,N,Factura de Venta
20170911,29005669,Siplis Susana Beatriz y Siplis Elisa Liliana,Av. Luro 4902,01524GC,Ventas Buenos Aires,375,3.75,375,0,12646.91,15302.76,0,0,0,21,0,0,0,0,0,3727.5,002200007145,N,Factura de Venta
20170911,04004334,Fapex SA,Rio Potrero 175 (Esq. Rio de Rey) Barrio CinaCina,01508AF,Isolant SI,1530,3.06,1530,1530,3870.9,4683.79,0,0,0,0,0,0,0,0,0,3014.1,002200007154,N,Factura de Venta
20170911,03000023,Industrias Saladillo SA,IS.SA. Planta Pilar,01777B,Isolant SI,45,1.2015,0,45,5123.7,6199.68,0,0,0,0,0,0,0,0,0,2043,002200007158,N,Factura de Venta
20170911,03000023,Industrias Saladillo SA,IS.SA. Planta Pilar,01764AS,Isolant SI,23,1.19232,0,23,3403.08,4117.73,0,0,0,0,0,0,0,0,0,1673.71,002200007159,N,Factura de Venta
20170911,16003379,Dry Wall SA,Ituzaingo 2240,01550I,Leandro Diaz,62,2.48,1240,62,6172.99,7469.32,0,0,0,21,8,0,0,0,0,2542.62,002200007162,N,Factura de Venta
20170911,16003379,Dry Wall SA,Ituzaingo 2240,01750A,Leandro Diaz,5,0,0,5,3468.69,4197.12,0,0,0,21,0,0,0,0,0,956.75,002200007162,N,Factura de Venta
20170911,11004727,Cooperativa La Ganadera General Ramirez Agropecuaria de Cons y Prov de Serv Publicos Ltda,Rep. de Entre Rios 120,01557AR,Victor Casañas,50,10,1000,50,17554.7,21241.19,0,0,10,21,12,0,0,0,0,11292.5,002200007144,N,Factura de Venta
20170911,11004727,Cooperativa La Ganadera General Ramirez Agropecuaria de Cons y Prov de Serv Publicos Ltda,Rep. de Entre Rios 120,01555ED,Victor Casañas,30,3,600,30,11967.44,14480.61,0,0,10,21,12,0,0,0,0,8915.4,002200007144,N,Factura de Venta
20170911,99004275,Zacuto Gabriela,Av. 17 de Octubre 24,01700A,Norberto Oppezzo,10,1.2,0,10,6699.08,8105.88,0,0,0,25,0,0,0,0,0,2653.4,002200007147,N,Factura de Venta
20170911,04005689,Polifoam SRL,Alte. Brown 3985,01524GC,Isolant SI,375,3.75,375,0,9281.25,11230.31,0,0,0,0,0,0,0,0,0,3727.5,002200007150,N,Factura de Venta
20170911,04004334,Fapex SA,Rio Potrero 175 (Esq. Rio de Rey) Barrio CinaCina,01555ARF,Isolant SI,10,1,200,10,1672.5,2023.72,0,0,0,0,0,0,0,0,0,1292.8,002200007155,N,Factura de Venta
20170911,04004334,Fapex SA,Rio Potrero 175 (Esq. Rio de Rey) Barrio CinaCina,01508AF,Isolant SI,3060,6.12,3060,3060,7741.8,9367.58,0,0,0,0,0,0,0,0,0,6028.2,002200007155,N,Factura de Venta
20170911,04005688,Longarte Gabriel Martin,Garay 2551,01650DC,Fernando Palmas,500,5,500,0,18980,22965.8,0,0,0,50,0,0,0,0,0,7660,002200007149,S,Factura de Venta
20170911,24003402,Tecno Part S.A.,Bv. Segui 1357,01762B,Victor Casañas,1,0.065596608,0,1,974.7,1179.38,0,0,0,21,0,0,0,0,0,279.51,002200007151,S,Factura de Venta
20170911,24003402,Tecno Part S.A.,Bv. Segui 1357,01763C,Victor Casañas,1,0.06032,0,1,990.88,1198.96,0,0,0,21,0,0,0,0,0,239.84,002200007151,S,Factura de Venta
20170911,24003402,Tecno Part S.A.,Bv. Segui 1357,01765C,Victor Casañas,1,0.05881,0,1,988.34,1195.88,0,0,0,21,0,0,0,0,0,211.54,002200007151,S,Factura de Venta
20170911,03000023,Industrias Saladillo SA,IS.SA. Planta Pilar,01777B,Isolant SI,134,3.5778,0,134,15257.24,18461.26,0,0,0,0,0,0,0,0,0,6083.6,002200007153,N,Factura de Venta
20170911,04004334,Fapex SA,Rio Potrero 175 (Esq. Rio de Rey) Barrio CinaCina,01555ARF,Isolant SI,420,42,8400,420,70245,84996.45,0,0,0,0,0,0,0,0,0,54297.6,002200007156,N,Factura de Venta
20170911,20004067,Hierronort Salta SRL,Avda Paraguay 1450,01557A,Pedro Cocaña,75,15,1500,75,43009.22,52041.16,0,3,5,25,12,0,0,0,0,19225.5,002200007141,N,Factura de Venta
20170911,20004067,Hierronort Salta SRL,Avda Paraguay 1450,01750A,Pedro Cocaña,40,0,0,40,21848.81,26437.06,0,3,5,25,10,0,0,0,0,7654,002200007141,N,Factura de Venta
20170911,20003695,Himetal SA,Juan M. Leguizamon 1450,06C001CO,Pedro Cocaña,1,0,0,1,0.1,0.12,0,3,0,0,0,0,0,0,0,0,002200007143,S,Factura de Venta
20170911,16005736,Frimont SA,Acc Sur 4565,01650AC,Leandro Diaz,100,1,100,0,5997.68,7257.19,0,0,0,21,0,0,0,0,0,1448,002200007146,N,Factura de Venta
20170911,16005736,Frimont SA,Acc Sur 4565,01558AL,Leandro Diaz,5,1,200,5,5112.68,6186.35,0,0,0,21,0,0,0,0,0,1593.15,002200007146,N,Factura de Venta
20170911,04005688,Longarte Gabriel Martin,Garay 2551,01650DC,Fernando Palmas,500,5,500,0,18980,22965.8,0,0,0,50,0,0,0,0,0,7660,002200007149,S,Factura de Venta
20170911,03004075,Comercial CMP SA,,04C00291,Hector Collia,1,0,0,1,6730,6730,0,0,0,0,0,0,0,0,0,0,001300001612,,Débito de Venta
20170911,10002673,Moreira Juan Carlos,,04C00291,Norberto Oppezzo,1,0,0,1,1483.48,1483.48,0,0,0,0,0,0,0,0,0,0,001300001614,,Débito de Venta
20170911,20004067,Hierronort Salta SRL,Av. Corrientes y Parroco Marquez,01558BC,Pedro Cocaña,100,20,2000,100,102202.87,123665.48,0,3,5,25,0,0,0,0,0,53709,002200007139,N,Factura de Venta
20170911,20004067,Hierronort Salta SRL,Avda Paraguay 1450,01568CB,Pedro Cocaña,2,0.4,40,2,2883.08,3488.53,0,3,0,21,0,0,0,0,0,1002.76,002200007140,N,Factura de Venta
20170911,10003906,Vsi SRL,,04C00291,Norberto Oppezzo,1,0,0,1,47768,47768,0,0,0,0,0,0,0,0,0,0,001300001616,,Débito de Venta
20170911,20004067,Hierronort Salta SRL,Avda Paraguay 1450,01555A,Pedro Cocaña,25,2.5,500,25,9388.02,11359.51,0,3,5,25,12,0,0,0,0,3984.25,002200007141,N,Factura de Venta
20170911,31002668,Heit Jose Marcelo,Av. Libertad 246,01555AR,Norberto Oppezzo,100,10,2000,100,22826.68,27620.29,0,0,10,21,12,0,0,0,0,12928,002200007134,N,Factura de Venta
20170911,10004089,Plastisur SRL,Hipolito Yrigoyen 5135,01764C,Norberto Oppezzo,4,0.26388,0,4,4466.03,5403.89,0,0,0,21,0,0,0,0,0,1015.76,002200007135,N,Factura de Venta
20170911,10004089,Plastisur SRL,Hipolito Yrigoyen 5135,01767C,Norberto Oppezzo,14,0.74424,0,14,11776.69,14249.79,0,0,0,21,0,0,0,0,0,2324.56,002200007135,N,Factura de Venta
20170911,10004089,Plastisur SRL,Hipolito Yrigoyen 5135,01769D,Norberto Oppezzo,5,0.20735,0,5,3480.82,4211.79,0,0,0,21,0,0,0,0,0,600.9,002200007135,N,Factura de Venta
20170911,27003927,Echazu Andres Alberto,,04C00291,Pedro Cocaña,1,0,0,1,40000,40000,0,0,0,0,0,0,0,0,0,0,001300001613,,Débito de Venta
20170911,11003246,Gillig J. Sommerfeld A. Sommerfeld H. Sommerfeld O. SH,,04C00291,Natali Plasticos (Vta Directa),1,0,0,1,1300,1300,0,0,0,0,0,0,0,0,0,0,001300001615,,Débito de Venta
20170911,31001395,Climatec SRL,Santa Fe 345,01765A,Norberto Oppezzo,5,0.2325,0,5,1908.45,2309.22,0,0,0,30,0,0,0,0,0,325.4,002200007137,N,Factura de Venta
20170911,31001395,Climatec SRL,Santa Fe 345,01767A,Norberto Oppezzo,10,0.4241,0,10,3377.64,4086.94,0,0,0,30,0,0,0,0,0,523,002200007137,N,Factura de Venta
20170911,16004146,Ingenieros Consultores Asociados SA,Beltran 1684,01552I,Leandro Diaz,12,2.4,480,12,6345.12,7677.6,0,0,0,0,0,0,0,0,0,2283.48,002200007138,N,Factura de Venta
20170911,24005935,Construcompras Agrupacion De Colaboración,Avda. san Martin 236,01558EC,Diego Fani,30,6,600,30,12527.93,15158.8,0,0,23.5,25,12,0,0,0,0,11991.3,002200007132,N,Factura de Venta
20170911,24005935,Construcompras Agrupacion De Colaboración,Avda. san Martin 236,01558ES,Diego Fani,150,30,3000,150,48809.69,59059.73,0,0,23.5,25,12,0,0,0,0,37966.5,002200007132,N,Factura de Venta
20170911,24005935,Construcompras Agrupacion De Colaboración,Avda. san Martin 236,01555AR,Diego Fani,200,20,4000,200,36840.53,44577.05,0,0,23.5,25,12,0,0,0,0,25856,002200007132,N,Factura de Venta
20170911,04004334,Fapex SA,Rio Potrero 175 (Esq. Rio de Rey) Barrio CinaCina,01508AF,Isolant SI,1530,3.06,1530,1530,3870.9,4683.79,0,0,0,0,0,0,0,0,0,3014.1,002200007157,N,Factura de Venta
20170911,16000917,Ramon Sanchez e Hijos SRL,Av Mitre 282,01558ES,Leandro Diaz,95,19,1900,95,32056.8,38788.73,0,0,0,0,0,0,0,0,0,24045.45,002200007161,N,Factura de Venta
20170911,01000313,Montagne Outdoors SACIFIA,"Godoy Cruz 1360 - ""No enviar Semis""",01510AC,Fernando Palmas,100,0.3,100,100,777,940.17,0,0,0,0,0,0,0,0,0,368,002200007133,N,Factura de Venta
20170911,01000313,Montagne Outdoors SACIFIA,"Godoy Cruz 1360 - ""No enviar Semis""",01650DC,Fernando Palmas,200,2,200,0,6948,8407.08,0,0,0,0,0,0,0,0,0,3064,002200007133,N,Factura de Venta
20170911,07004706,Ananda SRL,Guido Spano 2532,01508D,Meier,400,0.8,400,400,2596.8,3142.13,0,0,0,40,0,0,0,0,0,1200,002200007136,N,Factura de Venta
20170911,31001395,Climatec SRL,Santa Fe 345,01762A,Norberto Oppezzo,25,1.27225,0,25,10446.62,12640.42,0,0,0,30,0,0,0,0,0,1867.75,002200007137,N,Factura de Venta
20170911,24003402,Tecno Part S.A.,Bv. Segui 1357,01551AA,Victor Casañas,400,2,400,20,8241.28,9971.94,0,0,0,21,0,0,0,0,0,1177.24,002200007151,S,Factura de Venta
20170911,20004067,Hierronort Salta SRL,Avda Paraguay 1450,01555C,Pedro Cocaña,3,0.3,60,3,0.28,0.33,0,3,5,0,0,0,0,0,0,83.45,002200007141,N,Factura de Venta
20170911,24003402,Tecno Part S.A.,Bv. Segui 1357,01555AA,Victor Casañas,800,4,800,40,19516.16,23614.56,0,0,0,21,0,0,0,0,0,1112.71,002200007151,S,Factura de Venta
20170911,24003402,Tecno Part S.A.,Bv. Segui 1357,01555C,Victor Casañas,3,0.3,60,3,0.3,0.36,0,0,0,0,0,0,0,0,0,83.45,002200007151,S,Factura de Venta
20170911,01005748,Floor Heating SA,Marchena 2074,01555ARC,Levy,1000,5,1000,50,14425.4,17454.74,0,0,0,21,0,0,0,0,0,1557.17,002200007148,S,Factura de Venta
20170911,20003695,Himetal SA,Juan M. Leguizamon 1450,01555MC,Pedro Cocaña,400,3,400,20,21722.22,26283.88,0,3,0,21,4,0,0,0,0,9823.43,002200007143,S,Factura de Venta
20170911,20003695,Himetal SA,Juan M. Leguizamon 1450,01555MA,Pedro Cocaña,2,0.3,40,2,0.2,0.24,0,3,0,0,0,0,0,0,0,982.34,002200007143,S,Factura de Venta
20170911,20004067,Hierronort Salta SRL,Av Colón 925,01557C,Pedro Cocaña,5,1,100,5,0.46,0.56,0,3,5,0,0,0,0,0,0,153.68,002200007142,N,Factura de Venta
20170911,20004067,Hierronort Salta SRL,Avda Paraguay 1450,01557C,Pedro Cocaña,9,1.8,180,9,0.83,1,0,3,5,0,0,0,0,0,0,276.63,002200007141,N,Factura de Venta
20170911,24003402,Tecno Part S.A.,Bv. Segui 1357,01559AA,Victor Casañas,1600,16,1600,80,59584.96,72097.8,0,0,0,21,0,0,0,0,0,2458.92,002200007151,S,Factura de Venta
20170911,24003402,Tecno Part S.A.,Bv. Segui 1357,01557C,Victor Casañas,9,1.8,180,9,0.9,1.08,0,0,0,0,0,0,0,0,0,276.63,002200007151,S,Factura de Venta
20170911,20003695,Himetal SA,Juan M. Leguizamon 1450,01558ALC,Pedro Cocaña,600,6,600,30,28557.86,34555,0,3,0,21,4,0,0,0,0,10084.49,002200007143,S,Factura de Venta
20170911,20003695,Himetal SA,Juan M. Leguizamon 1450,01558ALP,Pedro Cocaña,3,0.6,120,3,0.3,0.36,0,3,0,0,0,0,0,0,0,1008.45,002200007143,S,Factura de Venta
20170911,20003695,Himetal SA,Juan M. Leguizamon 1450,01568BC,Pedro Cocaña,400,4,400,20,22664.08,27423.54,0,3,0,21,0,0,0,0,0,8759.85,002200007143,S,Factura de Venta
20170911,03000023,Industrias Saladillo SA,IS.SA. Planta Pilar,01776B,Isolant SI,187,5.2873128,0,187,23270.28,28157.04,0,0,0,0,0,0,0,0,0,9652.94,002200007160,N,Factura de Venta
20170911,01000313,Montagne Outdoors SACIFIA,"Godoy Cruz 1360 - ""No enviar Semis""",01514PC,Fernando Palmas,200,1,200,0,2642,3196.82,0,0,0,0,0,0,0,0,0,1376,002200007133,N,Factura de Venta
20170911,27003927,Echazu Andres Alberto,,04C00205,Pedro Cocaña,1,0,0,1,12,12,0,0,0,0,0,0,0,0,0,,001300001613,,Débito de Venta
20170911,11003246,Gillig J. Sommerfeld A. Sommerfeld H. Sommerfeld O. SH,,04C00205,Natali Plasticos (Vta Directa),1,0,0,1,12,12,0,0,0,0,0,0,0,0,0,,001300001615,,Débito de Venta
20170911,20004395,Jose Jacobo Ahuerma y Jose Gustavo Ahuerma SRL,,04C00898,Pedro Cocaña,1,0,0,1,0.13,0.13,0,0,0,0,0,0,0,0,0,,000000011116,,Débito (Ajustes)
20170911,10002673,Moreira Juan Carlos,,04C00205,Norberto Oppezzo,1,0,0,1,12,12,0,0,0,0,0,0,0,0,0,,001300001614,,Débito de Venta
20170911,10003906,Vsi SRL,,04C00205,Norberto Oppezzo,1,0,0,1,12,12,0,0,0,0,0,0,0,0,0,,001300001616,,Débito de Venta
20170911,03000023,Industrias Saladillo SA,IS.SA. Planta Pilar,01777BA,Isolant SI,105,2.803878,0,105,17715.6,21435.88,0,0,0,0,0,0,0,0,0,10537.8,002200007152,N,Factura de Venta
20170911,04005689,Polifoam SRL,Alte. Brown 3985,01514PC,Isolant SI,250,1.25,250,0,3220,3896.2,0,0,0,0,0,0,0,0,0,1720,002200007150,N,Factura de Venta
20170911,04005689,Polifoam SRL,Alte. Brown 3985,01514PC,Isolant SI,250,1.25,250,0,3220,3896.2,0,0,0,0,0,0,0,0,0,1720,002200007150,N,Factura de Venta

