﻿FechaTxt,Codigo_Cliente,Cliente,EntDir,Codigo_Articulo,Vendedor,cantidad,Mts3,Mts2,Rollos,Importe_Bruto,Importe_Neto,Dto_Contado,Dto_Flete,Dto_Especial,Bonificacion,Desc_Adicional,cantidad_elaborada,m2_ocupados,costo_unitario,costo_total_stock,Costo_de_venta
20161215,04004740,Tarlon Juan Pablo,Av. San Martin 1550,01551IC,Hector Collia,1000,5,1000,50,10122,12247.62,0,0,0,30,0,0,0,0,0,0
20161215,16002012,Zapata Goma Sociedad Anonima,Salta 745,01652AC,Leandro Diaz,50,0.75,50,0,3655.4,4423.03,0,0,0,30,0,0,0,0,0,0
20161215,16002012,Zapata Goma Sociedad Anonima,Salta 745,01654DC,Leandro Diaz,50,1,50,0,4781,5785.01,0,0,0,30,0,0,0,0,0,0
20161215,16002012,Zapata Goma Sociedad Anonima,Salta 745,01658DC,Leandro Diaz,20,0.6,20,0,2791.46,3377.67,0,0,0,30,0,0,0,0,0,0
20161215,16002012,Zapata Goma Sociedad Anonima,Salta 745,01853A,Leandro Diaz,4,0.5,100,4,3343.42,4045.54,0,0,0,30,0,0,0,0,0,0
20161215,16002012,Zapata Goma Sociedad Anonima,Salta 745,01514PC,Leandro Diaz,100,0.5,100,0,1497,1811.37,0,0,0,40,0,0,0,0,0,0
20161215,16002012,Zapata Goma Sociedad Anonima,Salta 745,01524GC,Leandro Diaz,125,1.25,125,0,3020.25,3654.5,0,0,0,40,0,0,0,0,0,0
20161215,29003023,Fiol S R L,Ruta 205 Km 182 N°2144,01555MC,Hector Collia,600,4.5,600,30,32355.24,39149.84,0,0,0,21,0,0,0,0,0,0
20161215,29003023,Fiol S R L,Ruta 205 Km 182 N°2144,01555MA,Hector Collia,4,0.6,80,4,0.4,0.48,0,0,0,0,0,0,0,0,0,0
20161215,24005811,Levato Leonardo Daniel,Eva Peron 8520,01950F,Victor Casañas,9,2.057386716,0,9,6156,7448.76,0,0,0,0,0,0,0,0,0,0
20161215,07004383,Electro Cordoba SA,,04ANTICIPOS,Meier,1,0,0,1,5114.62,6188.69,0,0,0,0,0,0,0,0,0,0
20161215,01003814,Alfodiseño SRL,Pasaje Manco Capac 1343,01700A,Pastore Pablo,14,1.68,0,14,9408.52,11384.31,0,0,0,21,0,0,0,0,0,0
20161215,03000023,Industrias Saladillo SA,IS.SA. Planta Pilar,01777B,Isolant SI,104,2.7768,0,104,10639.2,12873.43,0,0,0,0,0,0,0,0,0,0
20161215,03000023,Industrias Saladillo SA,IS.SA. Planta Pilar,01788B,Isolant SI,50,1.178,0,50,4069,4923.49,0,0,0,0,0,0,0,0,0,0
20161215,03000023,Industrias Saladillo SA,IS.SA. Planta Pilar,01788B,Isolant SI,34,0.80104,0,34,2766.92,3347.97,0,0,0,0,0,0,0,0,0,0
20161215,03000023,Industrias Saladillo SA,IS.SA. Planta Pilar,01788B,Isolant SI,50,1.178,0,50,4069,4923.49,0,0,0,0,0,0,0,0,0,0
20161215,03000023,Industrias Saladillo SA,IS.SA. Planta Pilar,01788B,Isolant SI,50,1.178,0,50,4069,4923.49,0,0,0,0,0,0,0,0,0,0
20161215,03003751,Indupoles Argentina SA,Parque Ind. Campana - Km70 de Panamericana - Lote 12,01507BB,Isolant SI,1350,2.025,1350,0,5575.5,6746.35,0,0,0,0,0,0,0,0,0,0
20161215,03003751,Indupoles Argentina SA,Parque Ind. Campana - Km70 de Panamericana - Lote 12,01506D,Isolant SI,3000,4.5,3000,3000,8370,10127.7,0,0,0,0,0,0,0,0,0,0
20161215,03003751,Indupoles Argentina SA,Parque Ind. Campana - Km70 de Panamericana - Lote 12,01766E,Isolant SI,15,3.1668,0,15,7113.45,8607.27,0,0,0,50,0,0,0,0,0,0
20161215,28002335,TUBACERO S.A.,Coronel Raiz 949,01603A,Fernando Palmas,200,10,5000,200,21105,21105,0,0,0,0,0,0,0,0,0,0
20161215,28002335,TUBACERO S.A.,Coronel Raiz 949,01550A,Fernando Palmas,10,0.4,200,10,1515.15,1515.15,0,0,0,0,0,0,0,0,0,0
20161215,28002335,TUBACERO S.A.,Coronel Raiz 949,01551A,Fernando Palmas,20,2,400,20,5288.85,5288.85,0,0,0,0,0,0,0,0,0,0
20161215,28002335,TUBACERO S.A.,Coronel Raiz 949,01555A,Fernando Palmas,130,13,2600,130,45024.52,45024.52,0,0,0,0,0,0,0,0,0,0
20161215,28002335,TUBACERO S.A.,Coronel Raiz 949,01557A,Fernando Palmas,171,34.2,3420,171,97872.7,97872.7,0,0,0,0,0,0,0,0,0,0
20161215,28002335,TUBACERO S.A.,Coronel Raiz 949,01569BC,Fernando Palmas,10,3,200,10,12428.33,12428.33,0,0,0,0,0,0,0,0,0,0
20161215,28002335,TUBACERO S.A.,Coronel Raiz 949,01666ACP,Fernando Palmas,30,1.5,30,0,3515.4,3515.4,0,0,0,0,0,0,0,0,0,0
20161215,28002335,TUBACERO S.A.,Coronel Raiz 949,01901A,Fernando Palmas,6,0.47124,0,6,5424.3,5424.3,0,0,0,0,0,0,0,0,0,0
20161215,03000519,Fontana Eva Angelica,Av. Rolon 901,01558ES,Levy,10,2,200,10,5337.87,6458.83,0,0,0,21,0,0,0,0,0,0
20161215,01002821,Ferreteria Central SRL,Av. Monroe 3161,01555M,Hector Collia,60,9,1200,60,54029.05,65375.15,0,0,0,25,12,0,0,0,0,0
20161215,01002821,Ferreteria Central SRL,Av. Monroe 3161,01555MA,Hector Collia,8,1.2,160,8,0.8,0.97,0,0,0,0,0,0,0,0,0,0
20161215,03000023,Industrias Saladillo SA,IS.SA. Planta Pilar,01777B,Isolant SI,215,5.7405,0,215,21994.5,26613.34,0,0,0,0,0,0,0,0,0,0
20161215,01003382,San Marzano SRL,Cuenca 1817 (casi esq. San Blas),01957AA,Esteban Bergamaschi,1,0,0,1,0.1,0.12,0,0,0,0,0,0,0,0,0,0
20161215,01003382,San Marzano SRL,Cuenca 1817 (casi esq. San Blas),01603B,Esteban Bergamaschi,50,2.5,1250,50,9914.1,11996.06,0,0,0,30,0,0,0,0,0,0
20161215,01005461,Corifersa S.A,Ruta 8 6441,01558BC,Levy,5,1,100,5,5505.91,6662.15,0,0,0,21,0,0,0,0,0,0
20161215,07005677,Iron Pack SRL,Montecatini 3158,01514DC,Meier,3600,18,3600,3600,32387.4,39188.76,0,5,0,0,0,0,0,0,0,0
20161215,07005677,Iron Pack SRL,Montecatini 3158,01957AA,Meier,1,0,0,1,0.1,0.12,0,5,0,0,0,0,0,0,0,0
20161215,07005677,Iron Pack SRL,Montecatini 3158,01524DC,Meier,1500,15,1500,0,24210.76,29295,0,5,0,0,0,0,0,0,0,0
20161215,07005677,Iron Pack SRL,Montecatini 3158,01524HC,Meier,1500,15,1500,0,26562,32140.02,0,5,0,0,0,0,0,0,0,0
20161215,02001281,Maderera Llavallol SA,Camino De Cintura 490,01557A,Hector Collia,25,5,500,25,17735.3,21459.72,0,0,0,21,0,0,0,0,0,0
20161215,02001281,Maderera Llavallol SA,Camino De Cintura 490,01557C,Hector Collia,6,1.2,120,6,0.6,0.73,0,0,0,0,0,0,0,0,0,0
20161215,02001281,Maderera Llavallol SA,Camino De Cintura 490,01603B,Hector Collia,20,1,500,20,4475.51,5415.36,0,0,0,21,0,0,0,0,0,0
20161215,02002610,Sucesion de Diaz Leonardo Jose,Ernesto Santamarina 1038,01559AA,Hector Collia,480,4.8,480,24,17026.08,20601.56,0,0,0,21,0,0,0,0,0,0
20161215,02002610,Sucesion de Diaz Leonardo Jose,Ernesto Santamarina 1038,01557C,Hector Collia,6,1.2,120,6,0.6,0.72,0,0,0,0,0,0,0,0,0,0
20161215,02002610,Sucesion de Diaz Leonardo Jose,Ernesto Santamarina 1038,01960FC,Hector Collia,1,0,0,1,2324.7,2812.88,0,0,0,21,0,0,0,0,0,0
20161215,31003944,Athenea Construcciones SRL,Av Hipolito Irigoyen 13480,01765A,Ventas Buenos Aires,3,0.1395,0,3,1196.57,1447.84,0,0,0,21,0,0,0,0,0,0
20161215,31003944,Athenea Construcciones SRL,Av Hipolito Irigoyen 13480,01763A,Ventas Buenos Aires,3,0.141372,0,3,1203.25,1455.93,0,0,0,21,0,0,0,0,0,0
20161215,31003944,Athenea Construcciones SRL,Av Hipolito Irigoyen 13480,01765C,Ventas Buenos Aires,1,0.05881,0,1,915.13,1107.31,0,0,0,21,0,0,0,0,0,0
20161215,31003944,Athenea Construcciones SRL,Av Hipolito Irigoyen 13480,01603B,Ventas Buenos Aires,40,2,1000,40,8951.02,10830.73,0,0,0,21,0,0,0,0,0,0
20161215,31003944,Athenea Construcciones SRL,Av Hipolito Irigoyen 13480,01557A,Ventas Buenos Aires,12,2.4,240,12,8512.95,10300.66,0,0,0,21,0,0,0,0,0,0
20161215,31003944,Athenea Construcciones SRL,Av Hipolito Irigoyen 13480,01557C,Ventas Buenos Aires,3,0.6,60,3,0.3,0.36,0,0,0,0,0,0,0,0,0,0
20161215,03000023,Industrias Saladillo SA,IS.SA. Planta Pilar,01776B,Isolant SI,259,7.3230696,0,259,28956.2,35037,0,0,0,0,0,0,0,0,0,0
20161215,19002241,Carlos Isla y Cia. SA,Tucuman 225,01557A,Latyn-Valle y Cordillera,95,19,1900,95,49409.5,59785.49,0,0,0,0,0,0,0,0,0,0
20161215,19002241,Carlos Isla y Cia. SA,Tucuman 225,01558BC,Latyn-Valle y Cordillera,90,18,1800,90,74050.2,89600.74,0,0,0,0,0,0,0,0,0,0
20161215,24002684,Centro De Chapas Rosario SA,Bv. Oroño 4190,01557AKC,Diego Fani,405,2.835,405,27,9026.68,10922.28,0,0,0,21,12,0,0,0,0,0
20161215,24002684,Centro De Chapas Rosario SA,Bv. Oroño 4190,01558ECC,Diego Fani,800,8,800,40,25149.56,30430.96,0,0,0,21,12,0,0,0,0,0
20161215,01004026,Osito Azul Sociedad Anonima,Pavon 2632,01950F,Isolant SI,80,18.28788192,0,80,39456,47741.76,0,0,0,0,0,0,0,0,0,0
20161215,30005231,Britos Delia Cristina,,04C00898,Hector Collia,1,0,0,1,0.66,0.66,0,0,0,0,0,0,0,0,0,0
20161215,02004723,Garcia Matias Emanuel,Gral. Acha 1229,01514ACM,Hector Collia,2,0.624,0,2,1828,2211.88,0,0,0,0,0,0,0,0,0,0
20161215,02004723,Garcia Matias Emanuel,Gral. Acha 1229,01514PC,Hector Collia,50,0.25,50,0,985.53,1192.49,0,0,0,21,0,0,0,0,0,0
20161215,02004723,Garcia Matias Emanuel,Gral. Acha 1229,01524GC,Hector Collia,75,0.75,75,0,2386,2887.06,0,0,0,21,0,0,0,0,0,0
20161215,02004723,Garcia Matias Emanuel,Gral. Acha 1229,01654DC,Hector Collia,10,0.2,10,0,1079.14,1305.76,0,0,0,21,0,0,0,0,0,0
20161215,02004723,Garcia Matias Emanuel,Gral. Acha 1229,01662ACP,Hector Collia,20,0.8,20,0,4145.76,5016.37,0,0,0,21,0,0,0,0,0,0
20161215,03000480,Krasuk SRL,Av. Mitre 3261,01558EC,Esteban Bergamaschi,30,6,600,30,21432.86,25933.76,0,0,0,21,0,0,0,0,0,0
20161215,03000480,Krasuk SRL,Av. Mitre 3261,01557A,Esteban Bergamaschi,30,6,600,30,21282.36,25751.66,0,0,0,21,0,0,0,0,0,0
20161215,03000480,Krasuk SRL,Av. Mitre 3261,01557C,Esteban Bergamaschi,6,1.2,120,6,0.6,0.73,0,0,0,0,0,0,0,0,0,0
20161215,30005231,Britos Delia Cristina,Regimiento 3 de caballeria 667,01853A,Hector Collia,10,1.25,250,10,9433.23,11414.21,0,0,0,21,0,0,0,0,0,0
20161215,30005231,Britos Delia Cristina,Regimiento 3 de caballeria 667,01854A,Hector Collia,7,1.75,175,7,9559.77,11567.32,0,0,0,21,0,0,0,0,0,0
20161215,07003935,Cordoba Goma SACI,La Rioja 302,01658DC,Meier,10,0.3,10,0,1495.43,1809.46,0,0,0,25,0,0,0,0,0,0
20161215,07003929,Daniel Hernandez e hijos SRL,Ruta A005 y Castelli 0,01764C,Meier,5,0.32985,0,5,4580.13,5541.96,0,0,0,30,0,0,0,0,0,0

