﻿FechaTxt,Codigo_Cliente,Cliente,EntDir,Codigo_Articulo,Vendedor,cantidad,Mts3,Mts2,Rollos,Importe_Bruto,Importe_Neto,Dto_Contado,Dto_Flete,Dto_Especial,Bonificacion,Desc_Adicional,cantidad_elaborada,m2_ocupados,costo_unitario,costo_total_stock,Costo_de_venta,comp,C_Construccion,nomdoc
20171201,27001902,Josefa M. de Rodriguez SA,España y Buenos Aires,01960DC,Pedro Cocaña,18,0,0,18,26465.12,32022.8,0,3,0,21,0,0,0,0,0,18635.4,002200008901,S,Factura de Venta
20171201,03000023,Industrias Saladillo SA,IS.SA. Planta Pilar,01780BA,Isolant SI,65,1.68675,0,65,14604.85,17671.87,0,0,0,0,0,0,0,0,0,8637.2,002200008908,N,Factura de Venta
20171201,03000023,Industrias Saladillo SA,IS.SA. Planta Pilar,01780BA,Isolant SI,63,1.63485,0,63,14155.47,17128.12,0,0,0,0,0,0,0,0,0,8371.44,002200008912,N,Factura de Venta
20171201,03000023,Industrias Saladillo SA,IS.SA. Planta Pilar,01780BA,Isolant SI,1,0.02595,0,1,218.15,263.96,0,0,0,0,0,0,0,0,0,132.88,002200008914,N,Factura de Venta
20171201,03000023,Industrias Saladillo SA,IS.SA. Planta Pilar,01781BA,Isolant SI,113,4.4296,0,113,19687.99,23822.47,0,0,0,0,0,0,0,0,0,12979.18,002200008916,N,Factura de Venta
20171201,28002335,TUBACERO S.A.,Coronel Raiz 949,01550A,Fernando Palmas,10,0.4,200,10,1667.15,1667.15,0,0,0,0,0,0,0,0,0,689.5,001500000692,,Factura Exterior
20171201,04004334,Fapex SA,Rio Potrero 175 (Esq. Rio de Rey) Barrio CinaCina,01555ASF,Isolant SI,200,20,4000,200,50400,60984,0,0,0,0,0,0,0,0,0,27082,002200008897,N,Factura de Venta
20171201,19002241,Carlos Isla y Cia. SA,Suc. Gral Roca: San Juan 198,01557A,Latyn-Valle y Cordillera,100,20,2000,100,52010,62932.1,0,0,0,0,0,0,0,0,0,27573,002200008898,N,Factura de Venta
20171201,03003751,Indupoles Argentina SA,Parque Ind. Campana - Km70 de Panamericana - Lote 12,01500AIN,Isolant SI,500,0.25,500,500,820,992.2,0,0,0,0,0,0,0,0,0,625,002200008899,N,Factura de Venta
20171201,24005935,Construcompras Agrupacion De Colaboración,H. Irigoyen y Florencio Varela,01557AR,Diego Fani,30,6,600,30,9868.94,11941.42,0,0,15,25,12,0,0,0,0,7230,002200008929,N,Factura de Venta
20171201,19002241,Carlos Isla y Cia. SA,Suc. Gral Roca: San Juan 198,01557A,Latyn-Valle y Cordillera,113,22.6,2260,113,58771.3,71113.27,0,0,0,0,0,0,0,0,0,31157.49,002200008931,N,Factura de Venta
20171201,24002684,Centro De Chapas Rosario SA,Bv. Oroño 4190,01568CB,Diego Fani,30,6,600,30,33366.9,40373.94,0,0,4,30,12,0,0,0,0,16591.8,002200008935,N,Factura de Venta
20171201,04004334,Fapex SA,Rio Potrero 175 (Esq. Rio de Rey) Barrio CinaCina,01555ARF,Isolant SI,94,9.4,1880,94,14752.36,17850.36,0,0,0,0,0,0,0,0,0,12974.82,002200008895,N,Factura de Venta
20171201,04004334,Fapex SA,Rio Potrero 175 (Esq. Rio de Rey) Barrio CinaCina,01557ARF,Isolant SI,13,2.6,260,13,3551.99,4297.91,0,0,0,0,0,0,0,0,0,3133,002200008895,N,Factura de Venta
20171201,04004334,Fapex SA,Rio Potrero 175 (Esq. Rio de Rey) Barrio CinaCina,01558A,Isolant SI,150,30,3000,150,65991,79849.11,0,0,0,0,0,0,0,0,0,38874,002200008896,N,Factura de Venta
20171201,07000012,Natali Plasticos SRL,Alvear 1475,01557A,Isolant SA,50,10,1000,50,27163.72,32868.1,0,3,0,32.5,12,0,0,0,0,13786.5,002200008933,N,Factura de Venta
20171201,24003921,Bevilacqua Oscar Emilio,Santa Fe 1699,01960F,Diego Fani,24,0,0,24,52210.34,63174.52,0,0,4,21,12,0,0,0,0,26012.4,002200008922,N,Factura de Venta
20171201,24003921,Bevilacqua Oscar Emilio,Santa Fe 1699,06M009CC,Diego Fani,8,0,0,8,0.77,0.93,0,0,4,0,0,0,0,0,0,0,002200008922,N,Factura de Venta
20171201,07003238,Cooperativa de Provision de Servicios para Comerciantes,Bvd. España 931,01555AR,Meier,20,2,400,20,4346.25,5258.96,0,0,5,0,0,0,0,0,0,2760.6,002200008925,N,Factura de Venta
20171201,07003238,Cooperativa de Provision de Servicios para Comerciantes,Bvd. España 931,01558ET,Meier,20,4,400,20,8215.03,9940.19,0,0,5,0,0,0,0,0,0,5062.2,002200008925,N,Factura de Venta
20171201,24005935,Construcompras Agrupacion De Colaboración,H. Irigoyen y Florencio Varela,01558ET,Diego Fani,30,6,600,30,12128.03,14674.92,0,0,15,25,12,0,0,0,0,7593.3,002200008929,N,Factura de Venta
20171201,24005935,Construcompras Agrupacion De Colaboración,Pje. Marconi 38,01555AR,Diego Fani,30,3,600,30,6416.44,7763.89,0,0,15,25,12,0,0,0,0,4140.9,002200008920,N,Factura de Venta
20171201,20004718,Molina Oscar,Av Independencia 1150,01557A,Pedro Cocaña,85,17,1700,85,56477.79,68338.13,0,3,0,21,12,0,0,0,0,23437.05,002200008943,N,Factura de Venta
20171201,01003382,San Marzano SRL,Cuenca 1817 (casi esq. San Blas),06C001PI,Esteban Bergamaschi,1,0,0,1,0.1,0.12,0,0,0,0,0,0,0,0,0,0,002200008928,N,Factura de Venta
20171201,01003382,San Marzano SRL,Cuenca 1817 (casi esq. San Blas),01603AC,Esteban Bergamaschi,50,2.5,1250,50,10878,13162.38,0,0,0,30,0,0,0,0,0,6359.5,002200008928,N,Factura de Venta
20171201,04004740,Tarlon Juan Pablo,Av. San Martin 1550,01666ACP,Hector Collia,100,5,100,0,23475.2,28405,0,0,0,30,0,0,0,0,0,5753,002200008930,S,Factura de Venta
20171201,07000012,Natali Plasticos SRL,Alvear 1475,01558BC,Isolant SA,30,6,600,30,30354.34,36728.75,0,3,0,32.5,0,0,0,0,0,16758,002200008932,N,Factura de Venta
20171201,28000201,CASARINO S.R.L.,"Eusebio Ayala 4165 Km 4,5",01558EC,Fernando Palmas,50,10,1000,50,32927,32927,0,0,0,0,0,0,0,0,0,21323.5,001500000694,,Factura Exterior
20171201,28000201,CASARINO S.R.L.,"Eusebio Ayala 4165 Km 4,5",01554BC,Fernando Palmas,30,3,600,30,25371.12,25371.12,0,0,0,0,0,0,0,0,0,12436.8,001500000694,,Factura Exterior
20171201,28000201,CASARINO S.R.L.,"Eusebio Ayala 4165 Km 4,5",01569BC,Fernando Palmas,15,4.5,300,15,18648.81,18648.81,0,0,0,0,0,0,0,0,0,10283.4,001500000694,,Factura Exterior
20171201,28000201,CASARINO S.R.L.,"Eusebio Ayala 4165 Km 4,5",01851A,Fernando Palmas,40,10,1000,40,26542.63,26542.63,0,0,0,0,0,0,0,0,0,14000.4,001500000694,,Factura Exterior
20171201,28000201,CASARINO S.R.L.,"Eusebio Ayala 4165 Km 4,5",01957C,Fernando Palmas,100,0,0,100,31194,31194,0,0,0,0,0,0,0,0,0,0,001500000694,,Factura Exterior
20171201,24005935,Construcompras Agrupacion De Colaboración,Pje. Marconi 38,01557AR,Diego Fani,10,2,200,10,3289.65,3980.47,0,0,15,25,12,0,0,0,0,2410,002200008920,N,Factura de Venta
20171201,03000023,Industrias Saladillo SA,IS.SA. Planta Pilar,01781BA,Isolant SI,2,0.0784,0,2,348.46,421.64,0,0,0,0,0,0,0,0,0,229.72,002200008915,N,Factura de Venta
20171201,28004412,INSULEX S.A.C.,"Av. Los Forestales, Mz. F Lote 5, Almacén B-2, Villa El Salvador",01558BI,Isolant SI,200,65.76,6576,200,128242,128242,0,0,0,0,0,0,0,0,0,111720,001500000693,,Factura Exterior
20171201,28000201,CASARINO S.R.L.,"Eusebio Ayala 4165 Km 4,5",01550A,Fernando Palmas,200,8,4000,200,33342.92,33342.92,0,0,0,0,0,0,0,0,0,13790,001500000694,,Factura Exterior
20171201,28000201,CASARINO S.R.L.,"Eusebio Ayala 4165 Km 4,5",01551I,Fernando Palmas,80,8,1600,80,16914.08,16914.08,0,0,0,0,0,0,0,0,0,6572.8,001500000694,,Factura Exterior
20171201,28000201,CASARINO S.R.L.,"Eusebio Ayala 4165 Km 4,5",01557AR,Fernando Palmas,50,10,1000,50,16688.79,16688.79,0,0,0,0,0,0,0,0,0,12050,001500000694,,Factura Exterior
20171201,28000201,CASARINO S.R.L.,"Eusebio Ayala 4165 Km 4,5",01555ED,Fernando Palmas,100,10,2000,100,48524,48524,0,0,0,0,0,0,0,0,0,32359,001500000694,,Factura Exterior
20171201,20001733,Binda Victorio Ricardo,Belgrano 242,01552A,Pedro Cocaña,10,2,200,10,6674.17,8075.74,0,3,0,21,0,0,0,0,0,2248.5,002200008941,N,Factura de Venta
20171201,20004718,Molina Oscar,Av Independencia 1150,01655ON,Pedro Cocaña,3,0.504,0,3,4218.83,5104.79,0,3,0,21,12,0,0,0,0,1059.84,002200008942,N,Factura de Venta
20171201,20004718,Molina Oscar,Av Independencia 1150,01753A,Pedro Cocaña,3,0.1125,0,3,2397.78,2901.31,0,3,0,21,12,0,0,0,0,1484.31,002200008942,N,Factura de Venta
20171201,20004718,Molina Oscar,Av Independencia 1150,01753B,Pedro Cocaña,3,0.1575,0,3,3361.37,4067.26,0,3,0,21,12,0,0,0,0,2164.71,002200008942,N,Factura de Venta
20171201,20004718,Molina Oscar,Av Independencia 1150,01960F,Pedro Cocaña,6,0,0,6,13188.55,15958.15,0,3,0,21,12,0,0,0,0,6503.1,002200008942,N,Factura de Venta
20171201,20004718,Molina Oscar,Av Independencia 1150,06M009CC,Pedro Cocaña,2,0,0,2,0.19,0.23,0,3,0,0,0,0,0,0,0,0,002200008942,N,Factura de Venta
20171201,01005292,Adamant SRL,Paysandu 923 (entre Crisologo Larralde y Lucena),01662ACP,Isolant SI,220,8.8,220,0,18558.54,22455.83,0,0,0,30,0,0,0,0,0,10520.4,002200008927,N,Factura de Venta
20171201,01005292,Adamant SRL,Paysandu 923 (entre Crisologo Larralde y Lucena),01652AC,Isolant SI,500,7.5,500,0,16142,19531.82,0,0,0,30,0,0,0,0,0,9985,002200008927,N,Factura de Venta
20171201,01005292,Adamant SRL,Paysandu 923 (entre Crisologo Larralde y Lucena),01912B,Isolant SI,30,6.3,0,30,37823.7,45766.68,0,0,0,0,0,0,0,0,0,10065.3,002200008927,N,Factura de Venta
20171201,20001733,Binda Victorio Ricardo,Belgrano 242,01524DC,Pedro Cocaña,2500,25,2500,0,73605.03,89062.09,0,3,0,21,10,0,0,0,0,25850,002200008941,N,Factura de Venta
20171201,20001733,Binda Victorio Ricardo,Belgrano 242,01901A,Pedro Cocaña,2,0.15708,0,2,4130.08,4997.39,0,3,0,25,0,0,0,0,0,1806.02,002200008941,N,Factura de Venta
20171201,20001733,Binda Victorio Ricardo,Belgrano 242,01903A,Pedro Cocaña,2,0.15198,0,2,2701.7,3269.06,0,3,0,25,0,0,0,0,0,1311.72,002200008941,N,Factura de Venta
20171201,03000023,Industrias Saladillo SA,IS.SA. Planta Pilar,01764AS,Isolant SI,29,1.50336,0,29,4483.98,5425.62,0,0,0,0,0,0,0,0,0,1927.92,002200008910,N,Factura de Venta
20171201,05001164,Sika Argentina SAIC,Juan B. Alberdi 5250,01905A,Fernando Palmas,28,1.99304,0,28,16658.88,20157.24,0,0,0,0,0,0,0,0,0,11345.32,002200008926,N,Factura de Venta
20171201,05001164,Sika Argentina SAIC,Juan B. Alberdi 5250,01901A,Fernando Palmas,15,1.1781,0,15,19941.15,24128.79,0,0,0,0,0,0,0,0,0,13545.15,002200008926,N,Factura de Venta
20171201,01005292,Adamant SRL,Paysandu 923 (entre Crisologo Larralde y Lucena),01504BC,Isolant SI,4800,4.8,4800,0,11232,13590.72,0,0,0,0,0,0,0,0,0,7680,002200008927,N,Factura de Venta
20171201,01005292,Adamant SRL,Paysandu 923 (entre Crisologo Larralde y Lucena),01514D,Isolant SI,360,1.8,360,360,2887.2,3493.51,0,0,0,0,0,0,0,0,0,1929.6,002200008927,N,Factura de Venta
20171201,01005292,Adamant SRL,Paysandu 923 (entre Crisologo Larralde y Lucena),01552I,Isolant SI,20,4,800,20,5400,6534,0,0,0,0,0,0,0,0,0,4036.6,002200008927,N,Factura de Venta
20171201,24003494,Insumos y Masivos SRL,Cochabamba 455,01900A,Victor Casañas,2,0.1508,0,2,6394.38,7737.2,0,0,0,25,0,0,0,0,0,2393.92,002200008924,N,Factura de Venta
20171201,22003435,Sidermet San Luis SA,Ruta 3 Km 1 Extremo Sur,01557A,Leandro Diaz,100,20,2000,100,68499.45,82884.33,0,0,0,21,12,0,0,0,0,27573,002200008940,N,Factura de Venta
20171201,22003435,Sidermet San Luis SA,Ruta 3 Km 1 Extremo Sur,01558BC,Leandro Diaz,30,6,600,30,35159.58,42543.09,0,0,0,21,4,0,0,0,0,16758,002200008940,N,Factura de Venta
20171201,03000023,Industrias Saladillo SA,IS.SA. Planta Pilar,01760AS,Isolant SI,10,0.6283,0,10,1825.8,2209.22,0,0,0,0,0,0,0,0,0,993.6,002200008910,N,Factura de Venta
20171201,03000023,Industrias Saladillo SA,IS.SA. Planta Pilar,01761AS,Isolant SI,12,0.78036,0,12,17317.5,20954.17,0,0,0,0,0,0,0,0,0,1100.16,002200008910,N,Factura de Venta
20171201,03000023,Industrias Saladillo SA,IS.SA. Planta Pilar,01762AS,Isolant SI,24,1.22136,0,24,3804.72,4603.71,0,0,0,0,0,0,0,0,0,1849.44,002200008910,N,Factura de Venta
20171201,07000012,Natali Plasticos SRL,Alvear 1475,01558EC,Isolant SA,60,12,1200,60,23961.92,28993.92,0,3,0,0,12,0,0,0,0,25588.2,002200008934,N,Factura de Venta
20171201,24002752,Rusma SRL,Av. Eva Perón 8730,06X002PI,Diego Fani,1,0,0,1,0.1,0.12,0,0,0,0,0,0,0,0,0,0,002200008938,S,Factura de Venta
20171201,22003435,Sidermet San Luis SA,Ruta 3 Km 1 Extremo Sur,01555A,Leandro Diaz,35,3.5,700,35,15699.49,18996.39,0,0,0,21,12,0,0,0,0,5966.1,002200008939,N,Factura de Venta
20171201,22003435,Sidermet San Luis SA,Ruta 3 Km 1 Extremo Sur,01557A,Leandro Diaz,45,9,900,45,30824.75,37297.95,0,0,0,21,12,0,0,0,0,12407.85,002200008939,N,Factura de Venta
20171201,27001898,Distribuidora Lamadrid SA,Ejercito del Norte 395,01555AR,Pedro Cocaña,30,3,600,30,7380.63,8930.56,0,3,0,21,12,0,0,0,0,4140.9,002200008905,N,Factura de Venta
20171201,30005117,Grandes Depositos Del Oeste S.A,Av. Alsina 158,01557A,Disapla,10,2,200,10,7784.03,9418.67,0,0,0,21,0,0,0,0,0,2757.3,002200008923,N,Factura de Venta
20171201,28002335,TUBACERO S.A.,Coronel Raiz 949,01551I,Fernando Palmas,100,10,2000,100,15250.4,15250.4,0,0,0,0,0,0,0,0,0,8216,001500000692,,Factura Exterior
20171201,24005935,Construcompras Agrupacion De Colaboración,Ruta Nacional 33 Km 744,01558ET,Diego Fani,30,6,600,30,12128.03,14674.92,0,0,15,25,12,0,0,0,0,7593.3,002200008921,N,Factura de Venta
20171201,24005935,Construcompras Agrupacion De Colaboración,Ruta Nacional 33 Km 744,01558EC,Diego Fani,30,6,600,30,14894.38,18022.2,0,0,15,25,12,0,0,0,0,12794.1,002200008921,N,Factura de Venta
20171201,07000012,Natali Plasticos SRL,Alvear 1475,01753A,Isolant SA,10,0.375,0,10,6829.12,8263.23,0,3,0,32.5,12,0,0,0,0,4947.7,002200008934,N,Factura de Venta
20171201,07000012,Natali Plasticos SRL,Alvear 1475,01551I,Isolant SA,50,5,1000,50,6235.97,7545.53,0,3,0,0,12,0,0,0,0,4108,002200008934,N,Factura de Venta
20171201,07000012,Natali Plasticos SRL,Alvear 1475,01555AR,Isolant SA,50,5,1000,50,8602.15,10408.61,0,3,0,0,12,0,0,0,0,6901.5,002200008934,N,Factura de Venta
20171201,28002335,TUBACERO S.A.,Coronel Raiz 949,01555A,Fernando Palmas,140,14,2800,140,53352.14,53352.14,0,0,0,0,0,0,0,0,0,23864.4,001500000692,,Factura Exterior
20171201,28002335,TUBACERO S.A.,Coronel Raiz 949,01557A,Fernando Palmas,60,12,1200,60,37786.33,37786.33,0,0,0,0,0,0,0,0,0,16543.8,001500000692,,Factura Exterior
20171201,28002335,TUBACERO S.A.,Coronel Raiz 949,01558BC,Fernando Palmas,42,8.4,840,42,47223.56,47223.56,0,0,0,0,0,0,0,0,0,23461.2,001500000692,,Factura Exterior
20171201,28002335,TUBACERO S.A.,Coronel Raiz 949,01554BR,Fernando Palmas,7,0.84,140,7,7373.22,7373.22,0,0,0,0,0,0,0,0,0,3493.84,001500000692,,Factura Exterior
20171201,28002335,TUBACERO S.A.,Coronel Raiz 949,01558EC,Fernando Palmas,75,15,1500,75,38472.6,38472.6,0,0,0,0,0,0,0,0,0,31985.25,001500000692,,Factura Exterior
20171201,28002335,TUBACERO S.A.,Coronel Raiz 949,01555AR,Fernando Palmas,20,2,400,20,5337.64,5337.64,0,0,0,0,0,0,0,0,0,2760.6,001500000692,,Factura Exterior
20171201,22003435,Sidermet San Luis SA,Ruta 3 Km 1 Extremo Sur,01555C,Leandro Diaz,4,0.4,80,4,0.4,0.48,0,0,0,0,0,0,0,0,0,86.1,002200008939,N,Factura de Venta
20171201,27001542,Rosso Hnos. SA,Suc.07 - A. DEL VALLE 44,01555AA,Pedro Cocaña,1000,5,1000,50,20652.86,24989.96,0,3,0,25,12,0,0,0,0,1076.28,002200008903,S,Factura de Venta
20171201,27001542,Rosso Hnos. SA,Suc.07 - A. DEL VALLE 44,01555C,Pedro Cocaña,6,0.6,120,6,0.58,0.7,0,3,0,0,0,0,0,0,0,129.15,002200008903,S,Factura de Venta
20171201,27002466,Lopez Roberto Adrian,Lamadrid Nº 462,01555ARC,Pedro Cocaña,700,3.5,700,35,9825.32,11888.64,0,3,0,21,4,0,0,0,0,720.93,002200008902,S,Factura de Venta
20171201,24002752,Rusma SRL,Av. Eva Perón 8730,01555MC,Diego Fani,1000,7.5,1000,50,50912.4,61604,0,0,0,25,12,0,0,0,0,25893.29,002200008938,S,Factura de Venta
20171201,24002752,Rusma SRL,Av. Eva Perón 8730,01555MA,Diego Fani,5,0.75,100,5,0.5,0.6,0,0,0,0,0,0,0,0,0,2589.33,002200008938,S,Factura de Venta
20171201,24002752,Rusma SRL,Av. Eva Perón 8730,01559AA,Diego Fani,500,5,500,25,16255.8,19669.52,0,0,0,25,12,0,0,0,0,741.32,002200008938,S,Factura de Venta
20171201,24002752,Rusma SRL,Av. Eva Perón 8730,01557C,Diego Fani,3,0.6,60,3,0.3,0.36,0,0,0,0,0,0,0,0,0,88.96,002200008938,S,Factura de Venta
20171201,22003435,Sidermet San Luis SA,Ruta 3 Km 1 Extremo Sur,01557C,Leandro Diaz,7,1.4,140,7,0.7,0.85,0,0,0,0,0,0,0,0,0,207.57,002200008939,N,Factura de Venta
20171201,27001542,Rosso Hnos. SA,Suc.05 - Silvano Bores 56,01559AA,Pedro Cocaña,300,3,300,15,9460.88,11447.66,0,3,0,25,12,0,0,0,0,444.79,002200008904,S,Factura de Venta
20171201,27001542,Rosso Hnos. SA,Suc.05 - Silvano Bores 56,01557C,Pedro Cocaña,3,0.6,60,3,0.3,0.36,0,3,0,0,0,0,0,0,0,88.96,002200008904,S,Factura de Venta
20171201,27001542,Rosso Hnos. SA,Suc. 09- Ruta 301 (ex38) Km 1541,01559AA,Pedro Cocaña,800,8,800,40,25229,30527.1,0,3,0,25,12,0,0,0,0,1186.12,002200008906,S,Factura de Venta
20171201,27001542,Rosso Hnos. SA,Suc. 09- Ruta 301 (ex38) Km 1541,01557C,Pedro Cocaña,4,0.8,80,4,0.38,0.46,0,3,0,0,0,0,0,0,0,118.61,002200008906,S,Factura de Venta
20171201,22003435,Sidermet San Luis SA,Ruta 3 Km 1 Extremo Sur,01557C,Leandro Diaz,12,2.4,240,12,1.2,1.45,0,0,0,0,0,0,0,0,0,355.84,002200008940,N,Factura de Venta
20171201,20004718,Molina Oscar,Av Independencia 1150,01557C,Pedro Cocaña,6,1.2,120,6,0.58,0.7,0,3,0,0,0,0,0,0,0,177.92,002200008943,N,Factura de Venta
20171201,07000012,Natali Plasticos SRL,Alvear 1475,01557C,Isolant SA,3,0.6,60,3,0.29,0.35,0,3,0,0,0,0,0,0,0,88.96,002200008933,N,Factura de Venta
20171201,27001542,Rosso Hnos. SA,Suc.07 - A. DEL VALLE 44,01559AA,Pedro Cocaña,1000,10,1000,50,31536.26,38158.86,0,3,0,25,12,0,0,0,0,1482.65,002200008903,S,Factura de Venta
20171201,27001542,Rosso Hnos. SA,Suc.07 - A. DEL VALLE 44,01557C,Pedro Cocaña,6,1.2,120,6,0.58,0.7,0,3,0,0,0,0,0,0,0,177.92,002200008903,S,Factura de Venta
20171201,27003853,Arroyo Jose Cayetano,Marcelo T. de Alvear 676,01557ARC,Pedro Cocaña,200,2,200,10,4300.48,5203.58,0,3,0,21,0,0,0,0,0,250.92,002200008900,S,Factura de Venta
20171201,27002466,Lopez Roberto Adrian,Lamadrid Nº 462,01557ARC,Pedro Cocaña,300,3,300,15,6470.76,7829.62,0,3,0,21,4,0,0,0,0,376.38,002200008902,S,Factura de Venta
20171201,24002684,Centro De Chapas Rosario SA,Bv. Oroño 4190,01557ARC,Diego Fani,4000,40,4000,200,65794.08,79610.84,0,0,15,25,12,0,0,0,0,5018.47,002200008936,S,Factura de Venta
20171201,27001542,Rosso Hnos. SA,Suc.07 - A. DEL VALLE 44,01568BC,Pedro Cocaña,40,0.4,40,2,2248.26,2720.4,0,3,0,25,0,0,0,0,0,1051.21,002200008903,S,Factura de Venta
20171201,16005773,Metales Dibo SA,Maza Norte 3536,01558ECC,Leandro Diaz,2800,28,2800,140,77880.26,94235.12,0,0,15,25,12,0,0,0,0,52609.55,002200008913,S,Factura de Venta
20171201,27003853,Arroyo Jose Cayetano,Marcelo T. de Alvear 676,01558ETC,Pedro Cocaña,240,2.4,240,12,6337.6,7668.5,0,3,0,21,0,0,0,0,0,407.74,002200008900,S,Factura de Venta
20171201,24002752,Rusma SRL,Av. Eva Perón 8730,01558ETC,Diego Fani,400,4,400,20,9097.44,11007.9,0,0,0,25,12,0,0,0,0,679.57,002200008937,S,Factura de Venta
20171201,24002752,Rusma SRL,Av. Eva Perón 8730,01558ETC,Diego Fani,400,4,400,20,9509.28,11506.22,0,0,0,25,12,0,0,0,0,679.57,002200008938,S,Factura de Venta
20171201,16005649,Corralon Lujan SA,A Guiñazu 643,01960FA,Leandro Diaz,1,0,0,1,0.1,0.12,0,0,0,0,0,0,0,0,0,0,002200008907,N,Factura de Venta
20171201,20004718,Molina Oscar,Av Independencia 1150,01960FA,Pedro Cocaña,1,0,0,1,0.1,0.12,0,3,0,0,0,0,0,0,0,0,002200008942,N,Factura de Venta
20171201,24003921,Bevilacqua Oscar Emilio,Santa Fe 1699,01960FA,Diego Fani,4,0,0,4,0.38,0.46,0,0,4,0,0,0,0,0,0,0,002200008922,N,Factura de Venta
20171201,03000023,Industrias Saladillo SA,IS.SA. Planta Pilar,01776B,Isolant SI,45,1.272348,0,45,5599.8,6775.76,0,0,0,0,0,0,0,0,0,3113.55,002200008908,N,Factura de Venta
20171201,03000023,Industrias Saladillo SA,IS.SA. Planta Pilar,01779B,Isolant SI,15,0.4849065,0,15,2248.5,2720.68,0,0,0,0,0,0,0,0,0,1191.6,002200008908,N,Factura de Venta
20171201,03000023,Industrias Saladillo SA,IS.SA. Planta Pilar,01776B,Isolant SI,69,1.9509336,0,69,8586.36,10389.5,0,0,0,0,0,0,0,0,0,4774.11,002200008912,N,Factura de Venta
20171201,07005677,Iron Pack SRL,,01IN,Meier,-1,0,0,-1,-1231.91,-1490.61,0,0,0,0,0,0,0,0,0,,001300000471,N,Crédito de Venta
20171201,24003402,Tecno Part S.A.,,04C00677,Victor Casañas,-1,0,0,-1,-16.26,-16.26,0,0,0,0,0,0,0,0,0,,000000011370,,Crédito (Ajustes)
20171201,03000023,Industrias Saladillo SA,IS.SA. Planta Pilar,01776BB,Isolant SI,16,1.17621504,0,16,8946.4,10825.14,0,0,0,0,0,0,0,0,0,5108.96,002200008909,N,Factura de Venta
20171201,03000023,Industrias Saladillo SA,IS.SA. Planta Pilar,01778B,Isolant SI,20,0.49009,0,20,2353.8,2848.1,0,0,0,0,0,0,0,0,0,1298.8,002200008919,N,Factura de Venta
20171201,02003885,Isomad SA,,04C00898,Ventas Buenos Aires,1,0,0,1,1.79,1.79,0,0,0,0,0,0,0,0,0,,000000011371,,Débito (Ajustes)
20171201,24002684,Centro De Chapas Rosario SA,,04C00898,Diego Fani,-1,0,0,-1,-0.25,-0.25,0,0,0,0,0,0,0,0,0,,000000011373,,Crédito (Ajustes)
20171201,01005292,Adamant SRL,Paysandu 923 (entre Crisologo Larralde y Lucena),01514DB,Isolant SI,675,3.375,675,675,5413.5,6550.34,0,0,0,0,0,0,0,0,0,3395.25,002200008927,N,Factura de Venta
20171201,01005292,Adamant SRL,Paysandu 923 (entre Crisologo Larralde y Lucena),01508DB,Isolant SI,1900,3.8,1900,0,6916,8368.36,0,0,0,0,0,0,0,0,0,5909,002200008927,N,Factura de Venta
20171201,01005292,Adamant SRL,Paysandu 923 (entre Crisologo Larralde y Lucena),01507E,Isolant SI,6000,9,6000,0,44640,54014.4,0,0,0,0,0,0,0,0,0,28080,002200008927,N,Factura de Venta
20171201,16005773,Metales Dibo SA,,04C00898,Leandro Diaz,1,0,0,1,0.77,0.77,0,0,0,0,0,0,0,0,0,,000000011372,,Débito (Ajustes)
20171201,03000023,Industrias Saladillo SA,IS.SA. Planta Pilar,01777BA,Isolant SI,18,0.4806648,0,18,3268.8,3955.25,0,0,0,0,0,0,0,0,0,2153.16,002200008917,N,Factura de Venta
20171201,03000023,Industrias Saladillo SA,IS.SA. Planta Pilar,01778BA,Isolant SI,20,0.49009,0,20,3691.8,4467.08,0,0,0,0,0,0,0,0,0,2189,002200008918,N,Factura de Venta

