﻿Vendedor,Nom_Ven,Dias
03,Inactivos,707
55,Fernando Palmas,70
21,Latyn-Valle y Cordillera,2967482
53,Norberto Oppezzo,48
16,Pedro Cocaña,73
056,Diego Fani,66
25,Leandro Diaz,43
06,Pastore Pablo,102
04,Levy,27
05,Ventas Buenos Aires,53
22,Ind Saladillo Chaco,3598
26,Isolant SI,60
30,Disapla,105
11,NN (Ex MDT),42
01,Isolant SA,34
059,Mariano Martinez,160
24,Meier,47
17,Esteban Bergamaschi,61
23,Hector Collia,64
15,Natali Plasticos (Vta Directa),64
057,Victor Casañas,68

