﻿FechaTxt,Codigo_Cliente,Cliente,EntDir,Codigo_Articulo,Vendedor,cantidad,Mts3,Mts2,Rollos,Importe_Bruto,Importe_Neto,Dto_Contado,Dto_Flete,Dto_Especial,Bonificacion,Desc_Adicional,cantidad_elaborada,m2_ocupados,costo_unitario,costo_total_stock,Costo_de_venta,comp,C_Construccion,nomdoc
20171003,26005764,Aliaga Armando Daniel,Rivadavia 1124,01765A,Norberto Oppezzo,8,0.372,0,8,3053.51,3053.51,0,0,0,30,0,0,0,0,0,451.28,002500000034,,Factura Exterior
20171003,26005764,Aliaga Armando Daniel,Rivadavia 1124,01767A,Norberto Oppezzo,4,0.16964,0,4,1351.06,1351.06,0,0,0,30,0,0,0,0,0,209.48,002500000034,,Factura Exterior
20171003,26005764,Aliaga Armando Daniel,Rivadavia 1124,01765C,Norberto Oppezzo,4,0.23524,0,4,3502.97,3502.97,0,0,0,30,0,0,0,0,0,816.24,002500000034,,Factura Exterior
20171003,26005764,Aliaga Armando Daniel,Rivadavia 1124,01767C,Norberto Oppezzo,4,0.21264,0,4,2981.44,2981.44,0,0,0,30,0,0,0,0,0,668.8,002500000034,,Factura Exterior
20171003,30000891,Jose Luis Gonzalez SA,Coronel Zuarez 460/64,06C001CO,Esteban Bergamaschi,1,0,0,1,0.1,0.12,0,0,0,0,0,0,0,0,0,0,002200007638,N,Factura de Venta
20171003,30000891,Jose Luis Gonzalez SA,Coronel Zuarez 460/64,01960DA,Esteban Bergamaschi,10,0,0,10,29449.3,35633.66,0,0,0,21,0,0,0,0,0,10850,002200007638,N,Factura de Venta
20171003,31003515,Confort Clima SRL,Garibaldi 640,01766A,Esteban Bergamaschi,30,1.1874,0,30,10702.07,12949.5,0,0,3,21,0,0,0,0,0,1413.9,002200007637,N,Factura de Venta
20171003,16003379,Dry Wall SA,Ituzaingo 2240,06C001CO,Leandro Diaz,1,0,0,1,0.1,0.12,0,0,0,0,0,0,0,0,0,0,002200007646,N,Factura de Venta
20171003,16003379,Dry Wall SA,Ituzaingo 2240,06C001PI,Leandro Diaz,1,0,0,1,0.1,0.12,0,0,0,0,0,0,0,0,0,0,002200007646,N,Factura de Venta
20171003,16003379,Dry Wall SA,Ituzaingo 2240,01603A,Leandro Diaz,70,3.5,1750,70,12035.74,14563.24,0,0,0,21,8,0,0,0,0,3661.7,002200007646,N,Factura de Venta
20171003,16003379,Dry Wall SA,Ituzaingo 2240,01603AC,Leandro Diaz,30,1.5,750,30,6484.95,7846.78,0,0,0,21,8,0,0,0,0,3682.8,002200007646,N,Factura de Venta
20171003,16005687,Plafal SRL,Manuel A. Saenz y Acceso Norte,06C001CO,Leandro Diaz,1,0,0,1,0.1,0.12,0,0,0,0,0,0,0,0,0,0,002200007650,S,Factura de Venta
20171003,29002554,Perkusic Hnos SRL,Rivadavia 1327,01960DA ,Hector Collia,30,0,0,30,80519.62,97428.74,0,0,4,25,0,0,0,0,0,32550,002200007630,S,Factura de Venta
20171003,29002554,Perkusic Hnos SRL,Rivadavia 1327,01960DA,Hector Collia,50,0,0,50,139791,169147.1,0,0,0,25,0,0,0,0,0,54250,002200007631,S,Factura de Venta
20171003,03000023,Industrias Saladillo SA,IS.SA. Planta Pilar,01780BA,Isolant SI,43,1.11585,0,43,9380.45,11350.34,0,0,0,0,0,0,0,0,0,4954.03,002200007634,N,Factura de Venta
20171003,07005106,Espa SA,,01554BC,Meier,-2,-0.2,-40,-2,-1157.65,-1400.75,0,5,0,30,0,0,0,0,0,789.16,001400008065,N,Crédito de Venta
20171003,31003515,Confort Clima SRL,Garibaldi 640,01765A,Esteban Bergamaschi,20,0.93,0,20,8356.81,10111.74,0,0,3,21,0,0,0,0,0,1128.2,002200007637,N,Factura de Venta
20171003,24002021,Masino Hnos. SRL,Juan Jose Paso 3441,01555A,Meier,50,5,1000,50,23413.32,28330.12,0,0,0,21,4,0,0,0,0,7935.5,002200007639,N,Factura de Venta
20171003,01002854,Merito SA I.C. Y F.,Calle 109 (Los Eucaliptus) 6620,01700A,Hector Collia,24,2.88,0,24,15599.76,18875.71,0,0,0,0,0,0,0,0,0,6396.24,002200007640,N,Factura de Venta
20171003,03000741,Maderera Newton Sociedad Anonima,Acceso Norte 3085 (ramal Campana) y Haití- Frente la Ford,01960F,Esteban Bergamaschi,15,0,0,15,35091.34,42460.52,0,0,0,25,0,0,0,0,0,15939,002200007641,N,Factura de Venta
20171003,29003400,Belforti Hugo Osmar,Urquiza 115,06C001CO,Disapla,1,0,0,1,0.1,0.12,0,0,0,0,0,0,0,0,0,0,002200007643,N,Factura de Venta
20171003,29003400,Belforti Hugo Osmar,Urquiza 115,01557A,Disapla,25,5,500,25,18622.08,22532.71,0,0,0,21,0,0,0,0,0,6479,002200007643,N,Factura de Venta
20171003,07005106,Espa SA,,01554BC,Meier,-15,-1.5,-300,-15,-8268.88,-10005.34,0,5,0,30,0,0,0,0,0,5918.7,001400008064,N,Crédito de Venta
20171003,16005814,Lecon SRL En Formacion,Ruta nacional 7 km 1002,01550AA,Leandro Diaz,200,0.4,200,10,2026.44,2452,0,0,0,21,4,0,0,0,0,309.81,002200007647,S,Factura de Venta
20171003,16005687,Plafal SRL,Manuel A. Saenz y Acceso Norte,01552IC,Leandro Diaz,1200,12,1200,60,17781.12,21515.16,0,0,0,30,20,0,0,0,0,4988.56,002200007650,S,Factura de Venta
20171003,24002021,Masino Hnos. SRL,Juan Jose Paso 3441,01555C,Meier,12,1.2,240,12,1.2,1.45,0,0,0,0,0,0,0,0,0,286.3,002200007639,N,Factura de Venta
20171003,16005687,Plafal SRL,Manuel A. Saenz y Acceso Norte,01555ARC,Leandro Diaz,400,2,400,20,4090.24,4949.2,0,0,0,30,20,0,0,0,0,441.58,002200007650,S,Factura de Venta
20171003,03002400,Cutini Marcelo Enrique,Jose Ingenieros 1762,01555ARC,Levy,200,1,200,10,2885.08,3490.94,0,0,0,21,0,0,0,0,0,220.79,002200007642,S,Factura de Venta
20171003,16005687,Plafal SRL,Manuel A. Saenz y Acceso Norte,01555ARC,Leandro Diaz,400,2,400,20,4090.24,4949.2,0,0,0,30,20,0,0,0,0,441.58,002200007648,S,Factura de Venta
20171003,16005814,Lecon SRL En Formacion,Ruta nacional 7 km 1002,01555MC,Leandro Diaz,200,1.5,200,10,11197.02,13548.4,0,0,0,21,4,0,0,0,0,4973.39,002200007647,S,Factura de Venta
20171003,16005814,Lecon SRL En Formacion,Ruta nacional 7 km 1002,01555MA,Leandro Diaz,1,0.15,20,1,0.1,0.12,0,0,0,0,0,0,0,0,0,497.34,002200007647,S,Factura de Venta
20171003,29003400,Belforti Hugo Osmar,Urquiza 115,01557C,Disapla,6,1.2,120,6,0.6,0.73,0,0,0,0,0,0,0,0,0,191.81,002200007643,N,Factura de Venta
20171003,29003156,J Nardelli y Cia SRL,Moreno 1180 y Pte Peron,01559AA,Hector Collia,500,5,500,25,18620.3,22530.56,0,0,0,21,0,0,0,0,0,799.2,002200007644,S,Factura de Venta
20171003,29003156,J Nardelli y Cia SRL,Moreno 1180 y Pte Peron,01557C,Hector Collia,6,1.2,120,6,0.6,0.72,0,0,0,0,0,0,0,0,0,191.81,002200007644,S,Factura de Venta
20171003,29003156,J Nardelli y Cia SRL,Moreno 1180 y Pte Peron,01559AA,Hector Collia,500,5,500,25,18620.3,22530.56,0,0,0,21,0,0,0,0,0,799.2,002200007645,S,Factura de Venta
20171003,29003156,J Nardelli y Cia SRL,Moreno 1180 y Pte Peron,01557C,Hector Collia,6,1.2,120,6,0.6,0.72,0,0,0,0,0,0,0,0,0,191.81,002200007645,S,Factura de Venta
20171003,29002554,Perkusic Hnos SRL,Rivadavia 1327,01559AA,Hector Collia,3000,30,3000,150,93337.2,112938.02,0,0,0,25,12,0,0,0,0,4795.21,002200007631,S,Factura de Venta
20171003,29002554,Perkusic Hnos SRL,Rivadavia 1327,01557C,Hector Collia,36,7.2,720,36,3.6,4.36,0,0,0,0,0,0,0,0,0,1150.85,002200007631,S,Factura de Venta
20171003,03002400,Cutini Marcelo Enrique,Jose Ingenieros 1762,01557ARC,Levy,200,2,200,10,4433.48,5364.52,0,0,0,21,0,0,0,0,0,282.63,002200007642,S,Factura de Venta
20171003,16005814,Lecon SRL En Formacion,Ruta nacional 7 km 1002,01557ARC,Leandro Diaz,700,7,700,35,14896.5,18024.76,0,0,0,21,4,0,0,0,0,989.19,002200007647,S,Factura de Venta
20171003,29002554,Perkusic Hnos SRL,Rivadavia 1327,01568BC,Hector Collia,400,4,400,20,22182,26840.22,0,0,0,25,0,0,0,0,0,10013.96,002200007631,S,Factura de Venta
20171003,29002554,Perkusic Hnos SRL,Rivadavia 1327,01558ECC,Hector Collia,600,6,600,30,16370.64,19808.48,0,0,0,25,12,0,0,0,0,11533.98,002200007631,S,Factura de Venta
20171003,26005764,Aliaga Armando Daniel,Rivadavia 1124,01764A,Norberto Oppezzo,2,0.1036728,0,2,843.37,843.37,0,0,0,30,0,0,0,0,0,136.78,002500000034,,Factura Exterior
20171003,03000023,Industrias Saladillo SA,IS.SA. Planta Pilar,01776B,Isolant SI,210,5.937624,0,210,26132.4,31620.2,0,0,0,0,0,0,0,0,0,10943.1,002200007635,N,Factura de Venta
20171003,03000023,Industrias Saladillo SA,IS.SA. Planta Pilar,01778B,Isolant SI,45,1.1027025,0,45,5296.05,6408.22,0,0,0,0,0,0,0,0,0,2135.7,002200007635,N,Factura de Venta
20171003,03000023,Industrias Saladillo SA,IS.SA. Planta Pilar,01778BB,Isolant SI,79,4.4673552,0,79,28533.22,34525.2,0,0,0,0,0,0,0,0,0,15245.42,002200007632,N,Factura de Venta
20171003,03000023,Industrias Saladillo SA,IS.SA. Planta Pilar,01777BA,Isolant SI,233,6.2219388,0,233,39311.76,47567.23,0,0,0,0,0,0,0,0,0,24264.62,002200007633,N,Factura de Venta
20171003,01001217,Diamore SA,Av. Cobo 1516/18,01790A,Luis Ramirez,2,0.07916832,0,2,1434.99,1736.33,0,0,0,21,0,0,0,0,0,268.28,002200007636,N,Factura de Venta
20171003,31003515,Confort Clima SRL,Garibaldi 640,01763A,Esteban Bergamaschi,20,0.94248,0,20,8403.55,10168.3,0,0,3,21,0,0,0,0,0,1322.2,002200007637,N,Factura de Venta
20171003,04005905,Kaletra SRL,Francia 741,01654D,Victor Casañas,500,10,500,0,17610.35,21308.52,0,3,0,0,0,0,0,0,0,12915,002200007649,N,Factura de Venta

