﻿FechaTxt,Codigo_Cliente,Cliente,EntDir,Codigo_Articulo,Vendedor,cantidad,Mts3,Mts2,Rollos,Importe_Bruto,Importe_Neto,Dto_Contado,Dto_Flete,Dto_Especial,Bonificacion,Desc_Adicional,cantidad_elaborada,m2_ocupados,costo_unitario,costo_total_stock,Costo_de_venta,comp,C_Construccion,nomdoc
20170803,01005857,Empiro Sociedad Anonima,Bemberg y Calle 146,01558EC,Ventas Buenos Aires,12,2.4,240,12,6698.95,8105.73,0,0,0,21,12,0,0,0,0,4617.8,002200006388,N,Factura de Venta
20170803,02002202,Simmons De Argentina SAIC,Heredia 626,01907A,Isolant SI,40,7.54,0,40,34006.4,41147.74,0,0,0,0,0,0,0,0,0,6779.44,002200006389,N,Factura de Venta
20170803,02002202,Simmons De Argentina SAIC,Heredia 626,01514D,Isolant SI,400,2,400,400,4700,5687,0,0,0,0,0,0,0,0,0,2391.26,002200006389,N,Factura de Venta
20170803,02002202,Simmons De Argentina SAIC,Heredia 626,01524D,Isolant SI,200,2,200,0,5476,6625.96,0,0,0,0,0,0,0,0,0,1246.37,002200006389,N,Factura de Venta
20170803,01005292,Adamant SRL,Paysandu 923 (entre Crisologo Larralde y Lucena),01500D,Isolant SI,8550,4.275,8550,0,13081.5,15828.61,0,0,0,0,0,0,0,0,0,12492.18,002200006390,N,Factura de Venta
20170803,03000023,Industrias Saladillo SA,IS.SA. Planta Pilar,01510D,Isolant SI,4080,12.24,4080,4080,19257.6,23301.7,0,0,0,0,0,0,0,0,0,24004.53,002200006392,N,Factura de Venta
20170803,03004731,Ferrara SA,Av. del Libertador 124,01558ES,Levy,20,4,400,20,10182.78,12321.17,0,0,0,21,0,0,0,0,0,578.21,002200006406,N,Factura de Venta
20170803,01002018,Zanet SA,Erezcano 3021/35,01504BCC,Fernando Palmas,11520,11.52,11520,0,49996.8,60496.13,0,0,0,0,0,0,0,0,0,15054.82,002200006407,N,Factura de Venta
20170803,19002241,Carlos Isla y Cia. SA,Suc. Neuquen: Teodoro Plan 5055,01558BC,Latyn-Valle y Cordillera,20,4,400,20,16949.2,20508.53,0,0,0,0,0,0,0,0,0,8275.78,002200006391,N,Factura de Venta
20170803,03000023,Industrias Saladillo SA,IS.SA. Planta Pilar,01780BB,Isolant SI,20,0.95,0,20,6094.8,7374.71,0,0,0,0,0,0,0,0,0,4764.33,002200006400,N,Factura de Venta
20170803,04005688,Longarte Gabriel Martin,Garay 2551,01650DC,Fernando Palmas,400,4,400,0,15184,18372.64,0,0,0,50,0,0,0,0,0,6129.81,002200006403,S,Factura de Venta
20170803,04005688,Longarte Gabriel Martin,Garay 2551,01662ACP,Fernando Palmas,40,1.6,40,0,5405.2,6540.3,0,0,0,50,0,0,0,0,0,2550.45,002200006403,S,Factura de Venta
20170803,04004334,Fapex SA,Rio Potrero 175 (Esq. Rio de Rey) Barrio CinaCina,01557ARF,Isolant SI,21,4.2,420,21,6046.11,7315.79,0,0,0,0,0,0,0,0,0,765.91,002200006405,N,Factura de Venta
20170803,04004334,Fapex SA,Rio Potrero 175 (Esq. Rio de Rey) Barrio CinaCina,01555ARF,Isolant SI,572,57.2,11440,572,95667,115757.07,0,0,0,0,0,0,0,0,0,14107.32,002200006405,N,Factura de Venta
20170803,09002438,Suc De Gustavo Lagerheim SA,Ruta Nacional 11 Km.1005,01557AR,Victor Casañas,45,9,900,45,12680.96,15343.96,0,3,0,32.5,21,0,0,0,0,1238.01,002200006394,N,Factura de Venta
20170803,24002195,Prado Hector Roque,Prbo. Daniel Segundo 931,01957M,Diego Fani,1,0,0,1,0.1,0.1,0,0,10,0,0,0,0,0,0,0,002200006397,S,Factura de Venta
20170803,24002195,Prado Hector Roque,Prbo. Daniel Segundo 931,06C001MA,Diego Fani,1,0,0,1,0.1,0.12,0,0,0,0,0,0,0,0,0,0,002200006398,S,Factura de Venta
20170803,24002195,Prado Hector Roque,Prbo. Daniel Segundo 931,06C001CS,Diego Fani,1,0,0,1,0.1,0.12,0,0,0,0,0,0,0,0,0,0,002200006398,S,Factura de Venta
20170803,19002241,Carlos Isla y Cia. SA,Suc. Neuquen: Teodoro Plan 5055,01557A,Latyn-Valle y Cordillera,100,20,2000,100,52010,62932.1,0,0,0,0,0,0,0,0,0,2877.07,002200006391,N,Factura de Venta
20170803,19002241,Carlos Isla y Cia. SA,Suc. Neuquen: Teodoro Plan 5055,01552A,Latyn-Valle y Cordillera,10,2,200,10,4131.8,4999.48,0,0,0,0,0,0,0,0,0,354.31,002200006391,N,Factura de Venta
20170803,24003194,Coco Mario,Lamadrid 280 (esq. Ayacucho),01558ES,Diego Fani,80,16,1600,80,28583.98,34586.61,0,0,10,30,12,0,0,0,0,2312.85,002200006396,N,Factura de Venta
20170803,24004680,Montarfe S R L,Hipólito Irigoyen 890,06C001CO,Diego Fani,1,0,0,1,0.1,0.12,0,0,0,0,0,0,0,0,0,0,002200006408,N,Factura de Venta
20170803,24004680,Montarfe S R L,Hipólito Irigoyen 890,01555A,Diego Fani,75,7.5,1500,75,32193.32,38953.92,0,0,0,21,12,0,0,0,0,1928.07,002200006408,N,Factura de Venta
20170803,24004680,Montarfe S R L,Hipólito Irigoyen 890,01557A,Diego Fani,75,15,1500,75,49162.28,59486.36,0,0,0,21,12,0,0,0,0,2157.8,002200006408,N,Factura de Venta
20170803,03003751,Indupoles Argentina SA,Parque Ind. Campana - Km70 de Panamericana - Lote 12,01500AIN,Isolant SI,19000,9.5,19000,19000,28880,34944.8,0,0,0,0,0,0,0,0,0,22607.04,002200006387,N,Factura de Venta
20170803,03003751,Indupoles Argentina SA,Parque Ind. Campana - Km70 de Panamericana - Lote 12,01500BIN,Isolant SI,41400,20.7,41400,41400,62928,76142.88,0,0,0,0,0,0,0,0,0,38729.72,002200006387,N,Factura de Venta
20170803,03000023,Industrias Saladillo SA,IS.SA. Planta Pilar,01507AS,Isolant SI,1800,2.7,1800,0,15750,19057.5,0,0,0,0,0,0,0,0,0,20729.5,002200006392,N,Factura de Venta
20170803,09002438,Suc De Gustavo Lagerheim SA,Ruta Nacional 11 Km.1005,01557A,Victor Casañas,190,38,3800,190,103222.13,124898.78,0,3,0,32.5,12,0,0,0,0,5466.43,002200006395,N,Factura de Venta
20170803,03000023,Industrias Saladillo SA,IS.SA. Planta Pilar,01777B,Isolant SI,70,1.869,0,70,7590.8,9184.87,0,0,0,0,0,0,0,0,0,2896.35,002200006402,N,Factura de Venta
20170803,03003751,Indupoles Argentina SA,Parque Ind. Campana - Km70 de Panamericana - Lote 12,01514DA,Isolant SI,2000,10,2000,2000,15000,18150,0,0,0,0,0,0,0,0,0,2281.47,002200006409,N,Factura de Venta
20170803,24003194,Coco Mario,Lamadrid 280 (esq. Ayacucho),01558EC,Diego Fani,100,20,2000,100,45853.87,55483.18,0,0,10,30,12,0,0,0,0,38481.64,002200006396,N,Factura de Venta
20170803,24003194,Coco Mario,Lamadrid 280 (esq. Ayacucho),01557AR,Diego Fani,80,16,1600,80,24887.68,30114.09,0,0,10,30,12,0,0,0,0,2200.91,002200006396,N,Factura de Venta
20170803,24004680,Montarfe S R L,Hipólito Irigoyen 890,01555C,Diego Fani,9,0.9,180,9,0.9,1.09,0,0,0,0,0,0,0,0,0,231.37,002200006408,N,Factura de Venta
20170803,24004680,Montarfe S R L,Hipólito Irigoyen 890,01557C,Diego Fani,9,1.8,180,9,0.9,1.09,0,0,0,0,0,0,0,0,0,258.94,002200006408,N,Factura de Venta
20170803,24002195,Prado Hector Roque,Prbo. Daniel Segundo 931,01558ESC,Diego Fani,800,8,800,40,16051.2,19421.96,0,0,0,25,12,0,0,0,0,1156.42,002200006398,S,Factura de Venta
20170803,24002195,Prado Hector Roque,Prbo. Daniel Segundo 931,01655ONC,Diego Fani,4,0.056,4,0.333333333333333,1796.26,2173.46,0,0,10,25,12,0,0,0,0,136.8,002200006397,S,Factura de Venta
20170803,03000023,Industrias Saladillo SA,IS.SA. Planta Pilar,01777BA,Isolant SI,80,2.136288,0,80,12855.2,15554.79,0,0,0,0,0,0,0,0,0,5534.78,002200006393,N,Factura de Venta
20170803,03000023,Industrias Saladillo SA,IS.SA. Planta Pilar,01777BA,Isolant SI,80,2.136288,0,80,12855.2,15554.79,0,0,0,0,0,0,0,0,0,5534.78,002200006401,N,Factura de Venta
20170803,03000023,Industrias Saladillo SA,IS.SA. Planta Pilar,01778BA,Isolant SI,54,1.323243,0,54,9216.72,11152.23,0,0,0,0,0,0,0,0,0,4357.34,002200006401,N,Factura de Venta
20170803,04001988,Valentini Eduardo Hector,,04C00898,Hector Collia,1,0,0,1,1.07,1.07,0,0,0,0,0,0,0,0,0,,000000011012,,Débito (Ajustes)
20170803,03000023,Industrias Saladillo SA,IS.SA. Planta Pilar,01777BB,Isolant SI,50,3.3175296,0,50,22167.5,26822.67,0,0,0,0,0,0,0,0,0,9356.23,002200006399,N,Factura de Venta
20170803,07001322,DGH SRL,,04C00898,Meier,1,0,0,1,0.02,0.02,0,0,0,0,0,0,0,0,0,,000000011011,,Débito (Ajustes)
20170803,04005688,Longarte Gabriel Martin,Garay 2551,01658D,Fernando Palmas,350,10.5,350,0,35938,43484.98,0,0,0,50,0,0,0,0,0,14109.44,002200006403,S,Factura de Venta
20170803,03000440,Aquatic SRL,Dr. Luis Pasteur 2564,01514DB,Esteban Bergamaschi,1125,5.625,1125,1125,12532.5,15164.32,0,0,0,0,0,0,0,0,0,2390.63,002200006404,N,Factura de Venta

