﻿FechaTxt,Codigo_Cliente,Cliente,EntDir,Codigo_Articulo,Vendedor,cantidad,Mts3,Mts2,Rollos,Importe_Bruto,Importe_Neto,Dto_Contado,Dto_Flete,Dto_Especial,Bonificacion,Desc_Adicional,cantidad_elaborada,m2_ocupados,costo_unitario,costo_total_stock,Costo_de_venta
20170220,01004065,Balbin 3001 SRL,"Km 52, J.E. Uriburu 1232 (Ex Ruta 8)",01851A,Levy,8,2,200,8,6261.1,7575.93,0,3,0,21,0,0,0,0,0,0
20170220,23001202,Chuar SRL,Los Pioneros Nº539,01957A,Guillermo Ghiretti,1,0,0,1,0.1,0.12,0,0,0,0,0,0,0,0,0,0
20170220,23001202,Chuar SRL,Los Pioneros Nº539,01551A,Guillermo Ghiretti,20,2,400,20,7446.45,9010.2,0,0,0,25,0,0,0,0,0,0
20170220,16005814,Lecon Srl En Formacion,Ruta nacional 7 km 1002,01550A,Leandro Diaz,12,0.48,240,12,2412.19,2918.75,0,0,0,21,0,0,0,0,0,0
20170220,16005814,Lecon Srl En Formacion,Ruta nacional 7 km 1002,01555M,Leandro Diaz,10,1.5,200,10,10778.52,13042.01,0,0,0,21,0,0,0,0,0,0
20170220,16005814,Lecon Srl En Formacion,Ruta nacional 7 km 1002,01555MA,Leandro Diaz,1,0.15,20,1,0.1,0.12,0,0,0,0,0,0,0,0,0,0
20170220,99001808,Estudio Wagg SA,Armenia 3263,01504CC,Esteban Bergamaschi,900,0.9,900,0,3569.4,4318.97,0,0,0,40,0,0,0,0,0,0
20170220,03000023,Industrias Saladillo SA,IS.SA. Planta Pilar,01777BA,Isolant SI,1,0.0267036,0,1,151.59,183.42,0,0,0,0,0,0,0,0,0,0
20170220,03000023,Industrias Saladillo SA,IS.SA. Planta Pilar,01777BA,Isolant SI,36,0.9613296,0,36,5784.84,6999.66,0,0,0,0,0,0,0,0,0,0
20170220,03000023,Industrias Saladillo SA,IS.SA. Planta Pilar,01777BA,Isolant SI,47,1.2550692,0,47,7552.43,9138.44,0,0,0,0,0,0,0,0,0,0
20170220,03000023,Industrias Saladillo SA,IS.SA. Planta Pilar,01777B,Isolant SI,103,2.7501,0,103,11169.32,13514.88,0,0,0,0,0,0,0,0,0,0
20170220,03000023,Industrias Saladillo SA,IS.SA. Planta Pilar,01777BB,Isolant SI,19,1.260661248,0,19,8022.56,9707.3,0,0,0,0,0,0,0,0,0,0
20170220,03000023,Industrias Saladillo SA,IS.SA. Planta Pilar,01779BB,Isolant SI,4,0.171908352,0,4,1132.76,1370.64,0,0,0,0,0,0,0,0,0,0
20170220,03000023,Industrias Saladillo SA,IS.SA. Planta Pilar,01780BB,Isolant SI,9,0.4275,0,9,2742.66,3318.62,0,0,0,0,0,0,0,0,0,0
20170220,01002018,Zanet SA,Erezcano 3021/35,01508F,Fernando Palmas,900,1.8,900,0,6120,7405.2,0,0,0,0,0,0,0,0,0,0
20170220,03002437,Quaglia SA,Florentino Ameghino 1451,01514PC,Esteban Bergamaschi,25,0.125,25,0,492.76,596.24,0,0,0,21,0,0,0,0,0,0
20170220,03002676,Tempur Sealy Argentina SRL,Marcos Sastre 2300,01510AC,Fernando Palmas,1000,3,1000,1000,7180,8687.8,0,0,0,0,0,0,0,0,0,0
20170220,03002676,Tempur Sealy Argentina SRL,Marcos Sastre 2300,01510CC,Fernando Palmas,2250,6.75,2250,2250,16155,19547.55,0,0,0,0,0,0,0,0,0,0
20170220,03005646,Lobeca SA,"Estanislao Lopez Km 55,400",01504CC,Fernando Palmas,900,0.9,900,0,5238,6337.98,0,0,0,0,0,0,0,0,0,0
20170220,03000023,Industrias Saladillo SA,IS.SA. Planta Pilar,01777B,Isolant SI,36,0.9612,0,36,3903.84,4723.65,0,0,0,0,0,0,0,0,0,0
20170220,03000023,Industrias Saladillo SA,IS.SA. Planta Pilar,01777B,Isolant SI,200,5.34,0,200,21688,26242.48,0,0,0,0,0,0,0,0,0,0
20170220,03001313,Prokrete Argentina SA,,04C00291,Esteban Bergamaschi,1,0,0,1,3837.93,3837.93,0,0,0,0,0,0,0,0,0,0
20170220,28004412,INSULEX S.A.C.,,04C00624,Isolant SI,1,0,0,1,11840,11840,0,0,0,0,0,0,0,0,0,0
20170220,03004731,Ferrara SA,Av. del Libertador 124,01957A,Levy,1,0,0,1,0.1,0.12,0,0,0,0,0,0,0,0,0,0
20170220,03004731,Ferrara SA,Av. del Libertador 124,01557A,Levy,20,4,400,20,14188.24,17167.77,0,0,0,21,0,0,0,0,0,0
20170220,03004731,Ferrara SA,Av. del Libertador 124,01558EC,Levy,10,2,200,10,6343.7,7675.88,0,0,0,21,0,0,0,0,0,0
20170220,03000773,Jonix SA,R. Wernicke 672,01654DC,Hector Collia,40,0.8,40,0,4316.56,5223.04,0,0,0,21,0,0,0,0,0,0
20170220,03001313,Prokrete Argentina SA,Austria Norte 2009,01905A,Esteban Bergamaschi,2,0.14236,0,2,1592.33,1926.72,0,0,0,10,0,0,0,0,0,0
20170220,03004729,Teknobayres S.A.,Av. Santa Fe 1546,01906A,Levy,4,0.311,0,4,2878.6,3483.11,0,0,0,21,0,0,0,0,0,0
20170220,03004729,Teknobayres S.A.,Av. Santa Fe 1546,01901A,Levy,2,0.15708,0,2,3706.52,4484.89,0,0,0,21,0,0,0,0,0,0
20170220,29005567,Maderas Milanese S.A.,,04C00898,Hector Collia,1,0,0,1,0.77,0.77,0,0,0,0,0,0,0,0,0,0
20170220,16000158,Valerio Oliva SACIA,,04C00898,Leandro Diaz,1,0,0,1,4.99,4.99,0,0,0,0,0,0,0,0,0,0
20170220,03004883,Porosin S.A.,Av. Mitre Nro. 1338,01654ONC,Levy,120,1.68,120,0,5024.4,6079.52,0,0,0,21,0,0,0,0,0,0
20170220,28004489,COMERCIAL E INVERSIONES CROSUR LTDA.,,04C00624,Isolant SI,1,0,0,1,2341.25,2341.25,0,0,0,0,0,0,0,0,0,0
20170220,01002325,Centro Sec SRL,Av. Cordoba 5625,01552IC,Hector Collia,700,7,700,35,11864.16,14355.64,0,0,0,25,12,0,0,0,0,0
20170220,01002325,Centro Sec SRL,Av. Cordoba 5625,01558ALC,Hector Collia,600,6,600,30,24401.52,29525.84,0,0,0,25,12,0,0,0,0,0
20170220,01002325,Centro Sec SRL,Av. Cordoba 5625,01558ALP,Hector Collia,3,0.6,120,3,0.3,0.36,0,0,0,0,0,0,0,0,0,0
20170220,01002325,Centro Sec SRL,Av. Cordoba 5625,01558BRC,Hector Collia,200,2,200,10,10452,12646.92,0,0,0,25,0,0,0,0,0,0
20170220,02003852,Aglolam SA,,04C00898,Ventas Buenos Aires,1,0,0,1,1.32,1.32,0,0,0,0,0,0,0,0,0,0
20170220,11001938,Bassi Gustavo Eduardo,H. Yrigoyen 58,01901A,Meier,2,0.15708,0,2,3706.52,4484.89,0,0,0,21,0,0,0,0,0,0
20170220,11001938,Bassi Gustavo Eduardo,H. Yrigoyen 58,01904A,Meier,2,0.12566,0,2,1486.91,1799.16,0,0,0,21,0,0,0,0,0,0
20170220,11001938,Bassi Gustavo Eduardo,H. Yrigoyen 58,01771C,Meier,9,0.4275,0,9,6050.97,7321.67,0,0,0,21,0,0,0,0,0,0
20170220,11001938,Bassi Gustavo Eduardo,H. Yrigoyen 58,01765C,Meier,2,0.11762,0,2,1830.26,2214.61,0,0,0,21,0,0,0,0,0,0
20170220,07003997,Ferraro Jose Luis,,01514DB,Meier,225,1.125,225,225,4087.12,4945.42,0,0,0,25,0,0,0,0,0,0
20170220,07003997,Ferraro Jose Luis,,01514DA,Meier,150,0.75,150,150,2724.76,3296.94,0,0,0,25,0,0,0,0,0,0
20170220,07003997,Ferraro Jose Luis,,01524GC,Meier,100,1,100,0,2932.5,3548.32,0,0,0,25,0,0,0,0,0,0
20170220,04005689,Polifoam SRL,Alte. Brown 3985,01666DAP,Isolant SI,105,5.25,105,0,18322.34,22170.03,0,0,0,45,0,0,0,0,0,0
20170220,04005689,Polifoam SRL,Alte. Brown 3985,01666DAP,Isolant SI,105,5.25,105,0,18322.34,22170.03,0,0,0,45,0,0,0,0,0,0
20170220,04005689,Polifoam SRL,Alte. Brown 3985,01508DB,Isolant SI,500,1,500,0,2245,2716.45,0,0,0,0,0,0,0,0,0,0
20170220,04005689,Polifoam SRL,Alte. Brown 3985,01514DE,Isolant SI,250,1.25,250,250,3067.5,3711.67,0,0,0,0,0,0,0,0,0,0
20170220,04005689,Polifoam SRL,Alte. Brown 3985,01854B,Isolant SI,2,0.5,50,2,3042.16,3681.01,0,0,0,0,0,0,0,0,0,0
20170220,28004412,INSULEX S.A.C.,,04C00624,Isolant SI,1,0,0,1,2464.3,2464.3,0,0,0,0,0,0,0,0,0,0
20170220,11001942,Cuello Alejandro Marcelo,,04C00898,Disapla,1,0,0,1,0.29,0.29,0,0,0,0,0,0,0,0,0,0
20170220,07003997,Ferraro Jose Luis,,01514DB,Meier,225,1.125,225,225,4212,5096.52,0,0,0,25,0,0,0,0,0,0
20170220,07003997,Ferraro Jose Luis,,01514DA,Meier,100,0.5,100,100,1872,2265.12,0,0,0,25,0,0,0,0,0,0
20170220,07003997,Ferraro Jose Luis,,01524GC,Meier,250,2.5,250,0,7552.5,9138.52,0,0,0,25,0,0,0,0,0,0
20170220,07003997,Ferraro Jose Luis,,01654DC,Meier,10,0.2,10,0,1024.5,1239.64,0,0,0,25,0,0,0,0,0,0

