﻿FechaTxt,Codigo_Cliente,Cliente,EntDir,Codigo_Articulo,Vendedor,cantidad,Mts3,Mts2,Rollos,Importe_Bruto,Importe_Neto,Dto_Contado,Dto_Flete,Dto_Especial,Bonificacion,Desc_Adicional,cantidad_elaborada,m2_ocupados,costo_unitario,costo_total_stock,Costo_de_venta,comp,C_Construccion,nomdoc
20170927,03000023,Industrias Saladillo SA,IS.SA. Planta Pilar,01783BB,Isolant SI,8,0.1776,0,8,1044.96,1264.4,0,0,0,0,0,0,0,0,0,527.92,002200007517,N,Factura de Venta
20170927,03000023,Industrias Saladillo SA,IS.SA. Planta Pilar,01525AH,Isolant SI,860,8.6,860,0,12977.4,15702.65,0,0,0,0,0,0,0,0,0,8883.8,002200007521,N,Factura de Venta
20170927,29003685,Andres Luis de Francesco SA,Dr. Carabajal 1326,01960DA,Ventas Buenos Aires,6,0,0,6,17139.5,20738.78,0,3,0,21,0,0,0,0,0,6510,002200007524,S,Factura de Venta
20170927,09002438,Suc De Gustavo Lagerheim SA,Ruta Nacional 11 Km.1005,01555AR,Victor Casañas,300,30,6000,300,56612.77,68501.45,0,3,0,32.5,21,0,0,0,0,38841,002200007518,N,Factura de Venta
20170927,09002438,Suc De Gustavo Lagerheim SA,Ruta Nacional 11 Km.1005,01557AR,Victor Casañas,30,6,600,30,8707.53,10536.11,0,3,0,32.5,21,0,0,0,0,6739.8,002200007518,N,Factura de Venta
20170927,09002438,Suc De Gustavo Lagerheim SA,Ruta Nacional 11 Km.1005,01555A,Victor Casañas,70,7,1400,70,24902.96,30132.58,0,3,0,32.5,12,0,0,0,0,11109.7,002200007518,N,Factura de Venta
20170927,04000007,Disapla S.A.,Mercedes 2867,01765C,Isolant SA,1,0.05881,0,1,844.47,1021.8,0,0,0,32.5,0,0,0,0,0,204.06,002200007544,N,Factura de Venta
20170927,01003805,La Ardilla Camping SRL,Av. Juan B. Justo 831,01557AR,Levy,10,2,200,10,4433.01,5363.94,0,0,0,21,0,0,0,0,0,2246.6,002200007546,N,Factura de Venta
20170927,01003805,La Ardilla Camping SRL,Av. Juan B. Justo 831,01555AR,Levy,5,0.5,100,5,1441.08,1743.7,0,0,0,21,0,0,0,0,0,647.35,002200007546,N,Factura de Venta
20170927,07000012,Natali Plasticos SRL,Alvear 1475,01558EC,Isolant SA,50,10,1000,50,19085.96,23094.01,0,3,10,0,0,0,0,0,0,19855,002200007550,N,Factura de Venta
20170927,07000012,Natali Plasticos SRL,Alvear 1475,01555A,Isolant SA,80,8,1600,80,28460.53,34437.24,0,3,0,32.5,12,0,0,0,0,12696.8,002200007552,N,Factura de Venta
20170927,07000012,Natali Plasticos SRL,Alvear 1475,01569BC,Isolant SA,6,1.8,120,6,7368.18,8915.49,0,3,0,32.5,0,0,0,0,0,3892.68,002200007552,N,Factura de Venta
20170927,24005052,Cinter SRL,Parque Industrial Sauce Viejo,01558BC,Diego Fani,210,42,4200,210,199478.49,241368.98,3,3,4,21,4.5,0,0,0,0,115701.6,002200007553,N,Factura de Venta
20170927,04000007,Disapla S.A.,Mercedes 2867,06C001CO,Isolant SA,1,0,0,1,0.1,0.12,0,0,0,0,0,0,0,0,0,0,002200007544,N,Factura de Venta
20170927,04000007,Disapla S.A.,Mercedes 2867,01766C,Isolant SA,2,0.09952,0,2,1364.7,1651.29,0,0,0,32.5,0,0,0,0,0,321.78,002200007544,N,Factura de Venta
20170927,04000007,Disapla S.A.,Mercedes 2867,01763C,Isolant SA,4,0.24128,0,4,3386.58,4097.77,0,0,0,32.5,0,0,0,0,0,966.04,002200007544,N,Factura de Venta
20170927,24003831,Motta Maderas y Decorac. SRL,Santa Fe 2066,01552A,Diego Fani,4,0.8,80,4,2752.23,3330.2,0,0,0,21,0,0,0,0,0,846.96,002200007541,N,Factura de Venta
20170927,24003831,Motta Maderas y Decorac. SRL,Santa Fe 2066,01555EC,Diego Fani,5,0.5,100,5,1688.43,2043,0,0,0,21,0,0,0,0,0,776.85,002200007541,N,Factura de Venta
20170927,24003831,Motta Maderas y Decorac. SRL,Santa Fe 2066,01500AC,Diego Fani,300,0.15,300,0,1201.59,1453.92,0,0,0,21,0,0,0,0,0,408,002200007541,N,Factura de Venta
20170927,07000012,Natali Plasticos SRL,Alvear 1475,01555EC,Isolant SA,100,10,2000,100,21919.09,26522.1,0,3,0,0,0,0,0,0,0,15537,002200007551,N,Factura de Venta
20170927,07000012,Natali Plasticos SRL,Alvear 1475,01558EC,Isolant SA,50,10,1000,50,21206.63,25660.02,0,3,0,0,0,0,0,0,0,19855,002200007551,N,Factura de Venta
20170927,07000012,Natali Plasticos SRL,Alvear 1475,01552A,Isolant SA,20,4,400,20,10036.59,12144.28,0,3,0,32.5,12,0,0,0,0,4234.8,002200007552,N,Factura de Venta
20170927,16002012,Zapata Goma Sociedad Anonima,Salta 745,01771A,Leandro Diaz,1,0.03833,0,1,324.23,392.31,0,0,0,30,0,0,0,0,0,38.93,002200007539,N,Factura de Venta
20170927,16002012,Zapata Goma Sociedad Anonima,Salta 745,01764C,Leandro Diaz,1,0.06597,0,1,989.31,1197.07,0,0,0,30,0,0,0,0,0,251.23,002200007539,N,Factura de Venta
20170927,16002012,Zapata Goma Sociedad Anonima,Salta 745,01765C,Leandro Diaz,1,0.05881,0,1,875.74,1059.65,0,0,0,30,0,0,0,0,0,204.06,002200007539,N,Factura de Venta
20170927,16002012,Zapata Goma Sociedad Anonima,Salta 745,01666ACP,Leandro Diaz,10,0.5,10,0,2347.52,2840.5,0,0,0,30,0,0,0,0,0,539.8,002200007539,N,Factura de Venta
20170927,07004336,Maconta S.R.L.,Av. Colon 542,01603AC,Meier,120,6,3000,120,22984.62,27811.38,0,0,0,30,8,0,0,0,0,14731.2,002200007540,S,Factura de Venta
20170927,24003831,Motta Maderas y Decorac. SRL,Santa Fe 2066,06C001PI,Diego Fani,1,0,0,1,0.1,0.12,0,0,0,0,0,0,0,0,0,0,002200007541,N,Factura de Venta
20170927,03003751,Indupoles Argentina SA,Parque Ind. Campana - Km70 de Panamericana - Lote 12,01662ACP,Isolant SI,420,16.8,420,0,29710.8,35950.07,0,0,0,0,0,0,0,0,0,18912.6,002200007530,N,Factura de Venta
20170927,03003751,Indupoles Argentina SA,Parque Ind. Campana - Km70 de Panamericana - Lote 12,01515BE,Isolant SI,6375,31.875,6375,0,63750,77137.5,0,0,0,0,0,0,0,0,0,56801.25,002200007530,N,Factura de Venta
20170927,03003751,Indupoles Argentina SA,Parque Ind. Campana - Km70 de Panamericana - Lote 12,01510D,Isolant SI,540,1.62,540,540,2797.2,3384.61,0,0,0,0,0,0,0,0,0,1987.2,002200007530,N,Factura de Venta
20170927,24005795,Foam Plus SRL,Domingo Victor Cochet 496,01570BR,Diego Fani,388.5,5.8275,388.5,19.425,15283.6,18493.14,0,0,0,30,0,0,0,0,0,252051.03,002200007537,S,Factura de Venta
20170927,16002012,Zapata Goma Sociedad Anonima,Salta 745,01766A,Leandro Diaz,1,0.03958,0,1,325.87,394.3,0,0,0,30,0,0,0,0,0,47.13,002200007539,N,Factura de Venta
20170927,16002012,Zapata Goma Sociedad Anonima,Salta 745,01767A,Leandro Diaz,1,0.04241,0,1,337.76,408.69,0,0,0,30,0,0,0,0,0,52.37,002200007539,N,Factura de Venta
20170927,24001540,Aserraderos SRL,Santa Fe S/N- Puerto Santa Fe 0,01558AL,Meier,20,4,800,20,19632.7,23755.57,0,0,0,21,4,0,0,0,0,6453.8,002200007528,N,Factura de Venta
20170927,29004625,Rionda Hnos SRL,Ruta Nº5 Km 127,01960DA,Hector Collia,100,0,0,100,279582,338294.22,0,0,0,25,0,0,0,0,0,108500,002200007529,N,Factura de Venta
20170927,30004285,A P Argentina SA,INDUPOLES - Parque Ind. Campana - Km70 de Panamericana - Lote 12,01515BG,Fernando Palmas,600,3,600,0,6870,8312.7,0,0,0,0,0,0,0,0,0,4488,002200007531,N,Factura de Venta
20170927,24005795,Foam Plus SRL,Domingo Victor Cochet 496,01570BR,Diego Fani,203.5,3.0525,203.5,10.175,8006.26,9687.58,0,0,0,30,0,0,0,0,0,132026.73,002200007535,S,Factura de Venta
20170927,24005795,Foam Plus SRL,Domingo Victor Cochet 496,01570BR,Diego Fani,2010,30.15,2010,100.5,79073.4,95678.82,0,0,0,30,0,0,0,0,0,1304047.8,002200007536,S,Factura de Venta
20170927,03003751,Indupoles Argentina SA,Parque Ind. Campana - Km70 de Panamericana - Lote 12,01511BE,Isolant SI,2100,6.3,2100,0,19950,24139.5,0,0,0,0,0,0,0,0,0,14345.92,002200007530,N,Factura de Venta
20170927,04005689,Polifoam SRL,Alte. Brown 3985,01650AC,Isolant SI,125,1.25,125,0,4600.75,5566.91,0,0,0,45,0,0,0,0,0,1825,002200007542,N,Factura de Venta
20170927,04005689,Polifoam SRL,Alte. Brown 3985,01662DAP,Isolant SI,80,3.2,80,0,12289.2,14869.93,0,0,0,45,0,0,0,0,0,4240,002200007543,N,Factura de Venta
20170927,24001540,Aserraderos SRL,Santa Fe S/N- Puerto Santa Fe 0,06C001CO,Meier,1,0,0,1,0.1,0.12,0,0,0,0,0,0,0,0,0,0,002200007528,N,Factura de Venta
20170927,24001540,Aserraderos SRL,Santa Fe S/N- Puerto Santa Fe 0,06C001PI,Meier,1,0,0,1,0.1,0.12,0,0,0,0,0,0,0,0,0,0,002200007528,N,Factura de Venta
20170927,24001540,Aserraderos SRL,Santa Fe S/N- Puerto Santa Fe 0,01603AC,Meier,20,1,500,20,4511.27,5458.63,0,0,0,21,4,0,0,0,0,2455.2,002200007528,N,Factura de Venta
20170927,24001540,Aserraderos SRL,Santa Fe S/N- Puerto Santa Fe 0,01554BR,Meier,10,1.2,200,10,15520.73,18780.09,0,0,0,21,4,0,0,0,0,4441.5,002200007528,N,Factura de Venta
20170927,24005791,Castle SA,Av. Eva Peron 8853,01912B,Victor Casañas,10,2.1,0,10,13810.5,16710.7,0,0,0,0,0,0,0,0,0,3022.8,002200007547,N,Factura de Venta
20170927,16003448,Tapicenter SA,Gobernador Videla 801,01652AC,Leandro Diaz,50,0.75,50,0,3227.1,3904.79,0,0,0,40,0,0,0,0,0,959,002200007548,N,Factura de Venta
20170927,16003448,Tapicenter SA,Gobernador Videla 801,01700A,Leandro Diaz,10,1.2,0,10,5627.22,6808.94,0,0,0,37,0,0,0,0,0,2665.1,002200007548,N,Factura de Venta
20170927,30004679,Landoni Eduardo Antonio,Av. Colon 2510,01524GC,Esteban Bergamaschi,300,3,300,0,10117.53,12242.21,0,0,0,21,0,0,0,0,0,3063,002200007549,N,Factura de Venta
20170927,30004679,Landoni Eduardo Antonio,Av. Colon 2510,01700A,Esteban Bergamaschi,3,0.36,0,3,1875.74,2269.65,0,0,0,30,0,0,0,0,0,799.53,002200007549,N,Factura de Venta
20170927,03000023,Industrias Saladillo SA,IS.SA. Planta Pilar,01507AS,Isolant SI,1200,1.8,1200,0,11016,13329.36,0,0,0,0,0,0,0,0,0,12940.45,002200007526,N,Factura de Venta
20170927,19002241,Carlos Isla y Cia. SA,Suc. Gral Roca: San Juan 198,06C001CS,Latyn-Valle y Cordillera,1,0,0,1,0.1,0.12,0,3,0,0,0,0,0,0,0,0,002200007519,N,Factura de Venta
20170927,19002241,Carlos Isla y Cia. SA,Suc. Gral Roca: San Juan 198,01558BR,Latyn-Valle y Cordillera,15,3,300,15,21280.92,25749.91,0,3,0,21,0,0,0,0,0,8264.4,002200007519,N,Factura de Venta
20170927,19002241,Carlos Isla y Cia. SA,Suc. Gral Roca: San Juan 198,01558AL,Latyn-Valle y Cordillera,50,10,2000,50,31039.51,37557.81,0,3,0,0,0,0,0,0,0,16134.5,002200007520,N,Factura de Venta
20170927,19002241,Carlos Isla y Cia. SA,Suc. Gral Roca: San Juan 198,01558BC,Latyn-Valle y Cordillera,80,16,1600,80,65762.9,79573.1,0,3,0,0,0,0,0,0,0,44076.8,002200007520,N,Factura de Venta
20170927,19002241,Carlos Isla y Cia. SA,Suc. Gral Roca: San Juan 198,01554BC,Latyn-Valle y Cordillera,50,5,1000,50,32284.51,39064.26,0,3,0,0,0,0,0,0,0,19729,002200007520,N,Factura de Venta
20170927,19002241,Carlos Isla y Cia. SA,Suc. Gral Roca: San Juan 198,01555M,Latyn-Valle y Cordillera,20,3,400,20,15948.55,19297.74,0,3,0,0,0,0,0,0,0,10891.6,002200007520,N,Factura de Venta
20170927,03000023,Industrias Saladillo SA,IS.SA. Planta Pilar,01525AHC,Isolant SI,800,8,800,800,12408,15013.68,0,0,0,0,0,0,0,0,0,1199.04,002200007522,N,Factura de Venta
20170927,03000023,Industrias Saladillo SA,IS.SA. Planta Pilar,01525AHC,Isolant SI,360,3.6,360,360,5864.4,7095.92,0,0,0,0,0,0,0,0,0,539.57,002200007523,N,Factura de Venta
20170927,03000023,Industrias Saladillo SA,IS.SA. Planta Pilar,01525AHC,Isolant SI,1940,19.4,1940,1940,31602.6,38239.15,0,0,0,0,0,0,0,0,0,2907.68,002200007527,N,Factura de Venta
20170927,24001540,Aserraderos SRL,Santa Fe S/N- Puerto Santa Fe 0,01554BP,Meier,1,0.12,20,1,0.1,0.12,0,0,0,0,0,0,0,0,0,388.6,002200007528,N,Factura de Venta
20170927,09002438,Suc De Gustavo Lagerheim SA,Ruta Nacional 11 Km.1005,01555C,Victor Casañas,10,1,200,10,0.97,1.17,0,3,0,0,0,0,0,0,0,238.58,002200007518,N,Factura de Venta
20170927,29003685,Andres Luis de Francesco SA,Dr. Carabajal 1326,01555ECC,Ventas Buenos Aires,1000,5,1000,50,14403.98,17428.82,0,3,0,21,12,0,0,0,0,1147.88,002200007524,S,Factura de Venta
20170927,29003685,Andres Luis de Francesco SA,Dr. Carabajal 1326,01559AA,Ventas Buenos Aires,1000,10,1000,50,31788.58,38464.18,0,3,0,21,12,0,0,0,0,1598.4,002200007524,S,Factura de Venta
20170927,29003685,Andres Luis de Francesco SA,Dr. Carabajal 1326,01557C,Ventas Buenos Aires,6,1.2,120,6,0.58,0.7,0,3,0,0,0,0,0,0,0,191.81,002200007524,S,Factura de Venta
20170927,29003685,Andres Luis de Francesco SA,Dr. Carabajal 1326,01559AA,Ventas Buenos Aires,300,3,300,15,9536.58,11539.26,0,3,0,21,12,0,0,0,0,479.52,002200007525,S,Factura de Venta
20170927,24001540,Aserraderos SRL,Santa Fe S/N- Puerto Santa Fe 0,01558ALP,Meier,2,0.4,80,2,0.2,0.24,0,0,0,0,0,0,0,0,0,699.67,002200007528,N,Factura de Venta
20170927,24005795,Foam Plus SRL,Domingo Victor Cochet 496,01568BC,Diego Fani,520,5.2,520,26,13457.08,16283.06,0,0,0,30,0,0,0,0,0,13018.15,002200007538,S,Factura de Venta
20170927,29003685,Andres Luis de Francesco SA,Dr. Carabajal 1326,01558ESC,Ventas Buenos Aires,1000,10,1000,50,21727.36,26290.12,0,3,0,21,12,0,0,0,0,1509.77,002200007524,S,Factura de Venta
20170927,29003685,Andres Luis de Francesco SA,Dr. Carabajal 1326,01603AD,Ventas Buenos Aires,75,0.15,75,3,543.68,657.86,0,3,0,21,0,0,0,0,0,73.92,002200007524,S,Factura de Venta
20170927,03000023,Industrias Saladillo SA,IS.SA. Planta Pilar,01777BA,Isolant SI,280,7.477008,0,280,47241.6,57162.34,0,0,0,0,0,0,0,0,0,29159.2,002200007517,N,Factura de Venta
20170927,08003097,Blanco Juan Cirilo,,04C00898,Ind Saladillo Chaco,1,0,0,1,20.05,20.05,0,0,0,0,0,0,0,0,0,,000000011150,,Débito (Ajustes)
20170927,17002356,Techos S R L,,04C00898,Ind Saladillo Chaco,1,0,0,1,4064.32,4064.32,0,0,0,0,0,0,0,0,0,,000000011151,,Débito (Ajustes)
20170927,17004145,De Freitas Waldemar,,04C00898,Ind Saladillo Chaco,1,0,0,1,374.66,374.66,0,0,0,0,0,0,0,0,0,,000000011158,,Débito (Ajustes)
20170927,12004523,Cristanchi Luis,,04C00898,Ind Saladillo Chaco,1,0,0,1,1845,1845,0,0,0,0,0,0,0,0,0,,000000000220,,Débito (Ajustes)
20170927,08003166,Matercor SA,,04C00898,Ind Saladillo Chaco,1,0,0,1,507.75,507.75,0,0,0,0,0,0,0,0,0,,000000011154,,Débito (Ajustes)
20170927,03005896,Cela Ricardo,Jose Hernández 6136,01658DC,Fernando Palmas,200,6,200,0,12206,14769.26,0,0,0,0,0,0,0,0,0,7836,002200007545,N,Factura de Venta
20170927,09003821,Caballero Maximo Octavio,,04C00677,Ind Saladillo Chaco,-1,0,0,-1,-1224.18,-1224.18,0,0,0,0,0,0,0,0,0,,000000011157,,Crédito (Ajustes)
20170927,24004815,Budassi German Federico,,04C00898,Diego Fani,1,0,0,1,1.34,1.34,0,0,0,0,0,0,0,0,0,,000000011170,,Débito (Ajustes)
20170927,28002335,TUBACERO S.A.,,04C00624,Fernando Palmas,1,0,0,1,6341.96,6341.96,0,0,0,0,0,0,0,0,0,,000000000951,,Dif. Cambio (+)
20170927,16002012,Zapata Goma Sociedad Anonima,Salta 745,01654DC,Leandro Diaz,80,1.6,80,0,7879.2,9533.83,0,0,0,30,0,0,0,0,0,2066.4,002200007539,N,Factura de Venta
20170927,16002012,Zapata Goma Sociedad Anonima,Salta 745,01658DC,Leandro Diaz,60,1.8,60,0,8625.54,10436.9,0,0,0,30,0,0,0,0,0,2350.8,002200007539,N,Factura de Venta
20170927,03004731,Ferrara SA,,04C00898,Levy,1,0,0,1,0.7,0.7,0,0,0,0,0,0,0,0,0,,000000011171,,Débito (Ajustes)
20170927,03000023,Industrias Saladillo SA,IS.SA. Planta Pilar,01777BA,Isolant SI,159,4.2458724,0,159,26826.48,32460.04,0,0,0,0,0,0,0,0,0,16558.26,002200007532,N,Factura de Venta
20170927,03000023,Industrias Saladillo SA,IS.SA. Planta Pilar,01776BA,Isolant SI,65,1.837836,0,65,12338.3,14929.34,0,0,0,0,0,0,0,0,0,7394.4,002200007533,N,Factura de Venta
20170927,03000023,Industrias Saladillo SA,IS.SA. Planta Pilar,01778BA,Isolant SI,69,1.6908105,0,69,12365.49,14962.24,0,0,0,0,0,0,0,0,0,6368.7,002200007534,N,Factura de Venta
20170927,09003608,Golemba Joel Dario,,04C00898,Ind Saladillo Chaco,1,0,0,1,767.13,767.13,0,0,0,0,0,0,0,0,0,,000000011156,,Débito (Ajustes)
20170927,24002628,Corralon 9 de Julio SRL,,04C00898,Ind Saladillo Chaco,1,0,0,1,6584.37,6584.37,0,0,0,0,0,0,0,0,0,,000000011152,,Débito (Ajustes)
20170927,09003000,Servicios San Francisco SRL,,04C00898,Ind Saladillo Chaco,1,0,0,1,4840.73,4840.73,0,0,0,0,0,0,0,0,0,,000000011153,,Débito (Ajustes)
20170927,08004851,Faisal Daniel Alberto,,04C00677,Ind Saladillo Chaco,-1,0,0,-1,-92.59,-92.59,0,0,0,0,0,0,0,0,0,,000000011164,,Crédito (Ajustes)
20170927,09005605,Chaco Materiales SRL En Formacion,,04C00898,Ind Saladillo Chaco,1,0,0,1,533.59,533.59,0,0,0,0,0,0,0,0,0,,000000011167,,Débito (Ajustes)
20170927,09005745,Comercial Ruta 11 SRL,,04C00898,Ind Saladillo Chaco,1,0,0,1,1082.89,1082.89,0,0,0,0,0,0,0,0,0,,000000011168,,Débito (Ajustes)
20170927,09004857,Taipan Plac SRL,,04C00898,Ind Saladillo Chaco,1,0,0,1,3613.64,3613.64,0,0,0,0,0,0,0,0,0,,000000011165,,Débito (Ajustes)
20170927,09005035,Holz Maderas S.A.,,04C00898,Ind Saladillo Chaco,1,0,0,1,3053.48,3053.48,0,0,0,0,0,0,0,0,0,,000000011166,,Débito (Ajustes)
20170927,09002438,Suc De Gustavo Lagerheim SA,,04C00677,Victor Casañas,-1,0,0,-1,-20474.21,-20474.21,0,0,0,0,0,0,0,0,0,,000000011169,,Crédito (Ajustes)
20170927,09003355,Garayoa Nestor Luis,,04C00898,Ind Saladillo Chaco,1,0,0,1,719.48,719.48,0,0,0,0,0,0,0,0,0,,000000011155,,Débito (Ajustes)
20170927,08004223,Sanimat S.R.L.,,04C00677,Ind Saladillo Chaco,-1,0,0,-1,-612.97,-612.97,0,0,0,0,0,0,0,0,0,,000000011159,,Crédito (Ajustes)
20170927,12004300,Isolini Angela Norma,,04C00677,Ind Saladillo Chaco,-1,0,0,-1,-727.77,-727.77,0,0,0,0,0,0,0,0,0,,000000011160,,Crédito (Ajustes)
20170927,08004571,Espindola Laura Haydee,,04C00677,Ind Saladillo Chaco,-1,0,0,-1,-2949.24,-2949.24,0,0,0,0,0,0,0,0,0,,000000011161,,Crédito (Ajustes)
20170927,08004643,Armando Di Domenico y Asociados SA,,04C00677,Ind Saladillo Chaco,-1,0,0,-1,-1978.95,-1978.95,0,0,0,0,0,0,0,0,0,,000000011162,,Crédito (Ajustes)
20170927,08004714,Ceramica Norte SA,,04C00898,Ind Saladillo Chaco,1,0,0,1,101.48,101.48,0,0,0,0,0,0,0,0,0,,000000011163,,Débito (Ajustes)

