﻿FechaTxt,Codigo_Cliente,Cliente,EntDir,Codigo_Articulo,Vendedor,cantidad,Mts3,Mts2,Rollos,Importe_Bruto,Importe_Neto,Dto_Contado,Dto_Flete,Dto_Especial,Bonificacion,Desc_Adicional,cantidad_elaborada,m2_ocupados,costo_unitario,costo_total_stock,Costo_de_venta,comp
20170407,27003927,Echazu Andres Alberto,San Martin 440,01559AA,Pedro Cocaña,1900,19,1900,95,54651.88,66128.76,0,3,5,21,12,0,0,0,0,0,002200004102
20170407,27003927,Echazu Andres Alberto,San Martin 440,01557C,Pedro Cocaña,4,0.8,80,4,0.36,0.44,0,3,5,0,0,0,0,0,0,0,002200004102
20170407,27003927,Echazu Andres Alberto,San Martin 440,01555AA,Pedro Cocaña,2000,10,2000,100,37668.86,45579.32,0,3,5,21,12,0,0,0,0,0,002200004102
20170407,27003927,Echazu Andres Alberto,San Martin 440,01555C,Pedro Cocaña,24,2.4,480,24,2.22,2.68,0,3,5,0,0,0,0,0,0,0,002200004102
20170407,27001902,Josefa M. de Rodriguez SA,,04C00898,Pedro Cocaña,1,0,0,1,0.19,0.19,0,0,0,0,0,0,0,0,0,0,000000010746
20170407,28000201,CASARINO S.R.L.,,04C00625,Fernando Palmas,-1,0,0,-1,-748.25,-748.25,0,0,0,0,0,0,0,0,0,0,000000000923
20170407,03003751,Indupoles Argentina SA,,04C00898,Isolant SI,1,0,0,1,0.01,0.01,0,0,0,0,0,0,0,0,0,0,000000010743
20170407,18005730,Todo Hierro S.A.,J. J. Lastra 3900,01558BC,Isolant SA,50,10,1000,50,52271.25,63248.21,0,0,0,25,0,0,0,0,0,0,002200004101
20170407,18005730,Todo Hierro S.A.,J. J. Lastra 3900,01558AL,Isolant SA,50,10,2000,50,46226.63,55934.22,0,0,0,25,0,0,0,0,0,0,002200004101
20170407,18005730,Todo Hierro S.A.,J. J. Lastra 3900,01558EC,Isolant SA,80,16,1600,80,42398.4,51302.06,0,0,0,25,12,0,0,0,0,0,002200004101
20170407,18005730,Todo Hierro S.A.,J. J. Lastra 3900,01558ES,Isolant SA,80,16,1600,80,32102.4,38843.9,0,0,0,25,12,0,0,0,0,0,002200004101
20170407,18005730,Todo Hierro S.A.,J. J. Lastra 3900,01960DA,Isolant SA,20,0,0,20,50239.35,60789.61,0,0,0,25,0,0,0,0,0,0,002200004101
20170407,18005730,Todo Hierro S.A.,J. J. Lastra 3900,01558ALP,Isolant SA,5,1,200,5,0.5,0.61,0,0,0,0,0,0,0,0,0,0,002200004101
20170407,01005292,Adamant SRL,,04C00898,Isolant SI,1,0,0,1,9.47,9.47,0,0,0,0,0,0,0,0,0,0,000000010744
20170407,03002676,Tempur Sealy Argentina SRL,Marcos Sastre 2300,01510AC,Fernando Palmas,1500,4.5,1500,1500,10770,13031.7,0,0,0,0,0,0,0,0,0,0,002200004107
20170407,03002676,Tempur Sealy Argentina SRL,Marcos Sastre 2300,01510CC,Fernando Palmas,2250,6.75,2250,2250,16155,19547.55,0,0,0,0,0,0,0,0,0,0,002200004107
20170407,04001855,Fernandez Pablo Marcelo,Av. Muñiz 298,01957A,Levy,1,0,0,1,0.1,0.12,0,0,0,0,0,0,0,0,0,0,002200004108
20170407,04001855,Fernandez Pablo Marcelo,Av. Muñiz 298,01557AKC,Levy,270,1.89,270,18,5810.3,7030.46,0,0,0,21,0,0,0,0,0,0,002200004108
20170407,02002812,Moron Goma SA,Av Irigoyen 1049,01524GC,Hector Collia,75,0.75,75,0,2386,2887.06,0,0,0,21,0,0,0,0,0,0,002200004109
20170407,02002812,Moron Goma SA,Av Irigoyen 1049,01654DC,Hector Collia,30,0.6,30,0,3237.42,3917.28,0,0,0,21,0,0,0,0,0,0,002200004109
20170407,28002335,TUBACERO S.A.,Coronel Raiz 949,01603A,Fernando Palmas,220,11,5500,220,22331.1,22331.1,0,0,0,0,0,0,0,0,0,0,001500000648
20170407,28002335,TUBACERO S.A.,Coronel Raiz 949,01550A,Fernando Palmas,10,0.4,200,10,1457.43,1457.43,0,0,0,0,0,0,0,0,0,0,001500000648
20170407,28002335,TUBACERO S.A.,Coronel Raiz 949,01552A,Fernando Palmas,10,2,200,10,4701.05,4701.05,0,0,0,0,0,0,0,0,0,0,001500000648
20170407,28002335,TUBACERO S.A.,Coronel Raiz 949,01555A,Fernando Palmas,165,16.5,3300,165,54969.5,54969.5,0,0,0,0,0,0,0,0,0,0,001500000648
20170407,28002335,TUBACERO S.A.,Coronel Raiz 949,01557A,Fernando Palmas,46,9.2,920,46,25325.35,25325.35,0,0,0,0,0,0,0,0,0,0,001500000648
20170407,28002335,TUBACERO S.A.,Coronel Raiz 949,01558BC,Fernando Palmas,30,6,600,30,29487.96,29487.96,0,0,0,0,0,0,0,0,0,0,001500000648
20170407,28002335,TUBACERO S.A.,Coronel Raiz 949,01554BR,Fernando Palmas,2,0.24,40,2,1841.63,1841.63,0,0,0,0,0,0,0,0,0,0,001500000648
20170407,28002335,TUBACERO S.A.,Coronel Raiz 949,01855B,Fernando Palmas,60,22.5,1500,60,82719,82719,0,0,0,0,0,0,0,0,0,0,001500000648
20170407,28002335,TUBACERO S.A.,Coronel Raiz 949,01514DC,Fernando Palmas,600,3,600,600,3999.6,3999.6,0,0,0,0,0,0,0,0,0,0,001500000648
20170407,28004489,COMERCIAL E INVERSIONES CROSUR LTDA.,"Av. Principal sitio 26 Mz.11, Zona Franca, Punta Arenas",01603A,Isolant SI,500,25,12500,500,60372.75,60372.75,0,0,0,0,0,0,0,0,0,0,001500000646
20170407,28004489,COMERCIAL E INVERSIONES CROSUR LTDA.,"Av. Principal sitio 26 Mz.11, Zona Franca, Punta Arenas",01762A,Isolant SI,4,0.20356,0,4,878.09,878.09,0,0,0,0,0,0,0,0,0,0,001500000646
20170407,28004489,COMERCIAL E INVERSIONES CROSUR LTDA.,"Av. Principal sitio 26 Mz.11, Zona Franca, Punta Arenas",01765A,Isolant SI,10,0.465,0,10,2090.7,2090.7,0,0,0,0,0,0,0,0,0,0,001500000646
20170407,28004489,COMERCIAL E INVERSIONES CROSUR LTDA.,"Av. Principal sitio 26 Mz.11, Zona Franca, Punta Arenas",01769A,Isolant SI,10,0.33301,0,10,2072.52,2072.52,0,0,0,0,0,0,0,0,0,0,001500000646
20170407,28004489,COMERCIAL E INVERSIONES CROSUR LTDA.,"Av. Principal sitio 26 Mz.11, Zona Franca, Punta Arenas",0402GTOSCONSO,Isolant SI,1,0,0,1,10756.5,10756.5,0,0,0,0,0,0,0,0,0,0,001500000646
20170407,28002335,TUBACERO S.A.,Coronel Raiz 949,01550I,Fernando Palmas,350,14,7000,350,21210,21210,0,0,0,0,0,0,0,0,0,0,001500000647
20170407,28002335,TUBACERO S.A.,Coronel Raiz 949,01603A,Fernando Palmas,200,10,5000,200,20301,20301,0,0,0,0,0,0,0,0,0,0,001500000647
20170407,28002335,TUBACERO S.A.,Coronel Raiz 949,01557A,Fernando Palmas,181,36.2,3620,181,99649.73,99649.73,0,0,0,0,0,0,0,0,0,0,001500000647
20170407,28002335,TUBACERO S.A.,Coronel Raiz 949,01900A,Fernando Palmas,5,0.377,0,5,5735.03,5735.03,0,0,0,0,0,0,0,0,0,0,001500000647
20170407,28002335,TUBACERO S.A.,Coronel Raiz 949,01904A,Fernando Palmas,15,0.94245,0,15,8590.05,8590.05,0,0,0,0,0,0,0,0,0,0,001500000647
20170407,28002335,TUBACERO S.A.,Coronel Raiz 949,01700A,Fernando Palmas,10,1.2,0,10,4229.88,4229.88,0,0,0,0,0,0,0,0,0,0,001500000647
20170407,29002098,Cisilotto Hnos SACIFEI,Colectora Gaona y Ruta 5,01558EC,Hector Collia,104,20.8,2080,104,49606.13,60023.41,0,0,10,25,12,0,0,0,0,0,002200004106
20170407,01002018,Zanet SA,Erezcano 3021/35,01504BCC,Fernando Palmas,11520,11.52,11520,0,48499.2,58684.03,0,0,0,0,0,0,0,0,0,0,002200004111
20170407,04004334,Fapex SA,Rio Potrero 175 (Esq. Rio de Rey) Barrio CinaCina,01765CF,Isolant SI,65,3.82265,0,65,18846.1,22803.78,0,0,0,0,0,0,0,0,0,0,002200004112
20170407,04004334,Fapex SA,Rio Potrero 175 (Esq. Rio de Rey) Barrio CinaCina,01766CF,Isolant SI,70,3.4832,0,70,16364.6,19801.17,0,0,0,0,0,0,0,0,0,0,002200004112
20170407,04004740,Tarlon Juan Pablo,Av. San Martin 1550,01654D,Hector Collia,100.5,2.01,100.5,0,9609.8,11627.88,0,0,0,30,0,0,0,0,0,0,002200004114
20170407,04004740,Tarlon Juan Pablo,Av. San Martin 1550,01957AB,Hector Collia,1,0,0,1,0.1,0.12,0,0,0,0,0,0,0,0,0,0,002200004114
20170407,04005329,Euphoria Company SA,Av. Mosconi 1239,01551I,Hector Collia,25,2.5,500,25,5071.8,6136.88,0,0,0,21,0,0,0,0,0,0,002200004115
20170407,01005292,Adamant SRL,Paysandu 923 (entre Crisologo Larralde y Lucena),01514D,Isolant SI,1950,9.75,1950,1950,14605.5,17672.65,0,0,0,0,0,0,0,0,0,0,002200004103
20170407,01005292,Adamant SRL,Paysandu 923 (entre Crisologo Larralde y Lucena),01514D,Isolant SI,180,0.9,180,180,1402.2,1696.66,0,0,0,0,0,0,0,0,0,0,002200004103
20170407,01005292,Adamant SRL,Paysandu 923 (entre Crisologo Larralde y Lucena),01508CC,Isolant SI,3000,6,3000,3000,10110,12233.1,0,0,0,0,0,0,0,0,0,0,002200004103
20170407,01005292,Adamant SRL,Paysandu 923 (entre Crisologo Larralde y Lucena),01508DB,Isolant SI,5500,11,5500,0,18535,22427.35,0,0,0,0,0,0,0,0,0,0,002200004103
20170407,01005292,Adamant SRL,Paysandu 923 (entre Crisologo Larralde y Lucena),01508CC,Isolant SI,1650,3.3,1650,1650,5560.5,6728.2,0,0,0,0,0,0,0,0,0,0,002200004103
20170407,01005292,Adamant SRL,Paysandu 923 (entre Crisologo Larralde y Lucena),01652AC,Isolant SI,200,3,200,0,8084,9781.64,0,0,0,0,0,0,0,0,0,0,002200004103
20170407,01005292,Adamant SRL,Paysandu 923 (entre Crisologo Larralde y Lucena),01900A,Isolant SI,5,0.377,0,5,6162.5,7456.63,0,0,0,0,0,0,0,0,0,0,002200004103
20170407,01005292,Adamant SRL,Paysandu 923 (entre Crisologo Larralde y Lucena),01514DA,Isolant SI,2550,12.75,2550,2550,19864.5,24036.04,0,0,0,0,0,0,0,0,0,0,002200004103
20170407,03000023,Industrias Saladillo SA,IS.SA. Planta Pilar,01776BA,Isolant SI,305,8.623692,0,305,55137.9,66716.86,0,0,0,0,0,0,0,0,0,0,002200004104
20170407,03000023,Industrias Saladillo SA,IS.SA. Planta Pilar,01778BA,Isolant SI,75,1.8378375,0,75,12801,15489.21,0,0,0,0,0,0,0,0,0,0,002200004104
20170407,16005814,Lecon Srl En Formacion,,04C00898,Leandro Diaz,1,0,0,1,0.1,0.1,0,0,0,0,0,0,0,0,0,0,000000010745
20170407,24005520,Nocelli Ariel Jesus,Cerrityo 1114/1122,01555AR,Isolant SA,30,3,600,30,6122.49,7408.21,0,3,0,32.5,12,0,0,0,0,0,002200004105
20170407,24005520,Nocelli Ariel Jesus,Cerrityo 1114/1122,01557AR,Isolant SA,30,6,600,30,9417.09,11394.67,0,3,0,32.5,12,0,0,0,0,0,002200004105
20170407,24005520,Nocelli Ariel Jesus,Cerrityo 1114/1122,01552I,Isolant SA,20,4,800,20,5915.76,7158.06,0,3,0,32.5,12,0,0,0,0,0,002200004105
20170407,24005520,Nocelli Ariel Jesus,Cerrityo 1114/1122,01558EC,Isolant SA,20,4,400,20,9253.45,11196.68,0,3,0,32.5,12,0,0,0,0,0,002200004105
20170407,24005520,Nocelli Ariel Jesus,Cerrityo 1114/1122,01555AR,Isolant SA,10,1,200,10,2040.83,2469.4,0,3,0,32.5,12,0,0,0,0,0,002200004105
20170407,04005876,Fuentes Poma Carola Alejandra,Marcelo T. de Alvear 2850,01662ACP,Fernando Palmas,10,0.4,10,0,1312,1587.52,0,0,0,50,0,0,0,0,0,0,002200004110
20170407,04005876,Fuentes Poma Carola Alejandra,Marcelo T. de Alvear 2850,01772A,Fernando Palmas,8,1.51552,0,8,8337.36,10088.2,0,0,0,50,0,0,0,0,0,0,002200004110
20170407,04005876,Fuentes Poma Carola Alejandra,Marcelo T. de Alvear 2850,01772AC,Fernando Palmas,4,0.75776,0,4,4168.68,5044.1,0,0,0,50,0,0,0,0,0,0,002200004110
20170407,28002335,TUBACERO S.A.,Coronel Raiz 949,01654ON,Fernando Palmas,-12,-0.168,-12,0,-387.45,-387.45,0,0,0,0,0,0,0,0,0,0,001500000043
20170407,28002335,TUBACERO S.A.,Coronel Raiz 949,01655ON,Fernando Palmas,-12,-0.168,-12,0,-459.27,-459.27,0,0,0,0,0,0,0,0,0,0,001500000043
20170407,28002335,TUBACERO S.A.,Coronel Raiz 949,01753A,Fernando Palmas,-1,-0.0375,0,-1,-652.05,-652.05,0,0,0,0,0,0,0,0,0,0,001500000043
20170407,28002335,TUBACERO S.A.,Coronel Raiz 949,01960F,Fernando Palmas,-1,0,0,-1,-1795.03,-1795.03,0,0,0,0,0,0,0,0,0,0,001500000043
20170407,04005688,Longarte Gabriel Martin,Garay 2551,01658D,Fernando Palmas,40,1.2,40,0,3988,4825.48,0,0,0,50,0,0,0,0,0,0,002200004113
20170407,27005760,Amado Cesar Adad e Hijos SRL,Junin 284,01555A,Pedro Cocaña,7,0.7,140,7,3087.21,3735.52,0,0,0,25,0,0,0,0,0,0,002200004121
20170407,02005125,Pablo Nicolas Sesma,A. Rojas 630,01557ARC,Hector Collia,800,8,800,40,14382.72,17403.1,0,0,0,25,12,0,0,0,0,0,002200004125
20170407,02005125,Pablo Nicolas Sesma,A. Rojas 630,01555ARC,Hector Collia,800,4,800,40,9356.16,11320.96,0,0,0,25,12,0,0,0,0,0,002200004125
20170407,02005717,Carlos Alberto Baez,Mariano Castex 402,01555MC,Hector Collia,200,1.5,200,10,10785.08,13049.94,0,0,0,21,0,0,0,0,0,0,002200004126
20170407,02005717,Carlos Alberto Baez,Mariano Castex 402,01555MA,Hector Collia,1,0.15,20,1,0.2,0.24,0,0,0,0,0,0,0,0,0,0,002200004126
20170407,02005717,Carlos Alberto Baez,Mariano Castex 402,01555ARC,Hector Collia,400,2,400,20,5599.52,6775.42,0,0,0,21,0,0,0,0,0,0,002200004126
20170407,04005689,Polifoam SRL,Alte. Brown 3985,01654DAP,Isolant SI,100,2,100,0,6811.2,8241.55,0,0,0,45,0,0,0,0,0,0,002200004116
20170407,04005689,Polifoam SRL,Alte. Brown 3985,01514PC,Isolant SI,375,1.875,375,0,4601.25,5567.51,0,0,0,0,0,0,0,0,0,0,002200004117
20170407,30005166,Martino Fernando Alfedro,Ruta 7 Km 313,01555AA,Hector Collia,1000,5,1000,50,20438.88,24731.04,0,0,0,21,12,0,0,0,0,0,002200004118
20170407,30005166,Martino Fernando Alfedro,Ruta 7 Km 313,01555C,Hector Collia,12,1.2,240,12,1.2,1.46,0,0,0,0,0,0,0,0,0,0,002200004118
20170407,30005166,Martino Fernando Alfedro,Ruta 7 Km 313,01559AA,Hector Collia,1000,10,1000,50,31214.48,37769.52,0,0,0,21,12,0,0,0,0,0,002200004118
20170407,30005166,Martino Fernando Alfedro,Ruta 7 Km 313,01557C,Hector Collia,12,2.4,240,12,1.2,1.46,0,0,0,0,0,0,0,0,0,0,002200004118
20170407,30005166,Martino Fernando Alfedro,Ruta 7 Km 313,01555MA,Hector Collia,2,0.3,40,2,0.2,0.24,0,0,0,0,0,0,0,0,0,0,002200004118
20170407,30005166,Martino Fernando Alfedro,Ruta 7 Km 313,01555MC,Hector Collia,400,3,400,20,18981.74,22967.9,0,0,0,21,12,0,0,0,0,0,002200004118
20170407,30005166,Martino Fernando Alfedro,Ruta 7 Km 313,01960DA,Hector Collia,10,0,0,10,26459.32,32015.76,0,0,0,21,0,0,0,0,0,0,002200004118
20170407,29004625,Rionda Hnos SRL,Ruta Nº5 Km 127,01557A,Hector Collia,200,40,4000,200,130531.83,157943.51,0,0,0,21,8,0,0,0,0,0,002200004119
20170407,29004625,Rionda Hnos SRL,Ruta Nº5 Km 127,01557C,Hector Collia,48,9.6,960,48,4.8,5.81,0,0,0,0,0,0,0,0,0,0,002200004119
20170407,29004625,Rionda Hnos SRL,Ruta Nº5 Km 127,01960DA,Hector Collia,50,0,0,50,132296.96,160079.32,0,0,0,21,0,0,0,0,0,0,002200004119
20170407,24002129,Germat SRL,9 de Julio 3769,01957A,Meier,1,0,0,1,0.1,0.12,0,0,0,0,0,0,0,0,0,0,002200004120
20170407,24002129,Germat SRL,9 de Julio 3769,01555AA,Meier,2000,10,2000,100,42735.84,51710.36,0,0,0,21,8,0,0,0,0,0,002200004120
20170407,24002129,Germat SRL,9 de Julio 3769,01568BC,Meier,200,2,200,10,11009.44,13321.42,0,0,0,21,0,0,0,0,0,0,002200004120
20170407,24002129,Germat SRL,9 de Julio 3769,01555C,Meier,24,2.4,480,24,2.4,2.9,0,0,0,0,0,0,0,0,0,0,002200004120
20170407,26000747,Importadora Comercial Fueguina,Gdor. Deloqui 1027,01764A,Guillermo Ghiretti,12,0.6220368,0,12,4685.52,4685.52,0,0,0,0,0,0,0,0,0,0,002500000020
20170407,26000747,Importadora Comercial Fueguina,Gdor. Deloqui 1027,01765A,Guillermo Ghiretti,15,0.6975,0,15,5302.05,5302.05,0,0,0,0,0,0,0,0,0,0,002500000020
20170407,26000747,Importadora Comercial Fueguina,Gdor. Deloqui 1027,01766A,Guillermo Ghiretti,7,0.27706,0,7,2112.11,2112.11,0,0,0,0,0,0,0,0,0,0,002500000020
20170407,26000747,Importadora Comercial Fueguina,Gdor. Deloqui 1027,01771A,Guillermo Ghiretti,3,0.1149825,0,3,900.63,900.63,0,0,0,0,0,0,0,0,0,0,002500000020
20170407,26000747,Importadora Comercial Fueguina,Gdor. Deloqui 1027,01773A,Guillermo Ghiretti,4,0.130188,0,4,1012.2,1012.2,0,0,0,0,0,0,0,0,0,0,002500000020
20170407,29002512,Nardacchione Alfredo y Orsi Oscar,Cte. Ruiz 49,01555AA,Hector Collia,500,2.5,500,25,11613,14051.72,0,0,0,21,0,0,0,0,0,0,002200004122
20170407,29002512,Nardacchione Alfredo y Orsi Oscar,Cte. Ruiz 49,01555C,Hector Collia,6,0.6,120,6,0.6,0.72,0,0,0,0,0,0,0,0,0,0,002200004122
20170407,20005604,Rhomany SRL,Zuviria 1512,01700AC,Pedro Cocaña,8,0.96,0,8,5120.4,6195.68,0,0,0,21,0,0,0,0,0,0,002200004123
20170407,03005875,Coria Sandra Patricia,Presidente Peron 5786,01552I,Levy,11,2.2,440,11,4461.1,5397.93,0,0,0,21,0,0,0,0,0,0,002200004124
20170407,03005875,Coria Sandra Patricia,Presidente Peron 5786,01551I,Levy,3,0.3,60,3,608.62,736.43,0,0,0,21,0,0,0,0,0,0,002200004124

