﻿Vendedor,Nom_Ven,Dias
05,Ventas Buenos Aires,58
53,Norberto Oppezzo,57
04,Levy,24
03,Inactivos,707
22,Ind Saladillo Chaco,3598
26,Isolant SI,61
55,Fernando Palmas,68
21,Latyn-Valle y Cordillera,2967482
30,Disapla,104
11,NN (Ex MDT),74
16,Pedro Cocaña,59
25,Leandro Diaz,46
06,Pastore Pablo,102
01,Isolant SA,46
059,Mariano Martinez,200
24,Meier,55
17,Esteban Bergamaschi,59
23,Hector Collia,54
15,Natali Plasticos (Vta Directa),48
057,Victor Casañas,69
056,Diego Fani,71

