﻿FechaTxt,Codigo_Cliente,Cliente,EntDir,Codigo_Articulo,Vendedor,cantidad,Mts3,Mts2,Rollos,Importe_Bruto,Importe_Neto,Dto_Contado,Dto_Flete,Dto_Especial,Bonificacion,Desc_Adicional,cantidad_elaborada,m2_ocupados,costo_unitario,costo_total_stock,Costo_de_venta,comp,C_Construccion,nomdoc
20171010,03002793,Chindamo Francisco Juan,Pte. Derqui 4993,01557A,Esteban Bergamaschi,6,1.2,120,6,4469.3,5407.85,0,0,0,21,0,0,0,0,0,1623.66,002200007746,N,Factura de Venta
20171010,03002793,Chindamo Francisco Juan,Pte. Derqui 4993,01850A,Esteban Bergamaschi,10,1.25,250,10,5207.02,6300.49,0,0,0,30,0,0,0,0,0,1273.7,002200007746,N,Factura de Venta
20171010,16005326,Reche Fernando,Av. Alberdi 163,01558ES,Leandro Diaz,2,0.4,40,2,1018.28,1232.12,0,0,0,21,0,0,0,0,0,519.92,002200007747,N,Factura de Venta
20171010,16005326,Reche Fernando,Av. Alberdi 163,01514Q,Leandro Diaz,250,1.25,250,250,1875,2268.75,0,0,0,0,0,0,0,0,0,1872.67,002200007747,N,Factura de Venta
20171010,24003831,Motta Maderas y Decorac. SRL,Santa Fe 2066,01557A,Diego Fani,5,1,100,5,3724.42,4506.54,0,0,0,21,0,0,0,0,0,1353.05,002200007748,N,Factura de Venta
20171010,24003831,Motta Maderas y Decorac. SRL,Santa Fe 2066,01555A,Diego Fani,4,0.4,80,4,1951.11,2360.84,0,0,0,21,0,0,0,0,0,667.96,002200007748,N,Factura de Venta
20171010,04004334,Fapex SA,Rio Potrero 175 (Esq. Rio de Rey) Barrio CinaCina,01557ARF,Isolant SI,309,61.8,6180,309,88964.19,107646.67,0,0,0,0,0,0,0,0,0,73251.54,002200007772,N,Factura de Venta
20171010,24004809,Bonadeo Raul Leonel,San Luis 3069,01768A,Meier,2,0.09048,0,2,764.12,924.59,0,0,0,30,0,0,0,0,0,102.24,002200007769,N,Factura de Venta
20171010,24004809,Bonadeo Raul Leonel,San Luis 3069,01769A,Meier,2,0.0666,0,2,632.98,765.91,0,0,0,30,0,0,0,0,0,83.7,002200007769,N,Factura de Venta
20171010,01002345,Refrigeracion Lope de Vega SRL,Nogoyá 5744,01552I,Levy,5,1,200,5,2088.6,2527.21,0,0,0,21,0,0,0,0,0,995.8,002200007760,N,Factura de Venta
20171010,01002345,Refrigeracion Lope de Vega SRL,Nogoyá 5744,01557AR,Levy,12,2.4,240,12,5319.61,6436.72,0,0,0,21,0,0,0,0,0,2844.72,002200007760,N,Factura de Venta
20171010,01002345,Refrigeracion Lope de Vega SRL,Nogoyá 5744,01555AR,Levy,6,0.6,120,6,1729.29,2092.45,0,0,0,21,0,0,0,0,0,812.46,002200007760,N,Factura de Venta
20171010,01002345,Refrigeracion Lope de Vega SRL,Nogoyá 5744,01551I,Levy,5,0.5,100,5,1044.78,1264.18,0,0,0,21,0,0,0,0,0,405.1,002200007760,N,Factura de Venta
20171010,07005106,Espa SA,,04C00291,Meier,1,0,0,1,5403.86,5403.86,0,0,0,0,0,0,0,0,0,0,001300001630,,Débito de Venta
20171010,24005520,Nocelli Ariel Jesus,,04C00291,Isolant SA,1,0,0,1,28281,28281,0,0,0,0,0,0,0,0,0,0,001300001632,,Débito de Venta
20171010,24005520,Nocelli Ariel Jesus,,04C00291,Isolant SA,1,0,0,1,28191,28191,0,0,0,0,0,0,0,0,0,0,001300001632,,Débito de Venta
20171010,07000012,Natali Plasticos SRL,Alvear 1475,01550A,Isolant SA,30,1.2,600,30,4618.14,5587.95,0,3,0,32.5,12,0,0,0,0,2048.1,002200007752,N,Factura de Venta
20171010,24004809,Bonadeo Raul Leonel,San Luis 3069,01766A,Meier,2,0.07916,0,2,651.74,788.61,0,0,0,30,0,0,0,0,0,96.4,002200007769,N,Factura de Venta
20171010,24004809,Bonadeo Raul Leonel,San Luis 3069,01767A,Meier,2,0.08482,0,2,675.53,817.39,0,0,0,30,0,0,0,0,0,107.1,002200007769,N,Factura de Venta
20171010,07000012,Natali Plasticos SRL,Alvear 1475,01603AC,Isolant SA,30,1.5,750,30,5842.07,7068.91,0,3,0,32.5,0,0,0,0,0,3779.7,002200007754,N,Factura de Venta
20171010,07000012,Natali Plasticos SRL,Alvear 1475,01557AR,Isolant SA,100,20,2000,100,28775.05,34817.81,0,3,0,0,0,0,0,0,0,23706,002200007754,N,Factura de Venta
20171010,07000012,Natali Plasticos SRL,Alvear 1475,01555EC,Isolant SA,50,5,1000,50,10959.55,13261.05,0,3,0,0,0,0,0,0,0,7954.5,002200007754,N,Factura de Venta
20171010,07000012,Natali Plasticos SRL,Alvear 1475,01960DA,Isolant SA,25,0,0,25,61018.77,73832.71,0,3,0,32.5,0,0,0,0,0,27125,002200007754,N,Factura de Venta
20171010,07000012,Natali Plasticos SRL,Alvear 1475,01555AR,Isolant SA,25,2.5,500,25,4677.1,5659.29,0,3,0,0,0,0,0,0,0,3385.25,002200007756,N,Factura de Venta
20171010,07000012,Natali Plasticos SRL,Alvear 1475,01557AR,Isolant SA,55,11,1100,55,15826.28,19149.8,0,3,0,0,0,0,0,0,0,13038.3,002200007756,N,Factura de Venta
20171010,03000741,Maderera Newton Sociedad Anonima,Acceso Norte 3085 (ramal Campana) y Haití- Frente la Ford,06M001OS,Esteban Bergamaschi,1,0,0,1,0.1,0.12,0,0,0,0,0,0,0,0,0,0,002200007744,N,Factura de Venta
20171010,03000741,Maderera Newton Sociedad Anonima,Acceso Norte 3085 (ramal Campana) y Haití- Frente la Ford,01558BC,Esteban Bergamaschi,10,2,200,10,11090.92,13420.02,0,0,0,25,0,0,0,0,0,5590.1,002200007744,N,Factura de Venta
20171010,07004703,Serlin Hector,Regino Maders 1459,01760A,Meier,5,0.31415,0,5,2092.95,2532.47,0,0,0,50,0,0,0,0,0,488.55,002200007749,N,Factura de Venta
20171010,07004703,Serlin Hector,Regino Maders 1459,01761A,Meier,6,0.39018,0,6,2299.17,2782,0,0,0,50,0,0,0,0,0,540.66,002200007749,N,Factura de Venta
20171010,07004703,Serlin Hector,Regino Maders 1459,01762A,Meier,4,0.20356,0,4,1193.9,1444.62,0,0,0,50,0,0,0,0,0,303.48,002200007749,N,Factura de Venta
20171010,10003906,Vsi SRL,,04C00291,Norberto Oppezzo,1,0,0,1,50000,50000,0,0,0,0,0,0,0,0,0,0,001300001629,,Débito de Venta
20171010,03002676,Tempur Sealy Argentina SRL,,04C00291,Fernando Palmas,1,0,0,1,17458.09,17458.09,0,0,0,0,0,0,0,0,0,0,001300001633,,Débito de Venta
20171010,24003771,Sucesion de Terenzi Domingo,Ruta Nacional Nº8 Km 370,01555M,Diego Fani,10,1.5,200,10,11190.72,13540.77,0,0,0,21,4,0,0,0,0,5541.6,002200007782,N,Factura de Venta
20171010,24003771,Sucesion de Terenzi Domingo,Ruta Nacional Nº8 Km 370,01557AR,Diego Fani,20,4,400,20,8511.37,10298.76,0,0,0,21,4,0,0,0,0,4741.2,002200007782,N,Factura de Venta
20171010,27003647,Ahmad Claudio Dante,San Miguel 275,01662ACP,Pedro Cocaña,40,1.6,40,0,8284.01,10023.65,0,3,0,21,0,0,0,0,0,1883.6,002200007785,N,Factura de Venta
20171010,03004499,Australtub S.A.,Panamericana Km 47.500 Colectora Oeste,01797B,Esteban Bergamaschi,60,1.1781,0,60,24262.2,29357.26,0,0,0,0,0,0,0,0,0,1905.34,002200007745,N,Factura de Venta
20171010,99001808,Estudio Wagg SA,Armenia 3263,01506AC,Esteban Bergamaschi,3000,4.5,3000,3000,16596,20081.16,0,0,0,40,0,0,0,0,0,5597.46,002200007743,N,Factura de Venta
20171010,20004395,Jose Jacobo Ahuerma y Jose Gustavo Ahuerma SRL,Jujuy 486,01524GC,Pedro Cocaña,375,3.75,375,0,12264.64,14840.2,0,3,0,21,0,0,0,0,0,4012.5,002200007787,S,Factura de Venta
20171010,13003662,A B Construcciones SRL,Av. Almte. Brown 198,01555A,Pedro Cocaña,100,10,2000,100,33796.88,40894.22,0,3,14.5,25,12,0,0,0,0,16699,002200007789,N,Factura de Venta
20171010,13003662,A B Construcciones SRL,Av. Almte. Brown 198,01557A,Pedro Cocaña,55,11,1100,55,28386.09,34347.16,0,3,14.5,25,12,0,0,0,0,14883.55,002200007789,N,Factura de Venta
20171010,03002676,Tempur Sealy Argentina SRL,,04C00291,Fernando Palmas,-1,0,0,-1,-11458.09,-11458.09,0,0,0,0,0,0,0,0,0,0,001400008073,,Crédito de Venta
20171010,13004189,Tecnoshop SRL,Av Alte Brown 1340,01558EC,Pedro Cocaña,95,19,1900,95,45037.76,54495.69,0,3,15,21,12,0,0,0,0,38746.7,002200007784,N,Factura de Venta
20171010,13004189,Tecnoshop SRL,Av Alte Brown 1340,01555EC,Pedro Cocaña,150,15,3000,150,36751.66,44469.51,0,3,15,21,12,0,0,0,0,23863.5,002200007784,N,Factura de Venta
20171010,24003921,Bevilacqua Oscar Emilio,Santa Fe 1699,01558ET,Diego Fani,70,14,1400,70,28226.68,34154.28,0,0,10,21,12,0,0,0,0,17717.7,002200007779,N,Factura de Venta
20171010,99004268,Expo Chapa SRL,12 de Octubre 1428,01557AR,Diego Fani,40,8,800,40,14043.76,16992.95,0,0,10,21,12,0,0,0,0,9482.4,002200007780,N,Factura de Venta
20171010,99004268,Expo Chapa SRL,12 de Octubre 1428,01558ET,Diego Fani,30,6,600,30,12097.15,14637.55,0,0,10,21,12,0,0,0,0,7593.3,002200007780,N,Factura de Venta
20171010,99004268,Expo Chapa SRL,12 de Octubre 1428,01557AR,Diego Fani,20,4,400,20,7021.88,8496.48,0,0,10,21,12,0,0,0,0,4741.2,002200007781,N,Factura de Venta
20171010,99004268,Expo Chapa SRL,12 de Octubre 1428,01558ET,Diego Fani,20,4,400,20,8064.76,9758.37,0,0,10,21,12,0,0,0,0,5062.2,002200007781,N,Factura de Venta
20171010,20004395,Jose Jacobo Ahuerma y Jose Gustavo Ahuerma SRL,Jujuy 486,06C001CO,Pedro Cocaña,1,0,0,1,0.1,0.12,0,3,0,0,0,0,0,0,0,0,002200007787,S,Factura de Venta
20171010,31000402,Codimat SA,Don Bosco 1495,01550A,Norberto Oppezzo,50,2,1000,50,8042.54,9731.48,3,4,7,21,12,0,0,0,0,3413.5,002200007773,N,Factura de Venta
20171010,31000402,Codimat SA,Don Bosco 1495,01960F,Norberto Oppezzo,17,0,0,17,31925.08,38629.35,3,4,7,21,12,0,0,0,0,18064.2,002200007775,N,Factura de Venta
20171010,31000402,Codimat SA,Don Bosco 1495,01960DA,Norberto Oppezzo,50,0,0,50,127517.84,154296.59,3,4,7,21,0,0,0,0,0,54250,002200007776,N,Factura de Venta
20171010,31000402,Codimat SA,Don Bosco 1495,01557A,Norberto Oppezzo,70,14,1400,70,45155.65,54638.33,3,4,7,21,0,0,0,0,0,18942.7,002200007776,N,Factura de Venta
20171010,09002438,Suc De Gustavo Lagerheim SA,Ruta Nacional 11 Km.1005,01555AR,Victor Casañas,145,14.5,2900,145,27362.84,33109.03,0,3,0,32.5,21,0,0,0,0,19634.45,002200007778,N,Factura de Venta
20171010,24003921,Bevilacqua Oscar Emilio,Santa Fe 1699,01557AR,Diego Fani,70,14,1400,70,24576.59,29737.67,0,0,10,21,12,0,0,0,0,16594.2,002200007779,N,Factura de Venta
20171010,24003771,Sucesion de Terenzi Domingo,Ruta Nacional Nº8 Km 370,01555M,Diego Fani,20,3,400,20,22381.45,27081.55,0,0,0,21,4,0,0,0,0,11083.2,002200007783,N,Factura de Venta
20171010,24003771,Sucesion de Terenzi Domingo,Ruta Nacional Nº8 Km 370,01557AR,Diego Fani,30,6,600,30,12767.06,15448.14,0,0,0,21,4,0,0,0,0,7111.8,002200007783,N,Factura de Venta
20171010,31000402,Codimat SA,Don Bosco 1495,01753B,Norberto Oppezzo,3,0.1575,0,3,2871.8,3474.88,3,4,7,21,12,0,0,0,0,2064.81,002200007773,N,Factura de Venta
20171010,31000402,Codimat SA,Don Bosco 1495,01753A,Norberto Oppezzo,3,0.1125,0,3,2048.55,2478.75,3,4,7,21,12,0,0,0,0,1413.12,002200007773,N,Factura de Venta
20171010,31000402,Codimat SA,Don Bosco 1495,01554BC,Norberto Oppezzo,30,3,600,30,23200.78,28072.94,3,4,7,21,0,0,0,0,0,12158.1,002200007773,N,Factura de Venta
20171010,31000402,Codimat SA,Don Bosco 1495,01551A,Norberto Oppezzo,30,3,600,30,9414.62,11391.7,3,4,7,21,12,0,0,0,0,3618,002200007773,N,Factura de Venta
20171010,20003188,Emprendimiento Metalurgico Industrial SRL,LOS VALLISTOS - Ruta 9 Km 128 - Acc Norte,01557AR,Pedro Cocaña,15,3,300,15,3841.2,4647.85,0,3,0,0,0,0,0,0,0,3555.9,002200007788,N,Factura de Venta
20171010,09002438,Suc De Gustavo Lagerheim SA,Ruta Nacional 11 Km.1005,06C001PI,Victor Casañas,1,0,0,1,0.1,0.12,0,3,0,0,0,0,0,0,0,0,002200007777,N,Factura de Venta
20171010,09002438,Suc De Gustavo Lagerheim SA,Ruta Nacional 11 Km.1005,01551I,Victor Casañas,170,17,3400,170,23258.26,28142.49,0,3,0,32.5,21,0,0,0,0,13773.4,002200007777,N,Factura de Venta
20171010,09002438,Suc De Gustavo Lagerheim SA,Ruta Nacional 11 Km.1005,01555ED,Victor Casañas,30,3,600,30,9893.54,11971.18,0,3,0,32.5,21,0,0,0,0,9595.5,002200007777,N,Factura de Venta
20171010,09002438,Suc De Gustavo Lagerheim SA,Ruta Nacional 11 Km.1005,01550A,Victor Casañas,30,1.2,600,30,4618.14,5587.95,0,3,0,32.5,12,0,0,0,0,2048.1,002200007777,N,Factura de Venta
20171010,09002438,Suc De Gustavo Lagerheim SA,Ruta Nacional 11 Km.1005,01551A,Victor Casañas,20,2,400,20,6006.68,7268.08,0,3,0,32.5,12,0,0,0,0,2412,002200007777,N,Factura de Venta
20171010,29004247,Grupo Empresario SRL,Ruta Panamericana Ramal Pilar Km 65- Mano a Pilar,01558ES,Levy,12,2.4,240,12,6109.67,7392.7,0,0,0,21,0,0,0,0,0,3119.52,002200007771,N,Factura de Venta
20171010,04004334,Fapex SA,Rio Potrero 175 (Esq. Rio de Rey) Barrio CinaCina,01557ARF,Isolant SI,-1,-0.2,-20,-1,-287.91,-348.37,0,0,0,0,0,0,0,0,0,237.06,001400008071,N,Crédito de Venta
20171010,03000480,Krasuk SRL,Av. Mitre 3261,01558EC,Esteban Bergamaschi,50,10,1000,50,32670.06,39530.77,0,0,0,21,0,0,0,0,0,20393,002200007767,N,Factura de Venta
20171010,24003831,Motta Maderas y Decorac. SRL,Santa Fe 2066,01655ON,Diego Fani,8,1.344,0,8,4835.26,5850.66,0,0,0,21,8,0,0,0,0,2790.24,002200007768,N,Factura de Venta
20171010,31000402,Codimat SA,Don Bosco 1495,01555A,Norberto Oppezzo,85,8.5,1700,85,28437.53,34409.41,3,4,16.3,21,12,0,0,0,0,14194.15,002200007774,N,Factura de Venta
20171010,20004718,Molina Oscar,Av Independencia 1150,01558AL,Pedro Cocaña,30,6,1200,30,23566.6,28515.59,0,3,10,21,12,0,0,0,0,9896.7,002200007786,N,Factura de Venta
20171010,11001938,Bassi Gustavo Eduardo,H. Yrigoyen 58,01524GC,Meier,50,0.5,50,0,1686.26,2040.37,0,0,0,21,0,0,0,0,0,535,002200007763,N,Factura de Venta
20171010,11001938,Bassi Gustavo Eduardo,H. Yrigoyen 58,01750A,Meier,3,0,0,3,2081.22,2518.27,0,0,0,21,0,0,0,0,0,562.8,002200007763,N,Factura de Venta
20171010,03001313,Prokrete Argentina SA,Austria Norte 2009,01900A,Esteban Bergamaschi,10,0.754,0,10,34878.42,42202.89,0,0,0,10,0,0,0,0,0,11903.9,002200007764,N,Factura de Venta
20171010,03001313,Prokrete Argentina SA,Austria Norte 2009,01905A,Esteban Bergamaschi,7,0.49826,0,7,7050.01,8530.52,0,0,0,10,0,0,0,0,0,2829.96,002200007764,N,Factura de Venta
20171010,03001313,Prokrete Argentina SA,Austria Norte 2009,01900A,Esteban Bergamaschi,1,0.0754,0,1,3487.84,4220.29,0,0,0,10,0,0,0,0,0,1190.39,002200007765,N,Factura de Venta
20171010,03005223,Tubo Center SA,Av. Jose E.Uriburu 930 (ex Ruta 8) Pilar,01558EC,Levy,15,3,300,15,9801.02,11859.23,0,0,0,21,0,0,0,0,0,6117.9,002200007770,N,Factura de Venta
20171010,11004288,Saenz Ricardo Marcelo,Av. Eva Peron 1068,01557AR,Victor Casañas,50,10,1000,50,18517.62,22406.32,0,0,0,25,12,0,0,0,0,11853,002200007761,N,Factura de Venta
20171010,03004075,Comercial CMP SA,Ruta Panamericana Km. 39.5 Nº1166,01558BC,Hector Collia,65,13,1300,65,69207.37,83740.92,0,0,0,25,4,0,0,0,0,36335.65,002200007758,N,Factura de Venta
20171010,03004075,Comercial CMP SA,Ruta Panamericana Km. 39.5 Nº1166,01960DA,Hector Collia,9,0,0,9,25162.38,30446.48,0,0,0,25,0,0,0,0,0,9765,002200007759,N,Factura de Venta
20171010,11001938,Bassi Gustavo Eduardo,H. Yrigoyen 58,06C001CO,Meier,1,0,0,1,0.1,0.12,0,0,0,0,0,0,0,0,0,0,002200007763,N,Factura de Venta
20171010,11001938,Bassi Gustavo Eduardo,H. Yrigoyen 58,01771A,Meier,10,0.3833,0,10,3659.12,4427.54,0,0,0,21,0,0,0,0,0,397.8,002200007763,N,Factura de Venta
20171010,11001938,Bassi Gustavo Eduardo,H. Yrigoyen 58,01771C,Meier,2,0.095,0,2,1452.23,1757.19,0,0,0,21,0,0,0,0,0,243.74,002200007763,N,Factura de Venta
20171010,24005520,Nocelli Ariel Jesus,Cerrityo 1114/1122,01521B,Isolant SA,80,12.8,0,80,15760.66,19070.39,0,0,0,32.5,20,0,0,0,0,529.6,002200007750,N,Factura de Venta
20171010,11005821,Bh Maderas SA,,04C00291,Victor Casañas,1,0,0,1,15361,15361,0,0,0,0,0,0,0,0,0,0,001300001631,,Débito de Venta
20171010,04004334,Fapex SA,Rio Potrero 175 (Esq. Rio de Rey) Barrio CinaCina,01555ARF,Isolant SI,289,28.9,5780,289,48335.25,58485.65,0,0,0,0,0,0,0,0,0,39133.49,002200007751,N,Factura de Venta
20171010,04004334,Fapex SA,Rio Potrero 175 (Esq. Rio de Rey) Barrio CinaCina,01558A,Isolant SI,80,16,1600,80,36208,43811.68,0,0,0,0,0,0,0,0,0,20732.8,002200007751,N,Factura de Venta
20171010,11004288,Saenz Ricardo Marcelo,Av. Eva Peron 1068,06C001CO,Victor Casañas,1,0,0,1,0.1,0.12,0,0,0,0,0,0,0,0,0,0,002200007761,N,Factura de Venta
20171010,11004288,Saenz Ricardo Marcelo,Av. Eva Peron 1068,01555AR,Victor Casañas,100,10,2000,100,24078.78,29135.32,0,0,0,25,12,0,0,0,0,13541,002200007761,N,Factura de Venta
20171010,24003831,Motta Maderas y Decorac. SRL,Santa Fe 2066,01500AC,Diego Fani,300,0.15,300,0,1201.59,1453.92,0,0,0,21,0,0,0,0,0,411,002200007748,N,Factura de Venta
20171010,24003831,Motta Maderas y Decorac. SRL,Santa Fe 2066,01551A,Diego Fani,1,0.1,20,1,411.79,498.26,0,0,0,21,0,0,0,0,0,120.6,002200007748,N,Factura de Venta
20171010,24003831,Motta Maderas y Decorac. SRL,Santa Fe 2066,01552A,Diego Fani,1,0.2,20,1,688.06,832.55,0,0,0,21,0,0,0,0,0,222.12,002200007748,N,Factura de Venta
20171010,24003831,Motta Maderas y Decorac. SRL,Santa Fe 2066,01960F,Diego Fani,1,0,0,1,2267.06,2743.14,0,0,0,21,8,0,0,0,0,1062.6,002200007748,N,Factura de Venta
20171010,24003831,Motta Maderas y Decorac. SRL,Santa Fe 2066,01654ON,Diego Fani,4,0.672,0,4,1996.9,2416.25,0,0,0,21,8,0,0,0,0,1173.68,002200007748,N,Factura de Venta
20171010,07000012,Natali Plasticos SRL,Alvear 1475,01555AR,Isolant SA,25,2.5,500,25,4209.39,5093.36,0,3,10,0,0,0,0,0,0,3385.25,002200007755,N,Factura de Venta
20171010,31000402,Codimat SA,Don Bosco 1495,01555C,Norberto Oppezzo,48,4.8,960,48,3.74,4.53,3,4,16.3,0,0,0,0,0,0,1145.18,002200007774,N,Factura de Venta
20171010,13003662,A B Construcciones SRL,Av. Almte. Brown 198,01555C,Pedro Cocaña,12,1.2,240,12,1,1.2,0,3,14.5,0,0,0,0,0,0,286.3,002200007789,N,Factura de Venta
20171010,24003771,Sucesion de Terenzi Domingo,Ruta Nacional Nº8 Km 370,01555MA,Diego Fani,2,0.3,40,2,0.2,0.24,0,0,0,0,0,0,0,0,0,994.68,002200007783,N,Factura de Venta
20171010,24003771,Sucesion de Terenzi Domingo,Ruta Nacional Nº8 Km 370,01555MA,Diego Fani,1,0.15,20,1,0.1,0.12,0,0,0,0,0,0,0,0,0,497.34,002200007782,N,Factura de Venta
20171010,07000012,Natali Plasticos SRL,Alvear 1475,01555MC,Isolant SA,740,5.55,740,37,31474.86,38084.6,0,3,0,32.5,12,0,0,0,0,18401.53,002200007753,S,Factura de Venta
20171010,07000012,Natali Plasticos SRL,Alvear 1475,01555MA,Isolant SA,3,0.45,60,3,0.3,0.36,0,3,0,0,0,0,0,0,0,1492.02,002200007753,S,Factura de Venta
20171010,29003685,Andres Luis de Francesco SA,Dr. Carabajal 1326,01559AA,Ventas Buenos Aires,1700,17,1700,85,54040.58,65389.1,0,3,0,21,12,0,0,0,0,2717.29,002200007766,S,Factura de Venta
20171010,29003685,Andres Luis de Francesco SA,Dr. Carabajal 1326,01557C,Ventas Buenos Aires,24,4.8,480,24,2.32,2.82,0,3,0,0,0,0,0,0,0,767.23,002200007766,S,Factura de Venta
20171010,31000402,Codimat SA,Don Bosco 1495,01557C,Norberto Oppezzo,12,2.4,240,12,1.04,1.26,3,4,7,0,0,0,0,0,0,383.62,002200007776,N,Factura de Venta
20171010,13003662,A B Construcciones SRL,Av. Almte. Brown 198,01557C,Pedro Cocaña,12,2.4,240,12,1,1.2,0,3,14.5,0,0,0,0,0,0,383.62,002200007789,N,Factura de Venta
20171010,03004075,Comercial CMP SA,Ruta Panamericana Km. 39.5 Nº1166,01559AA,Hector Collia,2000,20,2000,100,62224.8,75292,0,0,0,25,12,0,0,0,0,3196.81,002200007757,S,Factura de Venta
20171010,03004075,Comercial CMP SA,Ruta Panamericana Km. 39.5 Nº1166,01557C,Hector Collia,33,6.6,660,33,3.3,4,0,0,0,0,0,0,0,0,0,1054.95,002200007757,S,Factura de Venta
20171010,20004718,Molina Oscar,Av Independencia 1150,01558ALP,Pedro Cocaña,3,0.6,120,3,0.26,0.32,0,3,10,0,0,0,0,0,0,1049.51,002200007786,N,Factura de Venta
20171010,03004075,Comercial CMP SA,Ruta Panamericana Km. 39.5 Nº1166,01568BC,Hector Collia,2120,21.2,2120,106,117564.6,142253.16,0,0,0,25,0,0,0,0,0,53074.01,002200007757,S,Factura de Venta
20171010,01002325,Centro Sec SRL,Av. Cordoba 5625,01654ONC,Hector Collia,38,6.384,38,0,17226.96,20844.6,0,0,0,25,12,0,0,0,0,0,002200007762,S,Factura de Venta
20171010,01002325,Centro Sec SRL,Av. Cordoba 5625,01655ONC,Hector Collia,40,6.72,40,0,21954.24,26564.64,0,0,0,25,12,0,0,0,0,0,002200007762,S,Factura de Venta
20171010,01002325,Centro Sec SRL,Av. Cordoba 5625,01753BC,Hector Collia,10,0.375,0,10,9900,11979,0,0,0,25,12,0,0,0,0,0,002200007762,S,Factura de Venta
20171010,03005126,Cordani Ariel Antonio,,04C00898,Ventas Buenos Aires,1,0,0,1,7.68,7.68,0,0,0,0,0,0,0,0,0,,000000011211,,Débito (Ajustes)
20171010,11005821,Bh Maderas SA,,04C00205,Victor Casañas,1,0,0,1,12,14.52,0,0,0,0,0,0,0,0,0,,001300001631,,Débito de Venta
20171010,30004285,A P Argentina SA,Camusso 366,01507E,Fernando Palmas,-200,-0.3,-200,0,-1700,-2057,0,0,0,0,0,0,0,0,0,936,001400008072,N,Crédito de Venta
20171010,24002089,AD Interiores De Puccinelli Daniel y Helu Alicia,,01IN,Meier,-1,0,0,-1,-258.06,-312.26,0,0,0,0,0,0,0,0,0,,001300000370,,Crédito de Venta
20171010,03002324,Taru Parq SRL,,01IN,Levy,-1,0,0,-1,-578.07,-699.47,0,0,0,0,0,0,0,0,0,,001300000371,,Crédito de Venta
20171010,25004564,Lo Bruno Sociedad Anonima,,01IN,Pedro Cocaña,-1,0,0,-1,-1121.11,-1356.54,0,0,0,0,0,0,0,0,0,,001300000372,,Crédito de Venta
20171010,07004703,Serlin Hector,Regino Maders 1459,01763A,Meier,4,0.188496,0,4,1096.64,1326.93,0,0,0,50,0,0,0,0,0,266.56,002200007749,N,Factura de Venta
20171010,10003906,Vsi SRL,,04C00205,Norberto Oppezzo,1,0,0,1,12,14.52,0,0,0,0,0,0,0,0,0,,001300001629,,Débito de Venta
20171010,07005106,Espa SA,,04C00205,Meier,1,0,0,1,12,14.52,0,0,0,0,0,0,0,0,0,,001300001630,,Débito de Venta
20171010,24005520,Nocelli Ariel Jesus,,04C00205,Isolant SA,1,0,0,1,24,29.04,0,0,0,0,0,0,0,0,0,,001300001632,,Débito de Venta
20171010,24003150,Germena Vito Antonio,,04C00898,Diego Fani,1,0,0,1,0.81,0.81,0,0,0,0,0,0,0,0,0,,000000011210,,Débito (Ajustes)
20171010,16003448,Tapicenter SA,,01IN,Leandro Diaz,-1,0,0,-1,-267.55,-323.73,0,0,0,0,0,0,0,0,0,,001300000369,N,Crédito de Venta
20171010,24005795,Foam Plus SRL,,04C00898,Diego Fani,-1,0,0,-1,-2.05,-2.05,0,0,0,0,0,0,0,0,0,,000000011215,,Crédito (Ajustes)
20171010,03002930,Maderera Aguilera SA,,01IN,Levy,-1,0,0,-1,-476.08,-576.06,0,0,0,0,0,0,0,0,0,,001300000374,N,Crédito de Venta
20171010,28000201,CASARINO S.R.L.,,04C00624,Fernando Palmas,1,0,0,1,15039.69,15039.69,0,0,0,0,0,0,0,0,0,,000000000952,,Dif. Cambio (+)
20171010,20004395,Jose Jacobo Ahuerma y Jose Gustavo Ahuerma SRL,Jujuy 486,01654DC,Pedro Cocaña,60,1.2,60,0,6469.1,7827.62,0,3,0,21,0,0,0,0,0,1596.6,002200007787,S,Factura de Venta
20171010,20004395,Jose Jacobo Ahuerma y Jose Gustavo Ahuerma SRL,Jujuy 486,01658DC,Pedro Cocaña,40,1.2,40,0,6294.7,7616.58,0,3,0,21,0,0,0,0,0,1620,002200007787,S,Factura de Venta
20171010,11002006,Hercal Center SRL,,04C00898,Disapla,1,0,0,1,0.01,0.01,0,0,0,0,0,0,0,0,0,,000000011216,,Débito (Ajustes)
20171010,25004564,Lo Bruno Sociedad Anonima,,01IN,Pedro Cocaña,-1,0,0,-1,-280.28,-339.14,0,0,0,0,0,0,0,0,0,,001300000373,,Crédito de Venta
20171010,05003822,Tapitel SA,,01IN,Ventas Buenos Aires,-1,0,0,-1,-318.18,-385,0,0,0,0,0,0,0,0,0,,001300000375,,Crédito de Venta
20171010,29002554,Perkusic Hnos SRL,,01IN,Hector Collia,-1,0,0,-1,-1247.72,-1509.74,0,0,0,0,0,0,0,0,0,,001300000376,,Crédito de Venta
20171010,29002554,Perkusic Hnos SRL,,01IN,Hector Collia,-1,0,0,-1,-4209.99,-5094.08,0,0,0,0,0,0,0,0,0,,001300000377,,Crédito de Venta
20171010,03005126,Cordani Ariel Antonio,,04C00898,Ventas Buenos Aires,-1,0,0,-1,-7.68,-7.68,0,0,0,0,0,0,0,0,0,,000000011212,,Crédito (Ajustes)
20171010,03005126,Cordani Ariel Antonio,,04C00898,Ventas Buenos Aires,1,0,0,1,7.68,7.68,0,0,0,0,0,0,0,0,0,,000000011213,,Débito (Ajustes)

