﻿FechaTxt,Codigo_Cliente,Cliente,EntDir,Codigo_Articulo,Vendedor,cantidad,Mts3,Mts2,Rollos,Importe_Bruto,Importe_Neto,Dto_Contado,Dto_Flete,Dto_Especial,Bonificacion,Desc_Adicional,cantidad_elaborada,m2_ocupados,costo_unitario,costo_total_stock,Costo_de_venta,comp,C_Construccion,nomdoc
20170904,07003238,Cooperativa de Provision de Servicios para Comerciantes,Calle nº122 Esquina nº13-Gral Pico,01960DA,Meier,3,0,0,3,7968.09,9641.39,0,0,5,25,0,0,0,0,0,3320.1,002200006950,N,Factura de Venta
20170904,01002811,Gonzalez Dario R Iglesias Nelida C SH,Julian Alvarez 469,01550I,Levy,50,2,1000,50,4761.77,5761.74,0,0,0,21,12,0,0,0,0,2050.5,002200006951,N,Factura de Venta
20170904,01002811,Gonzalez Dario R Iglesias Nelida C SH,Julian Alvarez 469,01552I,Levy,10,2,400,10,3675.94,4447.89,0,0,0,21,12,0,0,0,0,1902.9,002200006951,N,Factura de Venta
20170904,01002811,Gonzalez Dario R Iglesias Nelida C SH,Julian Alvarez 469,01552I,Levy,15,3,600,15,5513.91,6671.83,0,0,0,21,12,0,0,0,0,2854.35,002200006952,N,Factura de Venta
20170904,01002811,Gonzalez Dario R Iglesias Nelida C SH,Julian Alvarez 469,01551I,Levy,50,5,1000,50,9194.02,11124.76,0,0,0,21,12,0,0,0,0,3888,002200006952,N,Factura de Venta
20170904,01002811,Gonzalez Dario R Iglesias Nelida C SH,Julian Alvarez 469,01550I,Levy,35,1.4,700,35,3333.24,4033.22,0,0,0,21,12,0,0,0,0,1435.35,002200006952,N,Factura de Venta
20170904,22003435,Sidermet San Luis SA,Ruta 3 Km 1 Extremo Sur,01558BC,Leandro Diaz,30,6,600,30,35047.32,42407.26,0,0,0,21,0,0,0,0,0,16112.7,002200006974,N,Factura de Venta
20170904,29002098,Cisilotto Hnos SACIFEI,Colectora Gaona y Ruta 5,01557A,Hector Collia,-100,-20,-2000,-100,-56007.08,-67768.56,0,0,10,25,12,0,0,0,0,25634,002200000006,S,Crédito de Venta
20170904,03000357,Laboratorios Valmax SA,Sub Perdomo 1619,01507VJ,Isolant SI,4440,6.66,4440,0,24642,29816.82,0,0,0,0,0,0,0,0,0,13764,002200006967,N,Factura de Venta
20170904,16005649,Corralon Lujan SA,A Guiñazu 643,01960DA,Leandro Diaz,10,0,0,10,27782.33,33616.61,0,0,0,21,0,0,0,0,0,11067,002200006971,N,Factura de Venta
20170904,16005649,Corralon Lujan SA,A Guiñazu 643,01960DC,Leandro Diaz,10,0,0,10,14299.55,17302.46,0,0,0,21,0,0,0,0,0,11067,002200006971,N,Factura de Venta
20170904,24000055,Impack SA,Galvez 1544,01514DA,Victor Casañas,3950,19.75,3950,3950,37999,45978.79,0,0,0,0,0,0,0,0,0,18407,002200006969,N,Factura de Venta
20170904,29002098,Cisilotto Hnos SACIFEI,Colectora Gaona y Ruta 5,01557A,Hector Collia,100,20,2000,100,56007.08,67768.56,0,0,10,25,12,0,0,0,0,25634,002200006973,S,Factura de Venta
20170904,24003816,La Valenziana SRL,25 de Mayo 592,01500D,Diego Fani,7200,3.6,7200,0,11717.28,14177.9,0,0,0,21,0,0,0,0,0,13032,002200006977,S,Factura de Venta
20170904,04004334,Fapex SA,Rio Potrero 175 (Esq. Rio de Rey) Barrio CinaCina,01555ARF,Isolant SI,28,2.8,560,28,4683,5666.43,0,0,0,0,0,0,0,0,0,3619.84,002200006964,N,Factura de Venta
20170904,03004499,Australtub S.A.,Panamericana Km 47.500 Colectora Oeste,01797B,Esteban Bergamaschi,10,0.19635,0,10,4043.7,4892.88,0,0,0,0,0,0,0,0,0,321.45,002200006968,N,Factura de Venta
20170904,16000917,Ramon Sanchez e Hijos SRL,Av Mitre 282,01558ES,Leandro Diaz,55,11,1100,55,18559.2,22456.63,0,0,0,0,0,0,0,0,0,13921.05,002200006956,N,Factura de Venta
20170904,16000917,Ramon Sanchez e Hijos SRL,Av Mitre 282,01558EC,Leandro Diaz,150,30,3000,150,64959,78600.39,0,0,0,0,0,0,0,0,0,59956.5,002200006956,N,Factura de Venta
20170904,16000917,Ramon Sanchez e Hijos SRL,Av Mitre 282,06C001CO,Leandro Diaz,1,0,0,1,0.1,0.12,0,0,0,0,0,0,0,0,0,0,002200006956,N,Factura de Venta
20170904,04004334,Fapex SA,Rio Potrero 175 (Esq. Rio de Rey) Barrio CinaCina,01557ARF,Isolant SI,101,20.2,2020,101,29078.91,35185.48,0,0,0,0,0,0,0,0,0,22810.85,002200006963,N,Factura de Venta
20170904,04002052,Disapla SA (Cipo),Estado de Israel 85,01767C,Isolant SA,1,0.05316,0,1,718.74,869.68,0,0,0,32.5,0,0,0,0,0,166.04,002200006959,N,Factura de Venta
20170904,04002052,Disapla SA (Cipo),Estado de Israel 85,01960DA,Isolant SA,7,0,0,7,17613.67,21312.54,0,0,0,32.5,0,0,0,0,0,7746.9,002200006959,N,Factura de Venta
20170904,03004075,Comercial CMP SA,Ruta Panamericana Km. 39.5 Nº1166,01557A,Hector Collia,75,15,1500,75,46673.06,56474.4,0,0,0,25,12,0,0,0,0,19225.5,002200006960,N,Factura de Venta
20170904,04004334,Fapex SA,Rio Potrero 175 (Esq. Rio de Rey) Barrio CinaCina,01555ARF,Isolant SI,198,19.8,3960,198,33115.5,40069.75,0,0,0,0,0,0,0,0,0,25597.44,002200006961,N,Factura de Venta
20170904,04004334,Fapex SA,Rio Potrero 175 (Esq. Rio de Rey) Barrio CinaCina,01555ARF,Isolant SI,66,6.6,1320,66,11038.5,13356.58,0,0,0,0,0,0,0,0,0,8532.48,002200006962,N,Factura de Venta
20170904,07003238,Cooperativa de Provision de Servicios para Comerciantes,Santiago Marzo 1816-Santa Rosa,01960DA,Meier,3,0,0,3,7968.09,9641.39,0,0,5,25,0,0,0,0,0,3320.1,002200006949,N,Factura de Venta
20170904,03001251,Lopez Aurelio y Yomayel Dergio Raul S.H.,Av. Santa Fe 2277,01700A,Levy,8,0.96,0,8,5001.98,6052.39,0,0,0,30,0,0,0,0,0,2122.72,002200006953,N,Factura de Venta
20170904,14003511,Ojeda Mariano Antonio,Blvd. Brown 1986,01960DA,Disapla,5,0,0,5,14724.65,17816.83,0,0,0,21,0,0,0,0,0,5533.5,002200006954,N,Factura de Venta
20170904,03004075,Comercial CMP SA,Ruta Panamericana Km. 39.5 Nº1166,01557A,Hector Collia,75,15,1500,75,46673.06,56474.4,0,0,0,25,12,0,0,0,0,19225.5,002200006955,N,Factura de Venta
20170904,03004075,Comercial CMP SA,Ruta Panamericana Km. 39.5 Nº1166,01558BC,Hector Collia,50,10,1000,50,55454.63,67100.1,0,0,0,25,0,0,0,0,0,26854.5,002200006955,N,Factura de Venta
20170904,11004006,Botto Mauricio Esteban,Av. Pte. Illia 1015,01555AK,Disapla,50,2.25,750,50,11752.43,14220.45,0,0,0,21,0,0,0,0,0,5097,002200006957,N,Factura de Venta
20170904,07003238,Cooperativa de Provision de Servicios para Comerciantes,Avenida Mitre 2645,01960DA,Meier,2,0,0,2,5312.06,6427.59,0,0,5,25,0,0,0,0,0,2213.4,002200006958,N,Factura de Venta
20170904,02005717,Carlos Alberto Baez,Mariano Castex 402,01555MC,Hector Collia,400,3,400,20,23327.12,28225.82,0,0,0,21,0,0,0,0,0,9823.43,002200006965,S,Factura de Venta
20170904,02005717,Carlos Alberto Baez,Mariano Castex 402,01555MA,Hector Collia,2,0.3,40,2,0.2,0.24,0,0,0,0,0,0,0,0,0,982.34,002200006965,S,Factura de Venta
20170904,03004075,Comercial CMP SA,Ruta Panamericana Km. 39.5 Nº1166,01557C,Hector Collia,9,1.8,180,9,0.9,1.09,0,0,0,0,0,0,0,0,0,276.63,002200006955,N,Factura de Venta
20170904,03004075,Comercial CMP SA,Ruta Panamericana Km. 39.5 Nº1166,01557C,Hector Collia,9,1.8,180,9,0.9,1.09,0,0,0,0,0,0,0,0,0,276.63,002200006960,N,Factura de Venta
20170904,29002098,Cisilotto Hnos SACIFEI,Colectora Gaona y Ruta 5,01557C,Hector Collia,4,0.8,80,4,0.36,0.44,0,0,10,0,0,0,0,0,0,122.95,002200006973,S,Factura de Venta
20170904,29002098,Cisilotto Hnos SACIFEI,Colectora Gaona y Ruta 5,01557C,Hector Collia,-4,-0.8,-80,-4,-0.36,-0.44,0,0,10,0,0,0,0,0,0,122.95,002200000006,S,Crédito de Venta
20170904,04003978,Maderas El Aleman de General Rodriguez SRL,Ruta 5 KM 55.200 Esquina: Guido Spano,01557AKC,Hector Collia,150,1.05,150,10,3614.26,4373.24,0,0,0,21,0,0,0,0,0,340.35,002200006970,S,Factura de Venta
20170904,16005687,Plafal SRL,Manuel A. Saenz y Acceso Norte,01557ARC,Leandro Diaz,1300,13,1300,65,20427.68,24717.5,0,0,0,30,20,0,0,0,0,1953.04,002200006976,S,Factura de Venta
20170904,16005773,Metales Dibo SA,Maza Norte 3536,01558ECC,Leandro Diaz,3260,32.6,3260,163,70579,85400.58,0,0,0,0,0,0,0,0,0,63965.42,002200006972,S,Factura de Venta
20170904,16005773,Metales Dibo SA,Maza Norte 3536,01558ECC,Leandro Diaz,1740,17.4,1740,87,37671,45581.92,0,0,0,0,0,0,0,0,0,34141.05,002200006975,S,Factura de Venta
20170904,03005896,Cela Ricardo,Jose Hernández 6136,01658DC,Fernando Palmas,40,1.2,40,0,2441.2,2953.85,0,0,0,0,0,0,0,0,0,1570.4,002200006948,N,Factura de Venta
20170904,03005896,Cela Ricardo,Jose Hernández 6136,01654DC,Fernando Palmas,40,0.8,40,0,1597.2,1932.61,0,0,0,0,0,0,0,0,0,1033.6,002200006948,N,Factura de Venta
20170904,07005677,Iron Pack SRL,Monseñor Marcon 3976 (Ex Pichincha),01525F,Meier,848,8.48,848,0,14823.04,17935.88,0,0,5,0,0,0,0,0,0,27478.01,002200006966,S,Factura de Venta
20170904,07003437,Corralon Racca SRL,,04C00898,Natali Plasticos (Vta Directa),1,0,0,1,3.3,3.3,0,0,0,0,0,0,0,0,0,,000000011101,,Débito (Ajustes)
20170904,99088888,Ventas Contado,,04C00898,Isolant SA,1,0,0,1,0.02,0.02,0,0,0,0,0,0,0,0,0,,000000000218,,Débito (Ajustes)
20170904,29002554,Perkusic Hnos SRL,,01IN,Hector Collia,-1,0,0,-1,-2442.59,-2955.53,0,0,0,0,0,0,0,0,0,,001300000305,N,Crédito de Venta
20170904,01004760,Alfa y Omega Interiores S.R.L.,,04C00898,Pastore Pablo,1,0,0,1,0.39,0.39,0,0,0,0,0,0,0,0,0,,000000011102,,Débito (Ajustes)

