﻿FechaTxt,Codigo_Cliente,Cliente,EntDir,Codigo_Articulo,Vendedor,cantidad,Mts3,Mts2,Rollos,Importe_Bruto,Importe_Neto,Dto_Contado,Dto_Flete,Dto_Especial,Bonificacion,Desc_Adicional,cantidad_elaborada,m2_ocupados,costo_unitario,costo_total_stock,Costo_de_venta
20161011,03003886,Indoterm SA,San Lorenzo 4558,01857A,Levy,5,2.5,125,5,30726.42,37178.97,0,0,0,21,0,0,0,0,0,0
20161011,04005551,Armado y Montado SA,Irigoyen 668,01555M,Ventas Buenos Aires,30,4.5,600,30,28455.3,34430.91,0,0,0,21,12,0,0,0,0,0
20161011,04005551,Armado y Montado SA,Irigoyen 668,01555MA,Ventas Buenos Aires,4,0.6,80,4,0.4,0.48,0,0,0,0,0,0,0,0,0,0
20161011,04005551,Armado y Montado SA,Irigoyen 668,01555A,Ventas Buenos Aires,50,5,1000,50,20440.27,24732.73,0,0,0,21,12,0,0,0,0,0
20161011,04005551,Armado y Montado SA,Irigoyen 668,01555C,Ventas Buenos Aires,6,0.6,120,6,0.6,0.73,0,0,0,0,0,0,0,0,0,0
20161011,04005551,Armado y Montado SA,Irigoyen 668,01557A,Ventas Buenos Aires,75,15,1500,75,46821.2,56653.65,0,0,0,21,12,0,0,0,0,0
20161011,04005551,Armado y Montado SA,Irigoyen 668,01557C,Ventas Buenos Aires,9,1.8,180,9,0.9,1.09,0,0,0,0,0,0,0,0,0,0
20161011,04005551,Armado y Montado SA,Irigoyen 668,01555AK,Ventas Buenos Aires,25,1.125,375,25,5275,6382.75,0,0,0,21,12,0,0,0,0,0
20161011,04005551,Armado y Montado SA,Irigoyen 668,01557AK,Ventas Buenos Aires,25,2.625,375,25,8114.37,9818.39,0,0,0,21,12,0,0,0,0,0
20161011,24002500,Santa Fe Materiales SA,Blas Parera 7730,01557A,Meier,45,9,900,45,30646.6,37082.39,0,0,0,21,4,0,0,0,0,0
20161011,24002500,Santa Fe Materiales SA,Blas Parera 7730,01557C,Meier,6,1.2,120,6,0.6,0.73,0,0,0,0,0,0,0,0,0,0
20161011,01005292,Adamant SRL,,04C00291,Isolant SI,1,0,0,1,4420,4420,0,0,0,0,0,0,0,0,0,0
20161011,07003912,Masider SA,,04C00291,Meier,1,0,0,1,2000,2000,0,0,0,0,0,0,0,0,0,0
20161011,03001313,Prokrete Argentina SA,,04C00291,Esteban Bergamaschi,1,0,0,1,7739,7739,0,0,0,0,0,0,0,0,0,0
20161011,28002335,TUBACERO S.A.,Coronel Raiz 949,01550A,Fernando Palmas,40,1.6,800,40,5772,5772,0,0,0,0,0,0,0,0,0,0
20161011,28002335,TUBACERO S.A.,Coronel Raiz 949,01551A,Fernando Palmas,70,7,1400,70,17629.5,17629.5,0,0,0,0,0,0,0,0,0,0
20161011,28002335,TUBACERO S.A.,Coronel Raiz 949,01555A,Fernando Palmas,255,25.5,5100,255,84111.75,84111.75,0,0,0,0,0,0,0,0,0,0
20161011,28002335,TUBACERO S.A.,Coronel Raiz 949,01557A,Fernando Palmas,158,31.6,3160,158,86125.8,86125.8,0,0,0,0,0,0,0,0,0,0
20161011,28002335,TUBACERO S.A.,Coronel Raiz 949,01901A,Fernando Palmas,3,0.23562,0,3,2583,2583,0,0,0,0,0,0,0,0,0,0
20161011,02002269,Latintec SRL,Poligono Industrial de Berisso: Montevideo y N. York,01524DC,Fernando Palmas,1925,19.25,1925,0,56450.63,68305.26,0,0,0,25,0,0,0,0,0,0
20161011,01000512,Industrial Belgrano SA,Condarco 1481,01765C,Levy,2,0.11762,0,2,1726.66,2089.25,0,0,0,21,0,0,0,0,0,0
20161011,01000512,Industrial Belgrano SA,Condarco 1481,01766C,Levy,9,0.44784,0,9,6278.34,7596.8,0,0,0,21,0,0,0,0,0,0
20161011,01000512,Industrial Belgrano SA,Condarco 1481,01771C,Levy,10,0.475,0,10,6342.75,7674.73,0,0,0,21,0,0,0,0,0,0
20161011,04005714,Vernay Walter,Caferata 5889,01772AB,Fernando Palmas,10,1.8944,0,10,9831.8,11896.48,0,0,0,50,0,0,0,0,0,0
20161011,04005714,Vernay Walter,Caferata 5889,01772AD,Fernando Palmas,10,1.8944,0,10,9831.8,11896.48,0,0,0,50,0,0,0,0,0,0
20161011,29000465,Constanzo Oscar Raul,,04C00898,Disapla,1,0,0,1,0.46,0.46,0,0,0,0,0,0,0,0,0,0
20161011,24002037,Gilli Faudin Luis Vicente,9 De Julio 3537,01957A,Meier,3,0,0,3,0.3,0.36,0,0,0,0,0,0,0,0,0,0
20161011,24002037,Gilli Faudin Luis Vicente,9 De Julio 3537,01557A,Meier,25,5,500,25,17025.89,20601.33,0,0,0,21,4,0,0,0,0,0
20161011,24002037,Gilli Faudin Luis Vicente,9 De Julio 3537,01557C,Meier,3,0.6,60,3,0.3,0.36,0,0,0,0,0,0,0,0,0,0
20161011,24002037,Gilli Faudin Luis Vicente,9 De Julio 3537,01555A,Meier,25,2.5,500,25,11149.24,13490.58,0,0,0,21,4,0,0,0,0,0
20161011,24002037,Gilli Faudin Luis Vicente,9 De Julio 3537,01555C,Meier,3,0.3,60,3,0.3,0.36,0,0,0,0,0,0,0,0,0,0
20161011,24002037,Gilli Faudin Luis Vicente,9 De Julio 3537,01555M,Meier,10,1.5,200,10,10347.38,12520.33,0,0,0,21,4,0,0,0,0,0
20161011,24002037,Gilli Faudin Luis Vicente,9 De Julio 3537,01555MA,Meier,2,0.3,40,2,0.2,0.24,0,0,0,0,0,0,0,0,0,0
20161011,24002895,Gani Sociedad Anonima,Parque Industrial Sauce Viejo - Lote 83,01658ACP,Luis Longo,500,15,500,0,46835,56670.35,0,0,0,0,0,0,0,0,0,0
20161011,03003751,Indupoles Argentina SA,Parque Ind. Campana - Km70 de Panamericana - Lote 12,01501IF,Isolant SI,2400,1.2,2400,0,4344,5256.24,0,0,0,0,0,0,0,0,0,0
20161011,03003751,Indupoles Argentina SA,Parque Ind. Campana - Km70 de Panamericana - Lote 12,01515BE,Isolant SI,9975,49.875,9975,0,133266,161251.86,0,0,0,0,0,0,0,0,0,0
20161011,03003751,Indupoles Argentina SA,Parque Ind. Campana - Km70 de Panamericana - Lote 12,01501IF,Isolant SI,3600,1.8,3600,0,6516,7884.36,0,0,0,0,0,0,0,0,0,0
20161011,24004685,Arce Marcelo Angel,Puerto Argentino 364,01557A,Luis Longo,25,5,500,25,17025.89,20601.33,0,0,0,21,4,0,0,0,0,0
20161011,24004685,Arce Marcelo Angel,Puerto Argentino 364,01557C,Luis Longo,3,0.6,60,3,0.3,0.36,0,0,0,0,0,0,0,0,0,0
20161011,24004685,Arce Marcelo Angel,Puerto Argentino 364,01555A,Luis Longo,25,2.5,500,25,11149.24,13490.58,0,0,0,21,4,0,0,0,0,0
20161011,24004685,Arce Marcelo Angel,Puerto Argentino 364,01555C,Luis Longo,3,0.3,60,3,0.3,0.36,0,0,0,0,0,0,0,0,0,0
20161011,24001540,Aserraderos SRL,Santa Fe S/N- Puerto Santa Fe 0,01568BC,Meier,500,5,500,25,26465,32022.64,0,0,0,21,0,0,0,0,0,0
20161011,16004704,Cimet S.A.,,04C00898,Leandro Diaz,1,0,0,1,0.04,0.04,0,0,0,0,0,0,0,0,0,0
20161011,03005646,Lobeca SA,"Estanislao Lopez Km 55,400",01504CC,Fernando Palmas,1500,1.5,1500,0,8667,10487.07,0,0,0,10,0,0,0,0,0,0
20161011,03001251,Lopez Aurelio y Yomayel Dergio Raul S.H.,Av. Santa Fe 2277,01957AA,Levy,1,0,0,1,0.1,0.12,0,0,0,0,0,0,0,0,0,0
20161011,03001251,Lopez Aurelio y Yomayel Dergio Raul S.H.,Av. Santa Fe 2277,01700A,Levy,10,1.2,0,10,5617.71,6797.43,0,0,0,30,0,0,0,0,0,0
20161011,24002037,Gilli Faudin Luis Vicente,9 De Julio 3537,01555M,Meier,5,0.75,100,5,5173.69,6260.17,0,0,0,21,4,0,0,0,0,0
20161011,24001069,Renk Gerardo Augusto,Av. De Los Colonizadores 1139,01912B,Diego Fani,3,0.63,0,3,2296.44,2778.69,0,0,0,0,0,0,0,0,0,0
20161011,24001069,Renk Gerardo Augusto,Av. De Los Colonizadores 1139,01508CC,Diego Fani,300,0.6,300,300,1783.8,2158.4,0,0,0,40,0,0,0,0,0,0
20161011,24001069,Renk Gerardo Augusto,Av. De Los Colonizadores 1139,01504CC,Diego Fani,600,0.6,600,0,2311.2,2796.55,0,0,0,40,0,0,0,0,0,0
20161011,24001540,Aserraderos SRL,,04C00291,Meier,1,0,0,1,15325,15325,0,0,0,0,0,0,0,0,0,0
20161011,24001540,Aserraderos SRL,,04C00205,Meier,1,0,0,1,12,12,0,0,0,0,0,0,0,0,0,0
20161011,29000227,Moreno Alfredo German,Andres Baranda 329,01764A,Isolant SA,30,1.555092,0,30,6472.51,7831.73,0,0,0,59,0,0,0,0,0,0
20161011,29000227,Moreno Alfredo German,Andres Baranda 329,01765A,Isolant SA,30,1.395,0,30,5858.49,7088.77,0,0,0,59,0,0,0,0,0,0
20161011,29000227,Moreno Alfredo German,Andres Baranda 329,01767A,Isolant SA,20,0.848232,0,20,3456.22,4182.02,0,0,0,59,0,0,0,0,0,0
20161011,29000227,Moreno Alfredo German,Andres Baranda 329,01769A,Isolant SA,5,0.166505,0,5,809.63,979.65,0,0,0,59,0,0,0,0,0,0
20161011,24001540,Aserraderos SRL,,04C00291,Meier,1,0,0,1,15325,15325,0,0,0,0,0,0,0,0,0,0
20161011,24001540,Aserraderos SRL,,04C00205,Meier,1,0,0,1,12,12,0,0,0,0,0,0,0,0,0,0
20161011,01005292,Adamant SRL,Paysandu 923 (entre Crisologo Larralde y Lucena),01514D,Isolant SI,2250,11.25,2250,2250,16852.5,20391.52,0,0,0,0,0,0,0,0,0,0
20161011,01005292,Adamant SRL,Paysandu 923 (entre Crisologo Larralde y Lucena),01514DC,Isolant SI,1140,5.7,1140,1140,8538.6,10331.71,0,0,0,0,0,0,0,0,0,0
20161011,01005292,Adamant SRL,Paysandu 923 (entre Crisologo Larralde y Lucena),01500BC,Isolant SI,18720,9.36,18720,0,27892.8,33750.29,0,0,0,0,0,0,0,0,0,0
20161011,01005292,Adamant SRL,Paysandu 923 (entre Crisologo Larralde y Lucena),01662ACP,Isolant SI,300,12,300,0,31239,37799.19,0,0,0,0,0,0,0,0,0,0
20161011,01005292,Adamant SRL,Paysandu 923 (entre Crisologo Larralde y Lucena),01507E,Isolant SI,3000,4.5,3000,0,17790,21525.9,0,0,0,0,0,0,0,0,0,0
20161011,01005292,Adamant SRL,Paysandu 923 (entre Crisologo Larralde y Lucena),01650AC,Isolant SI,375,3.75,375,0,8250,9982.5,0,0,0,0,0,0,0,0,0,0
20161011,01005292,Adamant SRL,Paysandu 923 (entre Crisologo Larralde y Lucena),01666ACP,Isolant SI,160,8,160,0,20464,24761.44,0,0,0,0,0,0,0,0,0,0
20161011,01005292,Adamant SRL,,04C00898,Isolant SI,1,0,0,1,1.65,1.65,0,0,0,0,0,0,0,0,0,0
20161011,17005208,Strieder Luciano,Ruta Nacional 12 y Andres Guacurari,01568B,Disapla,1350,13.5,1350,67.5,68617.76,83027.49,0,0,4,21,0,0,0,0,0,0
20161011,17005208,Strieder Luciano,Ruta Nacional 12 y Andres Guacurari,01960DA,Disapla,7,0,0,7,17096.83,20687.17,0,0,4,21,0,0,0,0,0,0
20161011,01003479,BP Instalaciones SA,Salcedo 2831,01851A,Levy,12,3,300,12,10746.05,13002.73,0,0,0,21,0,0,0,0,0,0
20161011,14005049,Zoppo Gustavo Marcelo y Zoppo Raul Horacio Sociedad de Hecho,Calle 12 N° 75 Norte,01957A,Disapla,1,0,0,1,0.1,0.12,0,0,0,0,0,0,0,0,0,0
20161011,14005049,Zoppo Gustavo Marcelo y Zoppo Raul Horacio Sociedad de Hecho,Calle 12 N° 75 Norte,01550A,Disapla,20,0.8,400,20,3792.79,4589.28,0,0,0,21,0,0,0,0,0,0
20161011,14005049,Zoppo Gustavo Marcelo y Zoppo Raul Horacio Sociedad de Hecho,Calle 12 N° 75 Norte,01555M,Disapla,15,2.25,300,15,16167.78,19563.02,0,0,0,21,0,0,0,0,0,0
20161011,14005049,Zoppo Gustavo Marcelo y Zoppo Raul Horacio Sociedad de Hecho,Calle 12 N° 75 Norte,01555MA,Disapla,2,0.3,40,2,0.2,0.24,0,0,0,0,0,0,0,0,0,0
20161011,07004336,Maconta S.R.L.,Av. Colon 542,01603BD,Meier,1000,2,1000,40,7476,9045.96,0,0,0,30,0,0,0,0,0,0

