﻿FechaTxt,Codigo_Cliente,Cliente,EntDir,Codigo_Articulo,Vendedor,cantidad,Mts3,Mts2,Rollos,Importe_Bruto,Importe_Neto,Dto_Contado,Dto_Flete,Dto_Especial,Bonificacion,Desc_Adicional,cantidad_elaborada,m2_ocupados,costo_unitario,costo_total_stock,Costo_de_venta
20161102,09003128,Obrar Sociedad Anonima,Av. Hernandarias 1485,01551I,Ind Saladillo Chaco,2,0.2,40,2,466.13,564.01,0,0,0,17,0,0,0,0,0,0
20161102,16005658,Majul Ariel Horacio,Av. Sarmiento 856,01558ESC,Leandro Diaz,2700,27,2700,135,54552.96,66009.08,0,0,0,30,12,0,0,0,0,0
20161102,03000023,Industrias Saladillo SA,IS.SA. Planta Pilar,01778BA,Isolant SI,33,0.8086485,0,33,5313.66,6429.53,0,0,0,0,0,0,0,0,0,0
20161102,03000023,Industrias Saladillo SA,IS.SA. Planta Pilar,01788B,Isolant SI,17,0.40052,0,17,1383.46,1673.99,0,0,0,0,0,0,0,0,0,0
20161102,03000023,Industrias Saladillo SA,IS.SA. Planta Pilar,01781B,Isolant SI,36,1.4112,0,36,3534.12,4276.29,0,0,0,0,0,0,0,0,0,0
20161102,03000023,Industrias Saladillo SA,IS.SA. Planta Pilar,01776BA,Isolant SI,69,1.9509336,0,69,11767.95,14239.22,0,0,0,0,0,0,0,0,0,0
20161102,03000023,Industrias Saladillo SA,IS.SA. Planta Pilar,01788B,Isolant SI,17,0.40052,0,17,1383.46,1673.99,0,0,0,0,0,0,0,0,0,0
20161102,03000023,Industrias Saladillo SA,IS.SA. Planta Pilar,01781B,Isolant SI,36,1.4112,0,36,3534.12,4276.29,0,0,0,0,0,0,0,0,0,0
20161102,03000023,Industrias Saladillo SA,IS.SA. Planta Pilar,01788B,Isolant SI,17,0.40052,0,17,1383.46,1673.99,0,0,0,0,0,0,0,0,0,0
20161102,03000023,Industrias Saladillo SA,IS.SA. Planta Pilar,01781B,Isolant SI,28,1.0976,0,28,2748.76,3326,0,0,0,0,0,0,0,0,0,0
20161102,01000452,Caffaro Hnos Sociedad de Responsabilidad Limitada,Martin Rodriguez 1433,01950F,Isolant SI,3,0.685795572,0,3,1479.6,1790.32,0,0,0,0,0,0,0,0,0,0
20161102,01000452,Caffaro Hnos Sociedad de Responsabilidad Limitada,Martin Rodriguez 1433,01950F,Isolant SI,237,54.177850188,0,237,116888.4,141434.96,0,0,0,0,0,0,0,0,0,0
20161102,03000023,Industrias Saladillo SA,IS.SA. Planta Pilar,01776BB,Isolant SI,6,0.44108064,0,6,2747.1,3323.99,0,0,0,0,0,0,0,0,0,0
20161102,03000023,Industrias Saladillo SA,IS.SA. Planta Pilar,01776BB,Isolant SI,5,0.3675672,0,5,2289.25,2769.99,0,0,0,0,0,0,0,0,0,0
20161102,03000023,Industrias Saladillo SA,IS.SA. Planta Pilar,01777B,Isolant SI,46,1.2282,0,46,4705.8,5694.02,0,0,0,0,0,0,0,0,0,0
20161102,28003763,GAMOREL S.A.,,04C00624,Isolant SI,1,0,0,1,4806,4806,0,0,0,0,0,0,0,0,0,0
20161102,04005689,Polifoam SRL,Alte. Brown 3985,01765A,Isolant SI,18,0.837,0,18,3015.9,3649.24,0,0,0,0,0,0,0,0,0,0
20161102,04005689,Polifoam SRL,Alte. Brown 3985,01762A,Isolant SI,18,0.91602,0,18,3318.66,4015.58,0,0,0,0,0,0,0,0,0,0
20161102,04005689,Polifoam SRL,Alte. Brown 3985,01767A,Isolant SI,12,0.5089392,0,12,1742.64,2108.59,0,0,0,0,0,0,0,0,0,0
20161102,04005689,Polifoam SRL,Alte. Brown 3985,01650DC,Isolant SI,200,2,200,0,6939.9,8397.28,0,0,0,45,0,0,0,0,0,0
20161102,03004764,Gutkoski Antenor Jose,Av. Juan M. Rosas 2034,01957A,Levy,1,0,0,1,0.2,0.24,0,0,0,0,0,0,0,0,0,0
20161102,03004764,Gutkoski Antenor Jose,Av. Juan M. Rosas 2034,01555MC,Levy,300,2.25,300,15,16177.62,19574.92,0,0,0,21,0,0,0,0,0,0
20161102,03004764,Gutkoski Antenor Jose,Av. Juan M. Rosas 2034,01555MA,Levy,2,0.3,40,2,0.4,0.48,0,0,0,0,0,0,0,0,0,0
20161102,03005642,Solis Maria Cecilia,Libertad 1780,01957AA,Esteban Bergamaschi,1,0,0,1,0.1,0.12,0,0,0,0,0,0,0,0,0,0
20161102,03005642,Solis Maria Cecilia,Libertad 1780,01700AC,Esteban Bergamaschi,15,1.8,0,15,9057.31,10959.35,0,0,0,21,0,0,0,0,0,0
20161102,01003860,Ezekop SA,Julian Alvarez 2565,01700A,Luis Ramirez,5,0.6,0,5,2808.85,3398.71,0,0,0,30,0,0,0,0,0,0
20161102,01003860,Ezekop SA,Julian Alvarez 2565,01603B,Luis Ramirez,20,1,500,20,3741.22,4526.88,0,0,0,30,0,0,0,0,0,0
20161102,28004412,INSULEX S.A.C.,"Av. Los Forestales, Mz. F Lote 5, Almacén B-2, Villa El Salvador",01558BI,Isolant SI,400,80,8000,400,220520,220520,0,0,0,0,0,0,0,0,0,0
20161102,04003131,Maderera Mitre SA,Av Mitre 4144,01957AA,Esteban Bergamaschi,1,0,0,1,0.1,0.12,0,0,0,0,0,0,0,0,0,0
20161102,04003131,Maderera Mitre SA,Av Mitre 4144,01555A,Esteban Bergamaschi,5,0.5,100,5,2322.76,2810.54,0,0,0,21,0,0,0,0,0,0
20161102,04003131,Maderera Mitre SA,Av Mitre 4144,01557A,Esteban Bergamaschi,5,1,100,5,3547.06,4291.94,0,0,0,21,0,0,0,0,0,0
20161102,04003131,Maderera Mitre SA,Av Mitre 4144,01603B,Esteban Bergamaschi,30,1.5,750,30,5611.83,6790.31,0,0,0,30,0,0,0,0,0,0
20161102,30005033,Sanitarios Trenque Lauquen SA,Carmen Granadas 1755,01555M,Hector Collia,15,2.25,300,15,16167.78,19563.02,0,0,0,21,0,0,0,0,0,0
20161102,30005033,Sanitarios Trenque Lauquen SA,Carmen Granadas 1755,01555MA,Hector Collia,2,0.3,40,2,0.2,0.24,0,0,0,0,0,0,0,0,0,0
20161102,08000851,Cemborain Lorena Alejandra,Pedro Ferre 440,01557A,Victor Casañas,11,2.2,220,11,7803.53,9442.28,0,0,0,21,0,0,0,0,0,0
20161102,08000851,Cemborain Lorena Alejandra,Pedro Ferre 440,01957A,Victor Casañas,1,0,0,1,0.1,0.12,0,0,0,0,0,0,0,0,0,0
20161102,24000055,Impack SA,Galvez 1544,01514DC,Luis Longo,240,1.2,240,240,2116.8,2561.33,0,0,0,0,0,0,0,0,0,0
20161102,24001793,Amiano S.A.,Av. Circunvalacion 384,01557A,Diego Fani,75,15,1500,75,46821.2,56653.65,0,0,0,21,12,0,0,0,0,0
20161102,24001793,Amiano S.A.,Av. Circunvalacion 384,01557C,Diego Fani,9,1.8,180,9,0.9,1.09,0,0,0,0,0,0,0,0,0,0
20161102,24001793,Amiano S.A.,Av. Circunvalacion 384,01555A,Diego Fani,25,2.5,500,25,10220.14,12366.36,0,0,0,21,12,0,0,0,0,0
20161102,24001793,Amiano S.A.,Av. Circunvalacion 384,01555C,Diego Fani,3,0.3,60,3,0.3,0.36,0,0,0,0,0,0,0,0,0,0
20161102,24001793,Amiano S.A.,Av. Circunvalacion 384,01555M,Diego Fani,60,9,1200,60,56910.6,68861.83,0,0,0,21,12,0,0,0,0,0
20161102,24001793,Amiano S.A.,Av. Circunvalacion 384,01555MA,Diego Fani,8,1.2,160,8,0.8,0.97,0,0,0,0,0,0,0,0,0,0
20161102,24002195,Prado Hector Roque,Prbo. Daniel Segundo 931,01957A,Diego Fani,1,0,0,1,0.1,0.12,0,0,0,0,0,0,0,0,0,0
20161102,24002195,Prado Hector Roque,Prbo. Daniel Segundo 931,01603AC,Diego Fani,40,2,1000,40,22348.78,27042.02,0,0,0,21,0,0,0,0,0,0
20161102,99001808,Estudio Wagg SA,Armenia 3263,01504CC,Esteban Bergamaschi,4500,4.5,4500,0,17334,20974.14,0,0,0,40,0,0,0,0,0,0
20161102,03003063,Divano Y Villar SRL,Av. Mitre 2898,01761C,Levy,1,0.08482,0,1,946.37,1145.11,0,0,0,21,0,0,0,0,0,0
20161102,03003063,Divano Y Villar SRL,Av. Mitre 2898,01763C,Levy,1,0.06032,0,1,865.56,1047.32,0,0,0,21,0,0,0,0,0,0
20161102,03003063,Divano Y Villar SRL,Av. Mitre 2898,01764C,Levy,1,0.06597,0,1,975.29,1180.1,0,0,0,21,0,0,0,0,0,0
20161102,01002018,Zanet SA,Erezcano 3021/35,01504BCC,Fernando Palmas,3360,3.36,3360,0,13608,16465.68,0,0,0,0,0,0,0,0,0,0
20161102,01002018,Zanet SA,Erezcano 3021/35,01508F,Fernando Palmas,1300,2.6,1300,0,8502,10287.42,0,0,0,0,0,0,0,0,0,0
20161102,24002684,Centro De Chapas Rosario SA,Bv. Oroño 4190,01558ESC,Diego Fani,400,4,400,20,9535.62,11538.1,0,0,0,21,8,0,0,0,0,0
20161102,24002684,Centro De Chapas Rosario SA,Bv. Oroño 4190,01555EDC,Diego Fani,780,3.9,780,39,19195.36,23226.4,0,0,0,21,8,0,0,0,0,0
20161102,24002684,Centro De Chapas Rosario SA,Bv. Oroño 4190,01557AKC,Diego Fani,1200,8.4,1200,80,27141.62,32841.36,0,0,0,21,8,0,0,0,0,0
20161102,03003349,Homps Jorge Eduardo,Monteagudo 2865,01551I,Esteban Bergamaschi,10,1,200,10,1965.6,2378.38,0,0,0,30,0,0,0,0,0,0
20161102,03003349,Homps Jorge Eduardo,Monteagudo 2865,01524DC,Esteban Bergamaschi,125,1.25,125,0,3421.25,4139.71,0,0,0,30,0,0,0,0,0,0
20161102,01001217,Diamore SA,Av. Cobo 1516/18,01713A,Luis Ramirez,10,0.1846,10,0,4835.99,5851.54,0,0,0,21,0,0,0,0,0,0
20161102,03000023,Industrias Saladillo SA,IS.SA. Planta Pilar,01525AH,Isolant SI,2180,21.8,2180,0,34356.8,41571.73,0,0,0,0,0,0,0,0,0,0
20161102,24002684,Centro De Chapas Rosario SA,,04C00898,Diego Fani,1,0,0,1,1.27,1.27,0,0,0,0,0,0,0,0,0,0
20161102,04000007,Disapla S.A.,,04C00291,Isolant SA,1,0,0,1,10000,10000,0,0,0,0,0,0,0,0,0,0
20161102,17004145,De Freitas Waldemar,Dr. Fechter S/N - Barrio San Marcos,01957A,Victor Casañas,1,0,0,1,0.1,0.12,0,0,2,0,0,0,0,0,0,0
20161102,17004145,De Freitas Waldemar,Dr. Fechter S/N - Barrio San Marcos,01558BC,Victor Casañas,10,2,200,10,10901.92,13191.32,0,0,2,17,0,0,0,0,0,0
20161102,08004190,Ferru SRL,Entre Rios 871,01957A,Ind Saladillo Chaco,1,0,0,1,0.1,0.12,0,0,0,0,0,0,0,0,0,0
20161102,08004190,Ferru SRL,Entre Rios 871,01550A,Ind Saladillo Chaco,10,0.4,200,10,1912.72,2314.39,0,0,0,17,4,0,0,0,0,0
20161102,08004190,Ferru SRL,Entre Rios 871,01551A,Ind Saladillo Chaco,20,2,400,20,7463.31,9030.6,0,0,0,17,4,0,0,0,0,0
20161102,08004190,Ferru SRL,Entre Rios 871,01557A,Ind Saladillo Chaco,30,6,600,30,21465.55,25973.32,0,0,0,17,4,0,0,0,0,0
20161102,08004190,Ferru SRL,Entre Rios 871,01557C,Ind Saladillo Chaco,3,0.6,60,3,0.3,0.36,0,0,0,0,0,0,0,0,0,0
20161102,09004624,Comercial Industrial Agropecuaria Lange SA,Ruta 11 km. 1006,01555AK,Ind Saladillo Chaco,3,0.135,45,3,755.74,914.45,0,0,0,17,0,0,0,0,0,0
20161102,09003608,Golemba Joel Dario,Av. Alvear 1055,01555AK,Ind Saladillo Chaco,10,0.45,150,10,2519.13,3048.15,0,0,0,17,0,0,0,0,0,0
20161102,09004359,AL-FA Cañerias y Accesorios,Rivadavia 316,01557AK,Ind Saladillo Chaco,5,0.525,75,5,1937.55,2344.44,0,0,0,17,0,0,0,0,0,0
20161102,09005283,Sace S.R.L,Mendoza Nº 301,01555A,Ind Saladillo Chaco,6,0.6,120,6,2928.44,3543.41,0,0,0,17,0,0,0,0,0,0
20161102,08003166,Matercor SA,Av. Independencia 3798,01551A,Ind Saladillo Chaco,25,2.5,500,25,9717.85,11758.6,0,0,0,17,0,0,0,0,0,0
20161102,09003821,Caballero Maximo Octavio,Amadeo Bilagoy S/N,01555A,Ind Saladillo Chaco,3,0.3,60,3,1464.22,1771.71,0,0,0,17,0,0,0,0,0,0
20161102,09002438,Suc De Gustavo Lagerheim SA,Ruta 11 Km 1006.5,01603A,Isolant SA,6,0.3,150,6,860.83,1041.6,0,0,0,32.5,0,0,0,0,0,0
20161102,12005377,Casa Trachta SRL,Av. San Martin 698,01554BC,Ind Saladillo Chaco,1,0.1,20,1,834.15,1009.32,0,0,0,17,0,0,0,0,0,0
20161102,12005377,Casa Trachta SRL,Av. San Martin 698,01555A,Ind Saladillo Chaco,1,0.1,20,1,488.07,590.57,0,0,0,17,0,0,0,0,0,0
20161102,09002438,Suc De Gustavo Lagerheim SA,Ruta 11 Km 1006.5,01557A,Isolant SA,1,0.2,20,1,606.14,733.43,0,0,0,32.5,0,0,0,0,0,0

