﻿FechaTxt,Codigo_Cliente,Cliente,EntDir,Codigo_Articulo,Vendedor,cantidad,Mts3,Mts2,Rollos,Importe_Bruto,Importe_Neto,Dto_Contado,Dto_Flete,Dto_Especial,Bonificacion,Desc_Adicional,cantidad_elaborada,m2_ocupados,costo_unitario,costo_total_stock,Costo_de_venta
20170302,02005702,Caps Ram,J. Díaz Solís 3535,01510D,Levy,1600,4.8,1600,1600,17376,21024.96,0,0,0,25,0,0,0,0,0,0
20170302,27002655,Miguel Perez Y Leopoldo Raul Sancho,Mitre 321,01524DC,Pedro Cocaña,250,2.5,250,0,6040.5,7309.01,0,0,0,40,0,0,0,0,0,0
20170302,27002655,Miguel Perez Y Leopoldo Raul Sancho,Mitre 321,01514DE,Pedro Cocaña,150,0.75,150,150,2245.5,2717.05,0,0,0,40,0,0,0,0,0,0
20170302,27002655,Miguel Perez Y Leopoldo Raul Sancho,Mitre 321,01652AC,Pedro Cocaña,50,0.75,50,0,3133.2,3791.17,0,0,0,40,0,0,0,0,0,0
20170302,27002655,Miguel Perez Y Leopoldo Raul Sancho,Mitre 321,01662DQ,Pedro Cocaña,100,4,100,0,15743.4,19049.51,0,0,0,40,0,0,0,0,0,0
20170302,04004740,Tarlon Juan Pablo,Av. San Martin 1550,01552IC,Hector Collia,4000,40,4000,200,71904,87003.84,0,0,0,30,0,0,0,0,0,0
20170302,04001988,Valentini Eduardo Hector,Bme. Mitre 1460,01557AKC,Hector Collia,1500,10.5,1500,100,32279.4,39058.08,0,0,0,21,0,0,0,0,0,0
20170302,03000023,Industrias Saladillo SA,IS.SA. Planta Pilar,01525AH,Isolant SI,940,9.4,940,0,15707.4,19005.95,0,0,0,0,0,0,0,0,0,0
20170302,03000023,Industrias Saladillo SA,IS.SA. Planta Pilar,01777B,Isolant SI,239,6.3813,0,239,25917.16,31359.76,0,0,0,0,0,0,0,0,0,0
20170302,24002684,Centro De Chapas Rosario SA,,04C00898,Diego Fani,1,0,0,1,1.37,1.37,0,0,0,0,0,0,0,0,0,0
20170302,03000023,Industrias Saladillo SA,IS.SA. Planta Pilar,01778BA,Isolant SI,125,3.0630625,0,125,21335,25815.35,0,0,0,0,0,0,0,0,0,0
20170302,03000023,Industrias Saladillo SA,IS.SA. Planta Pilar,01781BA,Isolant SI,33,1.2936,0,33,5316.3,6432.72,0,0,0,0,0,0,0,0,0,0
20170302,03000023,Industrias Saladillo SA,IS.SA. Planta Pilar,01778BA,Isolant SI,41,1.0046845,0,41,6997.88,8467.43,0,0,0,0,0,0,0,0,0,0
20170302,03000023,Industrias Saladillo SA,IS.SA. Planta Pilar,01777B,Isolant SI,58,1.5486,0,58,6289.52,7610.32,0,0,0,0,0,0,0,0,0,0
20170302,03000023,Industrias Saladillo SA,IS.SA. Planta Pilar,01776B,Isolant SI,24,0.6785856,0,24,2844.24,3441.53,0,0,0,0,0,0,0,0,0,0
20170302,03000023,Industrias Saladillo SA,IS.SA. Planta Pilar,01777B,Isolant SI,22,0.5874,0,22,2385.68,2886.67,0,0,0,0,0,0,0,0,0,0
20170302,31000124,Drap Sociedad de Responsabilidad Limitada,Victoriano Montes 2060,01555M,Luis Ramirez,10,1.5,200,10,9550.59,11556.21,0,0,0,30,0,0,0,0,0,0
20170302,31000124,Drap Sociedad de Responsabilidad Limitada,Victoriano Montes 2060,01555MA,Luis Ramirez,1,0.15,20,1,0.1,0.12,0,0,0,0,0,0,0,0,0,0
20170302,31000124,Drap Sociedad de Responsabilidad Limitada,Victoriano Montes 2060,01552I,Luis Ramirez,5,1,200,5,1796.76,2174.08,0,0,0,30,0,0,0,0,0,0
20170302,31000124,Drap Sociedad de Responsabilidad Limitada,Victoriano Montes 2060,01557A,Luis Ramirez,25,5,500,25,15714.82,19014.94,0,0,0,30,0,0,0,0,0,0
20170302,31000124,Drap Sociedad de Responsabilidad Limitada,Victoriano Montes 2060,01557C,Luis Ramirez,3,0.6,60,3,0.3,0.36,0,0,0,0,0,0,0,0,0,0
20170302,03003617,Schmidel Carlos Gaston,"Panamericana km 27,400 ""Todo Maderas""",01957A,Levy,1,0,0,1,0.1,0.12,0,0,0,0,0,0,0,0,0,0
20170302,03003617,Schmidel Carlos Gaston,"Panamericana km 27,400 ""Todo Maderas""",01555MC,Levy,600,4.5,600,30,31061.04,37583.84,0,0,0,21,4,0,0,0,0,0
20170302,03003617,Schmidel Carlos Gaston,"Panamericana km 27,400 ""Todo Maderas""",01555MA,Levy,3,0.45,60,3,0.3,0.36,0,0,0,0,0,0,0,0,0,0
20170302,03003617,Schmidel Carlos Gaston,"Panamericana km 27,400 ""Todo Maderas""",01559AA,Levy,500,5,500,25,17026.08,20601.56,0,0,0,21,4,0,0,0,0,0
20170302,03003617,Schmidel Carlos Gaston,"Panamericana km 27,400 ""Todo Maderas""",01557C,Levy,3,0.6,60,3,0.3,0.36,0,0,0,0,0,0,0,0,0,0
20170302,24005846,Corralon Dellasanta S.A,,04C00898,Diego Fani,1,0,0,1,12.31,12.31,0,0,0,0,0,0,0,0,0,0
20170302,24001793,Amiano S.A.,Av. San Martin 4349,01557A,Diego Fani,100,20,2000,100,62428.26,75538.2,0,0,0,21,12,0,0,0,0,0
20170302,24001793,Amiano S.A.,Av. San Martin 4349,01557C,Diego Fani,12,2.4,240,12,1.2,1.45,0,0,0,0,0,0,0,0,0,0
20170302,24001793,Amiano S.A.,Av. San Martin 4349,01555M,Diego Fani,50,7.5,1000,50,47425.5,57384.86,0,0,0,21,12,0,0,0,0,0
20170302,24001793,Amiano S.A.,Av. San Martin 4349,01555MA,Diego Fani,5,0.75,100,5,0.5,0.61,0,0,0,0,0,0,0,0,0,0
20170302,04004551,Jose Caserta e Hijos SA,Av. Julio A. Roca 211,01555A,Hector Collia,25,2.5,500,25,11613.79,14052.69,0,0,0,21,0,0,0,0,0,0
20170302,04004551,Jose Caserta e Hijos SA,Av. Julio A. Roca 211,01555C,Hector Collia,3,0.3,60,3,0.3,0.36,0,0,0,0,0,0,0,0,0,0
20170302,03000357,Laboratorios Valmax SA,Sub Perdomo 1619,01507VK,Isolant SI,2400,3.6,2400,0,12216,14781.36,0,0,0,0,0,0,0,0,0,0
20170302,03000357,Laboratorios Valmax SA,Sub Perdomo 1619,01507VC,Isolant SI,1680,2.52,1680,0,8551.2,10346.95,0,0,0,0,0,0,0,0,0,0
20170302,03000357,Laboratorios Valmax SA,Sub Perdomo 1619,01507VM,Isolant SI,6000,9,6000,0,30540,36953.4,0,0,0,0,0,0,0,0,0,0
20170302,03000023,Industrias Saladillo SA,IS.SA. Planta Pilar,01525AH,Isolant SI,780,7.8,780,0,13033.8,15770.9,0,0,0,0,0,0,0,0,0,0
20170302,24005795,Foam Plus SRL,Domingo Victor Cochet 496,01568CBC,Diego Fani,600,6,600,30,18072.26,21867.44,0,3,0,30,0,0,0,0,0,0
20170302,17002355,Ceramica Obera SRL,,04C00898,Ind Saladillo Chaco,1,0,0,1,166.45,166.45,0,0,0,0,0,0,0,0,0,0
20170302,08003085,Gomez Jose Nazario,,04C00898,Ind Saladillo Chaco,1,0,0,1,1,1,0,0,0,0,0,0,0,0,0,0
20170302,31001470,Sierramat SRL,,04C00898,Ventas Buenos Aires,1,0,0,1,8.41,8.41,0,0,0,0,0,0,0,0,0,0
20170302,28002335,TUBACERO S.A.,Coronel Raiz 949,01504AC,Fernando Palmas,7800,7.8,7800,0,16005.6,16005.6,0,0,0,0,0,0,0,0,0,0
20170302,28002335,TUBACERO S.A.,Coronel Raiz 949,01508DB,Fernando Palmas,8100,16.2,8100,0,24624,24624,0,0,0,0,0,0,0,0,0,0
20170302,28002335,TUBACERO S.A.,Coronel Raiz 949,01514DA,Fernando Palmas,4200,21,4200,4200,28089.6,28089.6,0,0,0,0,0,0,0,0,0,0
20170302,28002335,TUBACERO S.A.,Coronel Raiz 949,01524DC,Fernando Palmas,2100,21,2100,0,32749.92,32749.92,0,0,0,0,0,0,0,0,0,0
20170302,24002684,Centro De Chapas Rosario SA,Bv. Oroño 4190,01557ARC,Diego Fani,2400,24,2400,120,43148.16,52209.28,0,0,0,25,12,0,0,0,0,0
20170302,24000215,Emcisa SRL,Pte. Roca 3108,01854B,Meier,1,0.25,25,1,1157.87,1401.02,0,0,0,30,0,0,0,0,0,0
20170302,24000215,Emcisa SRL,Pte. Roca 3108,01555A,Meier,10,1,200,10,4273.87,5171.39,0,0,0,21,8,0,0,0,0,0
20170302,24000215,Emcisa SRL,Pte. Roca 3108,01905A,Meier,1,0.07118,0,1,698.86,845.62,0,0,0,21,0,0,0,0,0,0
20170302,24000215,Emcisa SRL,Pte. Roca 3108,01854B,Meier,4,1,100,4,4631.48,5604.09,0,0,0,30,0,0,0,0,0,0
20170302,24003241,Orso Marcelo Ariel,Ruta 8 y G. Dimmer,01957A,Natali Plasticos (Vta Directa),1,0,0,1,0.1,0.12,0,0,0,0,0,0,0,0,0,0
20170302,24003241,Orso Marcelo Ariel,Ruta 8 y G. Dimmer,01557A,Natali Plasticos (Vta Directa),50,10,1000,50,34051.78,41202.65,0,0,0,21,4,0,0,0,0,0
20170302,24003241,Orso Marcelo Ariel,Ruta 8 y G. Dimmer,01557C,Natali Plasticos (Vta Directa),6,1.2,120,6,0.6,0.73,0,0,0,0,0,0,0,0,0,0
20170302,02003030,Curia SACI,Av. Hipolito Yrigoyen 1101,01555M,Levy,20,3,400,20,21557.05,26084.03,0,0,0,21,0,0,0,0,0,0
20170302,02003030,Curia SACI,Av. Hipolito Yrigoyen 1101,01555MA,Levy,2,0.3,40,2,0.2,0.24,0,0,0,0,0,0,0,0,0,0
20170302,02003030,Curia SACI,Av. Hipolito Yrigoyen 1101,01957A,Levy,2,0,0,2,0.2,0.24,0,0,0,0,0,0,0,0,0,0
20170302,24005610,Pivin Gabriel Dario,Lisandro de la torre 2574/78,01603AC,Meier,18,0.9,450,18,4722.98,5714.81,0,0,0,30,0,0,0,0,0,0
20170302,24005610,Pivin Gabriel Dario,Lisandro de la torre 2574/78,01700A,Meier,2,0.24,0,2,1190.95,1441.05,0,0,0,30,0,0,0,0,0,0
20170302,24005846,Corralon Dellasanta S.A,Monteagudo 249,01558ESC,Diego Fani,2000,20,2000,100,36329.22,43958.36,0,3,0,30,12,0,0,0,0,0
20170302,24005846,Corralon Dellasanta S.A,Monteagudo 249,01558ECC,Diego Fani,1400,14,1400,70,33578.24,40629.66,0,3,0,30,12,0,0,0,0,0
20170302,24005846,Corralon Dellasanta S.A,Monteagudo 249,01555ECC,Diego Fani,2000,10,2000,100,24785.12,29990,0,3,0,30,12,0,0,0,0,0

