﻿FechaTxt,Codigo_Cliente,Cliente,EntDir,Codigo_Articulo,Vendedor,cantidad,Mts3,Mts2,Rollos,Importe_Bruto,Importe_Neto,Dto_Contado,Dto_Flete,Dto_Especial,Bonificacion,Desc_Adicional,cantidad_elaborada,m2_ocupados,costo_unitario,costo_total_stock,Costo_de_venta
20170103,01000452,Caffaro Hnos Sociedad de Responsabilidad Limitada,,04C00291,Isolant SI,1,0,0,1,150000,150000,0,0,0,0,0,0,0,0,0,0
20170103,03004746,Das Dach S.A.,,04C01203,Isolant SA,1,0,0,1,16000,17680,0,0,0,0,0,0,0,0,0,0
20170103,03004746,Das Dach S.A.,,04C01203,Isolant SA,1,0,0,1,16000,17680,0,0,0,0,0,0,0,0,0,0
20170103,16003448,Tapicenter SA,,01IN,Leandro Diaz,-1,0,0,-1,-1111.76,-1345.23,0,0,0,0,0,0,0,0,0,0
20170103,03005796,Bardon Gisela,,01IN,Levy,-1,0,0,-1,-162.12,-196.16,0,0,0,0,0,0,0,0,0,0
20170103,16005442,LAFE SRL,,04C00898,Leandro Diaz,1,0,0,1,0.53,0.53,0,0,0,0,0,0,0,0,0,0
20170103,03003300,Aserradero Vagol SRL,Av. San Martin 1188,01957A,Esteban Bergamaschi,1,0,0,1,0.1,0.12,0,0,0,0,0,0,0,0,0,0
20170103,03003300,Aserradero Vagol SRL,Av. San Martin 1188,01957AA,Esteban Bergamaschi,1,0,0,1,0.1,0.12,0,0,0,0,0,0,0,0,0,0
20170103,03003300,Aserradero Vagol SRL,Av. San Martin 1188,01557C,Esteban Bergamaschi,12,2.4,240,12,1.2,1.45,0,0,0,0,0,0,0,0,0,0
20170103,03003300,Aserradero Vagol SRL,Av. San Martin 1188,01603A,Esteban Bergamaschi,200,10,5000,200,22200,26862,0,0,0,0,0,0,0,0,0,0
20170103,01002825,Iel SRL,,04C00898,Levy,1,0,0,1,0.01,0.01,0,0,0,0,0,0,0,0,0,0
20170103,99088888,Ventas Contado,,04C00898,Isolant SA,1,0,0,1,5.25,5.25,0,0,0,0,0,0,0,0,0,0
20170103,03004746,Das Dach S.A.,,04C01203,Isolant SA,1,0,0,1,16500,18232.5,0,0,0,0,0,0,0,0,0,0
20170103,04005551,Armado y Montado SA,,04VARIOS,Ventas Buenos Aires,-1,0,0,-1,-1322.31,-1600,0,0,0,0,0,0,0,0,0,0
20170103,07002454,Lutre Juan Ernesto,,04VARIOS,Meier,-1,0,0,-1,-56495.87,-68360,0,0,0,0,0,0,0,0,0,0
20170103,11004080,Corralon El Solar SRL,,04C00898,Natali Plasticos (Vta Directa),1,0,0,1,0.04,0.04,0,0,0,0,0,0,0,0,0,0
20170103,03004746,Das Dach S.A.,,04C01203,Isolant SA,1,0,0,1,16500,18232.5,0,0,0,0,0,0,0,0,0,0
20170103,31003294,Ridabe SRL,,01IN,Ventas Buenos Aires,-1,0,0,-1,-290.68,-351.72,0,0,0,0,0,0,0,0,0,0

