﻿FechaTxt,Codigo_Cliente,Cliente,EntDir,Codigo_Articulo,Vendedor,cantidad,Mts3,Mts2,Rollos,Importe_Bruto,Importe_Neto,Dto_Contado,Dto_Flete,Dto_Especial,Bonificacion,Desc_Adicional,cantidad_elaborada,m2_ocupados,costo_unitario,costo_total_stock,Costo_de_venta,comp,C_Construccion,nomdoc
20170907,03004823,Saldaña Gilberto Orlando,Gaspar Campos 5282,01766A,Esteban Bergamaschi,40,1.5832,0,40,14710.75,17800.01,0,0,0,21,0,0,0,0,0,1804,002200007087,N,Factura de Venta
20170907,03000023,Industrias Saladillo SA,IS.SA. Planta Pilar,01525AH,Isolant SI,400,4,400,0,6036,7303.56,0,0,0,0,0,0,0,0,0,4064,002200007089,N,Factura de Venta
20170907,04005869,LH Ambrossi S.R.L,Av. 1º De Mayo 5957,01551A,Esteban Bergamaschi,10,1,200,10,3502.8,4238.39,0,0,0,30,4,0,0,0,0,1131.4,002200007091,N,Factura de Venta
20170907,04005869,LH Ambrossi S.R.L,Av. 1º De Mayo 5957,01552A,Esteban Bergamaschi,10,2,200,10,5852.85,7081.95,0,0,0,30,4,0,0,0,0,2098.8,002200007091,N,Factura de Venta
20170907,04005869,LH Ambrossi S.R.L,Av. 1º De Mayo 5957,01557A,Esteban Bergamaschi,10,2,200,10,6336.22,7666.83,0,0,0,30,4,0,0,0,0,2563.4,002200007091,N,Factura de Venta
20170907,04005869,LH Ambrossi S.R.L,Av. 1º De Mayo 5957,01569BC,Esteban Bergamaschi,4,1.2,80,4,5251.6,6354.43,0,0,0,30,0,0,0,0,0,2522.68,002200007091,N,Factura de Venta
20170907,29004625,Rionda Hnos SRL,Ruta Nº5 Km 127,01557A,Hector Collia,200,40,4000,200,124461.48,150598.39,0,0,0,25,12,0,0,0,0,51268,002200007060,N,Factura de Venta
20170907,29004625,Rionda Hnos SRL,Ruta Nº5 Km 127,01960DA,Hector Collia,100,0,0,100,279582,338294.22,0,0,0,25,0,0,0,0,0,110670,002200007060,N,Factura de Venta
20170907,03003977,Do&Am SRL,Ruta 27 Nº5348,01557AK,Esteban Bergamaschi,15,1.575,225,15,5422.92,6561.73,0,0,0,21,0,0,0,0,0,2596.65,002200007088,N,Factura de Venta
20170907,03003751,Indupoles Argentina SA,Parque Ind. Campana - Km70 de Panamericana - Lote 12,01506CIN,Isolant SI,5400,8.1,5400,5400,15498,18752.58,0,0,0,0,0,0,0,0,0,9504,002200007054,N,Factura de Venta
20170907,03003751,Indupoles Argentina SA,Parque Ind. Campana - Km70 de Panamericana - Lote 12,01506BIN,Isolant SI,1800,2.7,1800,1800,5166,6250.86,0,0,0,0,0,0,0,0,0,3348,002200007054,N,Factura de Venta
20170907,03003751,Indupoles Argentina SA,Parque Ind. Campana - Km70 de Panamericana - Lote 12,01500AIN,Isolant SI,19500,9.75,19500,19500,30810,37280.1,0,0,0,0,0,0,0,0,0,23205,002200007054,N,Factura de Venta
20170907,03003751,Indupoles Argentina SA,Parque Ind. Campana - Km70 de Panamericana - Lote 12,01500BIN,Isolant SI,24000,12,24000,24000,37920,45883.2,0,0,0,0,0,0,0,0,0,26400,002200007054,N,Factura de Venta
20170907,03000023,Industrias Saladillo SA,IS.SA. Planta Pilar,01767AS,Isolant SI,7,0.29687,0,7,798.77,966.51,0,0,0,0,0,0,0,0,0,366.1,002200007059,N,Factura de Venta
20170907,03005896,Cela Ricardo,Jose Hernández 6136,01654DCP,Fernando Palmas,40,0.8,40,0,1597.2,1932.61,0,0,0,0,0,0,0,0,0,4546.03,002200007076,N,Factura de Venta
20170907,07002231,Acerco SA,Bv. Domingo Zipoli Nº 440,01960DA,Meier,10,0,0,10,27958.2,33829.42,0,0,0,25,0,0,0,0,0,11067,002200007082,N,Factura de Venta
20170907,07002231,Acerco SA,Bv. Domingo Zipoli Nº 440,01960DC,Meier,10,0,0,10,14390.02,17411.93,0,0,0,25,0,0,0,0,0,11067,002200007082,N,Factura de Venta
20170907,07002231,Acerco SA,Av La Voz del Interior y Av. Japon,01558AL,Meier,7,1.4,280,7,5979.9,7235.68,0,0,0,25,12,0,0,0,0,2230.41,002200007083,N,Factura de Venta
20170907,03003977,Do&Am SRL,Ruta 27 Nº5348,01555A,Esteban Bergamaschi,10,1,200,10,4877.78,5902.11,0,0,0,21,0,0,0,0,0,1593.7,002200007088,N,Factura de Venta
20170907,03003977,Do&Am SRL,Ruta 27 Nº5348,01555AK,Esteban Bergamaschi,10,0.45,150,10,2350.49,2844.09,0,0,0,21,0,0,0,0,0,1019.4,002200007088,N,Factura de Venta
20170907,27005760,Amado Cesar Adad e Hijos SRL,Junin 284,01700A,Pedro Cocaña,10,1.2,0,10,6699.08,8105.88,0,0,0,25,0,0,0,0,0,2653.4,002200007077,N,Factura de Venta
20170907,07002231,Acerco SA,Bv. Domingo Zipoli Nº 440,01555M,Meier,50,7.5,1000,50,48693.81,58919.51,0,0,0,25,12,0,0,0,0,27092,002200007081,N,Factura de Venta
20170907,07005677,Iron Pack SRL,Montecatini 3158,01900A,Meier,15,1.131,0,15,31477.78,38088.1,0,5,5,40,0,0,0,0,0,18276.45,002200007084,S,Factura de Venta
20170907,07005677,Iron Pack SRL,Montecatini 3158,01903A,Meier,5,0.37995,0,5,5027.4,6083.14,0,5,5,40,0,0,0,0,0,3244.25,002200007084,S,Factura de Venta
20170907,07005677,Iron Pack SRL,Montecatini 3158,01905A,Meier,5,0.3559,0,5,3029.8,3666.06,0,5,5,40,0,0,0,0,0,2072.3,002200007084,S,Factura de Venta
20170907,03005896,Cela Ricardo,Jose Hernández 6136,01658DCP,Fernando Palmas,20,0.6,20,0,1220.6,1476.93,0,0,0,0,0,0,0,0,0,703.14,002200007076,N,Factura de Venta
20170907,24005935,Construcompras Agrupacion De Colaboración,Salta 228 Barrio: Centro,01555AR,Diego Fani,100,10,2000,100,18420.27,22288.52,0,0,23.5,25,12,0,0,0,0,12928,002200007065,N,Factura de Venta
20170907,07004706,Ananda SRL,Guido Spano 2532,01654AC,Meier,40,0.8,40,0,3376.8,4085.93,0,0,0,40,0,0,0,0,0,950,002200007066,N,Factura de Venta
20170907,24005935,Construcompras Agrupacion De Colaboración,Ruta Nacional 33 Km 744,01558ES,Diego Fani,30,6,600,30,9761.94,11811.95,0,0,23.5,25,12,0,0,0,0,7593.3,002200007068,N,Factura de Venta
20170907,24005935,Construcompras Agrupacion De Colaboración,Ruta Nacional 33 Km 744,01558EC,Diego Fani,30,6,600,30,12527.93,15158.8,0,0,23.5,25,12,0,0,0,0,11991.3,002200007068,N,Factura de Venta
20170907,27005760,Amado Cesar Adad e Hijos SRL,Junin 284,01658ACP,Pedro Cocaña,40,1.2,40,0,6161.1,7454.93,0,0,0,25,0,0,0,0,0,1445.2,002200007077,N,Factura de Venta
20170907,27005760,Amado Cesar Adad e Hijos SRL,Junin 284,01552I,Pedro Cocaña,10,2,400,10,3965.7,4798.5,0,0,0,25,0,0,0,0,0,1902.9,002200007077,N,Factura de Venta
20170907,04005869,LH Ambrossi S.R.L,Av. 1º De Mayo 5957,01550A,Esteban Bergamaschi,20,0.8,400,20,3590.76,4344.83,0,0,0,30,4,0,0,0,0,1260,002200007091,N,Factura de Venta
20170907,13004055,Trujillo Delina Lia,Av. Antartida Argentina 599,06C001CO,Pedro Cocaña,1,0,0,1,0.1,0.12,0,3,0,0,0,0,0,0,0,0,002200007078,S,Factura de Venta
20170907,13004055,Trujillo Delina Lia,Av. Antartida Argentina 599,01960DA,Pedro Cocaña,4,0,0,4,10266.22,12422.12,0,3,0,21,0,0,0,0,0,4426.8,002200007079,S,Factura de Venta
20170907,07002231,Acerco SA,Bv. Domingo Zipoli Nº 440,01558BC,Meier,150,30,3000,150,166363.88,201300.29,0,0,0,25,0,0,0,0,0,80563.5,002200007080,N,Factura de Venta
20170907,03000023,Industrias Saladillo SA,IS.SA. Planta Pilar,01788BA,Isolant SI,265,6.2434,0,265,48688.45,58913.02,0,0,0,0,0,0,0,0,0,33109.1,002200007057,N,Factura de Venta
20170907,03000023,Industrias Saladillo SA,IS.SA. Planta Pilar,01525AH,Isolant SI,1300,13,1300,0,19617,23736.57,0,0,0,0,0,0,0,0,0,13208,002200007069,N,Factura de Venta
20170907,13004055,Trujillo Delina Lia,Av. Antartida Argentina 599,01554BRC,Pedro Cocaña,200,1.2,200,10,13141.62,15901.36,0,3,0,21,12,0,0,0,0,4075.08,002200007078,S,Factura de Venta
20170907,13004055,Trujillo Delina Lia,Av. Antartida Argentina 599,01554BP,Pedro Cocaña,1,0.12,20,1,0.1,0.12,0,3,0,0,0,0,0,0,0,407.51,002200007078,S,Factura de Venta
20170907,24004282,Ricchetti Adrian Leonardo,San Martin 1395,01554BRC,Diego Fani,200,1.2,200,10,16176.04,19573,0,0,0,21,0,0,0,0,0,4075.08,002200007067,S,Factura de Venta
20170907,24004282,Ricchetti Adrian Leonardo,San Martin 1395,01554BP,Diego Fani,1,0.12,20,1,0.1,0.12,0,0,0,0,0,0,0,0,0,407.51,002200007067,S,Factura de Venta
20170907,13004055,Trujillo Delina Lia,Av. Antartida Argentina 599,01555AA,Pedro Cocaña,2000,10,2000,100,39651.42,47978.22,0,3,0,21,12,0,0,0,0,2781.78,002200007078,S,Factura de Venta
20170907,13004055,Trujillo Delina Lia,Av. Antartida Argentina 599,01555C,Pedro Cocaña,12,1.2,240,12,1.16,1.4,0,3,0,0,0,0,0,0,0,333.81,002200007078,S,Factura de Venta
20170907,13004055,Trujillo Delina Lia,Av. Antartida Argentina 599,01555AKC,Pedro Cocaña,300,9,300,20,3580.76,4332.72,0,3,0,21,12,0,0,0,0,962.94,002200007078,S,Factura de Venta
20170907,24004282,Ricchetti Adrian Leonardo,San Martin 1395,01555ARC,Diego Fani,400,2,400,20,5770.16,6981.9,0,0,0,21,0,0,0,0,0,622.87,002200007067,S,Factura de Venta
20170907,03001409,Luis Giardili SA,Juan Ramón Gimenez 1105,01555MC,Esteban Bergamaschi,400,3,400,20,22627.3,27379.04,0,3,0,21,0,0,0,0,0,9823.43,002200007071,S,Factura de Venta
20170907,03001409,Luis Giardili SA,Juan Ramón Gimenez 1105,01555MA,Esteban Bergamaschi,2,0.3,40,2,0.2,0.24,0,3,0,0,0,0,0,0,0,982.34,002200007071,S,Factura de Venta
20170907,07002231,Acerco SA,Bv. Domingo Zipoli Nº 440,01555MA,Meier,5,0.75,100,5,0.5,0.61,0,0,0,0,0,0,0,0,0,2455.86,002200007081,N,Factura de Venta
20170907,29004625,Rionda Hnos SRL,Ruta Nº5 Km 127,01557C,Hector Collia,24,4.8,480,24,2.4,2.9,0,0,0,0,0,0,0,0,0,737.68,002200007060,N,Factura de Venta
20170907,04001988,Valentini Eduardo Hector,Bme. Mitre 1460,01557AKC,Hector Collia,750,5.25,750,50,18071.26,21866.22,0,0,0,21,0,0,0,0,0,1701.77,002200007070,S,Factura de Venta
20170907,07002231,Acerco SA,Av La Voz del Interior y Av. Japon,01558ALP,Meier,10,2,400,10,1,1.21,0,0,0,0,0,0,0,0,0,3361.5,002200007083,N,Factura de Venta
20170907,13004055,Trujillo Delina Lia,Av. Antartida Argentina 599,01558ECC,Pedro Cocaña,400,4,400,20,10827.26,13101,0,3,0,21,12,0,0,0,0,7848.52,002200007078,S,Factura de Venta
20170907,07005677,Iron Pack SRL,Montecatini 3158,01508CC,Meier,900,1.8,900,900,5273.12,6380.48,0,5,5,40,0,0,0,0,0,2565,002200007086,S,Factura de Venta
20170907,03002407,Anadelia SA,Agustin Alvarez 4881,01500BC,Esteban Bergamaschi,2520,1.26,2520,0,10093.36,12212.96,0,0,0,21,0,0,0,0,0,3301.2,002200007090,N,Factura de Venta
20170907,01004516,All Covering Argentina SRL,,01IN,Luis Ramirez,-1,0,0,-1,-366.48,-443.44,0,0,0,0,0,0,0,0,0,,001300000308,N,Crédito de Venta
20170907,03000440,Aquatic SRL,Dr. Luis Pasteur 2564,01514DB,Esteban Bergamaschi,1125,5.625,1125,1125,12532.5,15164.32,0,0,0,0,0,0,0,0,0,5355,002200007075,N,Factura de Venta
20170907,03000023,Industrias Saladillo SA,IS.SA. Planta Pilar,01776BA,Isolant SI,39,1.1027016,0,39,7050.42,8531.01,0,0,0,0,0,0,0,0,0,4420.65,002200007055,N,Factura de Venta
20170907,03000023,Industrias Saladillo SA,IS.SA. Planta Pilar,01776BA,Isolant SI,10,0.282744,0,10,1898.2,2296.82,0,0,0,0,0,0,0,0,0,1133.5,002200007056,N,Factura de Venta
20170907,07002231,Acerco SA,,01IN,Meier,-1,0,0,-1,-12921.4,-15634.89,0,0,0,0,0,0,0,0,0,,001300000310,,Crédito de Venta
20170907,03000023,Industrias Saladillo SA,IS.SA. Planta Pilar,01776B,Isolant SI,188,5.3155872,0,188,23394.72,28307.61,0,0,0,0,0,0,0,0,0,9704.56,002200007058,N,Factura de Venta
20170907,03000023,Industrias Saladillo SA,IS.SA. Planta Pilar,01778B,Isolant SI,20,0.49009,0,20,2353.8,2848.1,0,0,0,0,0,0,0,0,0,943.4,002200007058,N,Factura de Venta
20170907,01005292,Adamant SRL,,04C00898,Isolant SI,1,0,0,1,0.37,0.37,0,0,0,0,0,0,0,0,0,,000000011113,,Débito (Ajustes)
20170907,03000023,Industrias Saladillo SA,IS.SA. Planta Pilar,01776B,Isolant SI,91,2.5729704,0,91,11324.04,13702.09,0,0,0,0,0,0,0,0,0,4697.42,002200007074,N,Factura de Venta
20170907,03000023,Industrias Saladillo SA,IS.SA. Planta Pilar,01781B,Isolant SI,47,1.8424,0,47,5135.22,6213.62,0,0,0,0,0,0,0,0,0,2980.27,002200007074,N,Factura de Venta
20170907,03005896,Cela Ricardo,Jose Hernández 6136,01666DA,Fernando Palmas,100,5,100,0,9287,11237.27,0,0,0,0,0,0,0,0,0,5936,002200007076,N,Factura de Venta
20170907,03005896,Cela Ricardo,Jose Hernández 6136,01662DCP,Fernando Palmas,20,0.8,20,0,1556.2,1883,0,0,0,0,0,0,0,0,0,1495.21,002200007076,N,Factura de Venta
20170907,07005677,Iron Pack SRL,Montecatini 3158,01508CC,Meier,750,1.5,750,750,4394.28,5317.06,0,5,5,40,0,0,0,0,0,2137.5,002200007085,S,Factura de Venta
20170907,07002231,Acerco SA,,01IN,Meier,-1,0,0,-1,-1109.09,-1342,0,0,0,0,0,0,0,0,0,,001300000309,,Crédito de Venta
20170907,03000023,Industrias Saladillo SA,IS.SA. Planta Pilar,01778B,Isolant SI,154,3.773693,0,154,18124.26,21930.35,0,0,0,0,0,0,0,0,0,7264.18,002200007061,N,Factura de Venta
20170907,03000023,Industrias Saladillo SA,IS.SA. Planta Pilar,01778BB,Isolant SI,12,0.6785856,0,12,4127.76,4994.59,0,0,0,0,0,0,0,0,0,2221.68,002200007062,N,Factura de Venta
20170907,03000023,Industrias Saladillo SA,IS.SA. Planta Pilar,01776BA,Isolant SI,22,0.6220368,0,22,4176.04,5053.01,0,0,0,0,0,0,0,0,0,2493.7,002200007064,N,Factura de Venta
20170907,03000023,Industrias Saladillo SA,IS.SA. Planta Pilar,01776BA,Isolant SI,91,2.5729704,0,91,17273.62,20901.08,0,0,0,0,0,0,0,0,0,10314.85,002200007072,N,Factura de Venta
20170907,03000023,Industrias Saladillo SA,IS.SA. Planta Pilar,01778BB,Isolant SI,67,3.7887696,0,67,24199.06,29280.86,0,0,0,0,0,0,0,0,0,12404.38,002200007063,N,Factura de Venta
20170907,03000023,Industrias Saladillo SA,IS.SA. Planta Pilar,01778BB,Isolant SI,48,2.7143424,0,48,17336.64,20977.33,0,0,0,0,0,0,0,0,0,8886.72,002200007073,N,Factura de Venta

