﻿FechaTxt,Codigo_Cliente,Cliente,EntDir,Codigo_Articulo,Vendedor,cantidad,Mts3,Mts2,Rollos,Importe_Bruto,Importe_Neto,Dto_Contado,Dto_Flete,Dto_Especial,Bonificacion,Desc_Adicional,cantidad_elaborada,m2_ocupados,costo_unitario,costo_total_stock,Costo_de_venta
20161213,02000150,Sempere SA,Centenario 3405,01654ACP,Levy,300,6,300,0,32374.2,39172.78,0,0,0,21,0,0,0,0,0,0
20161213,03005642,Solis Maria Cecilia,,04C00898,Esteban Bergamaschi,1,0,0,1,0.53,0.53,0,0,0,0,0,0,0,0,0,0
20161213,07002231,Acerco SA,Bv. Domingo Zipoli Nº 440,01557A,Meier,96,19.2,1920,96,56896.65,68844.94,0,0,0,25,12,0,0,0,0,0
20161213,07002231,Acerco SA,Bv. Domingo Zipoli Nº 440,01557C,Meier,24,4.8,480,24,2.4,2.9,0,0,0,0,0,0,0,0,0,0
20161213,07002231,Acerco SA,Bv. Domingo Zipoli Nº 440,01555M,Meier,50,7.5,1000,50,45024.21,54479.29,0,0,0,25,12,0,0,0,0,0
20161213,07002231,Acerco SA,Bv. Domingo Zipoli Nº 440,01555MA,Meier,5,0.75,100,5,0.5,0.61,0,0,0,0,0,0,0,0,0,0
20161213,07002231,Acerco SA,Bv. Domingo Zipoli Nº 440,01558AL,Meier,50,10,2000,50,40679.43,49222.11,0,0,0,25,12,0,0,0,0,0
20161213,07002231,Acerco SA,Bv. Domingo Zipoli Nº 440,01558ALP,Meier,5,1,200,5,0.5,0.61,0,0,0,0,0,0,0,0,0,0
20161213,01005738,Unimaco SA,Alberdi Juan B. av 3761,01555A,Meier,120,12,2400,120,45175.58,54662.46,0,3,0,25,12,0,0,0,0,0
20161213,01005738,Unimaco SA,Alberdi Juan B. av 3761,01555C,Meier,30,3,600,30,2.91,3.52,0,3,0,0,0,0,0,0,0,0
20161213,01005738,Unimaco SA,Alberdi Juan B. av 3761,01550A,Meier,60,2.4,1200,60,9773.93,11826.46,0,3,0,25,12,0,0,0,0,0
20161213,01005738,Unimaco SA,Alberdi Juan B. av 3761,01557A,Meier,72,14.4,1440,72,41392.31,50084.7,0,3,0,25,12,0,0,0,0,0
20161213,01005738,Unimaco SA,Alberdi Juan B. av 3761,01557C,Meier,18,3.6,360,18,1.75,2.11,0,3,0,0,0,0,0,0,0,0
20161213,01000452,Caffaro Hnos Sociedad de Responsabilidad Limitada,Pavon 2632,01950B,Isolant SI,55,12.573,0,55,54252,65644.92,0,0,0,0,0,0,0,0,0,0
20161213,01004026,Osito Azul Sociedad Anonima,Pavon 2632,01950F,Isolant SI,25,5.7149631,0,25,12330,14919.3,0,0,0,0,0,0,0,0,0,0
20161213,01000452,Caffaro Hnos Sociedad de Responsabilidad Limitada,Martin Rodriguez 1433,01658D,Isolant SI,90.3,2.709,90.3,0,11900,14399.01,0,0,0,0,0,0,0,0,0,0
20161213,03004281,Majara SRL,Av. Avellaneda 3112/14,01514DE,Hector Collia,100,0.5,100,100,1746.5,2113.26,0,0,0,30,0,0,0,0,0,0
20161213,03002488,Gulmez Harutun,San Lorenzo 4390,01854B,Levy,5,1.25,125,5,7686.7,9300.91,0,0,0,21,0,0,0,0,0,0
20161213,03002488,Gulmez Harutun,San Lorenzo 4390,01853B,Levy,2,0.25,50,2,2526.66,3057.25,0,0,0,21,0,0,0,0,0,0
20161213,07005677,Iron Pack SRL,Montecatini 3158,01524HC,Meier,250,2.5,250,0,4298.76,5201.48,0,5,0,0,0,0,0,0,0,0
20161213,29000227,Moreno Alfredo German,,04C00898,Isolant SA,1,0,0,1,0.01,0.01,0,0,0,0,0,0,0,0,0,0
20161213,04005650,Gafa Mora SA,,04C00291,Esteban Bergamaschi,1,0,0,1,20000,20000,0,0,0,0,0,0,0,0,0,0
20161213,01003641,Malinauskas Guillermo Victor,Amador 3660 (a 1 cuadra de Ugarte p/Cap. 1 1/2 mano derecha),01514DB,Levy,1200,6,1200,1200,22455,27170.55,0,0,0,25,0,0,0,0,0,0
20161213,01003641,Malinauskas Guillermo Victor,Amador 3660 (a 1 cuadra de Ugarte p/Cap. 1 1/2 mano derecha),01514DA,Levy,250,1.25,250,250,4678.13,5660.53,0,0,0,25,0,0,0,0,0,0
20161213,30005659,Tripodi Jorge Enrique,Av. Falucho 1140,01555MC,Esteban Bergamaschi,200,1.5,200,10,10239,12389.2,0,0,0,25,0,0,0,0,0,0
20161213,30005659,Tripodi Jorge Enrique,Av. Falucho 1140,01555MA,Esteban Bergamaschi,1,0.15,20,1,0.1,0.12,0,0,0,0,0,0,0,0,0,0
20161213,04004740,Tarlon Juan Pablo,Av. San Martin 1550,01551IC,Hector Collia,1000,5,1000,50,10122,12247.62,0,0,0,30,0,0,0,0,0,0
20161213,04004740,Tarlon Juan Pablo,Av. San Martin 1550,01552IC,Hector Collia,2000,20,2000,100,40488,48990.48,0,0,0,30,0,0,0,0,0,0
20161213,04004740,Tarlon Juan Pablo,Av. San Martin 1550,01552IC,Hector Collia,400,4,400,20,8097.6,9798.1,0,0,0,30,0,0,0,0,0,0
20161213,03002606,Proietto Cesar Antonio,Tratado de Pilar 227,01514DA,Esteban Bergamaschi,500,2.5,500,500,9855.25,11924.85,0,0,0,21,0,0,0,0,0,0
20161213,03003300,Aserradero Vagol SRL,Av. San Martin 1188,01557A,Esteban Bergamaschi,50,10,1000,50,29633.67,35856.74,0,0,0,25,12,0,0,0,0,0
20161213,28002335,TUBACERO S.A.,,04C00624,Fernando Palmas,1,0,0,1,10465.18,10465.18,0,0,0,0,0,0,0,0,0,0
20161213,03004729,Teknobayres S.A.,Av. Santa Fe 1480,01851A,Levy,6,1.5,150,6,5695.39,6891.43,0,0,0,21,0,0,0,0,0,0
20161213,30004285,A P Argentina SA,Camusso 366,01515B,Fernando Palmas,600,3,600,0,8898,10766.58,0,0,0,0,0,0,0,0,0,0
20161213,07001913,Martin Pisos SRL,Bv. Guzman 557,01700A,Meier,20,2.4,0,20,11909.52,14410.52,0,0,0,30,0,0,0,0,0,0
20161213,03003300,Aserradero Vagol SRL,Av. San Martin 1188,01555M,Esteban Bergamaschi,100,15,2000,100,90048.42,108958.59,0,0,0,25,12,0,0,0,0,0
20161213,03003300,Aserradero Vagol SRL,Av. San Martin 1188,01555MA,Esteban Bergamaschi,10,1.5,200,10,1,1.21,0,0,0,0,0,0,0,0,0,0
20161213,29002369,Cambiasso Pedro Raul,Av. Mitre 315,01524GC,Hector Collia,100,1,100,0,3181.33,3849.41,0,0,0,21,0,0,0,0,0,0
20161213,29002369,Cambiasso Pedro Raul,Av. Mitre 315,01514PC,Hector Collia,250,1.25,250,0,4927.63,5962.43,0,0,0,21,0,0,0,0,0,0
20161213,03000023,Industrias Saladillo SA,,04C00898,Isolant SI,1,0,0,1,0.28,0.28,0,0,0,0,0,0,0,0,0,0
20161213,03003751,Indupoles Argentina SA,Parque Ind. Campana - Km70 de Panamericana - Lote 12,01500BIN,Isolant SI,10800,5.4,10800,10800,15336,18556.56,0,0,0,0,0,0,0,0,0,0
20161213,03003751,Indupoles Argentina SA,Parque Ind. Campana - Km70 de Panamericana - Lote 12,01506D,Isolant SI,2880,4.32,2880,2880,8035.2,9722.59,0,0,0,0,0,0,0,0,0,0
20161213,03003751,Indupoles Argentina SA,Parque Ind. Campana - Km70 de Panamericana - Lote 12,01500BIN ,Isolant SI,34200,17.1,34200,34200,50616,61245.36,0,0,0,0,0,0,0,0,0,0
20161213,03003751,Indupoles Argentina SA,Parque Ind. Campana - Km70 de Panamericana - Lote 12,01500CIN,Isolant SI,8250,4.125,8250,8250,12210,14774.1,0,0,0,0,0,0,0,0,0,0
20161213,24001793,Amiano S.A.,Av. Circunvalacion 384,01557A,Diego Fani,100,20,2000,100,62428.26,75538.2,0,0,0,21,12,0,0,0,0,0
20161213,24001793,Amiano S.A.,Av. Circunvalacion 384,01557C,Diego Fani,24,4.8,480,24,2.4,2.9,0,0,0,0,0,0,0,0,0,0
20161213,24001793,Amiano S.A.,Av. Circunvalacion 384,01555A,Diego Fani,50,5,1000,50,20440.27,24732.73,0,0,0,21,12,0,0,0,0,0
20161213,24001793,Amiano S.A.,Av. Circunvalacion 384,01555C,Diego Fani,12,1.2,240,12,1.2,1.45,0,0,0,0,0,0,0,0,0,0
20161213,24002684,Centro De Chapas Rosario SA,Bv. Oroño 4190,04ANTICIPOS,Diego Fani,1,0,0,1,251864.64,304756.22,0,0,0,0,0,0,0,0,0,0
20161213,24003194,Coco Mario,Lamadrid 280 (esq. Ayacucho),01557A,Diego Fani,60,12,1200,60,35560.4,43028.09,0,0,0,25,12,0,0,0,0,0
20161213,24003194,Coco Mario,Lamadrid 280 (esq. Ayacucho),01557C,Diego Fani,15,3,300,15,1.5,1.82,0,0,0,0,0,0,0,0,0,0
20161213,24003194,Coco Mario,Lamadrid 280 (esq. Ayacucho),01558EC,Diego Fani,70,14,1400,70,34437.2,41669.01,0,0,0,0,0,0,0,0,0,0
20161213,24003194,Coco Mario,Lamadrid 280 (esq. Ayacucho),01750A,Diego Fani,25,0,0,25,13799.44,16697.33,0,0,0,25,12,0,0,0,0,0
20161213,04005689,Polifoam SRL,Alte. Brown 3985,01761A,Isolant SI,50,3.2515,0,50,12672,15333.12,0,0,0,0,0,0,0,0,0,0
20161213,02000130,Telas Plasticas Miliavaca SA,Av. Hipolito Yrigoyen 11037,01772A,Hector Collia,2,0.37888,0,2,2918.08,3530.88,0,0,0,30,0,0,0,0,0,0
20161213,02000130,Telas Plasticas Miliavaca SA,Av. Hipolito Yrigoyen 11037,01772AB,Hector Collia,2,0.37888,0,2,2918.08,3530.88,0,0,0,30,0,0,0,0,0,0
20161213,02000130,Telas Plasticas Miliavaca SA,Av. Hipolito Yrigoyen 11037,01772AC,Hector Collia,2,0.37888,0,2,2918.08,3530.88,0,0,0,30,0,0,0,0,0,0
20161213,02000130,Telas Plasticas Miliavaca SA,Av. Hipolito Yrigoyen 11037,01772AD,Hector Collia,2,0.37888,0,2,2918.08,3530.88,0,0,0,30,0,0,0,0,0,0
20161213,24002684,Centro De Chapas Rosario SA,Bv. Oroño 4190,04ANTICIPOS,Diego Fani,-1,0,0,-1,-226676.7,-274278.8,0,0,0,0,0,0,0,0,0,0
20161213,28000201,CASARINO S.R.L.,,04C00624,Fernando Palmas,1,0,0,1,17962.89,17962.89,0,0,0,0,0,0,0,0,0,0
20161213,29000227,Moreno Alfredo German,Francisco Cafferata 3087 Pque. Ind. Alte. Brown,01902A,Isolant SA,3,0.25884,0,3,3714.75,4494.85,0,0,0,32.5,7,0,0,0,0,0
20161213,29000227,Moreno Alfredo German,Francisco Cafferata 3087 Pque. Ind. Alte. Brown,01904A,Isolant SA,5,0.31415,0,5,2786.61,3371.8,0,0,0,32.5,7,0,0,0,0,0
20161213,29000227,Moreno Alfredo German,Francisco Cafferata 3087 Pque. Ind. Alte. Brown,01905A,Isolant SA,5,0.3559,0,5,2619.48,3169.56,0,0,0,32.5,7,0,0,0,0,0
20161213,02000386,Decorsur S R L,Del Valle Iberlucea 5142,01700A,Pastore Pablo,30,3.6,0,30,17864.28,21615.78,0,0,0,30,0,0,0,0,0,0
20161213,24002752,Rusma SRL,,04C00898,Diego Fani,1,0,0,1,0.02,0.02,0,0,0,0,0,0,0,0,0,0

