﻿FechaTxt,Codigo_Cliente,Cliente,EntDir,Codigo_Articulo,Vendedor,cantidad,Mts3,Mts2,Rollos,Importe_Bruto,Importe_Neto,Dto_Contado,Dto_Flete,Dto_Especial,Bonificacion,Desc_Adicional,cantidad_elaborada,m2_ocupados,costo_unitario,costo_total_stock,Costo_de_venta,comp,C_Construccion,nomdoc
20171108,28002335,TUBACERO S.A.,Coronel Raiz 949,01603A,Fernando Palmas,100,5,2500,100,11751.8,11751.8,0,0,0,0,0,0,0,0,0,5406,001500000690,,Factura Exterior
20171108,28002335,TUBACERO S.A.,Coronel Raiz 949,01550A,Fernando Palmas,10,0.4,200,10,1687.35,1687.35,0,0,0,0,0,0,0,0,0,682.7,001500000690,,Factura Exterior
20171108,28002335,TUBACERO S.A.,Coronel Raiz 949,01555A,Fernando Palmas,100,10,2000,100,38570.46,38570.46,0,0,0,0,0,0,0,0,0,16699,001500000690,,Factura Exterior
20171108,28002335,TUBACERO S.A.,Coronel Raiz 949,01557A,Fernando Palmas,180,36,3600,180,114732.65,114732.65,0,0,0,0,0,0,0,0,0,48709.8,001500000690,,Factura Exterior
20171108,28002335,TUBACERO S.A.,Coronel Raiz 949,01555M,Fernando Palmas,12,1.8,240,12,12449.89,12449.89,0,0,0,0,0,0,0,0,0,6649.92,001500000690,,Factura Exterior
20171108,28002335,TUBACERO S.A.,Coronel Raiz 949,01666ACP,Fernando Palmas,40,2,40,0,5219.9,5219.9,0,0,0,0,0,0,0,0,0,2265.2,001500000690,,Factura Exterior
20171108,03005223,Tubo Center SA,Av. Presidente Arturo Illia 6204,01558EC,Levy,10,2,200,10,6534.01,7906.15,0,0,0,21,0,0,0,0,0,4078.6,002200008397,N,Factura de Venta
20171108,01002325,Centro Sec SRL,Av. Cordoba 5625,01753A,Hector Collia,3,0.1125,0,3,2666.79,3226.82,0,0,0,25,0,0,0,0,0,1413.12,002200008398,N,Factura de Venta
20171108,04005689,Polifoam SRL,Alte. Brown 3985,01662DAP,Isolant SI,100,4,100,0,15361.5,18587.42,0,0,0,45,0,0,0,0,0,5522,002200008371,N,Factura de Venta
20171108,24002156,Tinglados Maciel SRL,Martin Fierro 88,01570BR,Diego Fani,2092.8,31.392,2092.8,104.64,124054.28,150105.68,0,3,3,0,0,0,0,0,0,1512592.13,002200008367,N,Factura de Venta
20171108,03000023,Industrias Saladillo SA,IS.SA. Planta Pilar,01510D,Isolant SI,2040,6.12,2040,2040,10118.4,12243.26,0,0,0,0,0,0,0,0,0,7813.2,002200008369,N,Factura de Venta
20171108,07005677,Iron Pack SRL,Montecatini 3158,01950D,Meier,55,12.573,0,55,31680,38332.8,0,0,0,0,0,0,0,0,0,17531.8,002200008386,S,Factura de Venta
20171108,07005677,Iron Pack SRL,Montecatini 3158,06C001CO,Meier,1,0,0,1,0.1,0.12,0,0,0,0,0,0,0,0,0,0,002200008387,S,Factura de Venta
20171108,07005677,Iron Pack SRL,Montecatini 3158,01524GC,Meier,250,2.5,250,0,4025.14,4870.44,0,5,5,0,0,0,0,0,0,2675,002200008389,S,Factura de Venta
20171108,03005223,Tubo Center SA,Av. Presidente Arturo Illia 6204,01558ET,Levy,10,2,200,10,5447.76,6591.79,0,0,0,21,0,0,0,0,0,2531.1,002200008397,N,Factura de Venta
20171108,01004076,Diecinueve Cuarenta y Ocho S.A.,Alsina 5044 - Esq. Beruti,01654AC,Levy,80,1.6,80,0,7879.2,9533.83,0,0,0,30,0,0,0,0,0,1971.2,002200008395,N,Factura de Venta
20171108,03003751,Indupoles Argentina SA,Parque Ind. Campana - Km70 de Panamericana - Lote 12,01500CIN,Isolant SI,3000,1.5,3000,3000,4560,5517.6,0,0,0,0,0,0,0,0,0,3270,002200008366,N,Factura de Venta
20171108,03003751,Indupoles Argentina SA,Parque Ind. Campana - Km70 de Panamericana - Lote 12,01500AIN,Isolant SI,1500,0.75,1500,1500,2460,2976.6,0,0,0,0,0,0,0,0,0,1845,002200008366,N,Factura de Venta
20171108,03003751,Indupoles Argentina SA,Parque Ind. Campana - Km70 de Panamericana - Lote 12,01662ACP,Isolant SI,260,10.4,260,0,18392.4,22254.8,0,0,0,0,0,0,0,0,0,12243.4,002200008366,N,Factura de Venta
20171108,03003751,Indupoles Argentina SA,Parque Ind. Campana - Km70 de Panamericana - Lote 12,01500CIN,Isolant SI,45750,22.875,45750,45750,75030,90786.3,0,0,0,0,0,0,0,0,0,49867.5,002200008366,N,Factura de Venta
20171108,03003751,Indupoles Argentina SA,Parque Ind. Campana - Km70 de Panamericana - Lote 12,01515BG,Isolant SI,900,4.5,900,0,9000,10890,0,0,0,0,0,0,0,0,0,8370,002200008366,N,Factura de Venta
20171108,02002202,Simmons De Argentina SAIC,Heredia 626,01907A,Fernando Palmas,34,6.409,0,34,31796.12,38473.31,0,0,0,0,0,0,0,0,0,10211.22,002200008375,N,Factura de Venta
20171108,07005677,Iron Pack SRL,Montecatini 3158,01903A,Meier,6,0.45594,0,6,6032.88,7299.78,0,5,5,40,0,0,0,0,0,3867.24,002200008381,S,Factura de Venta
20171108,07005677,Iron Pack SRL,Montecatini 3158,01905A,Meier,10,0.7118,0,10,6059.6,7332.12,0,5,5,40,0,0,0,0,0,4042.8,002200008381,S,Factura de Venta
20171108,07005677,Iron Pack SRL,Montecatini 3158,01500D,Meier,1200,0.6,1200,0,2675,3236.76,0,5,5,0,0,0,0,0,0,2184,002200008382,S,Factura de Venta
20171108,07005677,Iron Pack SRL,Montecatini 3158,01510D,Meier,1000,3,1000,1000,5044.98,6104.42,0,5,5,0,0,0,0,0,0,3830,002200008383,S,Factura de Venta
20171108,03004731,Ferrara SA,Av. del Libertador 124,01558BC,Levy,25,5,500,25,29206.1,35339.38,0,0,0,21,0,0,0,0,0,13975.25,002200008394,N,Factura de Venta
20171108,07005932,Fluidos SA,Los Piamonteses 1160,01557AR,Meier,20,4,400,20,6339.73,7671.07,0,5,0,0,0,0,0,0,0,4741.2,002200008376,N,Factura de Venta
20171108,04005689,Polifoam SRL,Alte. Brown 3985,01666DAP,Isolant SI,15,0.75,15,0,2857.8,3457.94,0,0,0,45,0,0,0,0,0,1001.85,002200008370,N,Factura de Venta
20171108,04005689,Polifoam SRL,Alte. Brown 3985,01662DAP,Isolant SI,20,0.8,20,0,3072.3,3717.48,0,0,0,45,0,0,0,0,0,1104.4,002200008370,N,Factura de Venta
20171108,04005689,Polifoam SRL,Alte. Brown 3985,01666DAP,Isolant SI,15,0.75,15,0,2857.8,3457.94,0,0,0,45,0,0,0,0,0,1001.85,002200008370,N,Factura de Venta
20171108,04005689,Polifoam SRL,Alte. Brown 3985,01666DAP,Isolant SI,105,5.25,105,0,20004.6,24205.57,0,0,0,45,0,0,0,0,0,7012.95,002200008370,N,Factura de Venta
20171108,04005689,Polifoam SRL,Alte. Brown 3985,01658DAP,Isolant SI,100,3,100,0,10855.9,13135.64,0,0,0,45,0,0,0,0,0,4365,002200008370,N,Factura de Venta
20171108,02001697,Sealed Air Argentina SA,Deposito Katya: Primera Junta 695,01524D,Isolant SI,500,5,500,0,9930,12015.3,0,0,0,0,0,0,0,0,0,5100,002200008373,N,Factura de Venta
20171108,01003518,Herpaco SA,Chile 871,06C001CO,Ventas Buenos Aires,1,0,0,1,0.1,0.12,0,0,0,0,0,0,0,0,0,0,002200008374,N,Factura de Venta
20171108,01003518,Herpaco SA,Chile 871,01557A,Ventas Buenos Aires,25,5,500,25,18622.08,22532.71,0,0,0,21,0,0,0,0,0,6765.25,002200008374,N,Factura de Venta
20171108,07005932,Fluidos SA,Los Piamonteses 1160,01550A,Meier,5,0.2,100,5,787.73,953.16,0,5,0,32.5,12,0,0,0,0,341.35,002200008376,N,Factura de Venta
20171108,07005932,Fluidos SA,Los Piamonteses 1160,01555A,Meier,25,2.5,500,25,9102.44,11013.95,0,5,0,32.5,12,0,0,0,0,4174.75,002200008376,N,Factura de Venta
20171108,07005932,Fluidos SA,Los Piamonteses 1160,01557A,Meier,25,5,500,25,13900.4,16819.49,0,5,0,32.5,12,0,0,0,0,6765.25,002200008376,N,Factura de Venta
20171108,07005677,Iron Pack SRL,Montecatini 3158,01514DA,Meier,1500,7.5,1500,1500,13456.28,16282.1,0,5,5,0,0,0,0,0,0,7320,002200008384,S,Factura de Venta
20171108,28004997,PLUS STEEL LTDA.,Avenida Las Americas 428 - Santa Cruz - Bolivia,01557A,Fernando Palmas,40,8,800,40,27320.3,27320.3,0,0,0,0,0,0,0,0,0,10824.4,001500000689,,Factura Exterior
20171108,28004997,PLUS STEEL LTDA.,Avenida Las Americas 428 - Santa Cruz - Bolivia,01555ED,Fernando Palmas,520,52,10400,520,242613.28,242613.28,0,0,0,0,0,0,0,0,0,166322,001500000689,,Factura Exterior
20171108,07005677,Iron Pack SRL,Montecatini 3158,01666ACP,Meier,160,8,160,0,12545.48,15180.02,0,5,5,0,0,0,0,0,0,9060.8,002200008391,S,Factura de Venta
20171108,07005677,Iron Pack SRL,Montecatini 3158,01514KA,Meier,800,4,800,0,5415,6552.14,0,5,5,0,0,0,0,0,0,3341.23,002200008392,S,Factura de Venta
20171108,02001697,Sealed Air Argentina SA,Deposito Katya: Primera Junta 695,01524D,Isolant SI,500,5,500,0,9930,12015.3,0,0,0,0,0,0,0,0,0,5100,002200008372,N,Factura de Venta
20171108,03000357,Laboratorios Valmax SA,Sub Perdomo 1619,01507VB,Isolant SI,3840,5.76,3840,0,21312,25787.52,0,0,0,0,0,0,0,0,0,11750.4,002200008378,N,Factura de Venta
20171108,03000357,Laboratorios Valmax SA,Sub Perdomo 1619,01507VA,Isolant SI,3360,5.04,3360,0,18648,22564.08,0,0,0,0,0,0,0,0,0,10281.6,002200008379,N,Factura de Venta
20171108,03000357,Laboratorios Valmax SA,Sub Perdomo 1619,01507VC,Isolant SI,6000,9,6000,0,33300,40293,0,0,0,0,0,0,0,0,0,18360,002200008379,N,Factura de Venta
20171108,25004422,Vega Alfredo Eduardo,Mendoza Nº1870 (ex Aristobulo del Valle),06C001CO,Pedro Cocaña,1,0,0,1,0.1,0.12,0,3,0,0,0,0,0,0,0,0,002200008380,S,Factura de Venta
20171108,25004422,Vega Alfredo Eduardo,Mendoza Nº1870 (ex Aristobulo del Valle),01568B,Pedro Cocaña,540,5.4,540,27,30596.52,37021.78,0,3,0,21,0,0,0,0,0,301865.4,002200008380,S,Factura de Venta
20171108,25004422,Vega Alfredo Eduardo,Mendoza Nº1870 (ex Aristobulo del Valle),01570B,Pedro Cocaña,900,13.5,900,45,64677.26,78259.48,0,3,0,21,0,0,0,0,0,602028,002200008380,S,Factura de Venta
20171108,28002335,TUBACERO S.A.,Coronel Raiz 949,01555AR,Fernando Palmas,50,5,1000,50,13505.8,13505.8,0,0,0,0,0,0,0,0,0,6770.5,001500000690,,Factura Exterior
20171108,28002335,TUBACERO S.A.,Coronel Raiz 949,01654ON,Fernando Palmas,12,2.016,0,12,5177.81,5177.81,0,0,0,0,0,0,0,0,0,3521.04,001500000690,,Factura Exterior
20171108,19002241,Carlos Isla y Cia. SA,Suc. Gral Roca: San Juan 198,01557A,Latyn-Valle y Cordillera,115,23,2300,115,54009.78,65351.84,0,0,0,0,9.7,0,0,0,0,31120.15,002200008399,N,Factura de Venta
20171108,01005292,Adamant SRL,Paysandu 923 (entre Crisologo Larralde y Lucena),01514DC,Isolant SI,1200,6,1200,1200,9624,11645.04,0,0,0,0,0,0,0,0,0,6336,002200008377,N,Factura de Venta
20171108,01005292,Adamant SRL,Paysandu 923 (entre Crisologo Larralde y Lucena),01552I,Isolant SI,100,20,4000,100,27000,32670,0,0,0,0,0,0,0,0,0,19916,002200008377,N,Factura de Venta
20171108,01005292,Adamant SRL,Paysandu 923 (entre Crisologo Larralde y Lucena),01514D,Isolant SI,3000,15,3000,3000,24060,29112.6,0,0,0,0,0,0,0,0,0,15840,002200008377,N,Factura de Venta
20171108,03000023,Industrias Saladillo SA,IS.SA. Planta Pilar,01525AHC,Isolant SI,1600,16,1600,1600,26064,31537.44,0,0,0,0,0,0,0,0,0,2482.03,002200008368,N,Factura de Venta
20171108,99004274,Maderas Sucre S.A.,Docentes Argentinos 6600,01555AA,Meier,500,2.5,500,25,11221.8,13578.36,0,0,0,21,8,0,0,0,0,565.79,002200008390,S,Factura de Venta
20171108,99004274,Maderas Sucre S.A.,Docentes Argentinos 6600,01555C,Meier,3,0.3,60,3,0.3,0.36,0,0,0,0,0,0,0,0,0,67.9,002200008390,S,Factura de Venta
20171108,07005932,Fluidos SA,Los Piamonteses 1160,01555C,Meier,3,0.3,60,3,0.29,0.34,0,5,0,0,0,0,0,0,0,67.9,002200008376,N,Factura de Venta
20171108,99004274,Maderas Sucre S.A.,Docentes Argentinos 6600,01559AA,Meier,500,5,500,25,17130.68,20728.12,0,0,0,21,8,0,0,0,0,776.76,002200008390,S,Factura de Venta
20171108,99004274,Maderas Sucre S.A.,Docentes Argentinos 6600,01557C,Meier,3,0.6,60,3,0.3,0.36,0,0,0,0,0,0,0,0,0,93.21,002200008390,S,Factura de Venta
20171108,01003518,Herpaco SA,Chile 871,01557C,Ventas Buenos Aires,3,0.6,60,3,0.3,0.36,0,0,0,0,0,0,0,0,0,93.21,002200008374,N,Factura de Venta
20171108,07005932,Fluidos SA,Los Piamonteses 1160,01557C,Meier,3,0.6,60,3,0.29,0.34,0,5,0,0,0,0,0,0,0,93.21,002200008376,N,Factura de Venta
20171108,07005677,Iron Pack SRL,Montecatini 3158,01558ETC,Meier,60,0.6,60,3,978.78,1184.32,0,5,5,25,25.2,0,0,0,0,105.97,002200008388,S,Factura de Venta
20171108,03001796,Hoffman Ernesto Guillermo,Av. de Mayo 865,01960FC,Levy,1,0,0,1,2394.44,2897.28,0,0,0,21,0,0,0,0,0,0,002200008393,S,Factura de Venta
20171108,01005292,Adamant SRL,Paysandu 923 (entre Crisologo Larralde y Lucena),01514DB,Isolant SI,1425,7.125,1425,1425,11100.75,13431.91,0,0,0,0,0,0,0,0,0,7096.5,002200008377,N,Factura de Venta
20171108,01002821,Ferreteria Central SRL,,04C00898,Hector Collia,1,0,0,1,0.02,0.02,0,0,0,0,0,0,0,0,0,,000000011304,,Débito (Ajustes)
20171108,04005689,Polifoam SRL,Alte. Brown 3985,01510AB,Isolant SI,250,0.75,250,250,94480,114320.8,0,0,0,0,0,0,0,0,0,957.5,002200008370,N,Factura de Venta
20171108,07005677,Iron Pack SRL,Monseñor Marcon 3976 (Ex Pichincha),01654DC,Meier,100,2,100,0,7618.9,9218.88,0,5,5,40,0,0,0,0,0,2661,002200008385,S,Factura de Venta
20171108,07005677,Iron Pack SRL,Monseñor Marcon 3976 (Ex Pichincha),01658DC,Meier,100,3,100,0,11120.24,13455.5,0,5,5,40,0,0,0,0,0,4050,002200008385,S,Factura de Venta
20171108,07005677,Iron Pack SRL,Montecatini 3158,01508DB,Meier,400,0.8,400,0,1556,1882.76,0,0,0,0,0,0,0,0,0,1228,002200008387,S,Factura de Venta
20171108,03000440,Aquatic SRL,Dr. Luis Pasteur 2564,01514DB,Esteban Bergamaschi,1125,5.625,1125,1125,12532.5,15164.32,0,0,0,0,0,0,0,0,0,5602.5,002200008396,N,Factura de Venta
20171108,07004880,Agrochapaleufu SRL,,04C00898,Norberto Oppezzo,1,0,0,1,13.43,13.43,0,0,0,0,0,0,0,0,0,,000000011305,,Débito (Ajustes)

