﻿FechaTxt,Codigo_Cliente,Cliente,EntDir,Codigo_Articulo,Vendedor,cantidad,Mts3,Mts2,Rollos,Importe_Bruto,Importe_Neto,Dto_Contado,Dto_Flete,Dto_Especial,Bonificacion,Desc_Adicional,cantidad_elaborada,m2_ocupados,costo_unitario,costo_total_stock,Costo_de_venta
20161031,02002971,Expotap SRL,Av. Mitre 5447,01524GC,Hector Collia,500,5,500,0,12316.5,14902.97,0,0,0,30,10,0,0,0,0,0
20161031,07005781,Tiberina Automotive Argentina SA,Cno. a Interfabrica S/N - Parque Industrial Ferreyra,04ANTICIPOS,Meier,-1,0,0,-1,-164182.53,-198660.86,0,0,0,0,0,0,0,0,0,0
20161031,04002001,Sucesion de Ambrossi Luis N,,04ANTICIPOS,Esteban Bergamaschi,-1,0,0,-1,-29405.4,-35580.54,0,0,0,0,0,0,0,0,0,0
20161031,07002454,Lutre Juan Ernesto,,01568CBM,Meier,200,2,200,10,12798,15485.58,0,0,0,25,0,0,0,0,0,0
20161031,07002454,Lutre Juan Ernesto,Rivadavia 850,01568CB,Meier,-10,-2,-200,-10,-12798.22,-15485.85,0,0,0,25,0,0,0,0,0,0
20161031,07004366,Tecnocolon S.A.,,01901A,Meier,5,0.3927,0,5,8325.49,10073.85,0,0,0,21,0,0,0,0,0,0
20161031,27004063,Giacosa Elio Enzo H,Suipacha 482,04VARIOS-NORMAL,Pedro Cocaña,-1,0,0,-1,-4599.18,-5565,0,0,0,0,0,0,0,0,0,0
20161031,13004055,Trujillo Delina Lia,Av. Antartida Argentina 599,01558ECC,Pedro Cocaña,100,1,100,5,3364.06,4070.5,0,3,0,21,0,0,0,0,0,0
20161031,04001595,Dommarco Hnos Sociedad Anonima,,04C00898,Hector Collia,1,0,0,1,1.95,1.95,0,0,0,0,0,0,0,0,0,0
20161031,16005618,Termo Obras S.A,Bandera de los Andes 1831,04ANTICIPOS,Leandro Diaz,-1,0,0,-1,-53932.46,-65258.28,0,0,0,0,0,0,0,0,0,0
20161031,07003839,Kolmenor Construcciones y Montajes SRL,Av. Colon 2496,01901A,Meier,-5,-0.3927,0,-5,-8325.49,-10073.85,0,0,0,21,0,0,0,0,0,0
20161031,01002811,Gonzalez Dario R Iglesias Nelida C SH,,04C00898,Levy,1,0,0,1,0.36,0.36,0,0,0,0,0,0,0,0,0,0
20161031,01001961,El Espartano SA,,04C00898,Hector Collia,1,0,0,1,2.58,2.58,0,0,0,0,0,0,0,0,0,0
20161031,17004414,Klauk Victor Lindolfo,Av. Corrientes 2842,01555A,Pedro Cocaña,50,5,1000,50,20728.29,25081.23,0,3,0,21,8,0,0,0,0,0
20161031,17004414,Klauk Victor Lindolfo,Av. Corrientes 2842,01555C,Pedro Cocaña,6,0.6,120,6,0.58,0.7,0,3,0,0,0,0,0,0,0,0
20161031,17004414,Klauk Victor Lindolfo,Av. Corrientes 2842,01557A,Pedro Cocaña,50,10,1000,50,31653.97,38301.3,0,3,0,21,8,0,0,0,0,0
20161031,17004414,Klauk Victor Lindolfo,Av. Corrientes 2842,01557C,Pedro Cocaña,6,1.2,120,6,0.58,0.7,0,3,0,0,0,0,0,0,0,0
20161031,20004718,Molina Oscar,Av Independencia 1150,01569BC,Pedro Cocaña,15,4.5,300,15,18986.62,22973.8,0,3,0,21,0,0,0,0,0,0
20161031,27003323,Bercovich SACIFIA,,04ANTICIPOS,Pedro Cocaña,-1,0,0,-1,-731539.6,-885162.92,0,0,0,0,0,0,0,0,0,0
20161031,07002180,Ferrocons SA,Av. Juan B. Justo 4000,04VARIOS-NORMAL,Meier,-1,0,0,-1,-946.48,-1145.24,0,0,0,0,0,0,0,0,0,0
20161031,28004412,INSULEX S.A.C.,,04C00624,Isolant SI,1,0,0,1,7400,7400,0,0,0,0,0,0,0,0,0,0
20161031,20004691,All Trade Consult SRL,Florida 684,01957AA,Pedro Cocaña,1,0,0,1,0.1,0.12,0,3,0,0,0,0,0,0,0,0
20161031,20004691,All Trade Consult SRL,Florida 684,01550IC,Pedro Cocaña,2000,4,2000,100,10264.74,12420.34,0,3,0,21,8,0,0,0,0,0
20161031,10002100,Los Andes SCPA,,04C00898,Guillermo Ghiretti,1,0,0,1,0.01,0.01,0,0,0,0,0,0,0,0,0,0
20161031,22003435,Sidermet San Luis SA,Ruta 3 Km 1 Extremo Sur,01555A,Leandro Diaz,15,1.5,300,15,6689.54,8094.35,0,0,0,21,4,0,0,0,0,0
20161031,22003435,Sidermet San Luis SA,Ruta 3 Km 1 Extremo Sur,01557A,Leandro Diaz,25,5,500,25,17025.89,20601.33,0,0,0,21,4,0,0,0,0,0
20161031,22003435,Sidermet San Luis SA,Ruta 3 Km 1 Extremo Sur,01557C,Leandro Diaz,3,0.6,60,3,0.3,0.36,0,0,0,0,0,0,0,0,0,0
20161031,22003435,Sidermet San Luis SA,Ruta 3 Km 1 Extremo Sur,01750A,Leandro Diaz,12,0,0,12,7135.57,8634.04,0,0,0,21,10,0,0,0,0,0
20161031,22003435,Sidermet San Luis SA,Ruta 3 Km 1 Extremo Sur,01557A,Leandro Diaz,30,6,600,30,20431.07,24721.59,0,0,0,21,4,0,0,0,0,0
20161031,22003435,Sidermet San Luis SA,Ruta 3 Km 1 Extremo Sur,01557C,Leandro Diaz,3,0.6,60,3,0.3,0.36,0,0,0,0,0,0,0,0,0,0
20161031,22003435,Sidermet San Luis SA,Ruta 3 Km 1 Extremo Sur,01957A,Leandro Diaz,1,0,0,1,0.1,0.12,0,0,0,0,0,0,0,0,0,0
20161031,13004189,Tecnoshop SRL,Av Alte Brown 1340,01555EC,Pedro Cocaña,65,6.5,1300,65,16393,19835.53,0,3,0,0,0,0,0,0,0,0
20161031,13004189,Tecnoshop SRL,Av Alte Brown 1340,01558ES,Pedro Cocaña,60,12,1200,60,22826.04,27619.51,0,3,0,0,0,0,0,0,0,0
20161031,13004189,Tecnoshop SRL,Av Alte Brown 1340,01555ED,Pedro Cocaña,40,4,800,40,13308.4,16103.16,0,3,0,0,0,0,0,0,0,0
20161031,13004189,Tecnoshop SRL,Av Alte Brown 1340,01558EC,Pedro Cocaña,60,12,1200,60,27936,33802.56,0,3,0,0,0,0,0,0,0,0
20161031,20000029,Tubonor SA,España 2369,01555A,Isolant SA,80,8,1600,80,30801.54,37269.86,0,3,0,32.5,0,0,0,0,0,0
20161031,20000029,Tubonor SA,España 2369,01557A,Isolant SA,30,6,600,30,17638.77,21342.91,0,3,0,32.5,0,0,0,0,0,0
20161031,20000029,Tubonor SA,España 2369,01557C,Isolant SA,3,0.6,60,3,0.29,0.35,0,3,0,0,0,0,0,0,0,0
20161031,20000029,Tubonor SA,España 2369,01555C,Isolant SA,9,0.9,180,9,0.87,1.06,0,3,0,0,0,0,0,0,0,0
20161031,07003811,Centro Poliester SRL,,04C00898,Meier,1,0,0,1,3.95,3.95,0,0,0,0,0,0,0,0,0,0
20161031,04005689,Polifoam SRL,Alte. Brown 3985,01666AP,Isolant SI,100,5,100,0,16462.05,19919.08,0,0,0,45,0,0,0,0,0,0
20161031,04005689,Polifoam SRL,Alte. Brown 3985,01654DAP,Isolant SI,100,2,100,0,6425.65,7775.04,0,0,0,45,0,0,0,0,0,0
20161031,04005689,Polifoam SRL,Alte. Brown 3985,01658DAP,Isolant SI,100,3,100,0,9380.8,11350.77,0,0,0,45,0,0,0,0,0,0
20161031,04005689,Polifoam SRL,Alte. Brown 3985,01769A,Isolant SI,28,0.932428,0,28,3729.32,4512.48,0,0,0,0,0,0,0,0,0,0
20161031,04005689,Polifoam SRL,Alte. Brown 3985,01500AC,Isolant SI,3900,1.95,3900,0,7878,9532.38,0,0,0,0,0,0,0,0,0,0
20161031,31003515,Confort Clima SRL,Garibaldi 640,01763A,Esteban Bergamaschi,20,0.94248,0,20,7340.54,8882.05,0,0,3,21,0,0,0,0,0,0
20161031,31003515,Confort Clima SRL,Garibaldi 640,01765A,Esteban Bergamaschi,13,0.6045,0,13,4744.85,5741.27,0,0,3,21,0,0,0,0,0,0
20161031,31003515,Confort Clima SRL,Garibaldi 640,01766A,Esteban Bergamaschi,30,1.1874,0,30,9348.48,11311.66,0,0,3,21,0,0,0,0,0,0
20161031,24002411,La Casa de la Construccion SRL,Riccheri 965,01557AK,Diego Fani,25,2.625,375,25,9220.88,11157.26,0,0,0,21,0,0,0,0,0,0
20161031,24002411,La Casa de la Construccion SRL,Riccheri 965,01557A,Diego Fani,10,2,200,10,7094.12,8583.89,0,0,0,21,0,0,0,0,0,0
20161031,04002052,Disapla SA (Cipo),Estado de Israel 85,01767C,Isolant SA,28,1.48848,0,28,17579.27,21270.91,0,0,0,32.5,0,0,0,0,0,0
20161031,04002052,Disapla SA (Cipo),Estado de Israel 85,01555AK,Isolant SA,100,4.5,1500,100,18847.97,22806.04,0,0,0,32.5,8,0,0,0,0,0
20161031,03003069,Marclima SRL,Capital Rosales 4267,01853B,Levy,10,1.25,250,10,11918.18,14420.99,0,0,0,21,0,0,0,0,0,0
20161031,03003069,Marclima SRL,Capital Rosales 4267,01957AB,Levy,1,0,0,1,0.1,0.12,0,0,0,0,0,0,0,0,0,0
20161031,30001635,Edgardo R Ponthot e Hijos CIA,Av. Juan Domingo Peron 936,01957A,Ventas Buenos Aires,1,0,0,1,0.1,0.12,0,0,0,0,0,0,0,0,0,0
20161031,30001635,Edgardo R Ponthot e Hijos CIA,Av. Juan Domingo Peron 936,01960DA,Ventas Buenos Aires,4,0,0,4,10176.69,12313.79,0,0,0,21,0,0,0,0,0,0
20161031,30001635,Edgardo R Ponthot e Hijos CIA,Av. Juan Domingo Peron 936,01603B,Ventas Buenos Aires,30,1.5,750,30,6333.35,7663.35,0,0,0,21,0,0,0,0,0,0
20161031,24005520,Nocelli Ariel Jesus,,04C00898,Diego Fani,1,0,0,1,32.54,32.54,0,0,0,0,0,0,0,0,0,0
20161031,11005543,Baldi Mario Manuel Ramon,,04C00898,Victor Casañas,1,0,0,1,2.25,2.25,0,0,0,0,0,0,0,0,0,0
20161031,01004065,Balbin 3001 SRL,Balbin Ricardo 3001,01905A,Levy,1,0.07118,0,1,639.52,773.82,0,3,0,21,0,0,0,0,0,0
20161031,01004065,Balbin 3001 SRL,Balbin Ricardo 3001,01558ES,Levy,10,2,200,10,5182.4,6270.7,0,0,0,21,0,0,0,0,0,0
20161031,20001454,Corralon Cedroran SRL,Caseros 1750,01557A,Pedro Cocaña,25,5,500,25,16515.11,19983.29,0,3,0,21,4,0,0,0,0,0
20161031,20001454,Corralon Cedroran SRL,Caseros 1750,01557C,Pedro Cocaña,6,1.2,120,6,0.58,0.7,0,3,0,0,0,0,0,0,0,0
20161031,01000769,Gadaes SA,,04C00898,Levy,1,0,0,1,0.97,0.97,0,0,0,0,0,0,0,0,0,0
20161031,01005738,Unimaco SA,Alberdi Juan B. av 3761,01960DA,Meier,5,0,0,5,11714.46,14174.5,0,3,0,25,0,0,0,0,0,0
20161031,01005738,Unimaco SA,Alberdi Juan B. av 3761,01557A,Meier,195,39,3900,195,112104.17,135646.05,0,3,0,25,12,0,0,0,0,0
20161031,01005738,Unimaco SA,Alberdi Juan B. av 3761,01557C,Meier,24,4.8,480,24,2.33,2.82,0,3,0,0,0,0,0,0,0,0
20161031,01005738,Unimaco SA,Alberdi Juan B. av 3761,01957A,Meier,6,0,0,6,0.58,0.7,0,3,0,0,0,0,0,0,0,0
20161031,01003075,Alfombras Persas Argentina SA,Av Cabildo 3008,01700A,Luis Ramirez,10,1.2,0,10,5449.18,6593.51,0,3,0,30,0,0,0,0,0,0
20161031,01003075,Alfombras Persas Argentina SA,Av Cabildo 3008,01603B,Luis Ramirez,10,0.5,250,10,1814.49,2195.53,0,3,0,30,0,0,0,0,0,0
20161031,04005689,Polifoam SRL,Alte. Brown 3985,01524DC,Isolant SI,600,6,600,0,13596,16451.16,0,0,0,0,0,0,0,0,0,0
20161031,07002559,Abs Industrias SRL,Chile 1905,01660A,Meier,300,10.5,300,0,45584.7,55157.49,0,0,0,30,0,0,0,0,0,0
20161031,01004065,Balbin 3001 SRL,Balbin Ricardo 3001,01769A,Levy,5,0.166505,0,5,1513.21,1830.99,0,3,0,21,0,0,0,0,0,0
20161031,03004075,Comercial CMP SA,Ruta Panamericana Km. 39.5 Nº1166,01557A,Hector Collia,40,8,800,40,26939.7,32597.04,0,0,0,25,0,0,0,0,0,0
20161031,03004075,Comercial CMP SA,Ruta Panamericana Km. 39.5 Nº1166,01557C,Hector Collia,8,1.6,160,8,0.8,0.97,0,0,0,0,0,0,0,0,0,0
20161031,07003399,Record SRL,,04C00291,Pedro Cocaña,1,0,0,1,12520,12520,0,0,0,0,0,0,0,0,0,0
20161031,07003399,Record SRL,,04C00205,Pedro Cocaña,1,0,0,1,12,12,0,0,0,0,0,0,0,0,0,0
20161031,20003465,Promet Productos Metalurgicos S.R.L.,,04C00291,Pedro Cocaña,1,0,0,1,20000,20000,0,0,0,0,0,0,0,0,0,0
20161031,20003465,Promet Productos Metalurgicos S.R.L.,,04C00205,Pedro Cocaña,1,0,0,1,12,12,0,0,0,0,0,0,0,0,0,0
20161031,16005773,Metales Dibo SA,,04C00291,Leandro Diaz,1,0,0,1,18445,18445,0,0,0,0,0,0,0,0,0,0
20161031,16005773,Metales Dibo SA,,04C00205,Leandro Diaz,1,0,0,1,12,12,0,0,0,0,0,0,0,0,0,0
20161031,06000934,Antonio Prevedello y Cia SRL,,04C00291,Pedro Cocaña,1,0,0,1,12800,12800,0,0,0,0,0,0,0,0,0,0
20161031,24005653,LKL Servicios SRL,,01672A,Fernando Palmas,102,6.63,102,0,26700.54,32307.65,0,0,0,0,0,0,0,0,0,0
20161031,24005653,LKL Servicios SRL,Rodriguez Peña 2556 (Calle 111) Esq. Pte. Peron,01672A,Fernando Palmas,-102,-6.63,-102,0,-32194.9,-38955.83,0,0,0,37,0,0,0,0,0,0
20161031,22003435,Sidermet San Luis SA,Ruta 3 Km 1 Extremo Sur,01555A,Leandro Diaz,70,7,1400,70,28616.38,34625.82,0,0,0,21,12,0,0,0,0,0
20161031,22003435,Sidermet San Luis SA,Ruta 3 Km 1 Extremo Sur,01555C,Leandro Diaz,6,0.6,120,6,0.6,0.73,0,0,0,0,0,0,0,0,0,0
20161031,22003435,Sidermet San Luis SA,Ruta 3 Km 1 Extremo Sur,01557A,Leandro Diaz,80,16,1600,80,49942.61,60430.56,0,0,0,21,12,0,0,0,0,0
20161031,22003435,Sidermet San Luis SA,Ruta 3 Km 1 Extremo Sur,01557C,Leandro Diaz,9,1.8,180,9,0.9,1.09,0,0,0,0,0,0,0,0,0,0
20161031,03004075,Comercial CMP SA,Ruta Panamericana Km. 39.5 Nº1166,01957A,Hector Collia,1,0,0,1,0.1,0.12,0,0,0,0,0,0,0,0,0,0
20161031,03004075,Comercial CMP SA,Ruta Panamericana Km. 39.5 Nº1166,01557A,Hector Collia,110,22,2200,110,74084.17,89641.85,0,0,0,25,0,0,0,0,0,0
20161031,03004075,Comercial CMP SA,Ruta Panamericana Km. 39.5 Nº1166,01557C,Hector Collia,10,2,200,10,1,1.21,0,0,0,0,0,0,0,0,0,0
20161031,31005663,Rubber King SA,Av. Monteverde 4170,01524GC,Hector Collia,300,3,300,0,8211,9935.3,0,0,0,30,0,0,0,0,0,0
20161031,01005292,Adamant SRL,Paysandu 923 (entre Crisologo Larralde y Lucena),01510CC,Isolant SI,1500,4.5,1500,1500,6885,8330.85,0,0,0,0,0,0,0,0,0,0
20161031,01005292,Adamant SRL,Paysandu 923 (entre Crisologo Larralde y Lucena),01500BC,Isolant SI,360,0.18,360,0,536.4,649.04,0,0,0,0,0,0,0,0,0,0
20161031,01005292,Adamant SRL,Paysandu 923 (entre Crisologo Larralde y Lucena),01510CC,Isolant SI,1350,4.05,1350,1350,6196.5,7497.76,0,0,0,0,0,0,0,0,0,0
20161031,02002202,Simmons De Argentina SAIC,Heredia 626,01907A,Isolant SI,30,5.655,0,30,21873.9,26467.42,0,0,0,0,0,0,0,0,0,0
20161031,01000452,Caffaro Hnos Sociedad de Responsabilidad Limitada,Martin Rodriguez 1433,01950BC,Isolant SI,112,25.6032,0,112,110476.8,133676.92,0,0,0,0,0,0,0,0,0,0
20161031,01000452,Caffaro Hnos Sociedad de Responsabilidad Limitada,Martin Rodriguez 1433,01950B,Isolant SI,80,18.288,0,80,78912,95483.52,0,0,0,0,0,0,0,0,0,0
20161031,04003244,Pathfoam SRL,Alte. Brown 3985,01772AB,Isolant SI,3,0.56832,0,3,2822.85,3415.65,0,0,0,0,0,0,0,0,0,0
20161031,16005618,Termo Obras S.A,,04C00898,Leandro Diaz,1,0,0,1,0.02,0.02,0,0,0,0,0,0,0,0,0,0
20161031,24005795,Foam Plus SRL,Domingo Victor Cochet 496,01568CBM,Diego Fani,1520,15.2,1520,76,44028.54,53274.52,0,3,0,30,0,0,0,0,0,0
20161031,03005678,Benaglia Leonor Susana,,04C00898,Esteban Bergamaschi,1,0,0,1,5.28,5.28,0,0,0,0,0,0,0,0,0,0
20161031,24005795,Foam Plus SRL,,01568CBM,Diego Fani,-1520,-15.2,-1520,-76,-88046.74,-106536.56,0,3,0,30,0,0,0,0,0,0

