﻿FechaTxt,Codigo_Cliente,Cliente,EntDir,Codigo_Articulo,Vendedor,cantidad,Mts3,Mts2,Rollos,Importe_Bruto,Importe_Neto,Dto_Contado,Dto_Flete,Dto_Especial,Bonificacion,Desc_Adicional,cantidad_elaborada,m2_ocupados,costo_unitario,costo_total_stock,Costo_de_venta
20161114,27001542,Rosso Hnos. de Alvaro S. Rosso y Raul E. Rosso,Suc.05 - 25 DE MAYO 69,01559AA,Pedro Cocaña,1000,10,1000,50,28744.98,34781.42,0,3,0,25,12,0,0,0,0,0
20161114,27001542,Rosso Hnos. de Alvaro S. Rosso y Raul E. Rosso,Suc.05 - 25 DE MAYO 69,01557C,Pedro Cocaña,6,1.2,120,6,0.58,0.7,0,3,0,0,0,0,0,0,0,0
20161114,27001542,Rosso Hnos. de Alvaro S. Rosso y Raul E. Rosso,Suc.05 - 25 DE MAYO 69,01555AA,Pedro Cocaña,500,2.5,500,25,9410.94,11387.24,0,3,0,25,12,0,0,0,0,0
20161114,27001542,Rosso Hnos. de Alvaro S. Rosso y Raul E. Rosso,Suc.05 - 25 DE MAYO 69,01555C,Pedro Cocaña,3,0.3,60,3,0.3,0.36,0,3,0,0,0,0,0,0,0,0
20161114,02005125,Pablo Nicolas Sesma,Anacleto Rojas 630,01555MC,Hector Collia,200,1.5,200,10,10785.08,13049.94,0,0,0,21,0,0,0,0,0,0
20161114,02005125,Pablo Nicolas Sesma,Anacleto Rojas 630,01555MA,Hector Collia,1,0.15,20,1,0.1,0.12,0,0,0,0,0,0,0,0,0,0
20161114,01002018,Zanet SA,Erezcano 3021/35,01504BCC,Fernando Palmas,11520,11.52,11520,0,46656,56453.76,0,0,0,0,0,0,0,0,0,0
20161114,01000452,Caffaro Hnos Sociedad de Responsabilidad Limitada,Pavon 2632,01950B,Isolant SI,5,1.143,0,5,4932,5967.72,0,0,0,0,0,0,0,0,0,0
20161114,01002821,Ferreteria Central SRL,Av. Córdoba 5625,01557A,Hector Collia,100,20,2000,100,59267.34,71713.48,0,0,0,25,12,0,0,0,0,0
20161114,01002821,Ferreteria Central SRL,Av. Córdoba 5625,01557C,Hector Collia,12,2.4,240,12,1.2,1.45,0,0,0,0,0,0,0,0,0,0
20161114,01002821,Ferreteria Central SRL,Av. Córdoba 5625,01957A,Hector Collia,1,0,0,1,0.1,0.12,0,0,0,0,0,0,0,0,0,0
20161114,02000130,Telas Plasticas Miliavaca SA,Av. Hipolito Yrigoyen 11037,01514ACM,Hector Collia,10,3.12,0,10,9140,11059.4,0,0,0,0,0,0,0,0,0,0
20161114,24005653,LKL Servicios SRL,Rodriguez Peña 2556 (Calle 111) Esq. Pte. Peron,01672A,Fernando Palmas,110.16,7.1604,110.16,0,28836.58,34892.27,0,0,0,0,0,0,0,0,0,0
20161114,30005166,Martino Fernando Alfedro,Ruta 7 Km 313,01957A,Hector Collia,1,0,0,1,0.1,0.12,0,0,0,0,0,0,0,0,0,0
20161114,30005166,Martino Fernando Alfedro,Ruta 7 Km 313,01555A,Hector Collia,25,2.5,500,25,11613.79,14052.69,0,0,0,21,0,0,0,0,0,0
20161114,30005166,Martino Fernando Alfedro,Ruta 7 Km 313,01555C,Hector Collia,3,0.3,60,3,0.3,0.36,0,0,0,0,0,0,0,0,0,0
20161114,30005166,Martino Fernando Alfedro,Ruta 7 Km 313,01960DA,Hector Collia,3,0,0,3,7937.82,9604.76,0,0,0,21,0,0,0,0,0,0
20161114,01000452,Caffaro Hnos Sociedad de Responsabilidad Limitada,Pavon 2632,01950B,Isolant SI,50,11.43,0,50,49320,59677.2,0,0,0,0,0,0,0,0,0,0
20161114,01000452,Caffaro Hnos Sociedad de Responsabilidad Limitada,Pavon 2632,01950F,Isolant SI,15,3.42897786,0,15,7398,8951.58,0,0,0,0,0,0,0,0,0,0
20161114,01000512,Industrial Belgrano SA,,04C00898,Levy,1,0,0,1,0.02,0.02,0,0,0,0,0,0,0,0,0,0
20161114,03003751,Indupoles Argentina SA,Parque Ind. Campana - Km70 de Panamericana - Lote 12,01506D,Isolant SI,3600,5.4,3600,3600,10044,12153.24,0,0,0,0,0,0,0,0,0,0
20161114,03003751,Indupoles Argentina SA,Parque Ind. Campana - Km70 de Panamericana - Lote 12,01500D,Isolant SI,33750,16.875,33750,0,47925,57989.25,0,0,0,0,0,0,0,0,0,0
20161114,03003751,Indupoles Argentina SA,Parque Ind. Campana - Km70 de Panamericana - Lote 12,01515BE,Isolant SI,2250,11.25,2250,0,30060,36372.6,0,0,0,0,0,0,0,0,0,0
20161114,03003751,Indupoles Argentina SA,Parque Ind. Campana - Km70 de Panamericana - Lote 12,01501IJE,Isolant SI,600,0.3,600,0,1086,1314.06,0,0,0,0,0,0,0,0,0,0
20161114,03003751,Indupoles Argentina SA,Parque Ind. Campana - Km70 de Panamericana - Lote 12,01507BB,Isolant SI,3960,5.94,3960,0,16354.8,19789.31,0,0,0,0,0,0,0,0,0,0
20161114,01000452,Caffaro Hnos Sociedad de Responsabilidad Limitada,Pavon 2632,01950F,Isolant SI,10,2.28598524,0,10,4932,5967.72,0,0,0,0,0,0,0,0,0,0
20161114,01000452,Caffaro Hnos Sociedad de Responsabilidad Limitada,Martin Rodriguez 1433,01950B,Isolant SI,165,37.719,0,165,162756,196934.76,0,0,0,0,0,0,0,0,0,0
20161114,03001935,Fama Carlos Mario,Sgo. del Estero 6579 D1,01852AA,Levy,10,5,250,10,22336.93,27027.68,0,0,0,21,4,0,0,0,0,0
20161114,02005702,Caps Ram,J. Díaz Solís 3535,01510D,Levy,2800,8.4,2800,2800,29526,35726.46,0,0,0,25,0,0,0,0,0,0
20161114,01005292,Adamant SRL,Paysandu 923 (entre Crisologo Larralde y Lucena),01506CC,Isolant SI,4500,6.75,4500,4500,12825,15518.25,0,0,0,0,0,0,0,0,0,0
20161114,03003751,Indupoles Argentina SA,Parque Ind. Campana - Km70 de Panamericana - Lote 12,01500AIN,Isolant SI,25500,12.75,25500,25500,36210,43814.1,0,0,0,0,0,0,0,0,0,0
20161114,03003751,Indupoles Argentina SA,Parque Ind. Campana - Km70 de Panamericana - Lote 12,01500AIN,Isolant SI,22500,11.25,22500,22500,31950,38659.5,0,0,0,0,0,0,0,0,0,0
20161114,03003751,Indupoles Argentina SA,Parque Ind. Campana - Km70 de Panamericana - Lote 12,01507BB,Isolant SI,6750,10.125,6750,0,27877.5,33731.78,0,0,0,0,0,0,0,0,0,0
20161114,03003751,Indupoles Argentina SA,Parque Ind. Campana - Km70 de Panamericana - Lote 12,01507BB,Isolant SI,5400,8.1,5400,0,22302,26985.42,0,0,0,0,0,0,0,0,0,0
20161114,03003751,Indupoles Argentina SA,Parque Ind. Campana - Km70 de Panamericana - Lote 12,01507BB,Isolant SI,3240,4.86,3240,0,13381.2,16191.25,0,0,0,0,0,0,0,0,0,0
20161114,03000023,Industrias Saladillo SA,IS.SA. Planta Pilar,01777B,Isolant SI,26,0.6942,0,26,2659.8,3218.36,0,0,0,0,0,0,0,0,0,0
20161114,03000023,Industrias Saladillo SA,IS.SA. Planta Pilar,01777B,Isolant SI,20,0.534,0,20,2046,2475.66,0,0,0,0,0,0,0,0,0,0
20161114,03000023,Industrias Saladillo SA,IS.SA. Planta Pilar,01778B,Isolant SI,44,1.078198,0,44,4653,5630.13,0,0,0,0,0,0,0,0,0,0
20161114,03000023,Industrias Saladillo SA,IS.SA. Planta Pilar,01776BA,Isolant SI,80,2.261952,0,80,13644,16509.24,0,0,0,0,0,0,0,0,0,0
20161114,03000023,Industrias Saladillo SA,IS.SA. Planta Pilar,01779B,Isolant SI,34,1.0991214,0,34,4579.12,5540.74,0,0,0,0,0,0,0,0,0,0
20161114,04005689,Polifoam SRL,Alte. Brown 3985,01666DAP,Isolant SI,100,5,100,0,16462.05,19919.08,0,0,0,45,0,0,0,0,0,0
20161114,04005689,Polifoam SRL,Alte. Brown 3985,01666AP,Isolant SI,100,5,100,0,16462.05,19919.08,0,0,0,45,0,0,0,0,0,0
20161114,04005689,Polifoam SRL,Alte. Brown 3985,01662DAP,Isolant SI,100,4,100,0,13273.7,16061.18,0,0,0,45,0,0,0,0,0,0
20161114,04005689,Polifoam SRL,Alte. Brown 3985,01662AP,Isolant SI,20,0.8,20,0,2654.74,3212.24,0,0,0,45,0,0,0,0,0,0
20161114,04005689,Polifoam SRL,Alte. Brown 3985,01854B,Isolant SI,10,2.5,250,10,14625.8,17697.22,0,0,0,0,0,0,0,0,0,0
20161114,04005689,Polifoam SRL,Alte. Brown 3985,01650DC,Isolant SI,150,1.5,150,0,5204.93,6297.96,0,0,0,45,0,0,0,0,0,0
20161114,01005292,Adamant SRL,Paysandu 923 (entre Crisologo Larralde y Lucena),01510CC,Isolant SI,600,1.8,600,600,2754,3332.34,0,0,0,0,0,0,0,0,0,0
20161114,01005292,Adamant SRL,Paysandu 923 (entre Crisologo Larralde y Lucena),01506CC,Isolant SI,1500,2.25,1500,1500,4275,5172.75,0,0,0,0,0,0,0,0,0,0
20161114,01005292,Adamant SRL,Paysandu 923 (entre Crisologo Larralde y Lucena),01508D,Isolant SI,2000,4,2000,2000,7140,8639.4,0,0,0,0,0,0,0,0,0,0
20161114,01000452,Caffaro Hnos Sociedad de Responsabilidad Limitada,Martin Rodriguez 1433,01950F,Isolant SI,65,14.85890406,0,65,32058,38790.18,0,0,0,0,0,0,0,0,0,0
20161114,04005747,Manso Hector Abel,,04C00898,Hector Collia,1,0,0,1,0.17,0.17,0,0,0,0,0,0,0,0,0,0
20161114,29002098,Cisilotto Hnos SACIFEI,Colectora Gaona y Ruta 5,01557A,Hector Collia,115,23,2300,115,71792.5,86868.93,0,0,0,21,12,0,0,0,0,0
20161114,29002098,Cisilotto Hnos SACIFEI,Colectora Gaona y Ruta 5,01557C,Hector Collia,12,2.4,240,12,1.2,1.45,0,0,0,0,0,0,0,0,0,0
20161114,02002202,Simmons De Argentina SAIC,Heredia 626,01907A,Isolant SI,27,5.0895,0,27,19686.51,23820.68,0,0,0,0,0,0,0,0,0,0
20161114,01000452,Caffaro Hnos Sociedad de Responsabilidad Limitada,Martin Rodriguez 1433,01658D,Isolant SI,187.05,5.6115,187.05,0,24650.01,29826.51,0,0,0,0,0,0,0,0,0,0
20161114,01002018,Zanet SA,Erezcano 3021/35,01508F,Fernando Palmas,2500,5,2500,0,16350,19783.5,0,0,0,0,0,0,0,0,0,0
20161114,13005695,Hiperplaca SRL,Avda. Almirante Brown No. 32,01555AK,Pedro Cocaña,5,0.225,75,5,1197.8,1449.34,0,3,0,21,0,0,0,0,0,0
20161114,13005695,Hiperplaca SRL,Avda. Almirante Brown No. 32,01557AK,Pedro Cocaña,10,1.05,150,10,3685.06,4458.92,0,3,0,21,0,0,0,0,0,0
20161114,13005695,Hiperplaca SRL,Avda. Almirante Brown No. 32,01603AC,Pedro Cocaña,10,0.5,250,10,2872.4,3475.6,0,3,0,21,0,0,0,0,0,0
20161114,13005695,Hiperplaca SRL,Avda. Almirante Brown No. 32,01753A,Pedro Cocaña,5,0.1875,0,5,4099.7,4960.64,0,3,0,21,0,0,0,0,0,0
20161114,20004067,Hierronort Salta SRL,Av. Corrientes y Parroco Marquez,01555A,Pedro Cocaña,75,7.5,1500,75,28234.74,34164.04,0,3,0,25,12,0,0,0,0,0
20161114,20004067,Hierronort Salta SRL,Av. Corrientes y Parroco Marquez,01555C,Pedro Cocaña,9,0.9,180,9,0.87,1.06,0,3,0,0,0,0,0,0,0,0
20161114,20004067,Hierronort Salta SRL,Av. Corrientes y Parroco Marquez,01750A,Pedro Cocaña,10,0,0,10,6084.3,7362,0,3,0,25,0,0,0,0,0,0
20161114,13002108,Tecnomat Soc de Hecho,Avda 19 de Abril 453,01753A,Pedro Cocaña,1,0.0375,0,1,819.94,992.13,0,3,0,21,0,0,0,0,0,0
20161114,24004824,Suri Aventura SA,,04C00898,Diego Fani,1,0,0,1,0.89,0.89,0,0,0,0,0,0,0,0,0,0
20161114,20004067,Hierronort Salta SRL,Avda Paraguay 1450,01557A,Pedro Cocaña,100,20,2000,100,57489.32,69562.08,0,3,0,25,12,0,0,0,0,0
20161114,20004067,Hierronort Salta SRL,Avda Paraguay 1450,01557C,Pedro Cocaña,12,2.4,240,12,1.16,1.41,0,3,0,0,0,0,0,0,0,0
20161114,20004067,Hierronort Salta SRL,Avda Paraguay 1450,01558BC,Pedro Cocaña,30,6,600,30,29251.83,35394.71,0,3,0,25,0,0,0,0,0,0
20161114,13005636,Clauser Elvis Guillermo,Av. San Martin 375,01555AKC,Pedro Cocaña,450,13.5,450,30,6700.28,8107.34,0,3,0,21,4,0,0,0,0,0
20161114,13005636,Clauser Elvis Guillermo,Av. San Martin 375,01957A,Pedro Cocaña,1,0,0,1,0.1,0.12,0,3,0,0,0,0,0,0,0,0
20161114,13005636,Clauser Elvis Guillermo,Av. San Martin 375,01557AKC,Pedro Cocaña,450,3.15,450,30,10302.02,12465.44,0,3,0,21,4,0,0,0,0,0

