﻿FechaTxt,Codigo_Cliente,Cliente,EntDir,Codigo_Articulo,Vendedor,cantidad,Mts3,Mts2,Rollos,Importe_Bruto,Importe_Neto,Dto_Contado,Dto_Flete,Dto_Especial,Bonificacion,Desc_Adicional,cantidad_elaborada,m2_ocupados,costo_unitario,costo_total_stock,Costo_de_venta,comp,C_Construccion,nomdoc
20170905,06000934,Antonio Prevedello y Cia SRL,Av. del Pino 1183,06C001PI,Pedro Cocaña,1,0,0,1,0.1,0.12,0,0,0,0,0,0,0,0,0,0,002200006985,N,Factura de Venta
20170905,06000934,Antonio Prevedello y Cia SRL,Av. del Pino 1183,01960DA,Pedro Cocaña,10,0,0,10,27958.2,33829.42,0,0,0,25,0,0,0,0,0,11067,002200006985,N,Factura de Venta
20170905,19002241,Carlos Isla y Cia. SA,Suc. Gral Roca: San Juan 198,01557A,Latyn-Valle y Cordillera,114,22.8,2280,114,53362.26,64568.33,0,0,10,0,0,0,0,0,0,29222.76,002200006988,N,Factura de Venta
20170905,19002241,Carlos Isla y Cia. SA,Suc. Gral Roca: San Juan 198,01558AL,Latyn-Valle y Cordillera,20,4,800,20,11519.82,13938.98,0,0,10,0,0,0,0,0,0,6372.6,002200006988,N,Factura de Venta
20170905,19002241,Carlos Isla y Cia. SA,Suc. Gral Roca: San Juan 198,01551A,Latyn-Valle y Cordillera,40,4,800,40,8961.12,10842.96,0,0,10,0,0,0,0,0,0,4525.6,002200006988,N,Factura de Venta
20170905,19002241,Carlos Isla y Cia. SA,Suc. Gral Roca: San Juan 198,01569BC,Latyn-Valle y Cordillera,20,6,400,20,21993.66,26612.33,0,0,10,0,0,0,0,0,0,12613.4,002200006988,N,Factura de Venta
20170905,03003300,Aserradero Vagol SRL,Av. San Martin 1188,01557A,Esteban Bergamaschi,50,10,1000,50,31115.37,37649.6,0,0,0,25,12,0,0,0,0,12817,002200007011,N,Factura de Venta
20170905,03003300,Aserradero Vagol SRL,Av. San Martin 1188,01555M,Esteban Bergamaschi,80,12,1600,80,77910.1,94271.22,0,0,0,25,12,0,0,0,0,43347.2,002200007011,N,Factura de Venta
20170905,03003300,Aserradero Vagol SRL,Av. San Martin 1188,01603A,Esteban Bergamaschi,200,10,5000,200,23310,28205.1,0,0,0,0,0,0,0,0,0,10426,002200007011,N,Factura de Venta
20170905,03000023,Industrias Saladillo SA,IS.SA. Planta Pilar,01777B,Isolant SI,150,4.005,0,150,17079,20665.59,0,0,0,0,0,0,0,0,0,6810,002200007012,N,Factura de Venta
20170905,03000023,Industrias Saladillo SA,IS.SA. Planta Pilar,01788BA,Isolant SI,120,2.8272,0,120,22047.6,26677.6,0,0,0,0,0,0,0,0,0,14992.8,002200007012,N,Factura de Venta
20170905,19002241,Carlos Isla y Cia. SA,Suc. Neuquen: Teodoro Plan 5055,01555AR,Latyn-Valle y Cordillera,30,3,600,30,5346,6468.66,0,0,10,0,0,0,0,0,0,3878.4,002200006998,N,Factura de Venta
20170905,19002241,Carlos Isla y Cia. SA,Suc. Neuquen: Teodoro Plan 5055,01557AR,Latyn-Valle y Cordillera,35,7,700,35,9607.5,11625.07,0,0,10,0,0,0,0,0,0,7904.75,002200006998,N,Factura de Venta
20170905,19002241,Carlos Isla y Cia. SA,Suc. Neuquen: Teodoro Plan 5055,01555AR,Latyn-Valle y Cordillera,100,10,2000,100,19800,23958,0,0,0,0,0,0,0,0,0,12928,002200006999,N,Factura de Venta
20170905,24000055,Impack SA,Galvez 1544,01514DA,Victor Casañas,1050,5.25,1050,1050,10101,12222.21,0,0,0,0,0,0,0,0,0,4893,002200006982,N,Factura de Venta
20170905,24000055,Impack SA,Galvez 1544,01658ACP,Victor Casañas,20,0.6,20,0,1957.2,2368.21,0,0,0,0,0,0,0,0,0,722.6,002200006982,N,Factura de Venta
20170905,03003300,Aserradero Vagol SRL,Av. San Martin 1188,01555A,Esteban Bergamaschi,50,5,1000,50,20375.52,24654.38,0,0,0,25,12,0,0,0,0,7968.5,002200007011,N,Factura de Venta
20170905,24002266,Gironacci Flavio Damian,Mitre 759,01555M,Diego Fani,6,0.9,120,6,6994.2,8462.98,0,0,0,21,0,0,0,0,0,3251.04,002200006978,N,Factura de Venta
20170905,24002266,Gironacci Flavio Damian,Mitre 759,01557A,Diego Fani,8,1.6,160,8,5959.06,7210.47,0,0,0,21,0,0,0,0,0,2050.72,002200006978,N,Factura de Venta
20170905,29002369,Cambiasso Pedro Raul,Av. Mitre 315,01558BC,Hector Collia,1,0.2,20,1,1168.24,1413.58,0,0,0,21,0,0,0,0,0,537.09,002200006979,N,Factura de Venta
20170905,29002369,Cambiasso Pedro Raul,Av. Mitre 315,01557A,Hector Collia,3,0.6,60,3,2234.65,2703.93,0,0,0,21,0,0,0,0,0,769.02,002200006979,N,Factura de Venta
20170905,16002012,Zapata Goma Sociedad Anonima,Salta 745,01960DA,Leandro Diaz,1,0,0,1,2461.72,2978.69,0,0,0,30,0,0,0,0,0,1106.7,002200006980,N,Factura de Venta
20170905,29002246,Ungaro Leonardo Roberto,Calle 20 nº 1178,01960DA,Hector Collia,5,0,0,5,13979.1,16914.71,0,0,0,25,0,0,0,0,0,5533.5,002200006981,N,Factura de Venta
20170905,29003375,Griguelo Ariel Cristian,Irigoyen 715,01555A,Hector Collia,2,0.2,40,2,975.56,1180.42,0,0,0,21,0,0,0,0,0,318.74,002200007007,N,Factura de Venta
20170905,13003662,A B Construcciones SRL,Av. Almte. Brown 198,01558BC,Pedro Cocaña,40,8,800,40,36793.03,44519.57,0,3,14.5,25,0,0,0,0,0,21483.6,002200007013,N,Factura de Venta
20170905,13003662,A B Construcciones SRL,Av. Almte. Brown 198,01555AR,Pedro Cocaña,70,7,1400,70,11771.63,14243.68,0,3,28,25,12,0,0,0,0,9049.6,002200007014,N,Factura de Venta
20170905,13003662,A B Construcciones SRL,Av. Almte. Brown 198,01557AR,Pedro Cocaña,50,10,1000,50,12932.71,15648.57,0,3,28,25,12,0,0,0,0,11292.5,002200007014,N,Factura de Venta
20170905,13003662,A B Construcciones SRL,Av. Almte. Brown 198,01557A,Pedro Cocaña,45,9,900,45,23224.98,28102.22,0,3,14.5,25,12,0,0,0,0,11535.3,002200007015,N,Factura de Venta
20170905,03000023,Industrias Saladillo SA,IS.SA. Planta Pilar,01788BA,Isolant SI,144,3.39264,0,144,26457.12,32013.12,0,0,0,0,0,0,0,0,0,17991.36,002200006986,N,Factura de Venta
20170905,11003126,Leffler y Wollert SRL,Lavarden 670,06C001CO,Victor Casañas,1,0,0,1,0.1,0.12,0,0,0,0,0,0,0,0,0,0,002200007004,N,Factura de Venta
20170905,11003126,Leffler y Wollert SRL,Lavarden 670,01960DA,Victor Casañas,10,0,0,10,29449.3,35633.66,0,0,0,21,0,0,0,0,0,11067,002200007004,N,Factura de Venta
20170905,11004566,Organizacion La Loma S.A.,Parana y Rivadavia,01960DA,Disapla,4,0,0,4,11779.72,14253.46,0,0,0,21,0,0,0,0,0,4426.8,002200007005,N,Factura de Venta
20170905,03003975,Alfombras Martinez SRL,Colectora Panamericana 981,01603AC,Ventas Buenos Aires,4,0.2,100,4,1068.96,1293.45,0,3,0,30,0,0,0,0,0,491.04,002200007010,N,Factura de Venta
20170905,17000369,Macovalle SA,Pellegrini Y Ruta 7,01960DA,Disapla,6,0,0,6,17669.58,21380.19,0,0,0,21,0,0,0,0,0,6640.2,002200007016,N,Factura de Venta
20170905,30005166,Martino Fernando Alfedro,Ruta 7 Km 313,01851A,Hector Collia,11,2.75,275,11,9690.04,11724.96,0,0,0,21,0,0,0,0,0,3651.78,002200006983,S,Factura de Venta
20170905,03000023,Industrias Saladillo SA,IS.SA. Planta Pilar,01766AS,Isolant SI,65,2.5727,0,65,6979.7,8445.44,0,0,0,0,0,0,0,0,0,2931.5,002200007008,N,Factura de Venta
20170905,03000023,Industrias Saladillo SA,IS.SA. Planta Pilar,01780B,Isolant SI,124,3.2178,0,124,15728.16,19031.07,0,0,0,0,0,0,0,0,0,7819.44,002200007009,N,Factura de Venta
20170905,04002052,Disapla SA (Cipo),Estado de Israel 85,01764C,Isolant SA,6,0.39582,0,6,5723.86,6925.88,0,0,0,32.5,0,0,0,0,0,1523.64,002200007000,N,Factura de Venta
20170905,24002397,Trobbiani Daniel Ramon,27 De Febrero 2439,01767C,Diego Fani,1,0.05316,0,1,638.88,773.04,0,0,0,40,0,0,0,0,0,166.04,002200007001,N,Factura de Venta
20170905,31002801,Rango Comercial SA,Santa Cruz 24,01766C,Esteban Bergamaschi,1,0.04976,0,1,798.6,966.31,0,0,0,21,0,0,0,0,0,157.71,002200007002,N,Factura de Venta
20170905,11002933,La Agricola Regional Cooperativa Limitada,Moreno 1404,01960DA,Natali Plasticos (Vta Directa),15,0,0,15,43732.22,52915.98,0,0,1,21,0,0,0,0,0,16600.5,002200007003,N,Factura de Venta
20170905,29003933,Grosman Marcelo Fabian,Av Lacroze 2708,01760A,Luis Ramirez,1,0.06283,0,1,661.37,800.26,0,0,0,21,0,0,0,0,0,96.12,002200006993,N,Factura de Venta
20170905,29003933,Grosman Marcelo Fabian,Av Lacroze 2708,01761A,Luis Ramirez,1,0.06503,0,1,605.45,732.59,0,0,0,21,0,0,0,0,0,90.55,002200006993,N,Factura de Venta
20170905,29003933,Grosman Marcelo Fabian,Av Lacroze 2708,01765A,Luis Ramirez,1,0.0465,0,1,430.76,521.22,0,0,0,21,0,0,0,0,0,65.08,002200006993,N,Factura de Venta
20170905,29003933,Grosman Marcelo Fabian,Av Lacroze 2708,01766A,Luis Ramirez,8,0.31664,0,8,2942.15,3560,0,0,0,21,0,0,0,0,0,360.8,002200006993,N,Factura de Venta
20170905,29003933,Grosman Marcelo Fabian,Av Lacroze 2708,01773A,Luis Ramirez,1,0.03255,0,1,308.42,373.19,0,0,0,21,0,0,0,0,0,72.02,002200006993,N,Factura de Venta
20170905,03000023,Industrias Saladillo SA,IS.SA. Planta Pilar,01765AS,Isolant SI,60,2.79,0,60,7435.2,8996.59,0,0,0,0,0,0,0,0,0,3904.8,002200007008,N,Factura de Venta
20170905,19002241,Carlos Isla y Cia. SA,Suc. Gral Roca: San Juan 198,01555M,Latyn-Valle y Cordillera,10,1.5,200,10,7398.81,8952.56,0,0,10,0,0,0,0,0,0,5418.4,002200006988,N,Factura de Venta
20170905,03000023,Industrias Saladillo SA,IS.SA. Planta Pilar,01777B,Isolant SI,136,3.6312,0,136,15484.96,18736.8,0,0,0,0,0,0,0,0,0,6174.4,002200006989,N,Factura de Venta
20170905,14005545,Mariano Ojeda SRL,Boulevard Brown 1986,01555AK,Disapla,20,0.9,300,20,4700.97,5688.18,0,0,0,21,0,0,0,0,0,2038.8,002200006991,N,Factura de Venta
20170905,14005545,Mariano Ojeda SRL,Boulevard Brown 1986,01555A,Disapla,10,1,200,10,4877.78,5902.11,0,0,0,21,0,0,0,0,0,1593.7,002200006991,N,Factura de Venta
20170905,11004727,Cooperativa La Ganadera General Ramirez Agropecuaria de Cons y Prov de Serv Publicos Ltda,Rep. de Entre Rios 120,06C001CO,Victor Casañas,1,0,0,1,0.1,0.12,0,0,0,0,0,0,0,0,0,0,002200006992,N,Factura de Venta
20170905,11004727,Cooperativa La Ganadera General Ramirez Agropecuaria de Cons y Prov de Serv Publicos Ltda,Rep. de Entre Rios 120,01557A,Victor Casañas,75,15,1500,75,49162.28,59486.36,0,0,0,21,12,0,0,0,0,19225.5,002200006992,N,Factura de Venta
20170905,30005166,Martino Fernando Alfedro,Ruta 7 Km 313,01555AA,Hector Collia,1000,5,1000,50,23419.4,28337.46,0,0,0,21,4,0,0,0,0,1390.89,002200006984,S,Factura de Venta
20170905,30005166,Martino Fernando Alfedro,Ruta 7 Km 313,01555C,Hector Collia,6,0.6,120,6,0.6,0.72,0,0,0,0,0,0,0,0,0,166.91,002200006984,S,Factura de Venta
20170905,03003300,Aserradero Vagol SRL,Av. San Martin 1188,01555C,Esteban Bergamaschi,6,0.6,120,6,0.6,0.73,0,0,0,0,0,0,0,0,0,166.91,002200007011,N,Factura de Venta
20170905,11003126,Leffler y Wollert SRL,Lavarden 670,01555ARC,Victor Casañas,1600,8,1600,80,18279.86,22118.64,0,0,10,21,12,0,0,0,0,2491.47,002200007006,S,Factura de Venta
20170905,03003300,Aserradero Vagol SRL,Av. San Martin 1188,01555MA,Esteban Bergamaschi,8,1.2,160,8,0.8,0.97,0,0,0,0,0,0,0,0,0,3929.37,002200007011,N,Factura de Venta
20170905,11004727,Cooperativa La Ganadera General Ramirez Agropecuaria de Cons y Prov de Serv Publicos Ltda,Rep. de Entre Rios 120,01557C,Victor Casañas,9,1.8,180,9,0.9,1.09,0,0,0,0,0,0,0,0,0,276.63,002200006992,N,Factura de Venta
20170905,03003300,Aserradero Vagol SRL,Av. San Martin 1188,01557C,Esteban Bergamaschi,6,1.2,120,6,0.6,0.73,0,0,0,0,0,0,0,0,0,184.42,002200007011,N,Factura de Venta
20170905,11003126,Leffler y Wollert SRL,Lavarden 670,01557ARC,Victor Casañas,1060,10.6,1060,53,18609.98,22518.08,0,0,10,21,12,0,0,0,0,1592.48,002200007006,S,Factura de Venta
20170905,16004354,Nahim Elias,,04C00898,Leandro Diaz,1,0,0,1,33.29,33.29,0,0,0,0,0,0,0,0,0,,000000011104,,Débito (Ajustes)
20170905,03000023,Industrias Saladillo SA,IS.SA. Planta Pilar,01776BA,Isolant SI,67,1.8943848,0,67,12112.26,14655.83,0,0,0,0,0,0,0,0,0,7594.45,002200006987,N,Factura de Venta
20170905,03000023,Industrias Saladillo SA,IS.SA. Planta Pilar,01777BA,Isolant SI,107,2.8572852,0,107,17193.83,20804.53,0,0,0,0,0,0,0,0,0,10738.52,002200006987,N,Factura de Venta
20170905,16004354,Nahim Elias,,01IN,Leandro Diaz,-1,0,0,-1,-1110.6,-1343.83,0,0,0,0,0,0,0,0,0,,001300000306,,Crédito de Venta
20170905,03000023,Industrias Saladillo SA,IS.SA. Planta Pilar,01777BA,Isolant SI,120,3.204432,0,120,20246.4,24498.14,0,0,0,0,0,0,0,0,0,12043.2,002200006995,N,Factura de Venta
20170905,03000023,Industrias Saladillo SA,IS.SA. Planta Pilar,01776B,Isolant SI,115,3.251556,0,115,14310.6,17315.83,0,0,0,0,0,0,0,0,0,5936.3,002200006996,N,Factura de Venta
20170905,03000023,Industrias Saladillo SA,IS.SA. Planta Pilar,01776BA,Isolant SI,6,0.1696464,0,6,1084.68,1312.46,0,0,0,0,0,0,0,0,0,680.1,002200006994,N,Factura de Venta
20170905,02002202,Simmons De Argentina SAIC,,04C00898,Isolant SI,1,0,0,1,0.16,0.16,0,0,0,0,0,0,0,0,0,,000000011105,,Débito (Ajustes)
20170905,16005856,San Martin Goma de Lauriente Hnos SRL,,04C00898,Leandro Diaz,1,0,0,1,2.62,2.62,0,0,0,0,0,0,0,0,0,,000000011103,,Débito (Ajustes)
20170905,29002369,Cambiasso Pedro Raul,Av. Mitre 315,01654DC,Hector Collia,40,0.8,40,0,4446.12,5379.81,0,0,0,21,0,0,0,0,0,1033.6,002200006979,N,Factura de Venta
20170905,03000023,Industrias Saladillo SA,IS.SA. Planta Pilar,01777BA,Isolant SI,100,2.67036,0,100,16872,20415.12,0,0,0,0,0,0,0,0,0,10036,002200006990,N,Factura de Venta
20170905,16004354,Nahim Elias,,01IN,Leandro Diaz,-1,0,0,-1,-5884.92,-7120.75,0,0,0,0,0,0,0,0,0,,001300000307,,Crédito de Venta
20170905,03000023,Industrias Saladillo SA,IS.SA. Planta Pilar,01776BB,Isolant SI,17,1.24972848,0,17,8663.03,10482.27,0,0,0,0,0,0,0,0,0,5459.21,002200006997,N,Factura de Venta
20170905,03000023,Industrias Saladillo SA,IS.SA. Planta Pilar,01779BB,Isolant SI,9,0.386793792,0,9,2676.15,3238.14,0,0,0,0,0,0,0,0,0,1416.15,002200006997,N,Factura de Venta

