﻿FechaTxt,Codigo_Cliente,Cliente,EntDir,Codigo_Articulo,Vendedor,cantidad,Mts3,Mts2,Rollos,Importe_Bruto,Importe_Neto,Dto_Contado,Dto_Flete,Dto_Especial,Bonificacion,Desc_Adicional,cantidad_elaborada,m2_ocupados,costo_unitario,costo_total_stock,Costo_de_venta
20170315,31003758,Padulo Jorge Alberto,Cale 135 entre 66 y 67,01558ECC,Ventas Buenos Aires,5000,50,5000,250,139526.64,168827.24,0,0,0,21,12,0,0,0,0,0
20170315,03003751,Indupoles Argentina SA,Parque Ind. Campana - Km70 de Panamericana - Lote 12,01508D,Isolant SI,3000,6,3000,3000,10800,13068,0,0,0,0,0,0,0,0,0,0
20170315,03003751,Indupoles Argentina SA,Parque Ind. Campana - Km70 de Panamericana - Lote 12,01500AIN,Isolant SI,20500,10.25,20500,20500,30340,36711.4,0,0,0,0,0,0,0,0,0,0
20170315,03003751,Indupoles Argentina SA,Parque Ind. Campana - Km70 de Panamericana - Lote 12,01903A,Isolant SI,1,0.07599,0,1,752.82,910.91,0,0,0,0,0,0,0,0,0,0
20170315,03003751,Indupoles Argentina SA,Parque Ind. Campana - Km70 de Panamericana - Lote 12,01654DC,Isolant SI,10,0.2,10,0,352.5,426.52,0,0,0,0,0,0,0,0,0,0
20170315,03000023,Industrias Saladillo SA,IS.SA. Planta Pilar,01779B,Isolant SI,34,1.0991214,0,34,4853.84,5873.15,0,0,0,0,0,0,0,0,0,0
20170315,27001902,Josefa M. de Rodriguez SA,España y Buenos Aires,01557AK,Pedro Cocaña,15,1.575,225,15,4696.65,5682.95,0,3,0,21,0,0,0,0,0,0
20170315,27001902,Josefa M. de Rodriguez SA,España y Buenos Aires,01555AK,Pedro Cocaña,10,0.45,150,10,2035.68,2463.17,0,3,0,21,0,0,0,0,0,0
20170315,27003779,Materiales Arcon SRL,San Martin 1058,01558ESC,Pedro Cocaña,200,2,200,10,4472.74,5412.02,0,3,0,21,4,0,0,0,0,0
20170315,27003779,Materiales Arcon SRL,San Martin 1058,01555ECC,Pedro Cocaña,300,1.5,300,15,4577.2,5538.42,0,3,0,21,4,0,0,0,0,0
20170315,27003779,Materiales Arcon SRL,San Martin 1058,01555AKC,Pedro Cocaña,375,11.25,375,25,4882.86,5908.26,0,3,0,21,4,0,0,0,0,0
20170315,27001542,Rosso Hnos. de Alvaro S. Rosso y Raul E. Rosso,Suc.07 - A. DEL VALLE 44,01559AA,Pedro Cocaña,200,2,200,10,5461.54,6608.48,0,3,5,25,12,0,0,0,0,0
20170315,27001542,Rosso Hnos. de Alvaro S. Rosso y Raul E. Rosso,Suc.07 - A. DEL VALLE 44,01557C,Pedro Cocaña,6,1.2,120,6,0.56,0.66,0,3,5,0,0,0,0,0,0,0
20170315,27001542,Rosso Hnos. de Alvaro S. Rosso y Raul E. Rosso,Suc.05 - 25 DE MAYO 69,01555AA,Pedro Cocaña,1000,5,1000,50,18821.88,22774.48,0,3,0,25,12,0,0,0,0,0
20170315,27001542,Rosso Hnos. de Alvaro S. Rosso y Raul E. Rosso,Suc.05 - 25 DE MAYO 69,01555C,Pedro Cocaña,6,0.6,120,6,0.58,0.7,0,3,0,0,0,0,0,0,0,0
20170315,04005689,Polifoam SRL,Alte. Brown 3985,01504D,Isolant SI,1920,1.92,1920,0,6105.6,7387.78,0,0,0,0,0,0,0,0,0,0
20170315,03000357,Laboratorios Valmax SA,Sub Perdomo 1619,01507VD,Isolant SI,480,0.72,480,0,2443.2,2956.27,0,0,0,0,0,0,0,0,0,0
20170315,24002895,Gani Sociedad Anonima,Parque Industrial Sauce Viejo - Lote 83,01658ACP,Victor Casañas,400,12,400,0,37468,45336.28,0,0,0,0,0,0,0,0,0,0
20170315,29000227,Moreno Alfredo German,Diego Laure 264,01568CB,Isolant SA,32,6.4,640,32,38333.3,46383.3,0,0,0,32.5,0,0,0,0,0,0
20170315,05001164,Sika Argentina SAIC,Juan B. Alberdi 5250,01901A,Fernando Palmas,19,1.49226,0,19,18977.2,22962.41,0,0,0,0,0,0,0,0,0,0
20170315,03002676,Tempur Sealy Argentina SRL,Marcos Sastre 2300,01510AC,Fernando Palmas,3000,9,3000,3000,21540,26063.4,0,0,0,0,0,0,0,0,0,0
20170315,03000023,Industrias Saladillo SA,IS.SA. Planta Pilar,01525AH,Isolant SI,1400,14,1400,0,23394,28306.74,0,0,0,0,0,0,0,0,0,0
20170315,26005647,Metalurgica 5 de Octubre SRL,Islas Malvinas 2665,01764A,Guillermo Ghiretti,5,0.259182,0,5,1952.25,1952.25,0,0,0,0,0,0,0,0,0,0
20170315,26005647,Metalurgica 5 de Octubre SRL,Islas Malvinas 2665,01765A,Guillermo Ghiretti,20,0.93,0,20,7068.4,7068.4,0,0,0,0,0,0,0,0,0,0
20170315,26005647,Metalurgica 5 de Octubre SRL,Islas Malvinas 2665,01767A,Guillermo Ghiretti,4,0.1696464,0,4,1251,1251,0,0,0,0,0,0,0,0,0,0
20170315,27001542,Rosso Hnos. de Alvaro S. Rosso y Raul E. Rosso,Suc. 09- Ruta 301 (ex38) Km 1541,01555AA,Pedro Cocaña,500,2.5,500,25,9216.9,11152.44,0,5,0,25,12,0,0,0,0,0
20170315,27001542,Rosso Hnos. de Alvaro S. Rosso y Raul E. Rosso,Suc. 09- Ruta 301 (ex38) Km 1541,01555C,Pedro Cocaña,3,0.3,60,3,0.28,0.34,0,5,0,0,0,0,0,0,0,0
20170315,27001542,Rosso Hnos. de Alvaro S. Rosso y Raul E. Rosso,Suc. 09- Ruta 301 (ex38) Km 1541,01559AA,Pedro Cocaña,500,5,500,25,14076.14,17032.14,0,5,0,25,12,0,0,0,0,0
20170315,27001542,Rosso Hnos. de Alvaro S. Rosso y Raul E. Rosso,Suc. 09- Ruta 301 (ex38) Km 1541,01557C,Pedro Cocaña,3,0.6,60,3,0.28,0.34,0,5,0,0,0,0,0,0,0,0
20170315,03000023,Industrias Saladillo SA,IS.SA. Planta Pilar,01776B,Isolant SI,144,4.0715136,0,144,17065.44,20649.18,0,0,0,0,0,0,0,0,0,0
20170315,03000023,Industrias Saladillo SA,IS.SA. Planta Pilar,01776B,Isolant SI,125,3.5343,0,125,14813.75,17924.64,0,0,0,0,0,0,0,0,0,0
20170315,31003758,Padulo Jorge Alberto,Cale 135 entre 66 y 67,01960DA,Ventas Buenos Aires,30,0,0,30,79378.17,96047.59,0,0,0,21,0,0,0,0,0,0
20170315,02004191,Tolifeda SA,,04C00898,Ventas Buenos Aires,1,0,0,1,0.07,0.07,0,0,0,0,0,0,0,0,0,0
20170315,01005657,Perna Franco,Manco Capac 1540,01853B,Levy,35,4.375,875,35,33175.23,40142.03,3,0,0,21,9,0,0,0,0,0
20170315,31000873,Tellechea Juan Carlos,12 de Octubre 340,01960DA,Ventas Buenos Aires,6,0,0,6,15875.63,19209.52,0,0,0,21,0,0,0,0,0,0
20170315,24003402,Tecno Part S.A.,Bv. Segui 1357,01559AA,Victor Casañas,80,0.8,80,4,2837.68,3433.6,0,0,0,21,0,0,0,0,0,0
20170315,24003402,Tecno Part S.A.,Bv. Segui 1357,01524DC,Victor Casañas,75,0.75,75,0,2386.6,2887.78,0,0,0,21,0,0,0,0,0,0
20170315,24003402,Tecno Part S.A.,Bv. Segui 1357,01764C,Victor Casañas,1,0.06597,0,1,1033.8,1250.9,0,0,0,21,0,0,0,0,0,0
20170315,30004285,A P Argentina SA,Camusso 366,01507E,Fernando Palmas,2400,3.6,2400,0,19800,23958,0,0,0,0,0,0,0,0,0,0
20170315,30004285,A P Argentina SA,Camusso 366,01515BE,Fernando Palmas,300,1.5,300,0,4368,5285.28,0,0,0,0,0,0,0,0,0,0
20170315,11002784,Madersa SRL,Pte. Peron y Hereñu,01557A,Disapla,50,10,1000,50,34051.78,41202.65,0,0,0,21,4,0,0,0,0,0
20170315,11002784,Madersa SRL,Pte. Peron y Hereñu,01557C,Disapla,6,1.2,120,6,0.6,0.73,0,0,0,0,0,0,0,0,0,0
20170315,11002784,Madersa SRL,Pte. Peron y Hereñu,01558BC,Disapla,20,4,400,20,22023.62,26648.58,0,0,0,21,0,0,0,0,0,0
20170315,03000023,Industrias Saladillo SA,IS.SA. Planta Pilar,01779B,Isolant SI,53,1.7133363,0,53,7566.28,9155.2,0,0,0,0,0,0,0,0,0,0
20170315,03000023,Industrias Saladillo SA,IS.SA. Planta Pilar,01777BA,Isolant SI,3,0.0801108,0,3,482.07,583.3,0,0,0,0,0,0,0,0,0,0
20170315,03000023,Industrias Saladillo SA,IS.SA. Planta Pilar,01779B,Isolant SI,34,1.0991214,0,34,4853.84,5873.15,0,0,0,0,0,0,0,0,0,0
20170315,03000023,Industrias Saladillo SA,IS.SA. Planta Pilar,01784B,Isolant SI,1,0.0264,0,1,75.96,91.91,0,0,0,0,0,0,0,0,0,0
20170315,21003157,De La Vega Federico Jose,Av San Francisco Km 3.5,01550A,Pedro Cocaña,50,2,1000,50,9359.28,11324.73,0,3,0,21,4,0,0,0,0,0
20170315,15005204,Perez Fernando Benigno,Granaderos Riojanos 210,01558ECC,Pedro Cocaña,2400,24,2400,120,64963.6,78605.96,0,3,0,21,12,0,0,0,0,0
20170315,29000683,Multicontrol SA,Austria Norte 1456,01650DY,Levy,1500,15,1500,0,69655.95,84283.7,0,0,0,37,0,0,0,0,0,0

