﻿FechaTxt,Codigo_Cliente,Cliente,EntDir,Codigo_Articulo,Vendedor,cantidad,Mts3,Mts2,Rollos,Importe_Bruto,Importe_Neto,Dto_Contado,Dto_Flete,Dto_Especial,Bonificacion,Desc_Adicional,cantidad_elaborada,m2_ocupados,costo_unitario,costo_total_stock,Costo_de_venta
20170201,09005355,Morales Miguel Angel,Av. 17 de Agosto 150,01555AK,Ind Saladillo Chaco,30,1.35,450,30,6614.69,8003.77,0,0,0,17,0,0,0,0,0,0
20170201,09005355,Morales Miguel Angel,Av. 17 de Agosto 150,01551I,Ind Saladillo Chaco,20,2,400,20,4262.88,5158.08,0,0,0,17,0,0,0,0,0,0
20170201,09005355,Morales Miguel Angel,Av. 17 de Agosto 150,01960DA,Ind Saladillo Chaco,1,0,0,1,2779.91,3363.69,0,0,0,17,0,0,0,0,0,0
20170201,09002492,Saguir Juan Carlos,Cdte Fernandez 443,01554BC,Ind Saladillo Chaco,4,0.4,80,4,3470.06,4198.78,0,0,0,17,0,0,0,0,0,0
20170201,09002492,Saguir Juan Carlos,Cdte Fernandez 443,01558BC,Ind Saladillo Chaco,2,0.4,40,2,2313.87,2799.79,0,0,0,17,0,0,0,0,0,0
20170201,09002492,Saguir Juan Carlos,Cdte Fernandez 443,01555A,Ind Saladillo Chaco,4,0.4,80,4,1952.29,2362.27,0,0,0,17,0,0,0,0,0,0
20170201,09002438,Suc De Gustavo Lagerheim SA,Ruta 11 Km 1006.5,01557A,Isolant SA,2,0.4,40,2,1212.29,1466.87,0,0,0,32.5,0,0,0,0,0,0
20170201,09005745,Comercial Ruta 11 SRL,Ruta 11 km 1006.50,01555AK,Ind Saladillo Chaco,3,0.135,45,3,661.47,800.38,0,0,0,17,0,0,0,0,0,0
20170201,03000023,Industrias Saladillo SA,IS.SA. Planta Pilar,01525AH,Isolant SI,240,2.4,240,0,3782.4,4576.7,0,0,0,0,0,0,0,0,0,0
20170201,24000215,Emcisa SRL,Pte. Roca 3108,01555M,Meier,5,0.75,100,5,4958.12,5999.33,0,0,0,21,8,0,0,0,0,0
20170201,24000215,Emcisa SRL,Pte. Roca 3108,01904A,Meier,3,0.18849,0,3,2230.36,2698.74,0,0,0,21,0,0,0,0,0,0
20170201,24000215,Emcisa SRL,Pte. Roca 3108,01554BR,Meier,5,0.6,100,5,7082.88,8570.29,0,0,0,21,8,0,0,0,0,0
20170201,24000215,Emcisa SRL,Pte. Roca 3108,01766C,Meier,2,0.09952,0,2,1310.41,1585.6,0,0,0,30,0,0,0,0,0,0
20170201,03000023,Industrias Saladillo SA,IS.SA. Planta Pilar,01525AH,Isolant SI,960,9.6,960,0,15129.6,18306.82,0,0,0,0,0,0,0,0,0,0
20170201,03000023,Industrias Saladillo SA,IS.SA. Planta Pilar,01510D,Isolant SI,120,0.36,120,120,566.4,685.34,0,0,0,0,0,0,0,0,0,0
20170201,03000023,Industrias Saladillo SA,IS.SA. Planta Pilar,01514D,Isolant SI,500,2.5,500,500,4215,5100.15,0,0,0,0,0,0,0,0,0,0
20170201,01001821,Aserradero Comar S.C.A,Av. Nazca 1640,01603B,Levy,160,8,4000,160,31725.12,38387.4,0,0,0,30,0,0,0,0,0,0
20170201,08003085,Gomez Jose Nazario,9 de Julio 1448,01555A,Ind Saladillo Chaco,25,2.5,500,25,11713.76,14173.65,0,0,0,17,4,0,0,0,0,0
20170201,08003085,Gomez Jose Nazario,9 de Julio 1448,01555C,Ind Saladillo Chaco,3,0.3,60,3,0.3,0.36,0,0,0,0,0,0,0,0,0,0
20170201,08003085,Gomez Jose Nazario,9 de Julio 1448,01557C,Ind Saladillo Chaco,3,0.6,60,3,0.3,0.36,0,0,0,0,0,0,0,0,0,0
20170201,08003085,Gomez Jose Nazario,9 de Julio 1448,01557A,Ind Saladillo Chaco,25,5,500,25,17887.96,21644.43,0,0,0,17,4,0,0,0,0,0
20170201,04005689,Polifoam SRL,Alte. Brown 3985,01525C,Isolant SI,1250,12.5,1250,0,40837.5,49413.38,0,0,0,0,0,0,0,0,0,0
20170201,04005689,Polifoam SRL,Alte. Brown 3985,01662DAP,Isolant SI,100,4,100,0,14070.1,17024.82,0,0,0,45,0,0,0,0,0,0
20170201,04005689,Polifoam SRL,Alte. Brown 3985,01788A,Isolant SI,15,0.80115,0,15,3563.7,4312.08,0,0,0,0,0,0,0,0,0,0
20170201,03004763,Mundo Hierro S.A.,Ruta 9 Panamericana Km 46.30 Colectora Este,01557A,Levy,30,6,600,30,21282.36,25751.66,0,0,0,21,0,0,0,0,0,0
20170201,03004763,Mundo Hierro S.A.,Ruta 9 Panamericana Km 46.30 Colectora Este,01557C,Levy,3,0.6,60,3,0.3,0.36,0,0,0,0,0,0,0,0,0,0
20170201,03005223,Tubo Center SA,Av. Presidente Arturo Illia 6204,01558ES,Levy,15,3,300,15,7204.8,8717.81,0,0,0,21,0,0,0,0,0,0
20170201,03005223,Tubo Center SA,Av. Presidente Arturo Illia 6204,01558EC,Levy,15,3,300,15,9515.55,11513.82,0,0,0,21,0,0,0,0,0,0
20170201,16005658,Majul Ariel Horacio,Av. Sarmiento 856,01960DAC,Leandro Diaz,3,0,0,3,7033.52,8510.58,0,0,0,30,0,0,0,0,0,0
20170201,03002676,Tempur Sealy Argentina SRL,Marcos Sastre 2300,01510AC,Fernando Palmas,1500,4.5,1500,1500,10770,13031.7,0,0,0,0,0,0,0,0,0,0
20170201,03002676,Tempur Sealy Argentina SRL,Marcos Sastre 2300,01510CC,Fernando Palmas,2250,6.75,2250,2250,16155,19547.55,0,0,0,0,0,0,0,0,0,0
20170201,01002811,Gonzalez Dario R Iglesias Nelida C SH,Julian Alvarez 469,01551I,Levy,50,5,1000,50,8926.37,10800.91,0,0,0,21,12,0,0,0,0,0
20170201,01002811,Gonzalez Dario R Iglesias Nelida C SH,Julian Alvarez 469,01550I,Levy,150,6,3000,150,13869.24,16781.78,0,0,0,21,12,0,0,0,0,0
20170201,30005117,Grandes Depositos Del Oeste S.A,Av. Alsina 158,01957A,Disapla,1,0,0,1,0.1,0.12,0,0,0,0,0,0,0,0,0,0
20170201,30005117,Grandes Depositos Del Oeste S.A,Av. Alsina 158,01557A,Disapla,25,5,500,25,17735.3,21459.72,0,0,0,21,0,0,0,0,0,0
20170201,30005117,Grandes Depositos Del Oeste S.A,Av. Alsina 158,01557C,Disapla,3,0.6,60,3,0.3,0.36,0,0,0,0,0,0,0,0,0,0
20170201,30005117,Grandes Depositos Del Oeste S.A,Av. Alsina 158,01555A,Disapla,10,1,200,10,4645.52,5621.07,0,0,0,21,0,0,0,0,0,0
20170201,30005117,Grandes Depositos Del Oeste S.A,Av. Alsina 158,01960DA,Disapla,10,0,0,10,26459.39,32015.86,0,0,0,21,0,0,0,0,0,0
20170201,24002752,Rusma SRL,Eva Peron (Ex Cordoba) nº 8730,01555MC,Diego Fani,200,1.5,200,10,9490.88,11483.96,0,0,0,21,12,0,0,0,0,0
20170201,24002752,Rusma SRL,Eva Peron (Ex Cordoba) nº 8730,01555MA,Diego Fani,1,0.15,20,1,0.1,0.12,0,0,0,0,0,0,0,0,0,0
20170201,24002752,Rusma SRL,Eva Peron (Ex Cordoba) nº 8730,01559AA,Diego Fani,200,2,200,10,6242.9,7553.9,0,0,0,21,12,0,0,0,0,0
20170201,24002195,Prado Hector Roque,Prbo. Daniel Segundo 931,01568BC,Diego Fani,200,2,200,10,10452,12646.92,0,0,0,25,0,0,0,0,0,0
20170201,24002195,Prado Hector Roque,Prbo. Daniel Segundo 931,01555MC,Diego Fani,400,3,400,20,18020.64,21804.98,0,0,0,25,12,0,0,0,0,0
20170201,24002195,Prado Hector Roque,Prbo. Daniel Segundo 931,01555MA,Diego Fani,2,0.3,40,2,0.2,0.24,0,0,0,0,0,0,0,0,0,0
20170201,24002195,Prado Hector Roque,Prbo. Daniel Segundo 931,01559AA,Diego Fani,2200,22,2200,110,65194.8,78885.7,0,0,0,25,12,0,0,0,0,0
20170201,24002195,Prado Hector Roque,Prbo. Daniel Segundo 931,01557C,Diego Fani,5,1,100,5,0.5,0.6,0,0,0,0,0,0,0,0,0,0
20170201,24002195,Prado Hector Roque,Prbo. Daniel Segundo 931,01558ESC,Diego Fani,2200,22,2200,110,44140.8,53410.36,0,0,0,25,12,0,0,0,0,0
20170201,24002195,Prado Hector Roque,Prbo. Daniel Segundo 931,01957A,Diego Fani,2,0,0,2,0.2,0.24,0,0,0,0,0,0,0,0,0,0
20170201,24002195,Prado Hector Roque,Prbo. Daniel Segundo 931,01960FC,Diego Fani,20,0,0,20,38843.12,47000.16,0,0,0,25,12,0,0,0,0,0
20170201,24002195,Prado Hector Roque,Prbo. Daniel Segundo 931,01654ONC,Diego Fani,240,3.36,240,0,8395.2,10158.2,0,0,0,25,12,0,0,0,0,0
20170201,07004706,Ananda SRL,Guido Spano 2532,01654AC,Meier,20,0.4,20,0,1366,1652.86,0,0,0,50,0,0,0,0,0,0
20170201,07004706,Ananda SRL,Guido Spano 2532,01508D,Meier,500,1,500,500,2552.5,3088.52,0,0,0,50,0,0,0,0,0,0
20170201,07004706,Ananda SRL,Guido Spano 2532,01514DE,Meier,75,0.375,75,75,935.63,1132.11,0,0,0,50,0,0,0,0,0,0
20170201,24005795,Foam Plus SRL,Domingo Victor Cochet 496,01650A,Diego Fani,2000,20,2000,0,26481,32042,0,3,0,0,0,0,0,0,0,0
20170201,24005795,Foam Plus SRL,Domingo Victor Cochet 496,01568B,Diego Fani,150,1.5,150,7.5,1774.22,2146.82,0,3,0,30,0,0,0,0,0,0
20170201,24005795,Foam Plus SRL,Domingo Victor Cochet 496,01570BD,Diego Fani,260,3.9,260,13,3790.66,4586.7,0,3,0,30,0,0,0,0,0,0
20170201,31003758,Padulo Jorge Alberto,,04C00898,Ventas Buenos Aires,1,0,0,1,0.7,0.7,0,0,0,0,0,0,0,0,0,0
20170201,01002112,Obras Metalicas SA,Av. F Ravanal 3050,01901A,Esteban Bergamaschi,3,0.23562,0,3,5559.78,6727.34,0,0,0,21,0,0,0,0,0,0
20170201,01002112,Obras Metalicas SA,Av. F Ravanal 3050,01904A,Esteban Bergamaschi,8,0.50264,0,8,5947.63,7196.63,0,0,0,21,0,0,0,0,0,0
20170201,01002112,Obras Metalicas SA,Av. F Ravanal 3050,01905A,Esteban Bergamaschi,4,0.28472,0,4,2795.43,3382.47,0,0,0,21,0,0,0,0,0,0
20170201,10000785,Perren y Cia. SA,9 de Julio 975,01603A,Guillermo Ghiretti,8,0.4,200,8,1311.25,1586.61,0,3,0,25,0,0,0,0,0,0
20170201,10000785,Perren y Cia. SA,9 de Julio 975,01550A,Guillermo Ghiretti,10,0.4,200,10,1703.03,2060.67,0,3,0,25,8,0,0,0,0,0
20170201,10000785,Perren y Cia. SA,9 de Julio 975,01551A,Guillermo Ghiretti,10,1,200,10,3322.61,4020.35,0,3,0,25,8,0,0,0,0,0
20170201,10000785,Perren y Cia. SA,9 de Julio 975,01557A,Guillermo Ghiretti,25,5,500,25,15025.62,18181,0,3,0,25,8,0,0,0,0,0
20170201,10000785,Perren y Cia. SA,9 de Julio 975,01555A,Guillermo Ghiretti,75,7.5,1500,75,29518.14,35716.95,0,3,0,25,8,0,0,0,0,0
20170201,10000785,Perren y Cia. SA,9 de Julio 975,01555C,Guillermo Ghiretti,9,0.9,180,9,0.87,1.06,0,3,0,0,0,0,0,0,0,0
20170201,10000785,Perren y Cia. SA,9 de Julio 975,01960DA,Guillermo Ghiretti,5,0,0,5,12183.04,14741.48,0,3,0,25,0,0,0,0,0,0
20170201,10000785,Perren y Cia. SA,9 de Julio 975,01764C,Guillermo Ghiretti,1,0.06597,0,1,888.55,1075.14,0,3,0,30,0,0,0,0,0,0
20170201,10000785,Perren y Cia. SA,9 de Julio 975,01557C,Guillermo Ghiretti,3,0.6,60,3,0.29,0.35,0,3,0,0,0,0,0,0,0,0
20170201,08003166,Matercor SA,Av. Independencia 3798,01555A,Ind Saladillo Chaco,7,0.7,140,7,3416.51,4133.98,0,0,0,17,0,0,0,0,0,0
20170201,08003166,Matercor SA,Av. Independencia 3798,01557A,Ind Saladillo Chaco,6,1.2,120,6,4471.99,5411.11,0,0,0,17,0,0,0,0,0,0
20170201,08003166,Matercor SA,Av. Independencia 3798,01552A,Ind Saladillo Chaco,5,1,100,5,3614.48,4373.53,0,0,0,17,0,0,0,0,0,0
20170201,09003821,Caballero Maximo Octavio,Amadeo Bilagoy S/N,01555AK,Ind Saladillo Chaco,2,0.09,30,2,440.98,533.58,0,0,0,17,0,0,0,0,0,0
20170201,09003821,Caballero Maximo Octavio,Amadeo Bilagoy S/N,01555A,Ind Saladillo Chaco,2,0.2,40,2,976.15,1181.14,0,0,0,17,0,0,0,0,0,0
20170201,01004596,Constructora Ir SRL,Juan Bautista Alberdi 3790,01700A,Luis Ramirez,20,2.4,0,20,11909.52,14410.52,0,0,0,30,0,0,0,0,0,0
20170201,09002360,Hierros Lider SA,Ruta 11 Km 1006,01555A,Ind Saladillo Chaco,175,17.5,3500,175,75163.27,90947.56,0,0,0,17,12,0,0,0,0,0
20170201,09002360,Hierros Lider SA,Ruta 11 Km 1006,01555C,Ind Saladillo Chaco,21,2.1,420,21,2.1,2.54,0,0,0,0,0,0,0,0,0,0
20170201,09002360,Hierros Lider SA,Ruta 11 Km 1006,01557A,Ind Saladillo Chaco,50,10,1000,50,32794.59,39681.46,0,0,0,17,12,0,0,0,0,0
20170201,09002360,Hierros Lider SA,Ruta 11 Km 1006,01557C,Ind Saladillo Chaco,6,1.2,120,6,0.6,0.73,0,0,0,0,0,0,0,0,0,0
20170201,09002438,Suc De Gustavo Lagerheim SA,Ruta 11 Km 1006.5,01557A,Isolant SA,5,1,100,5,3030.72,3667.17,0,0,0,32.5,0,0,0,0,0,0
20170201,09005745,Comercial Ruta 11 SRL,Ruta 11 km 1006.50,01555AK,Ind Saladillo Chaco,3,0.135,45,3,661.47,800.38,0,0,0,17,0,0,0,0,0,0
20170201,03000023,Industrias Saladillo SA,IS.SA. Planta Pilar,01525AH,Isolant SI,240,2.4,240,0,3782.4,4576.7,0,0,0,0,0,0,0,0,0,0
20170201,02005827,A.D.Barbieri S.A,Luis Maria Drago 1382 Parque Industrial Almirante Brown,01753AB,Isolant SA,5,0.1875,0,5,1960,2371.6,0,0,0,0,0,0,0,0,0,0
20170201,03003751,Indupoles Argentina SA,Parque Ind. Campana - Km70 de Panamericana - Lote 12,01500BIN,Isolant SI,6480,3.24,6480,6480,9590.4,11604.38,0,0,0,0,0,0,0,0,0,0
20170201,24004200,Mariutti Hnos SH,Francia 2399,01901A,Meier,2,0.15708,0,2,3706.52,4484.89,0,0,0,21,0,0,0,0,0,0
20170201,24004200,Mariutti Hnos SH,Francia 2399,01904A,Meier,5,0.31415,0,5,3717.27,4497.89,0,0,0,21,0,0,0,0,0,0
20170201,10000785,Perren y Cia. SA,9 de Julio 975,01655ON,Guillermo Ghiretti,192,2.688,192,0,8799.84,10647.81,0,3,0,25,0,0,0,0,0,0
20170201,31000402,Codimat SA,Don Bosco 1495,01960DA,NN (Ex MDT),30,0,0,30,68742.77,83178.75,3,4,7,21,0,0,0,0,0,0
20170201,31000402,Codimat SA,Don Bosco 1495,01558AL,NN (Ex MDT),40,8,1600,40,33734.47,40818.71,3,4,7,21,0,0,0,0,0,0
20170201,31000402,Codimat SA,Don Bosco 1495,01555A,NN (Ex MDT),90,9,1800,90,36207.82,43811.46,3,4,7,21,0,0,0,0,0,0
20170201,31000402,Codimat SA,Don Bosco 1495,01555C,NN (Ex MDT),8,0.8,160,8,0.69,0.84,3,4,7,0,0,0,0,0,0,0
20170201,31000402,Codimat SA,Don Bosco 1495,01551A,NN (Ex MDT),80,8,1600,80,27170.71,32876.56,3,4,7,21,0,0,0,0,0,0
20170201,31000402,Codimat SA,Don Bosco 1495,01550A,NN (Ex MDT),100,4,2000,100,17408.26,21064,3,4,7,21,0,0,0,0,0,0
20170201,03003751,Indupoles Argentina SA,Parque Ind. Campana - Km70 de Panamericana - Lote 12,01500CIN,Isolant SI,5250,2.625,5250,5250,7770,9401.7,0,0,0,0,0,0,0,0,0,0
20170201,03000023,Industrias Saladillo SA,IS.SA. Planta Pilar,01525AH,Isolant SI,760,7.6,760,0,11977.6,14492.9,0,0,0,0,0,0,0,0,0,0
20170201,03000023,Industrias Saladillo SA,IS.SA. Planta Pilar,01525AH,Isolant SI,1400,14,1400,0,22064,26697.44,0,0,0,0,0,0,0,0,0,0

