﻿FechaTxt,Codigo_Cliente,Cliente,EntDir,Codigo_Articulo,Vendedor,cantidad,Mts3,Mts2,Rollos,Importe_Bruto,Importe_Neto,Dto_Contado,Dto_Flete,Dto_Especial,Bonificacion,Desc_Adicional,cantidad_elaborada,m2_ocupados,costo_unitario,costo_total_stock,Costo_de_venta,comp,C_Construccion,nomdoc
20170621,07003331,Entre Rios Maderas SRL,,04C00291,Meier,1,0,0,1,8000,8000,0,0,0,0,0,0,0,0,0,0,001300001579,,Débito de Venta
20170621,07003331,Entre Rios Maderas SRL,,04C00291,Meier,1,0,0,1,8000,8000,0,0,0,0,0,0,0,0,0,0,001300001579,,Débito de Venta
20170621,05005851,Dimo Contrucciones S.A,Colectora Oeste 1590,01568CB,Hector Collia,14,2.8,280,14,19628.07,23749.97,0,0,0,21,0,0,0,0,0,5819.85,002200005526,N,Factura de Venta
20170621,05005851,Dimo Contrucciones S.A,Colectora Oeste 1590,01558EC,Hector Collia,20,4,400,20,8400,10164,0,0,0,0,0,0,0,0,0,7352.85,002200005527,N,Factura de Venta
20170621,01003347,Hormetal SA,Calle 2 de Abril 865 (E/J Hernandez y Eva Peron),01568B,Hector Collia,928,9.28,928,46.4,38660.48,46779.18,0,0,0,0,0,0,0,0,0,21731.96,002200005530,N,Factura de Venta
20170621,29002237,Freixas Marcos Ignacio,General Guido 1277,01853A,Esteban Bergamaschi,8,1,200,8,6607.05,7994.54,0,0,0,21,0,0,0,0,0,3067.37,002200005516,N,Factura de Venta
20170621,24005898,Videgain Daniel Luis,Castellanos 2156-Rosario,01700A,Diego Fani,20,2.4,0,20,13440.74,16263.3,0,0,0,21,0,0,0,0,0,4515.09,002200005537,N,Factura de Venta
20170621,01003347,Hormetal SA,Calle 2 de Abril 865 (E/J Hernandez y Eva Peron),01568B,Hector Collia,754,7.54,754,37.7,31411.64,38008.08,0,0,0,0,0,0,0,0,0,17657.21,002200005528,N,Factura de Venta
20170621,01003347,Hormetal SA,Calle 2 de Abril 865 (E/J Hernandez y Eva Peron),01558BC,Hector Collia,15,3,300,15,12498,15122.58,0,0,0,0,0,0,0,0,0,6751.61,002200005529,N,Factura de Venta
20170621,03000023,Industrias Saladillo SA,IS.SA. Planta Pilar,01777B,Isolant SI,193,5.1531,0,193,20928.92,25323.99,0,0,0,0,0,0,0,0,0,9005.02,002200005524,N,Factura de Venta
20170621,03003977,Do&Am SRL,Ruta 27 Nº5348,01555A,Esteban Bergamaschi,10,1,200,10,4645.52,5621.07,0,0,0,21,0,0,0,0,0,823.63,002200005520,N,Factura de Venta
20170621,03003977,Do&Am SRL,Ruta 27 Nº5348,01555AK,Esteban Bergamaschi,4,0.18,60,4,839.45,1015.74,0,0,0,21,0,0,0,0,0,482.64,002200005520,N,Factura de Venta
20170621,03003977,Do&Am SRL,Ruta 27 Nº5348,01557AK,Esteban Bergamaschi,4,0.42,60,4,1291.18,1562.32,0,0,0,21,0,0,0,0,0,241.79,002200005520,N,Factura de Venta
20170621,03003977,Do&Am SRL,Ruta 27 Nº5348,01557A,Esteban Bergamaschi,4,0.8,80,4,2837.65,3433.55,0,0,0,21,0,0,0,0,0,692.17,002200005520,N,Factura de Venta
20170621,03004281,Majara SRL,,04C00291,Hector Collia,-1,0,0,-1,-4900,-4900,0,0,0,0,0,0,0,0,0,0,001400007840,,Crédito de Venta
20170621,11005824,Directo Srl,Luis Noaco 123,01765A,Victor Casañas,1,0.0465,0,1,200.79,242.96,0,3,0,59,0,0,0,0,0,57.4,002200005542,N,Factura de Venta
20170621,11005824,Directo Srl,Luis Noaco 123,01764C,Victor Casañas,1,0.06597,0,1,520.43,629.73,0,3,0,59,0,0,0,0,0,329.78,002200005542,N,Factura de Venta
20170621,11005824,Directo Srl,Luis Noaco 123,01765C,Victor Casañas,1,0.05881,0,1,460.69,557.44,0,3,0,59,0,0,0,0,0,214.2,002200005542,N,Factura de Venta
20170621,07005106,Espa SA,Bv. de los Alemanes 3312,01558BC,Meier,45,9,900,45,41429.5,50129.69,0,5,0,32.5,0,0,0,0,0,20254.82,002200005544,N,Factura de Venta
20170621,01005292,Adamant SRL,,04C00291,Isolant SI,1,0,0,1,4900,4900,0,0,0,0,0,0,0,0,0,0,001300001577,,Débito de Venta
20170621,01004065,Balbin 3001 SRL,Balbin Ricardo 3001,01569BC,Levy,15,4.5,300,15,20338.48,24609.56,0,3,0,21,0,0,0,0,0,13904.02,002200005523,N,Factura de Venta
20170621,16004335,Alvarez Victor Horacio,Domingo Mateu 1715,01903A,Leandro Diaz,1,0.07599,0,1,1181.63,1429.77,0,0,0,30,0,0,0,0,0,374.76,002200005534,N,Factura de Venta
20170621,16004335,Alvarez Victor Horacio,Domingo Mateu 1715,01904A,Leandro Diaz,1,0.06283,0,1,724.63,876.81,0,0,0,30,0,0,0,0,0,336.49,002200005534,N,Factura de Venta
20170621,16004335,Alvarez Victor Horacio,Domingo Mateu 1715,01905A,Leandro Diaz,1,0.07118,0,1,681.16,824.21,0,0,0,30,0,0,0,0,0,310.68,002200005534,N,Factura de Venta
20170621,16004335,Alvarez Victor Horacio,Domingo Mateu 1715,01907A,Leandro Diaz,1,0.1885,0,1,1445.57,1749.14,0,0,0,30,0,0,0,0,0,148.28,002200005534,N,Factura de Venta
20170621,03002826,Fournier Ruben Daniel,Ruta 8 Km 53 Esq. Sanguinetti,01960DA,Levy,1,0,0,1,2778.24,3361.68,0,0,0,21,0,0,0,0,0,934.73,002200005536,S,Factura de Venta
20170621,17004192,La Fragua SA,Los Lapachos 0 M: 76 - Barrio industrial,01558BRM,Ind Saladillo Chaco,2570.5,25.705,2570.5,128.525,174223.88,210810.9,0,0,0,21,4,0,0,0,0,45286.78,002200005540,N,Factura de Venta
20170621,01003118,Caputo Marcelo Claudio,Acevedo 65,01658ACP,Luis Ramirez,40,1.2,40,0,4928.64,5963.66,0,0,0,40,0,0,0,0,0,1684.26,002200005518,S,Factura de Venta
20170621,01003118,Caputo Marcelo Claudio,Acevedo 65,01650AC,Luis Ramirez,25,0.25,25,0,1138.8,1377.94,0,0,0,40,0,0,0,0,0,524.62,002200005518,S,Factura de Venta
20170621,03004281,Majara SRL,,04C00291,Hector Collia,1,0,0,1,4900,4900,0,0,0,0,0,0,0,0,0,0,001300001576,,Débito de Venta
20170621,03005875,Coria Sandra Patricia,Presidente Peron 5786,01551I,Levy,3,0.3,60,3,608.62,736.43,0,0,0,21,0,0,0,0,0,147.98,002200005532,N,Factura de Venta
20170621,03005875,Coria Sandra Patricia,Presidente Peron 5786,01552I,Levy,11,2.2,440,11,4461.1,5397.93,0,0,0,21,0,0,0,0,0,238.78,002200005532,N,Factura de Venta
20170621,16004335,Alvarez Victor Horacio,Domingo Mateu 1715,01900A,Leandro Diaz,1,0.0754,0,1,2466.15,2984.04,0,0,0,30,0,0,0,0,0,995.88,002200005534,N,Factura de Venta
20170621,04004334,Fapex SA,Rio Potrero 175 (Esq. Rio de Rey) Barrio CinaCina,01524AF,Isolant SI,742,7.42,742,0,6870.92,8313.81,0,0,0,0,0,0,0,0,0,1934.3,002200005515,N,Factura de Venta
20170621,04004334,Fapex SA,Rio Potrero 175 (Esq. Rio de Rey) Barrio CinaCina,01514AF,Isolant SI,8362,41.81,8362,0,37796.24,45733.45,0,0,0,0,0,0,0,0,0,46445.05,002200005515,N,Factura de Venta
20170621,03004281,Majara SRL,,04C00291,Hector Collia,1,0,0,1,12000,12000,0,0,0,0,0,0,0,0,0,0,001300001578,,Débito de Venta
20170621,07003238,Cooperativa de Provision de Servicios para Comerciantes,Calle Nº 122 esquina Nº 13,01557AK,Meier,10,1.05,150,10,2329.02,2818.11,0,0,5,25,20,0,0,0,0,604.48,002200005517,N,Factura de Venta
20170621,07003238,Cooperativa de Provision de Servicios para Comerciantes,Calle Nº 122 esquina Nº 13,01555AK,Meier,50,2.25,750,50,7571.03,9160.94,0,0,5,25,20,0,0,0,0,6032.97,002200005517,N,Factura de Venta
20170621,07003238,Cooperativa de Provision de Servicios para Comerciantes,Calle Nº 122 esquina Nº 13,01960DA,Meier,5,0,0,5,12528.42,15159.39,0,0,5,25,0,0,0,0,0,4673.64,002200005517,N,Factura de Venta
20170621,09002438,Suc De Gustavo Lagerheim SA,Ruta Nacional 11 Km.1005,01550I,Victor Casañas,190,7.6,3800,190,13070.97,15815.87,0,3,0,32.5,21,0,0,0,0,10073.7,002200005547,N,Factura de Venta
20170621,09002438,Suc De Gustavo Lagerheim SA,Ruta Nacional 11 Km.1005,01555AR,Victor Casañas,105,10.5,2100,105,19237.14,23276.94,0,3,0,32.5,21,0,0,0,0,5747.41,002200005547,N,Factura de Venta
20170621,07005106,Espa SA,Bv. de los Alemanes 3312,01558BC,Meier,15,3,300,15,13809.83,16709.9,0,5,0,32.5,0,0,0,0,0,6751.61,002200005546,N,Factura de Venta
20170621,07005677,Iron Pack SRL,Montecatini 3158,01852AA,Meier,-6,-3,-150,-6,-8818.74,-10670.68,0,5,0,40,0,0,0,0,0,3899.19,001400007841,S,Crédito de Venta
20170621,07005677,Iron Pack SRL,Montecatini 3158,01666ACP,Meier,-150,-7.5,-150,0,-5839.64,-7065.98,0,5,0,50,0,0,0,0,0,8803.24,001400007841,S,Crédito de Venta
20170621,07005677,Iron Pack SRL,Montecatini 3158,01514DC,Meier,-480,-2.4,-480,-480,-4313.76,-5219.64,0,5,0,0,0,0,0,0,0,1228.32,001400007841,S,Crédito de Venta
20170621,03004075,Comercial CMP SA,Ruta Panamericana Km. 39.5 Nº1166,01557A,Hector Collia,3,0.6,60,3,1778.02,2151.4,0,0,0,25,12,0,0,0,0,519.12,002200005535,N,Factura de Venta
20170621,31002741,Corralon San Jose Salliquelo SRL,9 de Julio 495,01853A,Hector Collia,16,2,400,16,13214.11,15989.07,0,0,0,21,0,0,0,0,0,6134.73,002200005538,N,Factura de Venta
20170621,07001819,Falabella Nelson Esteban,Av. Japon 120,01557A,Meier,10,2,200,10,7094.12,8583.89,0,0,0,21,0,0,0,0,0,1730.42,002200005539,N,Factura de Venta
20170621,07005677,Iron Pack SRL,,01666ACP,Meier,150,7.5,150,0,11095.34,13425.36,0,5,5,0,0,0,0,0,0,8803.24,001400000726,S,Factura de Venta
20170621,07005677,Iron Pack SRL,,01852AA,Meier,6,3,150,6,8377.8,10137.14,0,5,5,40,0,0,0,0,0,3899.19,001400000726,S,Factura de Venta
20170621,07005677,Iron Pack SRL,,01514DC,Meier,480,2.4,480,480,4098.08,4958.66,0,5,5,0,0,0,0,0,0,1228.32,001400000726,S,Factura de Venta
20170621,03005729,Luna Eugenio Juan Martin y Pasquarelli Julieta,Av. Dr. Ricardo Balbin 4119,01603B,Esteban Bergamaschi,15,0.75,375,15,3186.67,3855.88,0,0,0,25,0,0,0,0,0,1452.77,002200005519,N,Factura de Venta
20170621,03005729,Luna Eugenio Juan Martin y Pasquarelli Julieta,Av. Dr. Ricardo Balbin 4119,01603AC,Esteban Bergamaschi,12,0.6,300,12,3373.56,4082.01,0,0,0,25,0,0,0,0,0,832.42,002200005519,N,Factura de Venta
20170621,03004731,Ferrara SA,Av. del Libertador 124,01558EC,Levy,20,4,400,20,12687.4,15351.75,0,0,0,21,0,0,0,0,0,7352.85,002200005521,N,Factura de Venta
20170621,03004731,Ferrara SA,Av. del Libertador 124,01555ED,Levy,10,1,200,10,4890.1,5917.02,0,0,0,21,0,0,0,0,0,3229.71,002200005521,N,Factura de Venta
20170621,03000023,Industrias Saladillo SA,IS.SA. Planta Pilar,01780BA,Isolant SI,51,1.32345,0,51,10595.76,12820.87,0,0,0,0,0,0,0,0,0,4772.42,002200005525,N,Factura de Venta
20170621,04004334,Fapex SA,Rio Potrero 175 (Esq. Rio de Rey) Barrio CinaCina,01524AF,Isolant SI,4664,46.64,4664,0,43188.64,52258.25,0,0,0,0,0,0,0,0,0,12158.48,002200005531,N,Factura de Venta
20170621,11005824,Directo Srl,Luis Noaco 123,01550IC,Victor Casañas,2000,4,2000,100,6014,7276.94,0,3,0,0,0,0,0,0,0,5301.95,002200005541,S,Factura de Venta
20170621,11005824,Directo Srl,Luis Noaco 123,01551IC,Victor Casañas,1000,5,1000,50,6305.24,7629.34,0,3,0,32.5,25,0,0,0,0,2466.28,002200005545,S,Factura de Venta
20170621,11005824,Directo Srl,Luis Noaco 123,01555ARC,Victor Casañas,1600,8,1600,80,13922.6,16846.36,0,3,0,32.5,25,0,0,0,0,4378.98,002200005541,S,Factura de Venta
20170621,11005824,Directo Srl,Luis Noaco 123,01555ARC,Victor Casañas,1140,5.7,1140,57,9919.86,12003.02,0,3,0,32.5,25,0,0,0,0,3120.02,002200005545,S,Factura de Venta
20170621,11005824,Directo Srl,Luis Noaco 123,01555ECC,Victor Casañas,2000,10,2000,100,20369.28,24646.82,0,3,0,32.5,25,0,0,0,0,10186.7,002200005545,S,Factura de Venta
20170621,03004075,Comercial CMP SA,Ruta Panamericana Km. 39.5 Nº1166,01557C,Hector Collia,7,1.4,140,7,0.7,0.85,0,0,0,0,0,0,0,0,0,1211.29,002200005535,N,Factura de Venta
20170621,03002826,Fournier Ruben Daniel,Ruta 8 Km 53 Esq. Sanguinetti,01559AA,Levy,240,2.4,240,12,8513.04,10300.78,0,0,0,21,0,0,0,0,0,2076.5,002200005536,S,Factura de Venta
20170621,11005824,Directo Srl,Luis Noaco 123,01558ECC,Victor Casañas,600,6,600,30,11826.74,14310.36,0,3,0,32.5,25,0,0,0,0,11029.28,002200005545,S,Factura de Venta
20170621,31001470,Sierramat SRL,Av. Adolfo Gonzales Chaves 352,01558ECC,Ventas Buenos Aires,2000,20,2000,100,58347.5,70600.48,0,0,0,21,8,0,0,0,0,36764.27,002200005522,S,Factura de Venta
20170621,01003118,Caputo Marcelo Claudio,Acevedo 65,01700AD,Luis Ramirez,100,0.6,100,5.45454545454545,2979.2,3604.84,0,0,0,30,0,0,0,0,0,1231.39,002200005518,S,Factura de Venta
20170621,07003331,Entre Rios Maderas SRL,,04C00205,Meier,1,0,0,1,24,29.04,0,0,0,0,0,0,0,0,0,,001300001579,,Débito de Venta
20170621,21003157,De La Vega Federico Jose,,04C00898,Pedro Cocaña,1,0,0,1,5.27,5.27,0,0,0,0,0,0,0,0,0,,000000010903,,Débito (Ajustes)
20170621,31004474,Polyfrio S.A.,Av. Polonia 1038,01507E,Fernando Palmas,3000,4.5,3000,0,25500,30855,0,0,0,0,0,0,0,0,0,15973.41,002200005533,N,Factura de Venta
20170621,30004712,Agrupacion de Corralones Organizados Argentinos,,04C00898,Disapla,1,0,0,1,2.03,2.03,0,0,0,0,0,0,0,0,0,,000000010905,,Débito (Ajustes)
20170621,01005860,DLM Construcciones SRL,Av. Pinedo 850 Galpon 2 Puerta 27,01771A,Luis Ramirez,50,1.916375,0,50,12480.12,15100.94,0,3,0,40,0,0,0,0,0,4526.36,002200005543,N,Factura de Venta
20170621,07005677,Iron Pack SRL,,01658D,Meier,500,15,500,0,24304.32,29408.24,0,5,5,0,0,0,0,0,0,18484.16,001400000726,S,Factura de Venta
20170621,15005204,Perez Fernando Benigno,,04C00898,Pedro Cocaña,1,0,0,1,0.35,0.35,0,0,0,0,0,0,0,0,0,,000000010904,,Débito (Ajustes)
20170621,11005824,Directo Srl,Luis Noaco 123,01764A,Victor Casañas,1,0.0518364,0,1,221.83,268.42,0,3,0,59,0,0,0,0,0,56.78,002200005542,N,Factura de Venta
20170621,24001540,Aserraderos SRL,,04C00898,Meier,1,0,0,1,4.92,4.92,0,0,0,0,0,0,0,0,0,,000000010901,,Débito (Ajustes)
20170621,13005636,Clauser Elvis Guillermo,,04C00898,Pedro Cocaña,1,0,0,1,0.73,0.73,0,0,0,0,0,0,0,0,0,,000000010902,,Débito (Ajustes)
20170621,03004281,Majara SRL,,04C00205,Hector Collia,-1,0,0,-1,-12,-14.52,0,0,0,0,0,0,0,0,0,,001400007840,,Crédito de Venta
20170621,07005677,Iron Pack SRL,,01514DB,Meier,450,2.25,450,450,3841.94,4648.76,0,5,5,0,0,0,0,0,0,716.81,001400000726,S,Factura de Venta
20170621,07005677,Iron Pack SRL,Montecatini 3158,01658D,Meier,-500,-15,-500,0,-48773,-59015.32,0,5,0,50,0,0,0,0,0,18484.16,001400007841,S,Crédito de Venta
20170621,07005677,Iron Pack SRL,Montecatini 3158,01514DB,Meier,-450,-2.25,-450,-450,-10670.4,-12911.18,0,5,0,0,0,0,0,0,0,716.81,001400007841,S,Crédito de Venta
20170621,29003685,Andres Luis de Francesco SA,,01IN,Ventas Buenos Aires,-1,0,0,-1,-513.31,-621.11,0,0,0,0,0,0,0,0,0,,001300000180,,Crédito de Venta
20170621,03004281,Majara SRL,,04C00205,Hector Collia,1,0,0,1,12,14.52,0,0,0,0,0,0,0,0,0,,001300001578,,Débito de Venta
20170621,03004281,Majara SRL,,04C00205,Hector Collia,1,0,0,1,12,14.52,0,0,0,0,0,0,0,0,0,,001300001576,,Débito de Venta

