﻿FechaTxt,Codigo_Cliente,Cliente,EntDir,Codigo_Articulo,Vendedor,cantidad,Mts3,Mts2,Rollos,Importe_Bruto,Importe_Neto,Dto_Contado,Dto_Flete,Dto_Especial,Bonificacion,Desc_Adicional,cantidad_elaborada,m2_ocupados,costo_unitario,costo_total_stock,Costo_de_venta,comp,C_Construccion,nomdoc
20171129,03000023,Industrias Saladillo SA,IS.SA. Planta Pilar,01788B,Isolant SI,100,2.356,0,100,9057,10958.97,0,0,0,0,0,0,0,0,0,6485,002200008857,N,Factura de Venta
20171129,03000023,Industrias Saladillo SA,IS.SA. Planta Pilar,01777B,Isolant SI,110,2.937,0,110,12524.6,15154.77,0,0,0,0,0,0,0,0,0,6898.1,002200008857,N,Factura de Venta
20171129,03004499,Australtub S.A.,Panamericana Km 47.500 Colectora Oeste,01788B,Esteban Bergamaschi,15,0.3534,0,15,6338.55,7669.65,0,0,0,0,0,0,0,0,0,972.75,002200008858,N,Factura de Venta
20171129,03003751,Indupoles Argentina SA,Parque Ind. Campana - Km70 de Panamericana - Lote 12,01500BIN,Isolant SI,2400,1.2,2400,2400,3936,4762.56,0,0,0,0,0,0,0,0,0,2808,002200008850,N,Factura de Venta
20171129,03003751,Indupoles Argentina SA,Parque Ind. Campana - Km70 de Panamericana - Lote 12,01500BIN,Isolant SI,24000,12,24000,24000,39360,47625.6,0,0,0,0,0,0,0,0,0,28080,002200008850,N,Factura de Venta
20171129,03003751,Indupoles Argentina SA,Parque Ind. Campana - Km70 de Panamericana - Lote 12,01658ACP,Isolant SI,1000,30,1000,0,55480,67130.8,0,0,0,0,0,0,0,0,0,38100,002200008850,N,Factura de Venta
20171129,24005843,Grupo Cis SRL,Castro Barro 5144,01555EC,Diego Fani,50,5,1000,50,13070.15,15814.88,0,0,5,30,12,0,0,0,0,8407,002200008866,N,Factura de Venta
20171129,24005843,Grupo Cis SRL,Castro Barro 5144,01555ED,Diego Fani,30,3,600,30,11696.86,14153.2,0,0,5,30,12,0,0,0,0,9707.7,002200008866,N,Factura de Venta
20171129,24005843,Grupo Cis SRL,Castro Barro 5144,01558EC,Diego Fani,30,6,600,30,15536.88,18799.63,0,0,5,30,12,0,0,0,0,12794.1,002200008866,N,Factura de Venta
20171129,02002141,Esusy Carlos Anibal,Francisco Amero 91,01700A,Mariano Martinez,8,0.96,0,8,5227.04,6324.72,0,0,0,30,0,0,0,0,0,2172.8,002200008870,N,Factura de Venta
20171129,24002752,Rusma SRL,Bv. Seguí & Crespo,01603AC,Diego Fani,10,0.5,250,10,2160.68,2614.42,0,0,0,21,12,0,0,0,0,1271.9,002200008865,S,Factura de Venta
20171129,02005979,Constructora Fagua SRL,Calle 21 Nº224 Esq. 102,01557AR,Hector Collia,25,5,500,25,10555.02,12771.57,0,0,0,25,4,0,0,0,0,6025,002200008871,N,Factura de Venta
20171129,02005979,Constructora Fagua SRL,Calle 21 Nº224 Esq. 102,01552I,Hector Collia,20,4,800,20,7956.72,9627.63,0,0,0,25,4,0,0,0,0,4036.6,002200008871,N,Factura de Venta
20171129,02005979,Constructora Fagua SRL,Calle 21 Nº224 Esq. 102,01551I,Hector Collia,15,1.5,300,15,2985.12,3612,0,0,0,25,4,0,0,0,0,1232.4,002200008871,N,Factura de Venta
20171129,02005979,Constructora Fagua SRL,Calle 21 Nº224 Esq. 102,01750A,Hector Collia,6,0,0,6,3964.33,4796.84,0,0,0,25,4,0,0,0,0,1148.1,002200008871,N,Factura de Venta
20171129,24005843,Grupo Cis SRL,Castro Barro 5144,01555AR,Diego Fani,80,8,1600,80,17848.6,21596.81,0,0,5,30,12,0,0,0,0,11042.4,002200008866,N,Factura de Venta
20171129,02004368,Gavi Sociedad Anonima,A. Illia 1465 (Ex Emilio Mitre),01772AD,Ventas Buenos Aires,4,0.75776,0,4,6753.27,8171.46,0,0,0,25,0,0,0,0,0,1323.08,002200008872,N,Factura de Venta
20171129,02004368,Gavi Sociedad Anonima,A. Illia 1465 (Ex Emilio Mitre),01766A,Ventas Buenos Aires,10,0.3958,0,10,3491.47,4224.68,0,0,0,25,0,0,0,0,0,496.3,002200008872,N,Factura de Venta
20171129,09002438,Suc De Gustavo Lagerheim SA,Ruta Nacional 11 Km.1005,01555ED,Victor Casañas,20,2,400,20,6595.69,7980.79,0,3,0,32.5,21,0,0,0,0,6471.8,002200008852,N,Factura de Venta
20171129,09002438,Suc De Gustavo Lagerheim SA,Ruta Nacional 11 Km.1005,01555M,Victor Casañas,5,0.75,100,5,4442.26,5375.14,0,3,0,32.5,12,0,0,0,0,2812.3,002200008853,N,Factura de Venta
20171129,03000023,Industrias Saladillo SA,IS.SA. Planta Pilar,01788B,Isolant SI,50,1.178,0,50,4732.5,5726.32,0,0,0,0,0,0,0,0,0,3242.5,002200008855,N,Factura de Venta
20171129,24002752,Rusma SRL,Bv. Seguí & Crespo,01750A,Diego Fani,4,0,0,4,2899.86,3508.84,0,0,0,21,0,0,0,0,0,765.4,002200008865,S,Factura de Venta
20171129,03000357,Laboratorios Valmax SA,Sub Perdomo 1619,01507VH,Isolant SI,4800,7.2,4800,0,26640,32234.4,0,0,0,0,0,0,0,0,0,14832,002200008869,N,Factura de Venta
20171129,03000357,Laboratorios Valmax SA,Sub Perdomo 1619,01507VD,Isolant SI,6000,9,6000,0,33300,40293,0,0,0,0,0,0,0,0,0,18540,002200008869,N,Factura de Venta
20171129,03000357,Laboratorios Valmax SA,Sub Perdomo 1619,01507VM,Isolant SI,480,0.72,480,0,2664,3223.44,0,0,0,0,0,0,0,0,0,1483.2,002200008869,N,Factura de Venta
20171129,03000357,Laboratorios Valmax SA,Sub Perdomo 1619,01507VC,Isolant SI,2040,3.06,2040,0,11322,13699.62,0,0,0,0,0,0,0,0,0,6303.6,002200008869,N,Factura de Venta
20171129,02004368,Gavi Sociedad Anonima,A. Illia 1465 (Ex Emilio Mitre),01772A,Ventas Buenos Aires,2,0.37888,0,2,3376.64,4085.73,0,0,0,25,0,0,0,0,0,661.54,002200008872,N,Factura de Venta
20171129,02004368,Gavi Sociedad Anonima,A. Illia 1465 (Ex Emilio Mitre),01772AC,Ventas Buenos Aires,3,0.56832,0,3,5064.95,6128.59,0,0,0,25,0,0,0,0,0,992.31,002200008872,N,Factura de Venta
20171129,01002811,Gonzalez Dario R Iglesias Nelida C SH,Julian Alvarez 469,01550I,Levy,50,3.5,1750,50,4975.89,6020.83,0,0,0,21,12,0,0,0,0,2157.5,002200008863,N,Factura de Venta
20171129,01002811,Gonzalez Dario R Iglesias Nelida C SH,Julian Alvarez 469,01551I,Levy,50,5,1000,50,9607.66,11625.27,0,0,0,21,12,0,0,0,0,4108,002200008863,N,Factura de Venta
20171129,01002811,Gonzalez Dario R Iglesias Nelida C SH,Julian Alvarez 469,01552I,Levy,13,2.6,520,13,4993.73,6042.41,0,0,0,21,12,0,0,0,0,2623.79,002200008863,N,Factura de Venta
20171129,01002811,Gonzalez Dario R Iglesias Nelida C SH,Julian Alvarez 469,01550I,Levy,60,4.2,2100,60,5971.07,7225,0,0,0,21,12,0,0,0,0,2589,002200008863,N,Factura de Venta
20171129,01002811,Gonzalez Dario R Iglesias Nelida C SH,Julian Alvarez 469,01551I,Levy,80,8,1600,80,15372.26,18600.44,0,0,0,21,12,0,0,0,0,6572.8,002200008863,N,Factura de Venta
20171129,01005058,Galea S.R.L,Limite del Municipio 4515,01568B,Diego Fani,1200,12,1200,60,67291.32,81422.49,0,0,0,21,4,0,0,0,0,670320,002200008868,N,Factura de Venta
20171129,01005292,Adamant SRL,Paysandu 923 (entre Crisologo Larralde y Lucena),01552I,Isolant SI,80,16,3200,80,21600,26136,0,0,0,0,0,0,0,0,0,16146.4,002200008859,N,Factura de Venta
20171129,01005292,Adamant SRL,Paysandu 923 (entre Crisologo Larralde y Lucena),01912A,Isolant SI,12,4.32,0,12,16126.2,19512.7,0,0,0,0,0,0,0,0,0,6003.12,002200008860,N,Factura de Venta
20171129,01005292,Adamant SRL,Paysandu 923 (entre Crisologo Larralde y Lucena),01769A,Isolant SI,10,0.333,0,10,1406.3,1701.62,0,0,0,0,0,0,0,0,0,426,002200008860,N,Factura de Venta
20171129,01005292,Adamant SRL,Paysandu 923 (entre Crisologo Larralde y Lucena),01510CC,Isolant SI,750,2.25,750,750,3862.5,4673.62,0,0,0,0,0,0,0,0,0,2925,002200008860,N,Factura de Venta
20171129,01005292,Adamant SRL,Paysandu 923 (entre Crisologo Larralde y Lucena),01510AC,Isolant SI,1000,3,1000,1000,5150,6231.5,0,0,0,0,0,0,0,0,0,3900,002200008860,N,Factura de Venta
20171129,03000023,Industrias Saladillo SA,IS.SA. Planta Pilar,01788B,Isolant SI,17,0.40052,0,17,1609.05,1946.95,0,0,0,0,0,0,0,0,0,1102.45,002200008862,N,Factura de Venta
20171129,03003751,Indupoles Argentina SA,Parque Ind. Campana - Km70 de Panamericana - Lote 12,01666ACP,Isolant SI,140,7,140,0,12350.8,14944.47,0,0,0,0,0,0,0,0,0,8054.2,002200008850,N,Factura de Venta
20171129,09002438,Suc De Gustavo Lagerheim SA,Ruta Nacional 11 Km.1005,01555ED,Victor Casañas,17,1.7,340,17,5606.34,6783.67,0,3,0,32.5,21,0,0,0,0,5501.03,002200008851,N,Factura de Venta
20171129,09002438,Suc De Gustavo Lagerheim SA,Ruta Nacional 11 Km.1005,01555AR,Victor Casañas,340,34,6800,340,34560.36,41818.03,0,0,0,32.5,21,0,0,0,0,46930.2,002200008854,N,Factura de Venta
20171129,03000023,Industrias Saladillo SA,IS.SA. Planta Pilar,01788B,Isolant SI,21,0.49476,0,21,1901.97,2301.38,0,0,0,0,0,0,0,0,0,1361.85,002200008856,N,Factura de Venta
20171129,01005292,Adamant SRL,Paysandu 923 (entre Crisologo Larralde y Lucena),01511BE,Isolant SI,150,0.45,150,0,1762.5,2132.63,0,0,0,0,0,0,0,0,0,233.75,002200008859,N,Factura de Venta
20171129,01005292,Adamant SRL,Paysandu 923 (entre Crisologo Larralde y Lucena),01500ASA,Isolant SI,29600,14.8,29600,0,50616,61245.36,0,0,0,0,0,0,0,0,0,37296,002200008859,N,Factura de Venta
20171129,24002752,Rusma SRL,Bv. Seguí & Crespo,01555AA,Diego Fani,200,1,200,10,4258.32,5152.56,0,0,0,25,12,0,0,0,0,215.26,002200008865,S,Factura de Venta
20171129,09002438,Suc De Gustavo Lagerheim SA,Ruta Nacional 11 Km.1005,01555MA,Victor Casañas,1,0.15,20,1,0.1,0.12,0,3,0,0,0,0,0,0,0,517.87,002200008853,N,Factura de Venta
20171129,24002752,Rusma SRL,Bv. Seguí & Crespo,01555MC,Diego Fani,200,1.5,200,10,10182.48,12320.8,0,0,0,25,12,0,0,0,0,5178.66,002200008865,S,Factura de Venta
20171129,24002752,Rusma SRL,Bv. Seguí & Crespo,01555MA,Diego Fani,1,0.15,20,1,0.1,0.12,0,0,0,0,0,0,0,0,0,517.87,002200008865,S,Factura de Venta
20171129,24002752,Rusma SRL,Bv. Seguí & Crespo,01559AA,Diego Fani,1000,10,1000,50,32511.6,39339.04,0,0,0,25,12,0,0,0,0,1482.65,002200008865,S,Factura de Venta
20171129,24002752,Rusma SRL,Bv. Seguí & Crespo,01557C,Diego Fani,6,1.2,120,6,0.6,0.72,0,0,0,0,0,0,0,0,0,177.92,002200008865,S,Factura de Venta
20171129,24002684,Centro De Chapas Rosario SA,Bv. Oroño 4190,01558ECC,Diego Fani,1000,10,1000,50,24555.96,29712.72,0,0,10,25,12,0,0,0,0,18789.13,002200008867,S,Factura de Venta
20171129,24002752,Rusma SRL,Bv. Seguí & Crespo,01558ETC,Diego Fani,400,4,400,20,9509.28,11506.22,0,0,0,25,12,0,0,0,0,679.57,002200008865,S,Factura de Venta
20171129,24002752,Rusma SRL,Bv. Seguí & Crespo,01558ETC,Diego Fani,400,4,400,20,9097.44,11007.9,0,0,0,25,12,0,0,0,0,679.57,002200008864,S,Factura de Venta
20171129,01005292,Adamant SRL,Paysandu 923 (entre Crisologo Larralde y Lucena),01500BC,Isolant SI,1080,0.54,1080,0,1933.2,2339.17,0,0,0,0,0,0,0,0,0,1490.4,002200008859,N,Factura de Venta
20171129,01005292,Adamant SRL,Paysandu 923 (entre Crisologo Larralde y Lucena),01508DB,Isolant SI,3100,6.2,3100,0,11284,13653.64,0,0,0,0,0,0,0,0,0,9641,002200008859,N,Factura de Venta
20171129,01005292,Adamant SRL,Paysandu 923 (entre Crisologo Larralde y Lucena),01508CC,Isolant SI,300,0.6,300,300,1092,1321.32,0,0,0,0,0,0,0,0,0,897,002200008860,N,Factura de Venta
20171129,03000023,Industrias Saladillo SA,IS.SA. Planta Pilar,01776B,Isolant SI,270,7.634088,0,270,33598.8,40654.55,0,0,0,0,0,0,0,0,0,18681.3,002200008861,N,Factura de Venta
20171129,25005566,Carraro Soc de Responsabilidad Limitada,,01IN,Pedro Cocaña,-1,0,0,-1,-1550.76,-1876.42,0,0,0,0,0,0,0,0,0,,001300000463,N,Crédito de Venta
20171129,02004368,Gavi Sociedad Anonima,A. Illia 1465 (Ex Emilio Mitre),01511A,Ventas Buenos Aires,1250,3.75,1250,0,17343.75,20985.94,0,0,0,25,0,0,0,0,0,7346.69,002200008872,N,Factura de Venta
20171129,20004114,Carmen C de Omar Sociedad Anonima,,01IN,Pedro Cocaña,-1,0,0,-1,-1014.37,-1227.39,0,0,0,0,0,0,0,0,0,,001300000462,N,Crédito de Venta
20171129,24005817,Multimat A.C.E,,04C00898,Diego Fani,1,0,0,1,1.97,1.97,0,0,0,0,0,0,0,0,0,,000000011361,,Débito (Ajustes)
20171129,01005461,Corifersa S.A,,04C00898,Levy,1,0,0,1,0.37,0.37,0,0,0,0,0,0,0,0,0,,000000011362,,Débito (Ajustes)
20171129,03001796,Hoffman Ernesto Guillermo,,01IN,Levy,-1,0,0,-1,-36.96,-44.72,0,0,0,0,0,0,0,0,0,,001300000464,,Crédito de Venta
20171129,04002072,Iñaqui SA,,01IN,Levy,-1,0,0,-1,-168.16,-203.47,0,0,0,0,0,0,0,0,0,,001300000465,,Crédito de Venta

