﻿FechaTxt,Codigo_Cliente,Cliente,EntDir,Codigo_Articulo,Vendedor,cantidad,Mts3,Mts2,Rollos,Importe_Bruto,Importe_Neto,Dto_Contado,Dto_Flete,Dto_Especial,Bonificacion,Desc_Adicional,cantidad_elaborada,m2_ocupados,costo_unitario,costo_total_stock,Costo_de_venta,comp,C_Construccion,nomdoc
20171025,01005089,Homeclick S.A,Av. Centenario 1630 4To H,01552I,Isolant SA,3,0.6,120,3,1038.62,1256.73,0,3,0,32.5,0,0,0,0,0,597.48,002200008068,N,Factura de Venta
20171025,07005940,Gama Sociedad Anonima,Duarte Quiros 4380,01654ON,Meier,7,1.176,0,7,2856,3455.76,0,0,0,0,0,0,0,0,0,2053.94,002200008076,N,Factura de Venta
20171025,31003228,Giliberto Hnos. SA,Av. 131 nº 385 (entre 39 y 40),01557A,Ventas Buenos Aires,100,20,2000,100,65549.71,79315.15,0,0,0,21,12,0,0,0,0,27061,002200008079,N,Factura de Venta
20171025,24002089,AD Interiores De Puccinelli Daniel y Helu Alicia,9 De Julio 2829,01700A,Meier,10,1.2,0,10,6252.47,7565.49,0,0,0,30,0,0,0,0,0,2671.4,002200008093,N,Factura de Venta
20171025,24002089,AD Interiores De Puccinelli Daniel y Helu Alicia,9 De Julio 2829,01603AC,Meier,5,0.25,125,5,1174.81,1421.52,0,0,0,21,0,0,0,0,0,629.95,002200008093,N,Factura de Venta
20171025,24002089,AD Interiores De Puccinelli Daniel y Helu Alicia,9 De Julio 2829,01555A,Meier,4,0.4,80,4,1951.11,2360.84,0,0,0,21,0,0,0,0,0,667.96,002200008093,N,Factura de Venta
20171025,07004336,Maconta S.R.L.,Av. Colon 542,06C001PI,Meier,1,0,0,1,0.1,0.12,0,0,0,0,0,0,0,0,0,0,002200008099,S,Factura de Venta
20171025,07004336,Maconta S.R.L.,Av. Colon 542,01603AC,Meier,150,7.5,3750,150,27481.6,33252.74,0,0,0,30,12,0,0,0,0,18898.5,002200008099,S,Factura de Venta
20171025,27001902,Josefa M. de Rodriguez SA,España y Buenos Aires,06C001CO,Pedro Cocaña,1,0,0,1,0.1,0.12,0,3,0,0,0,0,0,0,0,0,002200008103,N,Factura de Venta
20171025,27001902,Josefa M. de Rodriguez SA,España y Buenos Aires,01558BC,Pedro Cocaña,30,6,600,30,33995.9,41135.04,0,3,0,21,0,0,0,0,0,16770.3,002200008103,N,Factura de Venta
20171025,27001902,Josefa M. de Rodriguez SA,España y Buenos Aires,01960DA,Pedro Cocaña,5,0,0,5,14282.91,17282.32,0,3,0,21,0,0,0,0,0,5425,002200008103,N,Factura de Venta
20171025,03000023,Industrias Saladillo SA,IS.SA. Planta Pilar,01764AS,Isolant SI,17,0.88128,0,17,2515.32,3043.54,0,0,0,0,0,0,0,0,0,1111.29,002200008085,N,Factura de Venta
20171025,14001329,Materiales Centro SA,Calle 20 nº 842,01960DC,Disapla,5,0,0,5,7578.75,9170.28,0,0,0,21,0,0,0,0,0,5425,002200008090,N,Factura de Venta
20171025,14001329,Materiales Centro SA,Calle 20 nº 842,01551A,Disapla,10,1,200,10,3623.73,4384.71,0,0,0,21,12,0,0,0,0,1206,002200008090,N,Factura de Venta
20171025,14001329,Materiales Centro SA,Calle 20 nº 842,01555A,Disapla,20,2,400,20,8584.89,10387.71,0,0,0,21,12,0,0,0,0,3339.8,002200008090,N,Factura de Venta
20171025,14001329,Materiales Centro SA,Calle 20 nº 842,01552A,Disapla,10,2,200,10,6054.91,7326.45,0,0,0,21,12,0,0,0,0,2221.2,002200008090,N,Factura de Venta
20171025,14001329,Materiales Centro SA,Calle 20 nº 842,01557A,Disapla,10,2,200,10,6554.97,7931.52,0,0,0,21,12,0,0,0,0,2706.1,002200008090,N,Factura de Venta
20171025,24001396,Fabbri Angel Antonio,Belgrano 1054,01555EC,Diego Fani,10,1,200,10,2971.63,3595.68,0,0,0,21,12,0,0,0,0,1590.9,002200008086,N,Factura de Venta
20171025,24001396,Fabbri Angel Antonio,Belgrano 1054,01558ET,Diego Fani,30,6,600,30,14382.09,17402.33,0,0,0,21,12,0,0,0,0,7593.3,002200008086,N,Factura de Venta
20171025,24001396,Fabbri Angel Antonio,Belgrano 1054,01555ED,Diego Fani,5,0.5,100,5,2216.19,2681.59,0,0,0,21,12,0,0,0,0,1599.25,002200008086,N,Factura de Venta
20171025,24001396,Fabbri Angel Antonio,Belgrano 1054,01558EC,Diego Fani,5,1,100,5,2874.96,3478.71,0,0,0,21,12,0,0,0,0,2039.3,002200008086,N,Factura de Venta
20171025,24001396,Fabbri Angel Antonio,Belgrano 1054,01554BR,Diego Fani,10,1.2,200,10,14227.34,17215.08,0,0,0,21,12,0,0,0,0,4555.2,002200008086,N,Factura de Venta
20171025,04005689,Polifoam SRL,Alte. Brown 3985,01772AC,Isolant SI,2,0.37888,0,2,2235.7,2705.2,0,0,0,0,0,0,0,0,0,648.22,002200008095,N,Factura de Venta
20171025,07005677,Iron Pack SRL,Montecatini 3158,01900A,Meier,10,0.754,0,10,20985.18,25392.08,0,5,5,40,0,0,0,0,0,11903.9,002200008077,S,Factura de Venta
20171025,07005677,Iron Pack SRL,Montecatini 3158,01904A,Meier,6,0.37698,0,6,3867.86,4680.12,0,5,5,40,0,0,0,0,0,3538.56,002200008077,S,Factura de Venta
20171025,03000023,Industrias Saladillo SA,IS.SA. Planta Pilar,01782BA,Isolant SI,9,0.279,0,9,1287.63,1558.03,0,0,0,0,0,0,0,0,0,670.5,002200008082,N,Factura de Venta
20171025,03000023,Industrias Saladillo SA,IS.SA. Planta Pilar,01764AS,Isolant SI,28,1.45152,0,28,4142.88,5012.88,0,0,0,0,0,0,0,0,0,1830.36,002200008083,N,Factura de Venta
20171025,24001396,Fabbri Angel Antonio,Belgrano 1054,06C001CO,Diego Fani,1,0,0,1,0.1,0.12,0,0,0,0,0,0,0,0,0,0,002200008086,N,Factura de Venta
20171025,24001396,Fabbri Angel Antonio,Belgrano 1054,01603AC,Diego Fani,40,2,1000,40,8270.66,10007.49,0,0,0,21,12,0,0,0,0,5039.6,002200008086,N,Factura de Venta
20171025,07002231,Acerco SA,Bv. Domingo Zipoli Nº 440,01960DA,Meier,5,0,0,5,13979.1,16914.71,0,0,0,25,0,0,0,0,0,5425,002200008073,N,Factura de Venta
20171025,02003885,Isomad SA,Av. 122 y 41,06C001CS,Ventas Buenos Aires,1,0,0,1,0.1,0.12,0,0,0,0,0,0,0,0,0,0,002200008080,S,Factura de Venta
20171025,01005292,Adamant SRL,Paysandu 923 (entre Crisologo Larralde y Lucena),01508BA,Isolant SI,10800,21.6,10800,0,39312,47567.52,0,0,0,0,0,0,0,0,0,27108,002200008067,N,Factura de Venta
20171025,01005292,Adamant SRL,Paysandu 923 (entre Crisologo Larralde y Lucena),01508BA,Isolant SI,10800,21.6,10800,0,39312,47567.52,0,0,0,0,0,0,0,0,0,27108,002200008067,N,Factura de Venta
20171025,21005576,Alessi Martin Esteban SRL en formacion,Salta 732 Norte,01851A,Leandro Diaz,2,0.5,50,2,1708.98,2067.86,0,3,0,21,0,0,0,0,0,687.16,002200008069,S,Factura de Venta
20171025,07002231,Acerco SA,Bv. Domingo Zipoli Nº 440,01555A,Meier,50,5,1000,50,20375.52,24654.38,0,0,0,25,12,0,0,0,0,8349.5,002200008072,N,Factura de Venta
20171025,03003751,Indupoles Argentina SA,Parque Ind. Campana - Km70 de Panamericana - Lote 12,01510D,Isolant SI,7200,21.6,7200,7200,37296,45128.16,0,0,0,0,0,0,0,0,0,27576,002200008101,N,Factura de Venta
20171025,27001898,Distribuidora Lamadrid SA,Ejercito del Norte 395,01700A,Pedro Cocaña,10,1.2,0,10,5822.3,7044.98,0,3,0,30,4,0,0,0,0,2671.4,002200008104,N,Factura de Venta
20171025,27001898,Distribuidora Lamadrid SA,Ejercito del Norte 395,01603AC,Pedro Cocaña,30,1.5,750,30,5816.11,7037.49,0,3,0,30,4,0,0,0,0,3779.7,002200008104,N,Factura de Venta
20171025,27001898,Distribuidora Lamadrid SA,Ejercito del Norte 395,01552I,Pedro Cocaña,30,6,1200,30,11669.44,14120.02,0,3,0,21,4,0,0,0,0,5974.8,002200008104,N,Factura de Venta
20171025,20003188,Emprendimiento Metalurgico Industrial SRL,LOS VALLISTOS - Ruta 9 Km 128 - Acc Norte,01557AR,Pedro Cocaña,50,10,1000,50,12804,15492.84,0,3,0,0,0,0,0,0,0,11853,002200008105,N,Factura de Venta
20171025,20003188,Emprendimiento Metalurgico Industrial SRL,SALTA - Av. Chile 1591,01654ON,Pedro Cocaña,27,4.536,0,27,9082.84,10990.24,0,3,23.5,25,12,0,0,0,0,7922.34,002200008106,N,Factura de Venta
20171025,16002081,Deposito Moi SA,Maza Norte 3962,01558ET,Leandro Diaz,20,4,400,20,9368.16,11335.48,0,0,0,21,8,0,0,0,0,5062.2,002200008087,N,Factura de Venta
20171025,27004063,Giacosa Elio Enzo H,Suipacha 482,06C001CS,Pedro Cocaña,1,0,0,1,0.1,0.12,0,3,0,0,0,0,0,0,0,0,002200008100,N,Factura de Venta
20171025,27004063,Giacosa Elio Enzo H,Suipacha 482,01960DA,Pedro Cocaña,4,0,0,4,10847.78,13125.82,0,3,0,25,0,0,0,0,0,4340,002200008100,N,Factura de Venta
20171025,27004063,Giacosa Elio Enzo H,Suipacha 482,01555AR,Pedro Cocaña,50,5,1000,50,9342.57,11304.51,0,3,0,25,29.6,0,0,0,0,6770.5,002200008100,N,Factura de Venta
20171025,27004063,Giacosa Elio Enzo H,Suipacha 482,01557AR,Pedro Cocaña,100,20,2000,100,28739.35,34774.61,0,3,0,25,29.6,0,0,0,0,23706,002200008100,N,Factura de Venta
20171025,03003751,Indupoles Argentina SA,Parque Ind. Campana - Km70 de Panamericana - Lote 12,01515BE,Isolant SI,4125,20.625,4125,0,41250,49912.5,0,0,0,0,0,0,0,0,0,38362.5,002200008101,N,Factura de Venta
20171025,03000023,Industrias Saladillo SA,IS.SA. Planta Pilar,01782BA,Isolant SI,40,1.24,0,40,5722.8,6924.59,0,0,0,0,0,0,0,0,0,2980,002200008084,N,Factura de Venta
20171025,03000023,Industrias Saladillo SA,IS.SA. Planta Pilar,01767AS,Isolant SI,11,0.46651,0,11,1255.21,1518.8,0,0,0,0,0,0,0,0,0,589.05,002200008084,N,Factura de Venta
20171025,03000519,Fontana Eva Angelica,Av. Rolon 901,01558ET,Levy,10,2,200,10,5447.76,6591.79,0,0,0,21,0,0,0,0,0,2531.1,002200008096,N,Factura de Venta
20171025,04002072,Iñaqui SA,Pedro Ashkar (ex-Monteagudo) 551,01558ET,Levy,10,2,200,10,5447.76,6591.79,0,0,0,21,0,0,0,0,0,2531.1,002200008098,N,Factura de Venta
20171025,16002081,Deposito Moi SA,Maza Norte 3962,01550A,Leandro Diaz,36,1.44,720,36,6990.45,8458.44,0,0,0,21,8,0,0,0,0,2457.72,002200008087,N,Factura de Venta
20171025,16002081,Deposito Moi SA,Maza Norte 3962,01550I,Leandro Diaz,60,4.2,2100,60,5973.86,7228.37,0,0,0,21,8,0,0,0,0,2554.2,002200008087,N,Factura de Venta
20171025,24002089,AD Interiores De Puccinelli Daniel y Helu Alicia,9 De Julio 2829,01557A,Meier,8,1.6,160,8,5959.06,7210.47,0,0,0,21,0,0,0,0,0,2164.88,002200008093,N,Factura de Venta
20171025,04005689,Polifoam SRL,Alte. Brown 3985,01760A,Isolant SI,10,0.6283,0,10,2817.2,3408.81,0,0,0,0,0,0,0,0,0,977.1,002200008094,N,Factura de Venta
20171025,03000023,Industrias Saladillo SA,IS.SA. Planta Pilar,01781BB,Isolant SI,37,1.4504,0,37,11372.32,13760.51,0,0,0,0,0,0,0,0,0,4757.46,002200008081,N,Factura de Venta
20171025,07003177,Grunhaut SA,Alvear 761,06C001PI,Meier,1,0,0,1,0.1,0.12,0,0,0,0,0,0,0,0,0,0,002200008091,N,Factura de Venta
20171025,07003177,Grunhaut SA,Alvear 761,01700A,Meier,30,3.6,0,30,18757.41,22696.47,0,0,0,30,0,0,0,0,0,8014.2,002200008091,N,Factura de Venta
20171025,03003751,Indupoles Argentina SA,Parque Ind. Campana - Km70 de Panamericana - Lote 12,01500AIN,Isolant SI,7500,3.75,7500,7500,12300,14883,0,0,0,0,0,0,0,0,0,9225,002200008102,N,Factura de Venta
20171025,07005677,Iron Pack SRL,Montecatini 3158,01552IC,Meier,2000,20,2000,100,26793.52,32420.16,0,5,5,25,25.2,0,0,0,0,4769.27,002200008075,S,Factura de Venta
20171025,07005677,Iron Pack SRL,Montecatini 3158,01552IC,Meier,1200,12,1200,60,16076.12,19452.1,0,5,5,25,25.2,0,0,0,0,2861.56,002200008074,S,Factura de Venta
20171025,24001396,Fabbri Angel Antonio,Belgrano 1054,01554BP,Diego Fani,1,0.12,20,1,0.1,0.12,0,0,0,0,0,0,0,0,0,350.47,002200008086,N,Factura de Venta
20171025,07002231,Acerco SA,Bv. Domingo Zipoli Nº 440,01555C,Meier,12,1.2,240,12,1.2,1.45,0,0,0,0,0,0,0,0,0,271.58,002200008072,N,Factura de Venta
20171025,30000891,Jose Luis Gonzalez SA,Coronel Zuarez 460/64,01555MA,Esteban Bergamaschi,2,0.3,40,2,0.2,0.24,0,0,0,0,0,0,0,0,0,1041.96,002200008092,S,Factura de Venta
20171025,30000891,Jose Luis Gonzalez SA,Coronel Zuarez 460/64,01555MC,Esteban Bergamaschi,400,3,400,20,23327.12,28225.82,0,0,0,21,0,0,0,0,0,10419.56,002200008092,S,Factura de Venta
20171025,31003228,Giliberto Hnos. SA,Av. 131 nº 385 (entre 39 y 40),01557C,Ventas Buenos Aires,24,4.8,480,24,2.4,2.9,0,0,0,0,0,0,0,0,0,745.69,002200008079,N,Factura de Venta
20171025,02003885,Isomad SA,Av. 122 y 41,01559AA,Ventas Buenos Aires,2600,26,2600,130,85206.5,103099.86,0,0,0,21,12,0,0,0,0,4039.14,002200008080,S,Factura de Venta
20171025,02003885,Isomad SA,Av. 122 y 41,01557C,Ventas Buenos Aires,46,9.2,920,46,4.6,5.56,0,0,0,0,0,0,0,0,0,1429.23,002200008080,S,Factura de Venta
20171025,07003893,Torres Carlos Hector,Juan B. Justo 3595,01568BC,Meier,1400,14,1400,70,65246.76,78948.58,5,3,5,25,4,0,0,0,0,36150.03,002200008070,S,Factura de Venta
20171025,21005576,Alessi Martin Esteban SRL en formacion,Salta 732 Norte,01568BC,Leandro Diaz,500,5,500,25,28330.12,34279.44,0,3,0,21,0,0,0,0,0,12910.72,002200008069,S,Factura de Venta
20171025,07003893,Torres Carlos Hector,Juan B. Justo 3595,01558BRC,Meier,100,1,100,5,5834.12,7059.28,5,3,5,25,4,0,0,0,0,3200.35,002200008078,S,Factura de Venta
20171025,03001796,Hoffman Ernesto Guillermo,Av. de Mayo 865,01558ETC,Levy,200,2,200,10,5444.68,6588.06,0,0,0,21,0,0,0,0,0,353.22,002200008097,S,Factura de Venta
20171025,07003893,Torres Carlos Hector,Juan B. Justo 3595,01570BD,Meier,400,6,400,20,24370.1,29487.82,0,5,5,25,4,0,0,0,0,13699.48,002200008071,S,Factura de Venta
20171025,16000917,Ramon Sanchez e Hijos SRL,,04C00898,Leandro Diaz,1,0,0,1,0.02,0.02,0,0,0,0,0,0,0,0,0,,000000011260,,Débito (Ajustes)
20171025,04005689,Polifoam SRL,Alte. Brown 3985,01764A,Isolant SI,6,0.3110184,0,6,1310.34,1585.51,0,0,0,0,0,0,0,0,0,392.22,002200008094,N,Factura de Venta
20171025,03000023,Industrias Saladillo SA,IS.SA. Planta Pilar,01778BB,Isolant SI,41,2.3185008,0,41,15548.84,18814.1,0,0,0,0,0,0,0,0,0,8004.84,002200008081,N,Factura de Venta
20171025,29000683,Multicontrol SA,Austria Norte 1456,01650DY,Levy,1500,15,1500,0,71744.4,86810.72,0,0,0,37,0,0,0,0,0,23490,002200008088,N,Factura de Venta
20171025,01005203,"Salomon Chamma, Mauricio Chamma y Marcos E. Chama S.H.",,01IN,Mariano Martinez,-1,0,0,-1,-166.36,-201.29,0,0,0,0,0,0,0,0,0,,001300000409,,Crédito de Venta
20171025,01005203,"Salomon Chamma, Mauricio Chamma y Marcos E. Chama S.H.",,04C00898,Mariano Martinez,1,0,0,1,0.01,0.01,0,0,0,0,0,0,0,0,0,,000000011261,,Débito (Ajustes)
20171025,03000023,Industrias Saladillo SA,IS.SA. Planta Pilar,01777BA,Isolant SI,11,0.2937396,0,11,1911.58,2313.01,0,0,0,0,0,0,0,0,0,1147.52,002200008082,N,Factura de Venta
20171025,03000023,Industrias Saladillo SA,IS.SA. Planta Pilar,01778BA,Isolant SI,58,1.421261,0,58,10706.22,12954.53,0,0,0,0,0,0,0,0,0,5373.7,002200008082,N,Factura de Venta
20171025,03000023,Industrias Saladillo SA,IS.SA. Planta Pilar,01768AS,Isolant SI,14,0.633346,0,14,2025.94,2451.39,0,0,0,0,0,0,0,0,0,1226.26,002200008083,N,Factura de Venta
20171025,03000773,Jonix SA,R. Wernicke 672,01654DC,Hector Collia,40,0.8,40,0,4446.12,5379.81,0,0,0,21,0,0,0,0,0,1064.4,002200008089,N,Factura de Venta

