﻿FechaTxt,Codigo_Cliente,Cliente,EntDir,Codigo_Articulo,Vendedor,cantidad,Mts3,Mts2,Rollos,Importe_Bruto,Importe_Neto,Dto_Contado,Dto_Flete,Dto_Especial,Bonificacion,Desc_Adicional,cantidad_elaborada,m2_ocupados,costo_unitario,costo_total_stock,Costo_de_venta,comp,C_Construccion,nomdoc
20170915,24005795,Foam Plus SRL,Domingo Victor Cochet 496,01960DA,Diego Fani,9,0,0,9,11742.44,14208.36,0,0,0,30,0,0,0,0,0,9765,002200007299,S,Factura de Venta
20170915,01005292,Adamant SRL,Paysandu 923 (entre Crisologo Larralde y Lucena),01514DC,Isolant SI,1320,6.6,1320,1320,10586.4,12809.54,0,0,0,0,0,0,0,0,0,6692.4,002200007301,N,Factura de Venta
20170915,01005292,Adamant SRL,Paysandu 923 (entre Crisologo Larralde y Lucena),01514D,Isolant SI,3750,18.75,3750,3750,29212.5,35347.13,0,0,0,0,0,0,0,0,0,19012.5,002200007302,N,Factura de Venta
20170915,22003435,Sidermet San Luis SA,Ruta 3 Km 1 Extremo Sur,01555A,Leandro Diaz,95,9.5,1900,95,40778.21,49341.63,0,0,0,21,12,0,0,0,0,15077.45,002200007298,N,Factura de Venta
20170915,22003435,Sidermet San Luis SA,Ruta 3 Km 1 Extremo Sur,01557A,Leandro Diaz,50,10,1000,50,32774.86,39657.58,0,0,0,21,12,0,0,0,0,12958,002200007298,N,Factura de Venta
20170915,01003694,Anacon SA,Nicasio Oronio 2243,01555AR,Hector Collia,50,5,1000,50,10835.45,13110.9,0,0,10,25,12,0,0,0,0,6473.5,002200007306,N,Factura de Venta
20170915,03003751,Indupoles Argentina SA,Parque Ind. Campana - Km70 de Panamericana - Lote 12,01515BG,Isolant SI,3000,15,3000,0,30000,36300,0,0,0,0,0,0,0,0,0,22440,002200007292,N,Factura de Venta
20170915,07003238,Cooperativa de Provision de Servicios para Comerciantes,Casa Central - Ruta 9 Sur Km 689,01557A,Meier,20,4,400,20,10641.46,12876.16,0,0,14.5,25,12,0,0,0,0,5183.2,002200007315,N,Factura de Venta
20170915,04005551,Armado y Montado SA,Irigoyen 668,01570B,Ventas Buenos Aires,980,14.7,980,49,58417.8,70685.54,0,0,0,0,0,0,0,0,0,635804.4,002200007317,N,Factura de Venta
20170915,29004635,Laurito Sergio Ricardo,"Ruta nº 5 Km 159,500",01960DA,Hector Collia,30,0,0,30,84814,102624.94,0,0,4,21,0,0,0,0,0,32550,002200007293,S,Factura de Venta
20170915,04005905,Kaletra SRL,Francia 741,01960DC,Fernando Palmas,3,0,0,3,3768.75,4560.18,0,3,0,32.5,0,0,0,0,0,3255,002200007296,N,Factura de Venta
20170915,03003751,Indupoles Argentina SA,Parque Ind. Campana - Km70 de Panamericana - Lote 12,01506CIN,Isolant SI,4050,6.075,4050,4050,11623.5,14064.43,0,0,0,0,0,0,0,0,0,7290,002200007292,N,Factura de Venta
20170915,03003751,Indupoles Argentina SA,Parque Ind. Campana - Km70 de Panamericana - Lote 12,01515BE,Isolant SI,5400,27,5400,0,54000,65340,0,0,0,0,0,0,0,0,0,48114,002200007292,N,Factura de Venta
20170915,24003271,Jose y Pedro Celotti S.A.C.I.F. E I.,Elisa Damiano 548,01558BC,Natali Plasticos (Vta Directa),5,1,100,5,5841.22,7067.88,0,0,0,21,0,0,0,0,0,2754.8,002200007310,N,Factura de Venta
20170915,24003271,Jose y Pedro Celotti S.A.C.I.F. E I.,Elisa Damiano 548,01555A,Natali Plasticos (Vta Directa),6,0.6,120,6,2926.67,3541.27,0,0,0,21,0,0,0,0,0,952.26,002200007310,N,Factura de Venta
20170915,16002012,Zapata Goma Sociedad Anonima,Salta 745,01854A,Leandro Diaz,4,1,100,4,4492.01,5435.33,0,0,0,30,0,0,0,0,0,1610.6,002200007311,N,Factura de Venta
20170915,16002012,Zapata Goma Sociedad Anonima,Salta 745,01524GC,Leandro Diaz,150,1.5,150,0,3842.1,4648.94,0,0,0,40,0,0,0,0,0,1531.5,002200007311,N,Factura de Venta
20170915,30001635,Edgardo R Ponthot e Hijos CIA,Av. Juan Domingo Peron 936,06C001CO,Ventas Buenos Aires,1,0,0,1,0.1,0.12,0,0,0,0,0,0,0,0,0,0,002200007312,N,Factura de Venta
20170915,30001635,Edgardo R Ponthot e Hijos CIA,Av. Juan Domingo Peron 936,01960DA,Ventas Buenos Aires,2,0,0,2,5889.86,7126.73,0,0,0,21,0,0,0,0,0,2170,002200007312,N,Factura de Venta
20170915,07003238,Cooperativa de Provision de Servicios para Comerciantes,Casa Central - Ruta 9 Sur Km 689,01557AR,Meier,70,14,1400,70,20150.54,24382.15,0,0,14.5,25,20,0,0,0,0,15726.2,002200007314,N,Factura de Venta
20170915,07003238,Cooperativa de Provision de Servicios para Comerciantes,Casa Central - Ruta 9 Sur Km 689,01555AR,Meier,70,7,1400,70,13101.05,15852.26,0,0,14.5,25,20,0,0,0,0,9062.9,002200007314,N,Factura de Venta
20170915,01001928,Karavell SA,Santiago del Estero 453,01700A,Levy,29,3.48,0,29,17588.2,21281.72,0,3,0,30,0,0,0,0,0,7728.79,002200007316,N,Factura de Venta
20170915,01005292,Adamant SRL,Paysandu 923 (entre Crisologo Larralde y Lucena),01514D,Isolant SI,750,3.75,750,750,5842.5,7069.43,0,0,0,0,0,0,0,0,0,3802.5,002200007303,N,Factura de Venta
20170915,01005292,Adamant SRL,Paysandu 923 (entre Crisologo Larralde y Lucena),01504BC,Isolant SI,4800,4.8,4800,0,10608,12835.68,0,0,0,0,0,0,0,0,0,7488,002200007304,N,Factura de Venta
20170915,01005292,Adamant SRL,Paysandu 923 (entre Crisologo Larralde y Lucena),01514DC,Isolant SI,3000,15,3000,3000,24060,29112.6,0,0,0,0,0,0,0,0,0,15210,002200007305,N,Factura de Venta
20170915,07003238,Cooperativa de Provision de Servicios para Comerciantes,Casa Central - Ruta 9 Sur Km 689,01551A,Meier,10,1,200,10,2941.41,3559.11,0,0,14.5,25,12,0,0,0,0,1163.3,002200007313,N,Factura de Venta
20170915,07003238,Cooperativa de Provision de Servicios para Comerciantes,Casa Central - Ruta 9 Sur Km 689,01550A,Meier,10,0.4,200,10,1507.64,1824.24,0,0,14.5,25,12,0,0,0,0,663.9,002200007313,N,Factura de Venta
20170915,07003238,Cooperativa de Provision de Servicios para Comerciantes,Casa Central - Ruta 9 Sur Km 689,01557A,Meier,100,20,2000,100,53207.28,64380.81,0,0,14.5,25,12,0,0,0,0,25916,002200007313,N,Factura de Venta
20170915,07003238,Cooperativa de Provision de Servicios para Comerciantes,Casa Central - Ruta 9 Sur Km 689,01555A,Meier,100,10,2000,100,34842.14,42158.99,0,0,14.5,25,12,0,0,0,0,15871,002200007313,N,Factura de Venta
20170915,07003238,Cooperativa de Provision de Servicios para Comerciantes,Casa Central - Ruta 9 Sur Km 689,01558BC,Meier,12,2.4,240,12,11379.29,13768.94,0,0,14.5,25,0,0,0,0,0,6611.52,002200007313,N,Factura de Venta
20170915,07003238,Cooperativa de Provision de Servicios para Comerciantes,Casa Central - Ruta 9 Sur Km 689,06C001CO,Meier,12,0,0,12,1.03,1.24,0,0,14.5,0,0,0,0,0,0,0,002200007313,N,Factura de Venta
20170915,01003694,Anacon SA,Nicasio Oronio 2243,01557AR,Hector Collia,85,17,1700,85,28331.96,34281.67,0,0,10,25,12,0,0,0,0,19096.1,002200007306,N,Factura de Venta
20170915,01001679,Gil Celso Ricardo,Juan Agustin Garcia 1130,01654ON,Hector Collia,1,0.168,0,1,542.64,656.59,0,0,0,21,0,0,0,0,0,287.48,002200007308,N,Factura de Venta
20170915,01001679,Gil Celso Ricardo,Juan Agustin Garcia 1130,01524GC,Hector Collia,50,0.5,50,0,1686.26,2040.37,0,0,0,21,0,0,0,0,0,510.5,002200007308,N,Factura de Venta
20170915,01002811,Gonzalez Dario R Iglesias Nelida C SH,Julian Alvarez 469,01550I,Levy,45,1.8,900,45,4480.39,5421.28,0,0,0,21,8,0,0,0,0,1851.75,002200007309,N,Factura de Venta
20170915,01002811,Gonzalez Dario R Iglesias Nelida C SH,Julian Alvarez 469,01551I,Levy,45,4.5,900,45,8650.74,10467.39,0,0,0,21,8,0,0,0,0,3503.7,002200007309,N,Factura de Venta
20170915,01002811,Gonzalez Dario R Iglesias Nelida C SH,Julian Alvarez 469,01552I,Levy,10,2,400,10,3843.03,4650.06,0,0,0,21,8,0,0,0,0,1889.4,002200007309,N,Factura de Venta
20170915,29005915,Polizul SRL,Cno.Gral. Belgrano 3781,01563DC,Ventas Buenos Aires,80,0.4,80,4,3402.06,4116.48,0,0,0,21,0,0,0,0,0,1578.32,001400000790,S,Factura de Venta
20170915,29005915,Polizul SRL,Cno.Gral. Belgrano 3781,01563DC,Ventas Buenos Aires,-80,-0.4,-80,-4,-3573.32,-4323.72,0,0,0,21,0,0,0,0,0,1578.32,001400008031,S,Crédito de Venta
20170915,29004635,Laurito Sergio Ricardo,"Ruta nº 5 Km 159,500",01554BRC,Hector Collia,200,1.2,200,10,13665.52,16535.28,0,0,4,21,12,0,0,0,0,4441.5,002200007293,S,Factura de Venta
20170915,29004635,Laurito Sergio Ricardo,"Ruta nº 5 Km 159,500",01554BP,Hector Collia,1,0.12,20,1,0.1,0.12,0,0,4,0,0,0,0,0,0,444.15,002200007293,S,Factura de Venta
20170915,22003435,Sidermet San Luis SA,Ruta 3 Km 1 Extremo Sur,01555C,Leandro Diaz,12,1.2,240,12,1.2,1.45,0,0,0,0,0,0,0,0,0,1904.52,002200007298,N,Factura de Venta
20170915,07003238,Cooperativa de Provision de Servicios para Comerciantes,Casa Central - Ruta 9 Sur Km 689,01555C,Meier,12,1.2,240,12,1.03,1.24,0,0,14.5,0,0,0,0,0,0,1904.52,002200007313,N,Factura de Venta
20170915,29004635,Laurito Sergio Ricardo,"Ruta nº 5 Km 159,500",01555AA,Hector Collia,500,2.5,500,25,10304.54,12468.48,0,0,4,21,12,0,0,0,0,3967.75,002200007294,S,Factura de Venta
20170915,29004635,Laurito Sergio Ricardo,"Ruta nº 5 Km 159,500",01555C,Hector Collia,3,0.3,60,3,0.28,0.34,0,0,4,0,0,0,0,0,0,476.13,002200007294,S,Factura de Venta
20170915,29004635,Laurito Sergio Ricardo,"Ruta nº 5 Km 159,500",01555ARC,Hector Collia,1000,5,1000,50,12186.58,14745.76,0,0,4,21,12,0,0,0,0,6473.5,002200007293,S,Factura de Venta
20170915,22003435,Sidermet San Luis SA,Ruta 3 Km 1 Extremo Sur,01557C,Leandro Diaz,6,1.2,120,6,0.6,0.73,0,0,0,0,0,0,0,0,0,1554.96,002200007298,N,Factura de Venta
20170915,07003238,Cooperativa de Provision de Servicios para Comerciantes,Casa Central - Ruta 9 Sur Km 689,01557C,Meier,12,2.4,240,12,1.03,1.24,0,0,14.5,0,0,0,0,0,0,3109.92,002200007313,N,Factura de Venta
20170915,29004635,Laurito Sergio Ricardo,"Ruta nº 5 Km 159,500",01559AA,Hector Collia,500,5,500,25,15730.42,19033.82,0,0,4,21,12,0,0,0,0,6479,002200007294,S,Factura de Venta
20170915,29004635,Laurito Sergio Ricardo,"Ruta nº 5 Km 159,500",01557C,Hector Collia,3,0.6,60,3,0.28,0.34,0,0,4,0,0,0,0,0,0,777.48,002200007294,S,Factura de Venta
20170915,03000741,Maderera Newton Sociedad Anonima,Acceso Norte 3085 (ramal Campana) y Haití- Frente la Ford,01559AA,Esteban Bergamaschi,2000,20,2000,100,62224.8,75292,0,0,0,25,12,0,0,0,0,25916,002200007295,S,Factura de Venta
20170915,03000741,Maderera Newton Sociedad Anonima,Acceso Norte 3085 (ramal Campana) y Haití- Frente la Ford,01557C,Esteban Bergamaschi,10,2,200,10,1,1.22,0,0,0,0,0,0,0,0,0,2591.6,002200007295,S,Factura de Venta
20170915,29005915,Polizul SRL,Cno.Gral. Belgrano 3781,01559AA,Ventas Buenos Aires,2000,20,2000,100,65252.1,78955.04,0,0,0,21,8,0,0,0,0,25916,001400000790,S,Factura de Venta
20170915,29005915,Polizul SRL,Cno.Gral. Belgrano 3781,01557C,Ventas Buenos Aires,12,2.4,240,12,1.2,1.46,0,0,0,0,0,0,0,0,0,3109.92,001400000790,S,Factura de Venta
20170915,29005915,Polizul SRL,Cno.Gral. Belgrano 3781,01559AA,Ventas Buenos Aires,-2000,-20,-2000,-100,-68522.7,-82912.48,0,0,0,21,8,0,0,0,0,25916,001400008031,S,Crédito de Venta
20170915,29005915,Polizul SRL,Cno.Gral. Belgrano 3781,01557C,Ventas Buenos Aires,-12,-2.4,-240,-12,-1.2,-1.46,0,0,0,0,0,0,0,0,0,3109.92,001400008031,S,Crédito de Venta
20170915,29004635,Laurito Sergio Ricardo,"Ruta nº 5 Km 159,500",01557ARC,Hector Collia,2000,20,2000,100,37454.04,45319.38,0,0,4,21,12,0,0,0,0,22466,002200007293,S,Factura de Venta
20170915,24005795,Foam Plus SRL,Domingo Victor Cochet 496,01568BC,Diego Fani,1800,18,1800,90,46582.2,56364.46,0,0,0,30,0,0,0,0,0,49586.4,002200007300,S,Factura de Venta
20170915,29005915,Polizul SRL,Cno.Gral. Belgrano 3781,01568BC,Ventas Buenos Aires,1000,10,1000,50,56714.1,68624.06,0,0,0,21,0,0,0,0,0,27548,001400000790,S,Factura de Venta
20170915,29005915,Polizul SRL,Cno.Gral. Belgrano 3781,01568BC,Ventas Buenos Aires,-1000,-10,-1000,-50,-58412.6,-70679.24,0,0,0,21,0,0,0,0,0,27548,001400008031,S,Crédito de Venta
20170915,16005687,Plafal SRL,Manuel A. Saenz y Acceso Norte,01558ECC,Leandro Diaz,600,6,600,30,13890.24,16807.2,0,0,0,30,20,0,0,0,0,11913,002200007297,S,Factura de Venta
20170915,29004635,Laurito Sergio Ricardo,"Ruta nº 5 Km 159,500",01558ECC,Hector Collia,2000,20,2000,100,55179.98,66767.76,0,0,4,21,12,0,0,0,0,39710,002200007293,S,Factura de Venta
20170915,07002231,Acerco SA,,04C00898,Meier,1,0,0,1,1,1,0,0,0,0,0,0,0,0,0,,000000011129,,Débito (Ajustes)
20170915,01001679,Gil Celso Ricardo,Juan Agustin Garcia 1130,01514PC,Hector Collia,50,0.25,50,0,744,900.24,0,0,0,0,0,0,0,0,0,349.5,002200007308,N,Factura de Venta
20170915,01001679,Gil Celso Ricardo,Juan Agustin Garcia 1130,01654DC,Hector Collia,30,0.6,30,0,1705.2,2063.29,0,0,0,0,0,0,0,0,0,774.9,002200007308,N,Factura de Venta
20170915,01001679,Gil Celso Ricardo,Juan Agustin Garcia 1130,01658DC,Hector Collia,10,0.3,10,0,900.7,1089.85,0,0,0,0,0,0,0,0,0,391.8,002200007308,N,Factura de Venta
20170915,03005896,Cela Ricardo,Jose Hernández 6136,01658DC,Fernando Palmas,20,0.6,20,0,1220.6,1476.93,0,0,0,0,0,0,0,0,0,783.6,002200007307,N,Factura de Venta
20170915,03005896,Cela Ricardo,Jose Hernández 6136,01654DC,Fernando Palmas,100,2,100,0,3993,4831.53,0,0,0,0,0,0,0,0,0,2583,002200007307,N,Factura de Venta
20170915,16002012,Zapata Goma Sociedad Anonima,Salta 745,01508DB,Leandro Diaz,100,0.2,100,0,649.2,785.53,0,0,0,40,0,0,0,0,0,301,002200007311,N,Factura de Venta
20170915,16002012,Zapata Goma Sociedad Anonima,Salta 745,01514PC,Leandro Diaz,75,0.375,75,0,1190.25,1440.2,0,0,0,40,0,0,0,0,0,524.25,002200007311,N,Factura de Venta
20170915,01004381,Fenza SRL,San Blas 4839,01514DE,Luis Ramirez,-350,-1.75,-350,-350,-7313.43,-8849.24,0,0,0,21,0,0,0,0,0,1774.5,001400008032,N,Crédito de Venta
20170915,01005292,Adamant SRL,,04C00898,Isolant SI,1,0,0,1,6.7,6.7,0,0,0,0,0,0,0,0,0,,000000011127,,Débito (Ajustes)
20170915,16000158,Valerio Oliva SACIA,,01IN,Leandro Diaz,-1,0,0,-1,-1543.5,-1867.63,0,0,0,0,0,0,0,0,0,,001300000321,,Crédito de Venta
20170915,16000158,Valerio Oliva SACIA,,04C00898,Leandro Diaz,1,0,0,1,1.87,1.87,0,0,0,0,0,0,0,0,0,,000000011128,,Débito (Ajustes)

