﻿FechaTxt,Codigo_Cliente,Cliente,EntDir,Codigo_Articulo,Vendedor,cantidad,Mts3,Mts2,Rollos,Importe_Bruto,Importe_Neto,Dto_Contado,Dto_Flete,Dto_Especial,Bonificacion,Desc_Adicional,cantidad_elaborada,m2_ocupados,costo_unitario,costo_total_stock,Costo_de_venta,comp,C_Construccion,nomdoc
20171110,03003751,Indupoles Argentina SA,Parque Ind. Campana - Km70 de Panamericana - Lote 12,01662ACP,Isolant SI,240,9.6,240,0,16977.6,20542.9,0,0,0,0,0,0,0,0,0,11476.8,002200008434,N,Factura de Venta
20171110,03003751,Indupoles Argentina SA,Parque Ind. Campana - Km70 de Panamericana - Lote 12,01506CIN,Isolant SI,21150,31.725,21150,21150,68314.5,82660.54,0,0,0,0,0,0,0,0,0,39762,002200008434,N,Factura de Venta
20171110,11004428,Prades Sociedad Anonima,Av. Monseñor Tavella Nº1937,01557A,Victor Casañas,84,16.8,1680,84,53409.91,64625.99,0,3,0,21,12,0,0,0,0,23161.32,002200008436,N,Factura de Venta
20171110,11004428,Prades Sociedad Anonima,Av. Monseñor Tavella Nº1937,06X001MT,Victor Casañas,1,0,0,1,0.1,0.12,0,3,0,0,0,0,0,0,0,0,002200008437,N,Factura de Venta
20171110,11004428,Prades Sociedad Anonima,Av. Monseñor Tavella Nº1937,06X001DA,Victor Casañas,1,0,0,1,0.1,0.12,0,3,0,0,0,0,0,0,0,0,002200008437,N,Factura de Venta
20171110,11004428,Prades Sociedad Anonima,Av. Monseñor Tavella Nº1937,06X002CS,Victor Casañas,1,0,0,1,0.1,0.12,0,3,0,0,0,0,0,0,0,0,002200008437,N,Factura de Venta
20171110,16000917,Ramon Sanchez e Hijos SRL,Av Mitre 282,01558EC,Leandro Diaz,115,23,2300,115,49801.9,60260.3,0,0,0,0,0,0,0,0,0,49044.05,002200008466,N,Factura de Venta
20171110,04005689,Polifoam SRL,Alte. Brown 3985,01500AC,Isolant SI,-600,-0.3,-600,0,-1398,-1691.58,0,0,0,0,0,0,0,0,0,834,001400008121,N,Crédito de Venta
20171110,02002202,Simmons De Argentina SAIC,Heredia 626,01907A,Fernando Palmas,34,6.409,0,34,31796.12,38473.31,0,0,0,0,0,0,0,0,0,10246.58,002200008454,N,Factura de Venta
20171110,02002202,Simmons De Argentina SAIC,Heredia 626,01514D,Fernando Palmas,400,2,400,400,4984,6030.64,0,0,0,0,0,0,0,0,0,2144,002200008454,N,Factura de Venta
20171110,02002202,Simmons De Argentina SAIC,Heredia 626,01524D,Fernando Palmas,125,1.25,125,0,3627.5,4389.27,0,0,0,0,0,0,0,0,0,1292.5,002200008454,N,Factura de Venta
20171110,16005649,Corralon Lujan SA,A Guiñazu 643,01960F,Leandro Diaz,6,0,0,6,14785.15,17890.03,0,0,0,21,0,0,0,0,0,6503.1,002200008458,N,Factura de Venta
20171110,21005576,Alessi Martin Esteban SRL en formacion,Salta 732 Norte,01852AA,Leandro Diaz,2,1,50,2,4189.02,5068.72,0,3,0,21,0,0,0,0,0,1476.96,002200008460,S,Factura de Venta
20171110,16004354,Nahim Elias,San Martin 830,06C001CO,Leandro Diaz,1,0,0,1,0.1,0.12,0,0,0,0,0,0,0,0,0,0,002200008465,S,Factura de Venta
20171110,07005921,Lutre Domingo Alejandro,Rivadavia 850,06C001CO,Meier,1,0,0,1,0.2,0.24,0,0,0,0,0,0,0,0,0,0,002200008449,S,Factura de Venta
20171110,07005921,Lutre Domingo Alejandro,Rivadavia 850,01957M,Meier,1,0,0,1,0.1,0.12,0,0,0,0,0,0,0,0,0,0,002200008449,S,Factura de Venta
20171110,03005896,Cela Ricardo,Jose Hernández 6136,01654DCP,Fernando Palmas,40,0.8,40,0,1597.2,1932.61,0,0,0,0,0,0,0,0,0,1078.4,002200008452,N,Factura de Venta
20171110,03005896,Cela Ricardo,Jose Hernández 6136,01658DCP,Fernando Palmas,40,1.2,40,0,2441.2,2953.85,0,0,0,0,0,0,0,0,0,1775.27,002200008452,N,Factura de Venta
20171110,03000480,Krasuk SRL,Av. Mitre 3261,06C001CO,Esteban Bergamaschi,1,0,0,1,0.1,0.12,0,0,0,0,0,0,0,0,0,0,002200008453,N,Factura de Venta
20171110,03000480,Krasuk SRL,Av. Mitre 3261,01569BC,Esteban Bergamaschi,14,4.2,280,14,21677.27,26229.49,0,0,0,21,0,0,0,0,0,9597.84,002200008453,N,Factura de Venta
20171110,04005967,Barros Roberto Hector,Av. Senador Morón 460,01524HC,Fernando Palmas,500,5,500,0,6900,8349,0,0,0,0,0,0,0,0,0,5645,002200008446,S,Factura de Venta
20171110,01001649,Triber SA,Sucursal : Av.Juan B. Justo 1300,01603AC,Mariano Martinez,25,1.25,625,25,5204.85,6297.87,0,0,0,30,0,0,0,0,0,3179.75,002200008447,N,Factura de Venta
20171110,24003365,MC M S.A.,Moreno 1325,06C001PI,Diego Fani,1,0,0,1,0.1,0.12,0,0,0,0,0,0,0,0,0,0,002200008448,N,Factura de Venta
20171110,24003365,MC M S.A.,Moreno 1325,06C001CS,Diego Fani,1,0,0,1,0.1,0.12,0,0,0,0,0,0,0,0,0,0,002200008448,N,Factura de Venta
20171110,24003365,MC M S.A.,Moreno 1325,01603AC,Diego Fani,30,1.5,750,30,6691.95,8097.26,0,0,0,25,0,0,0,0,0,3815.7,002200008448,N,Factura de Venta
20171110,16005773,Metales Dibo SA,Maza Norte 3536,01960DC,Leandro Diaz,10,0,0,10,14390.1,17412.02,0,0,0,25,0,0,0,0,0,10353,002200008456,S,Factura de Venta
20171110,24005520,Nocelli Ariel Jesus,Cerrityo 1114/1122,01555AR,Isolant SA,230,23,4600,230,45311.89,54827.38,0,0,0,32.5,20,0,0,0,0,31746.9,002200008439,N,Factura de Venta
20171110,24005520,Nocelli Ariel Jesus,Cerrityo 1114/1122,01557AR,Isolant SA,210,42,4200,210,63633.28,76996.26,0,0,0,32.5,20,0,0,0,0,50610,002200008439,N,Factura de Venta
20171110,07005677,Iron Pack SRL,Montecatini 3158,01772AC,Meier,1,0.18944,0,1,1273.82,1541.32,0,5,5,40,0,0,0,0,0,330.77,002200008443,S,Factura de Venta
20171110,24005791,Castle SA,Av. Eva Peron 8853,01912B,Victor Casañas,12,2.52,0,12,16572.6,20052.85,0,0,0,0,0,0,0,0,0,4026.12,002200008444,N,Factura de Venta
20171110,24005791,Castle SA,Av. Eva Peron 8853,01912B,Victor Casañas,20,4.2,0,20,27621,33421.41,0,0,0,0,0,0,0,0,0,6710.2,002200008444,N,Factura de Venta
20171110,07005940,Gama Sociedad Anonima,Duarte Quiros 4380,01654ON,Meier,52,8.736,0,52,21216,25671.36,0,0,0,0,0,0,0,0,0,15431,002200008445,N,Factura de Venta
20171110,01005461,Corifersa S.A,Ruta 8 6441,01960DC,Levy,4,0,0,4,5881.11,7116.14,0,0,3,21,0,0,0,0,0,4141.2,002200008451,N,Factura de Venta
20171110,21003157,De La Vega Federico Jose,Av San Francisco Km 3.5,01557AR,Pedro Cocaña,50,10,1000,50,18920.07,22893.28,0,3,0,21,12,0,0,0,0,12050,002200008467,N,Factura de Venta
20171110,21003157,De La Vega Federico Jose,Av San Francisco Km 3.5,01555AR,Pedro Cocaña,100,10,2000,100,24602.09,29768.53,0,3,0,21,12,0,0,0,0,13803,002200008467,N,Factura de Venta
20171110,06001901,Bernardi SRL,Prado 663,06C001CO,Pedro Cocaña,1,0,0,1,0.1,0.12,0,0,0,0,0,0,0,0,0,0,002200008468,N,Factura de Venta
20171110,06001901,Bernardi SRL,Prado 663,01557A,Pedro Cocaña,150,30,3000,150,95331,115350.51,0,0,0,0,0,0,0,0,0,41359.5,002200008468,N,Factura de Venta
20171110,06001901,Bernardi SRL,Prado 663,01557AR,Pedro Cocaña,45,9,900,45,17250.3,20872.86,0,0,0,0,0,0,0,0,0,10845,002200008469,N,Factura de Venta
20171110,29004635,Laurito Sergio Ricardo,"Ruta nº 5 Km 159,500",06C001CS,Hector Collia,1,0,0,1,0.1,0.12,0,0,4,0,0,0,0,0,0,0,002200008435,S,Factura de Venta
20171110,16005618,Termo Obras S.A,Bandera de los Andes 1831,01851A,Leandro Diaz,40,10,1000,40,31008.14,37519.86,0,0,0,21,12,0,0,0,0,14000.4,002200008457,N,Factura de Venta
20171110,16005618,Termo Obras S.A,Bandera de los Andes 1831,01655ON,Leandro Diaz,12,2.016,0,12,6937.54,8394.42,0,0,0,21,12,0,0,0,0,4239.36,002200008457,N,Factura de Venta
20171110,16005618,Termo Obras S.A,Bandera de los Andes 1831,01552I,Leandro Diaz,20,4,800,20,7351.88,8895.77,0,0,0,21,12,0,0,0,0,4036.6,002200008457,N,Factura de Venta
20171110,16005618,Termo Obras S.A,Bandera de los Andes 1831,01558BR,Leandro Diaz,13,2.6,260,13,19013.88,23006.79,0,0,0,21,0,0,0,0,0,7934.16,002200008457,N,Factura de Venta
20171110,24005610,Pivin Gabriel Dario,Lisandro de la torre 2574/78,01603AC,Meier,25,1.25,625,25,5204.85,6297.87,0,0,0,30,0,0,0,0,0,3179.75,002200008450,N,Factura de Venta
20171110,11004428,Prades Sociedad Anonima,Av. Monseñor Tavella Nº1937,06C001CS,Victor Casañas,1,0,0,1,0.1,0.12,0,3,0,0,0,0,0,0,0,0,002200008437,N,Factura de Venta
20171110,11004428,Prades Sociedad Anonima,Av. Monseñor Tavella Nº1937,06C001CO,Victor Casañas,1,0,0,1,0.1,0.12,0,3,0,0,0,0,0,0,0,0,002200008437,N,Factura de Venta
20171110,11004428,Prades Sociedad Anonima,Av. Monseñor Tavella Nº1937,06M001TZ,Victor Casañas,1,0,0,1,0.1,0.12,0,3,0,0,0,0,0,0,0,0,002200008437,N,Factura de Venta
20171110,11004428,Prades Sociedad Anonima,Av. Monseñor Tavella Nº1937,01750A,Victor Casañas,2,0,0,2,1305.48,1579.63,0,3,0,21,3,0,0,0,0,382.7,002200008437,N,Factura de Venta
20171110,03000023,Industrias Saladillo SA,IS.SA. Planta Pilar,01777B,Isolant SI,280,7.476,0,280,31880.8,38575.77,0,0,0,0,0,0,0,0,0,17558.8,002200008440,N,Factura de Venta
20171110,07005677,Iron Pack SRL,Montecatini 3158,01514KA,Meier,10088,50.44,10088,0,68283.14,82622.62,0,5,5,0,0,0,0,0,0,42132.88,002200008442,S,Factura de Venta
20171110,29004635,Laurito Sergio Ricardo,"Ruta nº 5 Km 159,500",01554BRC,Hector Collia,1000,6,1000,50,68327.6,82676.38,0,0,4,21,12,0,0,0,0,17523.33,002200008435,S,Factura de Venta
20171110,29004635,Laurito Sergio Ricardo,"Ruta nº 5 Km 159,500",01554BP,Hector Collia,2,0.24,40,2,0.2,0.24,0,0,4,0,0,0,0,0,0,700.93,002200008435,S,Factura de Venta
20171110,30005659,Tripodi Jorge Enrique,Av. Falucho 1140,01555AA,Esteban Bergamaschi,2400,12,2400,120,48913.92,59185.84,0,0,0,25,12,0,0,0,0,2715.81,002200008464,S,Factura de Venta
20171110,30005659,Tripodi Jorge Enrique,Av. Falucho 1140,01555C,Esteban Bergamaschi,18,1.8,360,18,1.8,2.18,0,0,0,0,0,0,0,0,0,407.37,002200008464,S,Factura de Venta
20171110,29004635,Laurito Sergio Ricardo,"Ruta nº 5 Km 159,500",01555ARC,Hector Collia,600,3,600,30,7311.94,8847.46,0,0,4,21,12,0,0,0,0,653.44,002200008435,S,Factura de Venta
20171110,30005659,Tripodi Jorge Enrique,Av. Falucho 1140,01555ARC,Esteban Bergamaschi,5000,25,5000,250,48206.4,58329.74,0,0,20,25,12,0,0,0,0,5445.36,002200008463,S,Factura de Venta
20171110,11004428,Prades Sociedad Anonima,Av. Monseñor Tavella Nº1937,01557C,Victor Casañas,9,1.8,180,9,0.87,1.06,0,3,0,0,0,0,0,0,0,279.63,002200008436,N,Factura de Venta
20171110,29004635,Laurito Sergio Ricardo,"Ruta nº 5 Km 159,500",01559AA,Hector Collia,1500,15,1500,75,47191.28,57101.46,0,0,4,21,12,0,0,0,0,2330.27,002200008435,S,Factura de Venta
20171110,29004635,Laurito Sergio Ricardo,"Ruta nº 5 Km 159,500",01557C,Hector Collia,10,2,200,10,0.96,1.16,0,0,4,0,0,0,0,0,0,310.7,002200008435,S,Factura de Venta
20171110,07005921,Lutre Domingo Alejandro,Rivadavia 850,01559AA,Meier,500,5,500,25,18620.3,22530.56,0,0,0,21,0,0,0,0,0,776.76,002200008449,S,Factura de Venta
20171110,07005921,Lutre Domingo Alejandro,Rivadavia 850,01557C,Meier,3,0.6,60,3,0.3,0.36,0,0,0,0,0,0,0,0,0,93.21,002200008449,S,Factura de Venta
20171110,16004354,Nahim Elias,San Martin 830,01557ARC,Leandro Diaz,260,2.6,260,13,5033.96,6091.1,0,0,0,25,8,0,0,0,0,359.54,002200008459,S,Factura de Venta
20171110,16004354,Nahim Elias,San Martin 830,01557ARC,Leandro Diaz,540,5.4,540,27,10455.16,12650.74,0,0,0,25,8,0,0,0,0,746.73,002200008465,S,Factura de Venta
20171110,29004635,Laurito Sergio Ricardo,"Ruta nº 5 Km 159,500",01568BC,Hector Collia,1400,14,1400,70,76151.34,92143.12,0,0,4,21,3,0,0,0,0,36150.03,002200008435,S,Factura de Venta
20171110,29004635,Laurito Sergio Ricardo,"Ruta nº 5 Km 159,500",01558BRC,Hector Collia,600,6,600,30,40854.94,49434.48,0,0,4,21,3,0,0,0,0,19202.09,002200008435,S,Factura de Venta
20171110,29004635,Laurito Sergio Ricardo,"Ruta nº 5 Km 159,500",01558ECC,Hector Collia,1000,10,1000,50,27589.98,33383.88,0,0,4,21,12,0,0,0,0,19527.09,002200008435,S,Factura de Venta
20171110,15004858,Martinez Lattanzi Lucia Dominga,Corrientes 712 (Corrientes y San Martin),01558ECC,Pedro Cocaña,1000,10,1000,50,30411.68,36798.14,0,3,0,21,4,0,0,0,0,19527.09,002200000043,S,Factura de Venta
20171110,16004354,Nahim Elias,San Martin 830,01558ECC,Leandro Diaz,600,6,600,30,17114.76,20708.86,0,0,0,25,8,0,0,0,0,11716.25,002200008465,S,Factura de Venta
20171110,30005659,Tripodi Jorge Enrique,Av. Falucho 1140,01558ECC,Esteban Bergamaschi,800,8,800,40,17462.02,21129.04,0,0,20,25,12,0,0,0,0,15621.67,002200008462,S,Factura de Venta
20171110,07005677,Iron Pack SRL,Montecatini 3158,01558ETC,Meier,140,1.4,140,7,2283.82,2763.44,0,5,5,25,25.2,0,0,0,0,247.26,002200008441,S,Factura de Venta
20171110,07005677,Iron Pack SRL,Montecatini 3158,01558ETC,Meier,200,2,200,10,4665.02,5644.68,0,5,5,25,0,0,0,0,0,353.22,002200008443,S,Factura de Venta
20171110,16003993,Femaco Sociedad Anonima,W. Nuñez 936,01558ETC,Leandro Diaz,200,2,200,10,4548.72,5503.96,0,0,0,25,12,0,0,0,0,353.22,002200008455,S,Factura de Venta
20171110,16004354,Nahim Elias,San Martin 830,01558ETC,Leandro Diaz,600,6,600,30,14266.44,17262.4,0,0,0,25,8,0,0,0,0,1059.67,002200008459,S,Factura de Venta
20171110,30005659,Tripodi Jorge Enrique,Av. Falucho 1140,01558ETC,Esteban Bergamaschi,800,8,800,40,14555.9,17612.64,0,0,20,25,12,0,0,0,0,1412.9,002200008462,S,Factura de Venta
20171110,21005576,Alessi Martin Esteban SRL en formacion,Salta 732 Norte,01568CBC,Leandro Diaz,500,5,500,25,36031.42,43598.02,0,3,0,21,0,0,0,0,0,8950.22,002200008461,S,Factura de Venta
20171110,21005576,Alessi Martin Esteban SRL en formacion,Salta 732 Norte,01603AD,Leandro Diaz,750,1.5,750,30,5436.9,6578.64,0,3,0,21,0,0,0,0,0,796.64,002200008461,S,Factura de Venta
20171110,03003751,Indupoles Argentina SA,Parque Ind. Campana - Km70 de Panamericana - Lote 12,01654D,Isolant SI,500,10,500,0,18155,21967.55,0,0,0,0,0,0,0,0,0,13480,002200008434,N,Factura de Venta
20171110,11004428,Prades Sociedad Anonima,Av. Monseñor Tavella Nº1937,06M002PA,Victor Casañas,1,0,0,1,0.1,0.12,0,3,0,0,0,0,0,0,0,,002200008437,N,Factura de Venta
20171110,24005520,Nocelli Ariel Jesus,Cerrityo 1114/1122,01515L,Isolant SA,1539,7.695,1539,0,15894.02,19231.77,0,0,15,32.5,20,0,0,0,0,5354.58,002200008438,N,Factura de Venta
20171110,07005677,Iron Pack SRL,Montecatini 3158,01654D,Meier,240,4.8,240,0,8094.34,9794.16,0,5,5,0,0,0,0,0,0,6470.4,002200008443,S,Factura de Venta
20171110,24002752,Rusma SRL,,01IN,Diego Fani,-1,0,0,-1,-700.06,-847.07,0,0,0,0,0,0,0,0,0,,001300000425,,Crédito de Venta
20171110,24002752,Rusma SRL,,01IN,Diego Fani,-1,0,0,-1,-233.35,-282.36,0,0,0,0,0,0,0,0,0,,001300000426,,Crédito de Venta
20171110,24002752,Rusma SRL,,01IN,Diego Fani,-1,0,0,-1,-505.58,-611.76,0,0,0,0,0,0,0,0,0,,001300000427,,Crédito de Venta
20171110,03005896,Cela Ricardo,Jose Hernández 6136,01662DCP,Fernando Palmas,60,2.4,60,0,4668.6,5649.01,0,0,0,0,0,0,0,0,0,3102,002200008452,N,Factura de Venta
20171110,24002752,Rusma SRL,,04C00898,Diego Fani,1,0,0,1,0.03,0.03,0,0,0,0,0,0,0,0,0,,000000011313,,Débito (Ajustes)
20171110,13003662,A B Construcciones SRL,Av. Almte. Brown 198,04ANTICIPOS,Pedro Cocaña,-1,0,0,-1,-62184.95,-75243.79,0,0,0,0,0,0,0,0,0,,001400008122,N,Crédito de Venta
20171110,30005449,Acconcia Sergio Hugo,,04C00898,Esteban Bergamaschi,1,0,0,1,2.27,2.27,0,0,0,0,0,0,0,0,0,,000000011314,,Débito (Ajustes)

