﻿FechaTxt,Codigo_Cliente,Cliente,EntDir,Codigo_Articulo,Vendedor,cantidad,Mts3,Mts2,Rollos,Importe_Bruto,Importe_Neto,Dto_Contado,Dto_Flete,Dto_Especial,Bonificacion,Desc_Adicional,cantidad_elaborada,m2_ocupados,costo_unitario,costo_total_stock,Costo_de_venta,comp
20170424,03004883,Porosin S.A.,Av. Mitre Nro. 1338,01651G,Levy,250,2.5,250,0,15567.5,18836.67,0,0,0,0,0,0,0,0,0,0,002200004325
20170424,03000023,Industrias Saladillo SA,IS.SA. Planta Pilar,01525AH,Isolant SI,1000,10,1000,0,16710,20219.1,0,0,0,0,0,0,0,0,0,0,002200004326
20170424,04001988,Valentini Eduardo Hector,Bme. Mitre 1460,01559AA,Hector Collia,1200,12,1200,60,40436.94,48928.7,0,0,0,21,5,0,0,0,0,0,002200004327
20170424,29000133,El Emporio Del Terciado S A,Calle 72 entre 14 y 15,01603B,Ventas Buenos Aires,25,1.25,625,25,5594.39,6769.21,0,0,0,21,0,0,0,0,0,0,002200004339
20170424,02005555,Construcciones al Costo S.A,Av. 44 nº 2721 entre 149/150,01957A,Ventas Buenos Aires,1,0,0,1,0.1,0.12,0,0,0,0,0,0,0,0,0,0,002200004341
20170424,02005555,Construcciones al Costo S.A,Av. 44 nº 2721 entre 149/150,01558ECC,Ventas Buenos Aires,1200,12,1200,60,36530.62,44202.04,0,0,0,21,4,0,0,0,0,0,002200004341
20170424,27003652,Morales Pedro Manuel,Bernardo Houssay 2597,01558ECC,Pedro Cocaña,200,2,200,10,5659.7,6848.24,0,3,0,21,8,0,0,0,0,0,002200004343
20170424,27001542,Rosso Hnos. de Alvaro S. Rosso y Raul E. Rosso,Suc.07 - A. DEL VALLE 44,01569BC,Pedro Cocaña,5,1.5,100,5,6248.75,7560.99,0,3,0,25,0,0,0,0,0,0,002200004344
20170424,02003995,Climaplat Equipos SA,Av. 13 Nº49 Esquina 33,01760A,Ventas Buenos Aires,6,0.37698,0,6,3674.31,4445.91,0,0,0,21,0,0,0,0,0,0,002200004340
20170424,02003995,Climaplat Equipos SA,Av. 13 Nº49 Esquina 33,01761A,Ventas Buenos Aires,15,0.97545,0,15,8409,10174.89,0,0,0,21,0,0,0,0,0,0,002200004340
20170424,27003652,Morales Pedro Manuel,Bernardo Houssay 2597,01957A,Pedro Cocaña,1,0,0,1,0.1,0.12,0,3,0,0,0,0,0,0,0,0,002200004342
20170424,27003652,Morales Pedro Manuel,Bernardo Houssay 2597,01559AA,Pedro Cocaña,1000,10,1000,50,31654.32,38301.72,0,3,0,21,8,0,0,0,0,0,002200004342
20170424,27003652,Morales Pedro Manuel,Bernardo Houssay 2597,01557C,Pedro Cocaña,12,2.4,240,12,1.16,1.4,0,3,0,0,0,0,0,0,0,0,002200004342
20170424,27003652,Morales Pedro Manuel,Bernardo Houssay 2597,01557ARC,Pedro Cocaña,500,5,500,25,9602.04,11618.48,0,3,0,21,8,0,0,0,0,0,002200004342
20170424,27003652,Morales Pedro Manuel,Bernardo Houssay 2597,01555ARC,Pedro Cocaña,500,2.5,500,25,6246.26,7557.98,0,3,0,21,8,0,0,0,0,0,002200004342
20170424,27003652,Morales Pedro Manuel,Bernardo Houssay 2597,01555MC,Pedro Cocaña,40,0.3,40,2,1924.92,2329.16,0,3,0,21,8,0,0,0,0,0,002200004342
20170424,20003188,Emprendimiento Metalurgico Industrial SRL,LOS VALLISTOS - Ruta 9 Km 128 - Acc Norte,01557AR,Pedro Cocaña,25,5,500,25,6402,7746.42,0,3,0,0,0,0,0,0,0,0,002200004345
20170424,11005824,Directo Srl,Luis Noaco 123,01555ECC,Victor Casañas,4400,22,4400,220,52579.88,63621.66,0,3,0,32.5,12,0,0,0,0,0,002200004346
20170424,11005824,Directo Srl,Luis Noaco 123,01558ESC,Victor Casañas,1400,14,1400,70,24522.22,29671.88,0,3,0,32.5,12,0,0,0,0,0,002200004346
20170424,20000029,Tubonor SA,Bv Tavella 2750,01557A,Isolant SA,15,3,300,15,8819.38,10671.45,0,3,0,32.5,0,0,0,0,0,0,002200004318
20170424,20000029,Tubonor SA,Bv Tavella 2750,01557C,Isolant SA,3,0.6,60,3,0.29,0.35,0,3,0,0,0,0,0,0,0,0,002200004318
20170424,03000023,Industrias Saladillo SA,IS.SA. Planta Pilar,01778BB,Isolant SI,75,4.24116,0,75,25798.5,31216.18,0,0,0,0,0,0,0,0,0,0,002200004319
20170424,29004832,Sucesores de Juan Buzzeo SA,46 Nº973,01557A,Ventas Buenos Aires,25,5,500,25,17735.3,21459.72,0,0,0,21,0,0,0,0,0,0,002200004322
20170424,29004832,Sucesores de Juan Buzzeo SA,46 Nº973,01555A,Ventas Buenos Aires,5,0.5,100,5,2322.76,2810.54,0,0,0,21,0,0,0,0,0,0,002200004322
20170424,29004832,Sucesores de Juan Buzzeo SA,46 Nº973,01557C,Ventas Buenos Aires,6,1.2,120,6,0.6,0.73,0,0,0,0,0,0,0,0,0,0,002200004322
20170424,01000313,Montagne Outdoors SACIFIA,"Godoy Cruz 1360 - ""No enviar Semis""",01510AC,Fernando Palmas,100,0.3,100,100,733,886.93,0,0,0,0,0,0,0,0,0,0,002200004321
20170424,04005689,Polifoam SRL,Alte. Brown 3985,01652DA,Isolant SI,300,4.5,300,0,14317.05,17323.63,0,0,0,45,0,0,0,0,0,0,002200004337
20170424,04005689,Polifoam SRL,Alte. Brown 3985,01666DAP,Isolant SI,180,9,180,0,31409.73,38005.77,0,0,0,45,0,0,0,0,0,0,002200004338
20170424,03003751,Indupoles Argentina SA,Parque Ind. Campana - Km70 de Panamericana - Lote 12,01658ACP,Isolant SI,1000,30,1000,0,53860,65170.6,0,0,0,0,0,0,0,0,0,0,002200004317
20170424,03003751,Indupoles Argentina SA,Parque Ind. Campana - Km70 de Panamericana - Lote 12,01508D,Isolant SI,1500,3,1500,1500,5400,6534,0,0,0,0,0,0,0,0,0,0,002200004317
20170424,03003751,Indupoles Argentina SA,Parque Ind. Campana - Km70 de Panamericana - Lote 12,01500CC,Isolant SI,14850,7.425,14850,0,21978,26593.38,0,0,0,0,0,0,0,0,0,0,002200004317
20170424,03003751,Indupoles Argentina SA,Parque Ind. Campana - Km70 de Panamericana - Lote 12,01500AIN,Isolant SI,17500,8.75,17500,17500,25900,31339,0,0,0,0,0,0,0,0,0,0,002200004317
20170424,03003751,Indupoles Argentina SA,Parque Ind. Campana - Km70 de Panamericana - Lote 12,01905A,Isolant SI,1,0.07118,0,1,433.97,525.1,0,0,0,50,0,0,0,0,0,0,002200004317
20170424,01004065,Balbin 3001 SRL,"Km 52, J.E. Uriburu 1232 (Ex Ruta 8)",01551I,Levy,15,1.5,300,15,2951.79,3571.66,0,3,0,21,0,0,0,0,0,0,002200004316
20170424,03000023,Industrias Saladillo SA,IS.SA. Planta Pilar,01776BA,Isolant SI,250,7.0686,0,250,45195,54685.95,0,0,0,0,0,0,0,0,0,0,002200004320
20170424,05005851,Dimo Contrucciones S.A,Colectora Oeste 1590,01558EC,Hector Collia,23,4.6,460,23,9660,11688.6,0,0,0,0,0,0,0,0,0,0,002200004324
20170424,05005851,Dimo Contrucciones S.A,Colectora Oeste 1590,01558ECM,Hector Collia,1320,13.2,1320,66,27720,33541.2,0,0,0,0,0,0,0,0,0,0,002200004324
20170424,03000023,Industrias Saladillo SA,IS.SA. Planta Pilar,01777B,Isolant SI,241,6.4347,0,241,26134.04,31622.19,0,0,0,0,0,0,0,0,0,0,002200004328
20170424,04005882,Administración de Aceros y Concretos,Av. santa Fe 3780 Of. 19,01851A,Levy,10,2.5,250,10,8068.43,9762.8,0,0,0,21,0,0,0,0,0,0,002200004335
20170424,29004054,VAA SRL,Av. de Mayo 800,01603BD,Levy,750,1.5,750,30,5943,7191.02,0,0,0,30,0,0,0,0,0,0,002200004336
20170424,29004054,VAA SRL,Av. de Mayo 800,01550IC,Levy,200,0.4,200,10,929.6,1124.82,0,0,0,30,0,0,0,0,0,0,002200004336
20170424,24000215,Emcisa SRL,Pte. Roca 3108,01555M,Meier,10,1.5,200,10,9916.24,11998.65,0,0,0,21,8,0,0,0,0,0,002200004323
20170424,24000215,Emcisa SRL,Pte. Roca 3108,01555MA,Meier,1,0.15,20,1,0.1,0.12,0,0,0,0,0,0,0,0,0,0,002200004323
20170424,24000215,Emcisa SRL,Pte. Roca 3108,01554BR,Meier,10,1.2,200,10,14165.77,17140.58,0,0,0,21,8,0,0,0,0,0,002200004323
20170424,24000215,Emcisa SRL,Pte. Roca 3108,01554BP,Meier,3,0.36,60,3,0.3,0.36,0,0,0,0,0,0,0,0,0,0,002200004323
20170424,24000215,Emcisa SRL,Pte. Roca 3108,01603B,Meier,3,0.15,75,3,547.26,662.18,0,0,0,30,8,0,0,0,0,0,002200004323
20170424,24000215,Emcisa SRL,Pte. Roca 3108,01568CB,Meier,5,1,100,5,6655.09,8052.66,0,0,0,25,0,0,0,0,0,0,002200004323
20170424,04004334,Fapex SA,Rio Potrero 175 (Esq. Rio de Rey) Barrio CinaCina,01763CF,Isolant SI,39,2.35248,0,39,11287.77,13658.2,0,0,0,0,0,0,0,0,0,0,002200004329
20170424,04004334,Fapex SA,Rio Potrero 175 (Esq. Rio de Rey) Barrio CinaCina,01765CF,Isolant SI,50,2.9405,0,50,14497,17541.37,0,0,0,0,0,0,0,0,0,0,002200004329
20170424,04004334,Fapex SA,Rio Potrero 175 (Esq. Rio de Rey) Barrio CinaCina,01766CF,Isolant SI,55,2.7368,0,55,12857.9,15558.06,0,0,0,0,0,0,0,0,0,0,002200004329
20170424,01005084,Legatec SRL,Jose Podesta 3483 / 87,01900A,Levy,12,0.9048,0,12,26903.44,32553.16,0,0,0,30,0,0,0,0,0,0,002200004330
20170424,30004285,A P Argentina SA,Camusso 366,01515B,Fernando Palmas,200,1,200,0,2804,3392.84,0,0,0,0,0,0,0,0,0,0,002200004331
20170424,30004285,A P Argentina SA,Camusso 366,01515BE,Fernando Palmas,2400,12,2400,0,34944,42282.24,0,0,0,0,0,0,0,0,0,0,002200004331
20170424,24005610,Pivin Gabriel Dario,Lisandro de la torre 2574/78,01700A,Meier,18,2.16,0,18,10718.57,12969.47,0,0,0,30,0,0,0,0,0,0,002200004332
20170424,31004124,"Sucesores de Jacobo De Dimant, Rebeca y Dimant Ernesto",V H Barrera 156,01555AR,Ventas Buenos Aires,20,2,400,20,5596.36,6771.6,0,0,0,21,0,0,0,0,0,0,002200004333
20170424,11002934,Proyectos SRL,Bolivar 805,01960F,Victor Casañas,4,0,0,4,9298.84,11251.59,0,0,0,21,0,0,0,0,0,0,002200004334

