﻿FechaTxt,Codigo_Cliente,Cliente,EntDir,Codigo_Articulo,Vendedor,cantidad,Mts3,Mts2,Rollos,Importe_Bruto,Importe_Neto,Dto_Contado,Dto_Flete,Dto_Especial,Bonificacion,Desc_Adicional,cantidad_elaborada,m2_ocupados,costo_unitario,costo_total_stock,Costo_de_venta,comp,C_Construccion,nomdoc
20170622,19002241,Carlos Isla y Cia. SA,,04C00291,Latyn-Valle y Cordillera,1,0,0,1,156925.8,156925.8,0,0,0,0,0,0,0,0,0,0,001300001580,,Débito de Venta
20170622,01005292,Adamant SRL,Paysandu 923 (entre Crisologo Larralde y Lucena),01501A,Isolant SI,2700,1.35,2700,0,8127,9833.67,0,0,0,0,0,0,0,0,0,4721.58,002200005564,N,Factura de Venta
20170622,01005292,Adamant SRL,Paysandu 923 (entre Crisologo Larralde y Lucena),01514DA,Isolant SI,400,2,400,400,3116,3770.36,0,0,0,0,0,0,0,0,0,254.1,002200005564,N,Factura de Venta
20170622,01005292,Adamant SRL,Paysandu 923 (entre Crisologo Larralde y Lucena),01650DC,Isolant SI,1025,10.25,1025,0,24620.5,29790.81,0,0,0,0,0,0,0,0,0,15066.23,002200005564,N,Factura de Venta
20170622,07003893,Torres Carlos Hector,Juan B. Justo 3595,04VARIOS,Meier,-1,0,0,-1,-5086.18,-6154.28,0,0,0,0,0,0,0,0,0,0,001400007846,S,Crédito de Venta
20170622,10000785,Perren y Cia. SA,9 de Julio 975,01550A,Norberto Oppezzo,40,1.6,800,40,6841.69,8278.44,0,3,0,25,12,0,0,0,0,2977.59,002200005565,N,Factura de Venta
20170622,01005292,Adamant SRL,Paysandu 923 (entre Crisologo Larralde y Lucena),01854B,Isolant SI,3,0.75,75,3,2457.17,2973.17,0,0,0,30,0,0,0,0,0,1424.49,002200005561,N,Factura de Venta
20170622,01005292,Adamant SRL,Paysandu 923 (entre Crisologo Larralde y Lucena),01768A,Isolant SI,35,1.5834,0,35,6545,7919.45,0,0,0,0,0,0,0,0,0,0,002200005562,N,Factura de Venta
20170622,01005292,Adamant SRL,Paysandu 923 (entre Crisologo Larralde y Lucena),01766A,Isolant SI,60,2.3748,0,60,9703.2,11740.87,0,0,0,0,0,0,0,0,0,3382.49,002200005563,N,Factura de Venta
20170622,01005292,Adamant SRL,Paysandu 923 (entre Crisologo Larralde y Lucena),01514DC,Isolant SI,1500,7.5,1500,1500,11685,14138.85,0,0,0,0,0,0,0,0,0,3948.19,002200005558,N,Factura de Venta
20170622,01005292,Adamant SRL,Paysandu 923 (entre Crisologo Larralde y Lucena),01658ACP,Isolant SI,250,7.5,250,0,14400.75,17424.91,0,0,0,30,0,0,0,0,0,9873.49,002200005559,N,Factura de Venta
20170622,01002464,Ricci Eduardo Mario,Echeverria 2468,01700A,Luis Ramirez,9,1.08,0,9,5359.28,6484.73,0,0,0,30,0,0,0,0,0,2031.79,002200005554,N,Factura de Venta
20170622,01003075,Alfombras Persas Argentina SA,Av Cabildo 3008,01700A,Luis Ramirez,10,1.2,0,10,5954.76,7205.26,0,0,0,30,0,0,0,0,0,2257.54,002200005556,N,Factura de Venta
20170622,01005292,Adamant SRL,Paysandu 923 (entre Crisologo Larralde y Lucena),01662ACP,Isolant SI,280,11.2,280,0,22283.24,26962.72,0,0,0,30,0,0,0,0,0,10300.37,002200005560,N,Factura de Venta
20170622,01005292,Adamant SRL,Paysandu 923 (entre Crisologo Larralde y Lucena),01854A,Isolant SI,4,1,100,4,2321.93,2809.53,0,0,0,30,0,0,0,0,0,1528.13,002200005561,N,Factura de Venta
20170622,26000747,Importadora Comercial Fueguina,Av. Belgrano 1610,01766A,Norberto Oppezzo,13,0.51454,0,13,3922.62,3922.62,0,0,0,0,0,0,0,0,0,732.87,002500000026,,Factura Exterior
20170622,99004274,Maderas Sucre S.A.,Docentes Argentinos 6600,06C001PI,Meier,1,0,0,1,0.1,0.12,0,0,0,0,0,0,0,0,0,0,002200005553,S,Factura de Venta
20170622,03003751,Indupoles Argentina SA,Parque Ind. Campana - Km70 de Panamericana - Lote 12,01500CIN,Isolant SI,750,0.375,750,750,1140,1379.4,0,0,0,0,0,0,0,0,0,989.44,002200005548,N,Factura de Venta
20170622,03003751,Indupoles Argentina SA,Parque Ind. Campana - Km70 de Panamericana - Lote 12,01500AIN,Isolant SI,31500,15.75,31500,31500,47880,57934.8,0,0,0,0,0,0,0,0,0,24686.73,002200005548,N,Factura de Venta
20170622,03003751,Indupoles Argentina SA,Parque Ind. Campana - Km70 de Panamericana - Lote 12,01500CIN,Isolant SI,27750,13.875,27750,27750,42180,51037.8,0,0,0,0,0,0,0,0,0,36609.42,002200005548,N,Factura de Venta
20170622,02005702,Caps Ram,J. Díaz Solís 3535,01510D,Levy,4000,12,4000,4000,43440,52562.4,0,0,0,25,0,0,0,0,0,14751.76,002200005549,N,Factura de Venta
20170622,01003857,DAC Distr. Arg. de chapas SACI,Av 101 Ruta 8 3388,01603B,Levy,25,1.25,625,25,4957.05,5998.03,0,0,0,30,0,0,0,0,0,1607.41,002200005583,N,Factura de Venta
20170622,01004065,Balbin 3001 SRL,Balbin Ricardo 3001,01569BC,Levy,15,4.5,300,15,20338.48,24609.56,0,3,0,21,0,0,0,0,0,11459.17,002200005584,N,Factura de Venta
20170622,30004285,A P Argentina SA,Camusso 366,01654ACP,Fernando Palmas,120,2.4,120,0,9841.2,11907.85,0,0,0,0,0,0,0,0,0,3198.27,002200005586,N,Factura de Venta
20170622,24002752,Rusma SRL,Bv. Seguí & Crespo,06C001PI,Diego Fani,1,0,0,1,0.1,0.12,0,0,0,0,0,0,0,0,0,0,002200005579,S,Factura de Venta
20170622,31005663,Rubber King SA,Av. Monteverde 4170,01524GC,Hector Collia,250,2.5,250,0,7049,8529.28,0,0,0,30,0,0,0,0,0,1993.11,002200005550,S,Factura de Venta
20170622,26000747,Importadora Comercial Fueguina,Av. Belgrano 1610,01765A,Norberto Oppezzo,15,0.6975,0,15,5301.3,5301.3,0,0,0,0,0,0,0,0,0,540.83,002500000026,,Factura Exterior
20170622,01004065,Balbin 3001 SRL,Balbin Ricardo 3001,01569BC,Levy,15,4.5,300,15,20338.48,24609.56,0,3,0,21,0,0,0,0,0,11459.17,002200005575,N,Factura de Venta
20170622,11001942,Cuello Alejandro Marcelo,Mandisovi 1349,01555AK,Disapla,50,2.25,750,50,10073.45,12188.87,0,0,0,21,4,0,0,0,0,6032.97,002200005589,N,Factura de Venta
20170622,11001942,Cuello Alejandro Marcelo,Mandisovi 1349,01555A,Disapla,25,2.5,500,25,11149.24,13490.58,0,0,0,21,4,0,0,0,0,802.47,002200005589,N,Factura de Venta
20170622,11001942,Cuello Alejandro Marcelo,Mandisovi 1349,01551A,Disapla,25,2.5,500,25,9882.9,11958.31,0,0,0,21,4,0,0,0,0,3576.78,002200005589,N,Factura de Venta
20170622,03005896,Cela Ricardo,calle 82 Jose Hernandez Nº 6136,01650DC,Fernando Palmas,250,2.5,250,0,5360,6485.6,0,0,0,0,0,0,0,0,0,3674.69,002200005582,N,Factura de Venta
20170622,01003857,DAC Distr. Arg. de chapas SACI,Av 101 Ruta 8 3388,06C001PI,Levy,1,0,0,1,0.1,0.12,0,0,0,0,0,0,0,0,0,0,002200005583,N,Factura de Venta
20170622,07005106,Espa SA,Bv. de los Alemanes 3312,01557AK,Meier,20,2.1,300,20,4611.46,5579.87,0,5,0,32.5,12,0,0,0,0,334.09,002200005570,N,Factura de Venta
20170622,03004731,Ferrara SA,Av. del Libertador 124,01554BC,Levy,10,1,200,10,8504.82,10290.84,0,0,0,21,0,0,0,0,0,1731.03,002200005571,N,Factura de Venta
20170622,03004731,Ferrara SA,Av. del Libertador 124,01558BC,Levy,20,4,400,20,22684.38,27448.09,0,0,0,21,0,0,0,0,0,7092.73,002200005571,N,Factura de Venta
20170622,30004712,Agrupacion de Corralones Organizados Argentinos,Aranda 699,01555A,Disapla,20,2,400,20,7762.13,9392.17,0,0,0,25,12,0,0,0,0,641.97,002200005574,N,Factura de Venta
20170622,30004712,Agrupacion de Corralones Organizados Argentinos,Aranda 699,01557A,Disapla,20,4,400,20,11853.47,14342.7,0,0,0,25,12,0,0,0,0,1130.55,002200005574,N,Factura de Venta
20170622,30004712,Agrupacion de Corralones Organizados Argentinos,Aranda 699,01750A,Disapla,2,0,0,2,1254.49,1517.94,0,0,0,25,0,0,0,0,0,0,002200005574,N,Factura de Venta
20170622,07003893,Torres Carlos Hector,Juan B. Justo 3595,01960DC,Meier,5,0,0,5,5942.2,7190.08,5,3,5,25,0,0,0,0,0,3011.13,002200005567,S,Factura de Venta
20170622,07004166,Vella Marcos Pablo y Vella Luciano Domingo,Fray Luis Beltran Esq. Cardeñosa,06C001PI,Meier,1,0,0,1,0.1,0.12,0,0,0,0,0,0,0,0,0,0,002200005572,N,Factura de Venta
20170622,07004166,Vella Marcos Pablo y Vella Luciano Domingo,Fray Luis Beltran Esq. Cardeñosa,01603B,Meier,30,1.5,750,30,5710.52,6909.73,0,0,0,30,4,0,0,0,0,1928.9,002200005572,N,Factura de Venta
20170622,07004166,Vella Marcos Pablo y Vella Luciano Domingo,Fray Luis Beltran Esq. Cardeñosa,01603AC,Meier,40,2,1000,40,10075.7,12191.6,0,0,0,30,4,0,0,0,0,2774.75,002200005572,N,Factura de Venta
20170622,07003893,Torres Carlos Hector,Juan B. Justo 3595,04VARIOS-NORMAL,Meier,-1,0,0,-1,-1586.82,-1920.06,0,0,0,0,0,0,0,0,0,0,001400007844,S,Crédito de Venta
20170622,07003893,Torres Carlos Hector,,04VARIOS,Meier,-1,0,0,-1,-1848.9,-2237.16,0,0,0,0,0,0,0,0,0,0,001400007845,S,Crédito de Venta
20170622,30004712,Agrupacion de Corralones Organizados Argentinos,Av. Savio 690,01555A,Disapla,25,2.5,500,25,9702.66,11740.22,0,0,0,25,12,0,0,0,0,802.47,002200005585,N,Factura de Venta
20170622,30004712,Agrupacion de Corralones Organizados Argentinos,Av. Savio 690,01557A,Disapla,10,2,200,10,5926.73,7171.35,0,0,0,25,12,0,0,0,0,565.28,002200005585,N,Factura de Venta
20170622,24005855,Crucijuegos Insumos Publicos SRL,Av. Eva Peron 8989,01772AB,Victor Casañas,4,0.75776,0,4,6253.02,7566.15,0,0,0,25,0,0,0,0,0,446.21,002200005588,N,Factura de Venta
20170622,10000785,Perren y Cia. SA,9 de Julio 975,01551A,Norberto Oppezzo,10,1,200,10,3337.04,4037.82,0,3,0,25,12,0,0,0,0,1430.71,002200005566,N,Factura de Venta
20170622,10000785,Perren y Cia. SA,9 de Julio 975,01557A,Norberto Oppezzo,10,2,200,10,5748.93,6956.21,0,3,0,25,12,0,0,0,0,565.28,002200005566,N,Factura de Venta
20170622,07003893,Torres Carlos Hector,Juan B. Justo 3595,01960DA,Meier,5,0,0,5,11544.98,13969.42,5,3,5,25,0,0,0,0,0,3446.18,002200005567,S,Factura de Venta
20170622,10000785,Perren y Cia. SA,9 de Julio 975,01551A,Norberto Oppezzo,30,3,600,30,10011.13,12113.46,0,3,0,25,12,0,0,0,0,4292.13,002200005565,N,Factura de Venta
20170622,10000785,Perren y Cia. SA,9 de Julio 975,01555A,Norberto Oppezzo,75,7.5,1500,75,28234.74,34164.04,0,3,0,25,12,0,0,0,0,2407.4,002200005565,N,Factura de Venta
20170622,10000785,Perren y Cia. SA,9 de Julio 975,01557A,Norberto Oppezzo,30,6,600,30,17246.8,20868.62,0,3,0,25,12,0,0,0,0,1695.83,002200005565,N,Factura de Venta
20170622,24000055,Impack SA,Galvez 1544,01514D,Victor Casañas,3750,18.75,3750,3750,34050,41200.5,0,0,0,0,0,0,0,0,0,19543.5,002200005569,N,Factura de Venta
20170622,07003893,Torres Carlos Hector,Autopista Rosario Cordoba km 695,04VARIOS,Meier,-1,0,0,-1,-11437.78,-13839.72,0,0,0,0,0,0,0,0,0,0,001400007842,S,Crédito de Venta
20170622,07003893,Torres Carlos Hector,Autopista Rosario Cordoba km 695,04VARIOS,Meier,-1,0,0,-1,-3471.38,-4200.36,0,0,0,0,0,0,0,0,0,0,001400007843,S,Crédito de Venta
20170622,07003893,Torres Carlos Hector,Juan B. Justo 3595,01551IC,Meier,1000,5,1000,50,7418.7,8976.62,5,3,5,25,12,0,0,0,0,2052.29,002200005567,S,Factura de Venta
20170622,07003893,Torres Carlos Hector,Juan B. Justo 3595,01552IC,Meier,400,4,400,20,5934.96,7181.3,5,3,5,25,12,0,0,0,0,344.33,002200005568,S,Factura de Venta
20170622,10000785,Perren y Cia. SA,9 de Julio 975,01555C,Norberto Oppezzo,9,0.9,180,9,0.87,1.06,0,3,0,0,0,0,0,0,0,288.89,002200005565,N,Factura de Venta
20170622,30004712,Agrupacion de Corralones Organizados Argentinos,Av. Savio 690,01555C,Disapla,3,0.3,60,3,0.3,0.36,0,0,0,0,0,0,0,0,0,96.3,002200005585,N,Factura de Venta
20170622,30004712,Agrupacion de Corralones Organizados Argentinos,Aranda 699,01555C,Disapla,2,0.2,40,2,0.2,0.24,0,0,0,0,0,0,0,0,0,64.2,002200005574,N,Factura de Venta
20170622,11001942,Cuello Alejandro Marcelo,Mandisovi 1349,01555C,Disapla,3,0.3,60,3,0.3,0.36,0,0,0,0,0,0,0,0,0,96.3,002200005589,N,Factura de Venta
20170622,07003893,Torres Carlos Hector,Juan B. Justo 3595,01555ECC,Meier,400,2,400,20,4793.26,5799.86,5,3,5,25,12,0,0,0,0,1164.15,002200005568,S,Factura de Venta
20170622,99004274,Maderas Sucre S.A.,Docentes Argentinos 6600,01555MC,Meier,200,1.5,200,10,10663.1,12902.36,0,0,0,21,4,0,0,0,0,3720.73,002200005553,S,Factura de Venta
20170622,99004274,Maderas Sucre S.A.,Docentes Argentinos 6600,01555MA,Meier,1,0.15,20,1,0.1,0.12,0,0,0,0,0,0,0,0,0,372.07,002200005553,S,Factura de Venta
20170622,10000785,Perren y Cia. SA,9 de Julio 975,01557C,Norberto Oppezzo,3,0.6,60,3,0.29,0.35,0,3,0,0,0,0,0,0,0,169.58,002200005565,N,Factura de Venta
20170622,30004712,Agrupacion de Corralones Organizados Argentinos,Av. Savio 690,01557C,Disapla,1,0.2,20,1,0.1,0.12,0,0,0,0,0,0,0,0,0,56.53,002200005585,N,Factura de Venta
20170622,30004712,Agrupacion de Corralones Organizados Argentinos,Aranda 699,01557C,Disapla,2,0.4,40,2,0.2,0.24,0,0,0,0,0,0,0,0,0,113.06,002200005574,N,Factura de Venta
20170622,24002752,Rusma SRL,Bv. Seguí & Crespo,01557C,Diego Fani,3,0.6,60,3,0.3,0.36,0,0,0,0,0,0,0,0,0,169.58,002200005576,S,Factura de Venta
20170622,24002752,Rusma SRL,Bv. Seguí & Crespo,01559AA,Diego Fani,500,5,500,25,14817,17928.56,0,0,0,25,12,0,0,0,0,1413.19,002200005576,S,Factura de Venta
20170622,24002752,Rusma SRL,Av. Eva Perón 8730,01559AA,Diego Fani,500,5,500,25,14817,17928.56,0,0,0,25,12,0,0,0,0,1413.19,002200005577,S,Factura de Venta
20170622,99004274,Maderas Sucre S.A.,Docentes Argentinos 6600,01557C,Meier,3,0.6,60,3,0.3,0.36,0,0,0,0,0,0,0,0,0,169.58,002200005553,S,Factura de Venta
20170622,24002752,Rusma SRL,Av. Eva Perón 8730,01557C,Diego Fani,3,0.6,60,3,0.3,0.36,0,0,0,0,0,0,0,0,0,169.58,002200005577,S,Factura de Venta
20170622,24002752,Rusma SRL,Av. Eva Perón 8730,01559AA,Diego Fani,1000,10,1000,50,29634,35857.14,0,0,0,25,12,0,0,0,0,2826.38,002200005578,S,Factura de Venta
20170622,24002752,Rusma SRL,Av. Eva Perón 8730,01557C,Diego Fani,6,1.2,120,6,0.6,0.72,0,0,0,0,0,0,0,0,0,339.17,002200005578,S,Factura de Venta
20170622,24002752,Rusma SRL,Bv. Seguí & Crespo,01559AA,Diego Fani,1000,10,1000,50,29634,35857.14,0,0,0,25,12,0,0,0,0,2826.38,002200005579,S,Factura de Venta
20170622,24002752,Rusma SRL,Bv. Seguí & Crespo,01557C,Diego Fani,6,1.2,120,6,0.6,0.72,0,0,0,0,0,0,0,0,0,339.17,002200005579,S,Factura de Venta
20170622,99004274,Maderas Sucre S.A.,Docentes Argentinos 6600,01559AA,Meier,500,5,500,25,17026.08,20601.56,0,0,0,21,4,0,0,0,0,1413.19,002200005553,S,Factura de Venta
20170622,04001988,Valentini Eduardo Hector,Bme. Mitre 1460,01557AKC,Hector Collia,690,4.83,690,46,14848.52,17966.72,0,0,0,21,0,0,0,0,0,768.41,002200005581,S,Factura de Venta
20170622,24002684,Centro De Chapas Rosario SA,Bv. Oroño 4190,01557ARC,Diego Fani,340,3.4,340,17,5195.76,6286.86,0,0,15,25,12,0,0,0,0,727.98,002200005580,S,Factura de Venta
20170622,07003893,Torres Carlos Hector,Juan B. Justo 3595,01568BC,Meier,2000,20,2000,100,90486.72,109488.94,5,3,5,25,4,0,0,0,0,35463.64,002200005567,S,Factura de Venta
20170622,24002684,Centro De Chapas Rosario SA,Bv. Oroño 4190,01558ECC,Diego Fani,1600,16,1600,80,36029.66,43595.9,0,0,15,25,12,0,0,0,0,25068.66,002200005580,S,Factura de Venta
20170622,07003893,Torres Carlos Hector,Juan B. Justo 3595,01558ESC,Meier,2000,20,2000,100,35129.06,42506.16,5,3,5,25,12,0,0,0,0,8660.31,002200005567,S,Factura de Venta
20170622,07003893,Torres Carlos Hector,Juan B. Justo 3595,01603BD,Meier,1250,2.5,1250,50,7630.56,9232.98,5,3,5,30,12,0,0,0,0,3214.83,002200005567,S,Factura de Venta
20170622,99004274,Maderas Sucre S.A.,Docentes Argentinos 6600,01603BD,Meier,375,0.75,375,15,3219.4,3895.48,0,0,0,21,4,0,0,0,0,964.45,002200005553,S,Factura de Venta
20170622,29003269,Blanco Francisco Jorge,Colectora Este 1035,01655ONC,Levy,9,0.126,9,0.75,5375.16,6503.94,0,0,0,21,0,0,0,0,0,167.59,002200005555,S,Factura de Venta
20170622,19002241,Carlos Isla y Cia. SA,,04C00205,Latyn-Valle y Cordillera,1,0,0,1,12,14.52,0,0,0,0,0,0,0,0,0,,001300001580,,Débito de Venta
20170622,29002237,Freixas Marcos Ignacio,,04C00898,Esteban Bergamaschi,1,0,0,1,0.77,0.77,0,0,0,0,0,0,0,0,0,,000000010907,,Débito (Ajustes)
20170622,30004285,A P Argentina SA,Camusso 366,01507E,Fernando Palmas,2000,3,2000,0,17000,20570,0,0,0,0,0,0,0,0,0,10648.94,002200005587,N,Factura de Venta
20170622,10004089,Plastisur SRL,Hipolito Yrigoyen 5135,01790A,Norberto Oppezzo,5,0.1979208,0,5,3321.71,4019.27,0,0,0,21,0,0,0,0,0,119.77,002200005573,N,Factura de Venta
20170622,11004428,Prades Sociedad Anonima,,01IN,Victor Casañas,-1,0,0,-1,-1094.49,-1324.33,0,0,0,0,0,0,0,0,0,,001300000181,,Crédito de Venta
20170622,24005127,Pesole Eduardo Francisco,,01IN,Meier,-1,0,0,-1,-397.93,-481.5,0,0,0,0,0,0,0,0,0,,001300000182,N,Crédito de Venta
20170622,01005292,Adamant SRL,Paysandu 923 (entre Crisologo Larralde y Lucena),01514DB,Isolant SI,1725,8.625,1725,1725,13437.75,16259.68,0,0,0,0,0,0,0,0,0,2394.53,002200005557,N,Factura de Venta
20170622,28002335,TUBACERO S.A.,,04C00624,Fernando Palmas,1,0,0,1,22963.27,22963.27,0,0,0,0,0,0,0,0,0,,000000000937,,Dif. Cambio (+)
20170622,04000007,Disapla S.A.,,04C00898,Isolant SA,1,0,0,1,7,7,0,0,0,0,0,0,0,0,0,,000000010906,,Débito (Ajustes)
20170622,03005896,Cela Ricardo,calle 82 Jose Hernandez Nº 6136,01654DC,Fernando Palmas,200,4,200,0,7986,9663.06,0,0,0,0,0,0,0,0,0,4157.41,002200005582,N,Factura de Venta
20170622,03005896,Cela Ricardo,calle 82 Jose Hernandez Nº 6136,01658DC,Fernando Palmas,80,2.4,80,0,4882.4,5907.7,0,0,0,0,0,0,0,0,0,2580.05,002200005582,N,Factura de Venta
20170622,03005896,Cela Ricardo,calle 82 Jose Hernandez Nº 6136,01662DA,Fernando Palmas,100,4,100,0,7781,9415.01,0,0,0,0,0,0,0,0,0,5663.63,002200005582,N,Factura de Venta
20170622,30004285,A P Argentina SA,Camusso 366,01789A,Fernando Palmas,3,0.2226609,0,3,1404.66,1699.64,0,0,0,0,0,0,0,0,0,570.13,002200005586,N,Factura de Venta
20170622,24004824,Suri Aventura SA,Laprida 552,01651G,Diego Fani,300,3,300,0,21577.5,26108.77,0,0,0,25,0,0,0,0,0,4770.4,002200005551,N,Factura de Venta
20170622,29000683,Multicontrol SA,Austria Norte 1456,01650DY,Levy,1500,15,1500,0,71744.4,86810.72,0,0,0,37,0,0,0,0,0,22831.02,002200005552,N,Factura de Venta

