﻿FechaTxt,Codigo_Cliente,Cliente,EntDir,Codigo_Articulo,Vendedor,cantidad,Mts3,Mts2,Rollos,Importe_Bruto,Importe_Neto,Dto_Contado,Dto_Flete,Dto_Especial,Bonificacion,Desc_Adicional,cantidad_elaborada,m2_ocupados,costo_unitario,costo_total_stock,Costo_de_venta,comp,C_Construccion,nomdoc
20171102,02003203,Maderera La Loma SA,Calle 161 y 40,01557A,Ventas Buenos Aires,100,20,2000,100,65549.71,79315.15,0,0,0,21,12,0,0,0,0,27061,002200008253,N,Factura de Venta
20171102,02003203,Maderera La Loma SA,Calle 161 y 40,01555A,Ventas Buenos Aires,50,5,1000,50,21462.21,25969.28,0,0,0,21,12,0,0,0,0,8349.5,002200008253,N,Factura de Venta
20171102,31004474,Polyfrio S.A.,Av. Polonia 1038,01515BH,Fernando Palmas,6000,30,6000,0,68700,83127,0,0,0,0,0,0,0,0,0,44880,002200008256,N,Factura de Venta
20171102,31004474,Polyfrio S.A.,Av. Polonia 1038,01510CC,Fernando Palmas,1650,4.95,1650,1650,9405,11380.05,0,0,0,0,0,0,0,0,0,6319.5,002200008256,N,Factura de Venta
20171102,24002895,Gani Sociedad Anonima,Parque Industrial Sauce Viejo - Lote 83,01658ACP,Victor Casañas,700,21,700,0,67536,81718.56,0,0,0,0,0,0,0,0,0,26285,002200008257,N,Factura de Venta
20171102,04005905,Kaletra SRL,,01960DA,Fernando Palmas,-3,0,0,-3,-7322.25,-8859.93,0,3,0,32.5,0,0,0,0,0,3255,001400008118,N,Crédito de Venta
20171102,04005688,Longarte Gabriel Martin,Garay 2551,01650DC,Fernando Palmas,500,5,500,0,18980,22965.8,0,0,0,50,0,0,0,0,0,7860,002200008276,S,Factura de Venta
20171102,04005688,Longarte Gabriel Martin,Garay 2551,01950D,Fernando Palmas,56,12.8016,0,56,28616,34625.36,0,0,0,0,0,0,0,0,0,17850.56,002200008276,S,Factura de Venta
20171102,04005688,Longarte Gabriel Martin,Garay 2551,01650DC,Fernando Palmas,500,5,500,0,18980,22965.8,0,0,0,50,0,0,0,0,0,7860,002200008276,S,Factura de Venta
20171102,01003694,Anacon SA,Sucursal : Av. San Martín 1072,01555AR,Hector Collia,25,2.5,500,25,5417.73,6555.45,0,0,10,25,12,0,0,0,0,3385.25,002200008273,N,Factura de Venta
20171102,01003694,Anacon SA,Sucursal : Av. San Martín 1072,01557AR,Hector Collia,25,5,500,25,8332.93,10082.84,0,0,10,25,12,0,0,0,0,5926.5,002200008273,N,Factura de Venta
20171102,04004334,Fapex SA,Rio Potrero 175 (Esq. Rio de Rey) Barrio CinaCina,01557ARF,Isolant SI,178,35.6,3560,178,51249.76,62012.2,0,0,0,0,0,0,0,0,0,42196.68,002200008278,S,Factura de Venta
20171102,14003511,Ojeda Mariano Antonio,Retira del transporte- Trenque Lauquen,01568CB,Disapla,10,2,200,10,14861.24,17982.1,0,0,0,21,0,0,0,0,0,5420.9,002200008271,N,Factura de Venta
20171102,14005545,Mariano Ojeda SRL,Boulevard Brown 1986,01555AR,Disapla,25,2.5,500,25,7205.39,8718.52,0,0,0,21,0,0,0,0,0,3385.25,002200008272,N,Factura de Venta
20171102,14005545,Mariano Ojeda SRL,Boulevard Brown 1986,01557AR,Disapla,5,1,100,5,2216.5,2681.97,0,0,0,21,0,0,0,0,0,1185.3,002200008272,N,Factura de Venta
20171102,01003694,Anacon SA,Sucursal : Av. Juan B. Justo 6502,01557AR,Hector Collia,50,10,1000,50,16665.86,20165.69,0,0,10,25,12,0,0,0,0,11853,002200008274,N,Factura de Venta
20171102,01003694,Anacon SA,Sucursal : Av. Juan B. Justo 6502,01555AR,Hector Collia,20,2,400,20,4334.18,5244.36,0,0,10,25,12,0,0,0,0,2708.2,002200008274,N,Factura de Venta
20171102,24000055,Impack SA,Galvez 1544,01500AC,Victor Casañas,3000,1.5,3000,0,6060,7332.6,0,0,0,0,0,0,0,0,0,4110,002200008275,N,Factura de Venta
20171102,04005689,Polifoam SRL,Alte. Brown 3985,01500AC,Isolant SI,-4800,-2.4,-4800,0,-11184,-13532.64,0,0,0,0,0,0,0,0,0,6576,001400008119,N,Crédito de Venta
20171102,03004281,Majara SRL,Av. Avellaneda 3112/14,01524GC,Hector Collia,125,1.25,125,0,3735.38,4519.8,0,0,0,30,0,0,0,0,0,1337.5,002200008265,N,Factura de Venta
20171102,03004281,Majara SRL,Av. Avellaneda 3112/14,01557A,Hector Collia,3,0.6,60,3,1980.07,2395.88,0,0,0,30,0,0,0,0,0,811.83,002200008265,N,Factura de Venta
20171102,03004281,Majara SRL,Av. Avellaneda 3112/14,01700A,Hector Collia,6,0.72,0,6,3751.48,4539.29,0,0,0,30,0,0,0,0,0,1602.84,002200008265,N,Factura de Venta
20171102,03004883,Porosin S.A.,Av. Mitre Nro. 1338,01551I,Levy,25,2.5,500,25,5223.88,6320.89,0,0,0,21,0,0,0,0,0,2025.5,002200008267,N,Factura de Venta
20171102,14003511,Ojeda Mariano Antonio,Retira del transporte- Trenque Lauquen,06C001CO,Disapla,1,0,0,1,0.1,0.12,0,0,0,0,0,0,0,0,0,0,002200008271,N,Factura de Venta
20171102,20003330,Francisco Ramon Molins e Hijo,Cordoba 275,01700A,Pedro Cocaña,10,1.2,0,10,7056.36,8538.19,0,0,0,21,0,0,0,0,0,2671.4,002200008268,N,Factura de Venta
20171102,24004824,Suri Aventura SA,Laprida 552,01524DC,Diego Fani,325,3.25,325,0,10405.69,12590.88,0,0,0,25,0,0,0,0,0,3315,002200008269,N,Factura de Venta
20171102,02005702,Caps Ram,J. Díaz Solís 3535,01510D,Levy,4000,12,4000,4000,46050,55720.5,0,0,0,25,0,0,0,0,0,15320,002200008270,N,Factura de Venta
20171102,04004334,Fapex SA,Rio Potrero 175 (Esq. Rio de Rey) Barrio CinaCina,01557ARF,Isolant SI,126,25.2,2520,126,36276.66,43894.76,0,0,0,0,0,0,0,0,0,29869.56,002200008277,N,Factura de Venta
20171102,16000158,Valerio Oliva SACIA,Rodriguez Peña 2250,06C001CO,Leandro Diaz,1,0,0,1,0.1,0.12,0,0,0,0,0,0,0,0,0,0,002200008279,N,Factura de Venta
20171102,16000158,Valerio Oliva SACIA,Rodriguez Peña 2250,01557A,Leandro Diaz,50,10,1000,50,35754.39,43262.81,0,0,0,21,4,0,0,0,0,13530.5,002200008279,N,Factura de Venta
20171102,24001793,Amiano S.A.,Av. San Martin 4349,01557A,Diego Fani,20,4,400,20,13109.94,15863.03,0,0,0,21,12,0,0,0,0,5412.2,002200008263,N,Factura de Venta
20171102,24001793,Amiano S.A.,Av. San Martin 4349,01555M,Diego Fani,50,7.5,1000,50,51290.81,62061.88,0,0,0,21,12,0,0,0,0,27708,002200008263,N,Factura de Venta
20171102,29000227,Moreno Alfredo German,Av. 44 nº 2721 entre 149/150,06C001PI,Isolant SA,1,0,0,1,0.1,0.12,0,0,0,0,0,0,0,0,0,0,002200008264,S,Factura de Venta
20171102,29000227,Moreno Alfredo German,Av. 44 nº 2721 entre 149/150,01524HC,Isolant SA,4900,49,4900,0,67620,81820.2,0,0,0,0,0,0,0,0,0,54684,002200008264,S,Factura de Venta
20171102,20003330,Francisco Ramon Molins e Hijo,Cordoba 275,01524GC,Pedro Cocaña,250,2.5,250,0,8431.28,10201.84,0,0,0,21,0,0,0,0,0,2675,002200008268,N,Factura de Venta
20171102,20003330,Francisco Ramon Molins e Hijo,Cordoba 275,01557A,Pedro Cocaña,3,0.6,60,3,2234.65,2703.93,0,0,0,21,0,0,0,0,0,811.83,002200008268,N,Factura de Venta
20171102,24005964,Echeverria Maderas SA,Catmarca 315,01550IC,Diego Fani,1000,2,1000,50,4514.4,5462.42,0,0,0,25,12,0,0,0,0,1335.18,002200008261,S,Factura de Venta
20171102,02003203,Maderera La Loma SA,Calle 161 y 40,01555C,Ventas Buenos Aires,12,1.2,240,12,1.2,1.45,0,0,0,0,0,0,0,0,0,271.58,002200008253,N,Factura de Venta
20171102,02003478,Corralon Laprida SRL,Av La Plata 3091,01555AA,Hector Collia,1000,5,1000,50,20380.8,24660.76,0,0,0,25,12,0,0,0,0,1131.59,002200008255,S,Factura de Venta
20171102,02003478,Corralon Laprida SRL,Av La Plata 3091,01555C,Hector Collia,6,0.6,120,6,0.6,0.72,0,0,0,0,0,0,0,0,0,135.79,002200008255,S,Factura de Venta
20171102,24002752,Rusma SRL,Bv. Seguí & Crespo,01555MC,Diego Fani,600,4.5,600,30,29232.72,35371.6,0,0,0,25,12,0,0,0,0,15629.34,002200008259,S,Factura de Venta
20171102,24002752,Rusma SRL,Bv. Seguí & Crespo,01555MA,Diego Fani,3,0.45,60,3,0.3,0.36,0,0,0,0,0,0,0,0,0,1562.93,002200008259,S,Factura de Venta
20171102,24002752,Rusma SRL,Bv. Seguí & Crespo,01555MC,Diego Fani,1000,7.5,1000,50,48721.2,58952.66,0,0,0,25,12,0,0,0,0,26048.89,002200008260,S,Factura de Venta
20171102,24002752,Rusma SRL,Bv. Seguí & Crespo,01555MA,Diego Fani,5,0.75,100,5,0.5,0.6,0,0,0,0,0,0,0,0,0,2604.89,002200008260,S,Factura de Venta
20171102,24001793,Amiano S.A.,Av. San Martin 4349,01555MA,Diego Fani,5,0.75,100,5,0.5,0.61,0,0,0,0,0,0,0,0,0,2604.89,002200008263,N,Factura de Venta
20171102,24002752,Rusma SRL,Av. Eva Perón 8730,01555MC,Diego Fani,1000,7.5,1000,50,48721.2,58952.66,0,0,0,25,12,0,0,0,0,26048.89,002200008258,S,Factura de Venta
20171102,24002752,Rusma SRL,Av. Eva Perón 8730,01555MA,Diego Fani,5,0.75,100,5,0.5,0.6,0,0,0,0,0,0,0,0,0,2604.89,002200008258,S,Factura de Venta
20171102,02003478,Corralon Laprida SRL,Av La Plata 3091,01555MC,Hector Collia,1000,7.5,1000,50,48721.2,58952.66,0,0,0,25,12,0,0,0,0,26048.89,002200008254,S,Factura de Venta
20171102,02003478,Corralon Laprida SRL,Av La Plata 3091,01555MA,Hector Collia,4,0.6,80,4,0.4,0.48,0,0,0,0,0,0,0,0,0,2083.91,002200008254,S,Factura de Venta
20171102,02003203,Maderera La Loma SA,Calle 161 y 40,01557C,Ventas Buenos Aires,24,4.8,480,24,2.4,2.9,0,0,0,0,0,0,0,0,0,745.69,002200008253,N,Factura de Venta
20171102,24001793,Amiano S.A.,Av. San Martin 4349,01557C,Diego Fani,2,0.4,40,2,0.2,0.24,0,0,0,0,0,0,0,0,0,62.14,002200008263,N,Factura de Venta
20171102,16000158,Valerio Oliva SACIA,Rodriguez Peña 2250,01557C,Leandro Diaz,6,1.2,120,6,0.6,0.73,0,0,0,0,0,0,0,0,0,186.42,002200008279,N,Factura de Venta
20171102,24005964,Echeverria Maderas SA,Catmarca 315,01557ARC,Diego Fani,1200,12,1200,60,20001.16,24201.42,0,0,10,25,12,0,0,0,0,1659.4,002200008262,S,Factura de Venta
20171102,03004816,Maderera Yacuy SRL,Mariano Pelliza N°3535,01557ARC,Levy,400,4,400,20,8866.96,10729.02,0,0,0,21,0,0,0,0,0,553.13,002200008266,S,Factura de Venta
20171102,16005773,Metales Dibo SA,Maza Norte 3536,01558ECC,Leandro Diaz,500,5,500,25,11595.88,14031,0,0,15,25,12,0,0,0,0,9763.55,002200008280,S,Factura de Venta
20171102,04001988,Valentini Eduardo Hector,,04C00898,Hector Collia,1,0,0,1,0.24,0.24,0,0,0,0,0,0,0,0,0,,000000011276,,Débito (Ajustes)
20171102,04001595,Dommarco Hnos Sociedad Anonima,,04C00898,Hector Collia,1,0,0,1,1.54,1.54,0,0,0,0,0,0,0,0,0,,000000011277,,Débito (Ajustes)
20171102,20003330,Francisco Ramon Molins e Hijo,Cordoba 275,01514PC,Pedro Cocaña,150,0.75,150,0,3134.33,3792.53,0,0,0,21,0,0,0,0,0,1078.5,002200008268,N,Factura de Venta
20171102,20003330,Francisco Ramon Molins e Hijo,Cordoba 275,01654DC,Pedro Cocaña,30,0.6,30,0,3334.59,4034.85,0,0,0,21,0,0,0,0,0,798.3,002200008268,N,Factura de Venta
20171102,20003330,Francisco Ramon Molins e Hijo,Cordoba 275,01658DC,Pedro Cocaña,30,0.9,30,0,4867.27,5889.4,0,0,0,21,0,0,0,0,0,1215,002200008268,N,Factura de Venta
20171102,24004824,Suri Aventura SA,Laprida 552,01514DE,Diego Fani,500,2.5,500,500,9918.75,12001.69,0,0,0,25,0,0,0,0,0,2640,002200008269,N,Factura de Venta
20171102,27003323,Bercovich SACIFIA,,04ANTICIPOS,Pedro Cocaña,-1,0,0,-1,-139250.13,-168492.66,0,0,0,0,0,0,0,0,0,,001400008117,N,Crédito de Venta
20171102,03004281,Majara SRL,Av. Avellaneda 3112/14,01514DE,Hector Collia,250,1.25,250,250,4628.75,5600.79,0,0,0,30,0,0,0,0,0,1320,002200008265,N,Factura de Venta
20171102,01005292,Adamant SRL,,04C00898,Isolant SI,1,0,0,1,2.64,2.64,0,0,0,0,0,0,0,0,0,,000000011278,,Débito (Ajustes)
20171102,04001595,Dommarco Hnos Sociedad Anonima,,04C00898,Hector Collia,-1,0,0,-1,-1.54,-1.54,0,0,0,0,0,0,0,0,0,,000000011279,,Crédito (Ajustes)
20171102,24002527,Bianco Araceli Guadalupe,,01IN,Meier,-1,0,0,-1,-1826.73,-2210.34,0,0,0,0,0,0,0,0,0,,001300000420,,Crédito de Venta
20171102,04001595,Dommarco Hnos Sociedad Anonima,,04C00898,Hector Collia,1,0,0,1,1.54,1.54,0,0,0,0,0,0,0,0,0,,000000011280,,Débito (Ajustes)

