﻿FechaTxt,Codigo_Cliente,Cliente,EntDir,Codigo_Articulo,Vendedor,cantidad,Mts3,Mts2,Rollos,Importe_Bruto,Importe_Neto,Dto_Contado,Dto_Flete,Dto_Especial,Bonificacion,Desc_Adicional,cantidad_elaborada,m2_ocupados,costo_unitario,costo_total_stock,Costo_de_venta,comp,C_Construccion,nomdoc
20171130,03000023,Industrias Saladillo SA,IS.SA. Planta Pilar,01788B,Isolant SI,100,2.356,0,100,9465,11452.65,0,0,0,0,0,0,0,0,0,6485,002200008877,N,Factura de Venta
20171130,03000023,Industrias Saladillo SA,IS.SA. Planta Pilar,01782BB,Isolant SI,15,0.465,0,15,4468.35,5406.7,0,0,0,0,0,0,0,0,0,1637.85,002200008878,N,Factura de Venta
20171130,07005677,Iron Pack SRL,Montecatini 3158,01514KA,Meier,3120,15.6,3120,0,21118.5,25553.38,0,5,5,0,0,0,0,0,0,13532.71,002200008880,S,Factura de Venta
20171130,07005677,Iron Pack SRL,Montecatini 3158,01524HC,Meier,1500,15,1500,0,19629.38,23751.54,0,5,5,0,0,0,0,0,0,16935,002200008880,S,Factura de Venta
20171130,07005677,Iron Pack SRL,Montecatini 3158,01772AB,Meier,1,0.18944,0,1,1273.82,1541.32,0,5,5,40,0,0,0,0,0,330.77,002200008880,S,Factura de Venta
20171130,07005677,Iron Pack SRL,Montecatini 3158,01514DC,Meier,600,3,600,600,5382.52,6512.84,0,5,5,0,0,0,0,0,0,3216,002200008880,S,Factura de Venta
20171130,10005925,Neomat De La Patagonia S.A,Av. Hipolito Yrigoyen 4581,04VARIOS,Norberto Oppezzo,-1,0,0,-1,-5714.22,-6914.21,0,0,0,0,0,0,0,0,0,0,001400008202,N,Crédito de Venta
20171130,18005730,Todo Hierro S.A.,,04FLETE,Isolant SA,1,0,0,1,13800,16698,0,0,0,0,0,0,0,0,0,0,001400000150,,Débito de Venta
20171130,18005730,Todo Hierro S.A.,,04FLETE,Isolant SA,1,0,0,1,13800,16698,0,0,0,0,0,0,0,0,0,0,001400000150,,Débito de Venta
20171130,04004334,Fapex SA,Rio Potrero 175 (Esq. Rio de Rey) Barrio CinaCina,01557ARF,Isolant SI,-187,-37.4,-3740,-187,-53839.17,-65145.4,0,0,0,0,0,0,0,0,0,45067,001400008192,N,Crédito de Venta
20171130,04004334,Fapex SA,Rio Potrero 175 (Esq. Rio de Rey) Barrio CinaCina,01558A,Isolant SI,-24,-4.8,-480,-24,-10862.4,-13143.5,0,0,0,0,0,0,0,0,0,6219.84,001400008192,N,Crédito de Venta
20171130,04005689,Polifoam SRL,Alte. Brown 3985,01666DAP,Isolant SI,105,5.25,105,0,20004.6,24205.57,0,0,0,45,0,0,0,0,0,7039.2,001400000825,N,Factura de Venta
20171130,04004334,Fapex SA,Rio Potrero 175 (Esq. Rio de Rey) Barrio CinaCina,01514AF,Isolant SI,-64.66,-0.3233,-64.66,0,-348.52,-421.71,0,0,0,0,0,0,0,0,0,289.03,001400008193,N,Crédito de Venta
20171130,24005795,Foam Plus SRL,Domingo Victor Cochet 496,04VARIOS-NORMAL,Diego Fani,-1,0,0,-1,-3364.92,-4071.56,0,0,0,0,0,0,0,0,0,0,001400008198,S,Crédito de Venta
20171130,16004241,Nanfro Daniel Rolando,San Martin Sur 2241,04FLETE,Leandro Diaz,-1,0,0,-1,-5356.8,-6481.73,0,0,0,0,0,0,0,0,0,0,001400008201,N,Crédito de Venta
20171130,04005689,Polifoam SRL,Alte. Brown 3985,01658AP,Isolant SI,100,3,100,0,10855.9,13135.64,0,0,0,45,0,0,0,0,0,4266,002200008889,N,Factura de Venta
20171130,04005689,Polifoam SRL,Alte. Brown 3985,01650DC,Isolant SI,250,2.5,250,0,10038.88,12147.04,0,0,0,45,0,0,0,0,0,3957.5,001400000820,N,Factura de Venta
20171130,24004200,Mariutti Hnos SH,Francia 2399,01903A,Meier,-1,-0.07599,0,-1,-1466.9,-1774.95,0,0,0,21,0,0,0,0,0,655.86,001400008189,N,Crédito de Venta
20171130,27004308,Cocaña Pedro Horacio,,01750A,Isolant SA,3,0,0,3,1642.76,1987.74,0,3,0,32.5,0,0,0,0,0,574.05,001400000823,N,Factura de Venta
20171130,30004285,A P Argentina SA,,01511BE,Fernando Palmas,600,1.8,600,0,6180,7477.8,0,0,0,0,0,0,0,0,0,934.99,001400000824,N,Factura de Venta
20171130,30004285,A P Argentina SA,Camusso 366,01511BE,Fernando Palmas,-600,-1.8,-600,0,-7884,-9539.64,0,0,0,0,0,0,0,0,0,934.99,001400008191,N,Crédito de Venta
20171130,04004551,Jose Caserta e Hijos SA,Av. Julio A. Roca 211,01555M,Hector Collia,3,0.45,60,3,3654.47,4421.91,0,0,0,21,0,0,0,0,0,1687.38,002200008887,N,Factura de Venta
20171130,04004551,Jose Caserta e Hijos SA,Av. Julio A. Roca 211,01555A,Hector Collia,10,1,200,10,5097.24,6167.66,0,0,0,21,0,0,0,0,0,1704.6,002200008887,N,Factura de Venta
20171130,99004268,Expo Chapa SRL,12 de Octubre 1428,01558ET,Diego Fani,25,5,500,25,12023.4,14548.31,0,0,4,21,12,0,0,0,0,6327.75,002200008891,N,Factura de Venta
20171130,99004268,Expo Chapa SRL,12 de Octubre 1428,01558BC,Diego Fani,25,5,500,25,29299.65,35452.57,0,0,4,21,0,0,0,0,0,13965,002200008891,N,Factura de Venta
20171130,30004147,Estructuras Metalicas Diceva SRL,Ruta 5 Km 160.8 Parque Ind Chivilcoy,01558ECM,Hector Collia,220,2.2,220,11,7188.36,8697.92,0,0,0,21,0,0,0,0,0,93823.4,002200008894,S,Factura de Venta
20171130,04005689,Polifoam SRL,Alte. Brown 3985,01654AP,Isolant SI,100,2,100,0,7436.55,8998.23,0,0,0,45,0,0,0,0,0,2806,002200008889,N,Factura de Venta
20171130,24005052,Cinter SRL,Parque Industrial Sauce Viejo,04VARIOS,Diego Fani,-1,0,0,-1,-17704,-21421.84,0,0,0,0,0,0,0,0,0,0,001400008199,N,Crédito de Venta
20171130,24003194,Coco Mario,Lamadrid 280 (esq. Ayacucho),01557AR,Diego Fani,-1,-0.2,-20,-1,-311.1,-376.43,0,0,10,30,12,0,0,0,0,241,001400008200,N,Crédito de Venta
20171130,24000055,Impack SA,Galvez 1544,04VARIOS,Victor Casañas,-1,0,0,-1,-602.91,-729.52,0,0,0,0,0,0,0,0,0,0,001400008203,N,Crédito de Venta
20171130,11002933,La Agricola Regional Cooperativa Limitada,Moreno 1404,06X002AF,Natali Plasticos (Vta Directa),1,0,0,1,0.1,0.12,0,0,1,0,0,0,0,0,0,0,002200008885,N,Factura de Venta
20171130,11002933,La Agricola Regional Cooperativa Limitada,Moreno 1404,06X001DA,Natali Plasticos (Vta Directa),1,0,0,1,0.1,0.12,0,0,1,0,0,0,0,0,0,0,002200008885,N,Factura de Venta
20171130,11002933,La Agricola Regional Cooperativa Limitada,Moreno 1404,06X001AF,Natali Plasticos (Vta Directa),1,0,0,1,0.1,0.12,0,0,1,0,0,0,0,0,0,0,002200008885,N,Factura de Venta
20171130,24004200,Mariutti Hnos SH,Francia 2399,01904A,Meier,1,0.06283,0,1,940.47,1137.97,0,0,0,21,0,0,0,0,0,589.83,001400000821,N,Factura de Venta
20171130,04004334,Fapex SA,Rio Potrero 175 (Esq. Rio de Rey) Barrio CinaCina,01557ARF,Isolant SI,187,37.4,3740,187,51094.01,61823.75,0,0,0,0,0,0,0,0,0,45067,001400000822,N,Factura de Venta
20171130,04004334,Fapex SA,Rio Potrero 175 (Esq. Rio de Rey) Barrio CinaCina,01558A,Isolant SI,24,4.8,480,24,10558.56,12775.86,0,0,0,0,0,0,0,0,0,6219.84,001400000822,N,Factura de Venta
20171130,27003324,Supermat S A,El Amigo - Sebastian Cuenca esq Lopez y Planes,01750A,Pedro Cocaña,-3,0,0,-3,-1825.29,-2208.6,0,3,0,25,0,0,0,0,0,574.05,001400008190,N,Crédito de Venta
20171130,04005689,Polifoam SRL,Alte. Brown 3985,01666DAP,Isolant SI,-105,-5.25,-105,0,-20904.92,-25294.96,0,0,0,45,0,0,0,0,0,7039.2,001400008194,N,Crédito de Venta
20171130,04004334,Fapex SA,Rio Potrero 175 (Esq. Rio de Rey) Barrio CinaCina,01555ARF,Isolant SI,-1,-0.1,-20,-1,-156.94,-189.9,0,0,0,0,0,0,0,0,0,138.03,001400008197,N,Crédito de Venta
20171130,04004334,Fapex SA,Rio Potrero 175 (Esq. Rio de Rey) Barrio CinaCina,01555ARF,Isolant SI,181,18.1,3620,181,28406.14,34371.43,0,0,0,0,0,0,0,0,0,24983.43,002200008873,N,Factura de Venta
20171130,04004334,Fapex SA,Rio Potrero 175 (Esq. Rio de Rey) Barrio CinaCina,01557ARF,Isolant SI,206,41.2,4120,206,56285.38,68105.31,0,0,0,0,0,0,0,0,0,49646,002200008873,N,Factura de Venta
20171130,03003751,Indupoles Argentina SA,Parque Ind. Campana - Km70 de Panamericana - Lote 12,01500AIN,Isolant SI,7000,3.5,7000,7000,11480,13890.8,0,0,0,0,0,0,0,0,0,8750,002200008886,N,Factura de Venta
20171130,03003751,Indupoles Argentina SA,Parque Ind. Campana - Km70 de Panamericana - Lote 12,01500AIN,Isolant SI,49000,24.5,49000,49000,80360,97235.6,0,0,0,0,0,0,0,0,0,61250,002200008886,N,Factura de Venta
20171130,03003751,Indupoles Argentina SA,Parque Ind. Campana - Km70 de Panamericana - Lote 12,01506BIN,Isolant SI,2160,3.24,2160,2160,6696,8102.16,0,0,0,0,0,0,0,0,0,4255.2,002200008886,N,Factura de Venta
20171130,03003751,Indupoles Argentina SA,Parque Ind. Campana - Km70 de Panamericana - Lote 12,01666ACP,Isolant SI,110,5.5,110,0,9704.2,11742.08,0,0,0,0,0,0,0,0,0,6328.3,002200008886,N,Factura de Venta
20171130,11002933,La Agricola Regional Cooperativa Limitada,Moreno 1404,06C001PI,Natali Plasticos (Vta Directa),1,0,0,1,0.1,0.12,0,0,1,0,0,0,0,0,0,0,002200008883,N,Factura de Venta
20171130,11002933,La Agricola Regional Cooperativa Limitada,Moreno 1404,06C001CS,Natali Plasticos (Vta Directa),1,0,0,1,0.1,0.12,0,0,1,0,0,0,0,0,0,0,002200008883,N,Factura de Venta
20171130,11002933,La Agricola Regional Cooperativa Limitada,Moreno 1404,01558EC,Natali Plasticos (Vta Directa),45,9,900,45,25615.94,30995.28,0,0,1,21,12,0,0,0,0,19191.15,002200008883,N,Factura de Venta
20171130,11002933,La Agricola Regional Cooperativa Limitada,Moreno 1404,01603AC,Natali Plasticos (Vta Directa),20,1,500,20,4652.24,5629.21,0,0,1,21,0,0,0,0,0,2543.8,002200008883,N,Factura de Venta
20171130,11004566,Organizacion La Loma S.A.,Parana y Rivadavia,01558BC,Disapla,15,3,300,15,17523.66,21203.63,0,0,0,21,0,0,0,0,0,8379,002200008884,N,Factura de Venta
20171130,03000357,Laboratorios Valmax SA,Sub Perdomo 1619,01507VM,Isolant SI,2520,3.78,2520,0,13986,16923.06,0,0,0,0,0,0,0,0,0,7786.8,002200008888,N,Factura de Venta
20171130,01002825,Iel SRL,Palestina 631 (Ex Rawson),01904A,Levy,15,0.94245,0,15,10124.95,12251.19,0,0,10,30,10,0,0,0,0,8847.45,002200008882,N,Factura de Venta
20171130,01002825,Iel SRL,Palestina 631 (Ex Rawson),01905A,Levy,5,0.3559,0,5,3172.51,3838.73,0,0,10,30,10,0,0,0,0,2025.95,002200008882,N,Factura de Venta
20171130,07003238,Cooperativa de Provision de Servicios para Comerciantes,Casa Central - Ruta 9 Sur Km 689,01558EC,Meier,10,2,200,10,4714.38,5704.39,0,0,5,0,0,0,0,0,0,4264.7,002200008876,N,Factura de Venta
20171130,07003238,Cooperativa de Provision de Servicios para Comerciantes,Casa Central - Ruta 9 Sur Km 689,01558ET,Meier,10,2,200,10,3673.55,4445,0,0,5,0,0,0,0,0,0,2531.1,002200008876,N,Factura de Venta
20171130,07003238,Cooperativa de Provision de Servicios para Comerciantes,Casa Central - Ruta 9 Sur Km 689,01558EC,Meier,10,2,200,10,4714.41,5704.44,0,0,5,25,20,0,0,0,0,4264.7,002200008876,N,Factura de Venta
20171130,07003238,Cooperativa de Provision de Servicios para Comerciantes,Casa Central - Ruta 9 Sur Km 689,01558ET,Meier,10,2,200,10,3673.54,4444.98,0,0,5,25,20,0,0,0,0,2531.1,002200008876,N,Factura de Venta
20171130,07005677,Iron Pack SRL,Montecatini 3158,01514KA,Meier,2080,10.4,2080,0,14079,17035.6,0,5,5,0,0,0,0,0,0,9021.8,002200008880,S,Factura de Venta
20171130,01004664,Construccion de Estructuras SRL,Sebastian Elcano 3461,01558BC,Ventas Buenos Aires,14,2.8,280,14,10682,12925.22,0,0,0,0,0,0,0,0,0,7820.4,002200008874,N,Factura de Venta
20171130,24002266,Gironacci Flavio Damian,Mitre 759,01555M,Diego Fani,15,2.25,300,15,18272.34,22109.54,0,0,0,21,0,0,0,0,0,8436.9,002200008893,N,Factura de Venta
20171130,01002825,Iel SRL,Palestina 631 (Ex Rawson),01900A,Levy,10,0.754,0,10,21973.4,26587.82,0,0,10,30,10,0,0,0,0,11969.6,002200008882,N,Factura de Venta
20171130,01002825,Iel SRL,Palestina 631 (Ex Rawson),01901A,Levy,7,0.54978,0,7,11266.17,13632.06,0,0,10,30,10,0,0,0,0,6321.07,002200008882,N,Factura de Venta
20171130,01002825,Iel SRL,Palestina 631 (Ex Rawson),01903A,Levy,10,0.7599,0,10,10528.28,12739.22,0,0,10,30,10,0,0,0,0,6558.6,002200008882,N,Factura de Venta
20171130,31005972,Lamisafe SRL,Junin 1451/1477,01555ARC,Fernando Palmas,4000,20,4000,200,39520,47819.2,0,0,0,0,0,0,0,0,0,4119.59,002200008881,S,Factura de Venta
20171130,24002266,Gironacci Flavio Damian,Mitre 759,01555MA,Diego Fani,1,0.15,20,1,0.1,0.12,0,0,0,0,0,0,0,0,0,517.87,002200008893,N,Factura de Venta
20171130,11002933,La Agricola Regional Cooperativa Limitada,Moreno 1404,01557C,Natali Plasticos (Vta Directa),5,1,100,5,0.5,0.6,0,0,1,0,0,0,0,0,0,148.26,002200008885,N,Factura de Venta
20171130,31005972,Lamisafe SRL,Junin 1451/1477,01557ARC,Fernando Palmas,3000,30,3000,150,45480,55030.8,0,0,0,0,0,0,0,0,0,3763.85,002200008881,S,Factura de Venta
20171130,31005972,Lamisafe SRL,Junin 1451/1477,01558ETC,Fernando Palmas,1000,10,1000,50,18600,22506,0,0,0,0,0,0,0,0,0,1698.93,002200008881,S,Factura de Venta
20171130,03000023,Industrias Saladillo SA,IS.SA. Planta Pilar,01777BB,Isolant SI,54,3.582931968,0,54,25138.08,30417.08,0,0,0,0,0,0,0,0,0,14941.26,002200008878,N,Factura de Venta
20171130,03000023,Industrias Saladillo SA,IS.SA. Planta Pilar,01776BB,Isolant SI,64,4.70486016,0,64,34244.48,41435.82,0,0,0,0,0,0,0,0,0,20435.84,002200008879,N,Factura de Venta
20171130,03000023,Industrias Saladillo SA,IS.SA. Planta Pilar,01777BB,Isolant SI,34,2.255920128,0,34,15827.68,19151.49,0,0,0,0,0,0,0,0,0,9407.46,002200008879,N,Factura de Venta
20171130,24003124,Aserradero Soldini SA,,01IN,Diego Fani,-1,0,0,-1,-1163.7,-1408.08,0,0,0,0,0,0,0,0,0,,001300000466,,Crédito de Venta
20171130,07005677,Iron Pack SRL,Montecatini 3158,01654D,Meier,200,4,200,0,6745.28,8161.8,0,5,5,0,0,0,0,0,0,5392,002200008880,S,Factura de Venta
20171130,02003841,Ricardo Ospital SA,,04C00898,Ventas Buenos Aires,1,0,0,1,3.79,3.79,0,0,0,0,0,0,0,0,0,,000000011366,,Débito (Ajustes)
20171130,20001733,Binda Victorio Ricardo,Belgrano 242,04ANTICIPOS,Pedro Cocaña,1,0,0,1,87111.07,105404.39,0,0,0,0,0,0,0,0,0,,001400000827,N,Factura de Venta
20171130,04005689,Polifoam SRL,Alte. Brown 3985,01510AB,Isolant SI,-250,-0.75,-250,-250,-94480,-114320.8,0,0,0,0,0,0,0,0,0,975,001400008204,N,Crédito de Venta
20171130,10003956,Chaparro Enrique Eduardo,,04C00898,Norberto Oppezzo,1,0,0,1,29.19,29.19,0,0,0,0,0,0,0,0,0,,000000011364,,Débito (Ajustes)
20171130,24005843,Grupo Cis SRL,,01IN,Diego Fani,-1,0,0,-1,-1691.5,-2046.71,0,0,0,0,0,0,0,0,0,,001300000467,N,Crédito de Venta
20171130,02003841,Ricardo Ospital SA,,01IN,Ventas Buenos Aires,-1,0,0,-1,-411.1,-497.44,0,0,0,0,0,0,0,0,0,,001300000469,,Crédito de Venta
20171130,03005896,Cela Ricardo,Jose Hernández 6136,01654DC,Fernando Palmas,300,6,300,0,11979,14494.59,0,0,0,0,0,0,0,0,0,8088,002200008890,N,Factura de Venta
20171130,01004760,Alfa y Omega Interiores S.R.L.,,04C00898,Mariano Martinez,1,0,0,1,0.83,0.83,0,0,0,0,0,0,0,0,0,,000000011367,,Débito (Ajustes)
20171130,31003219,Montero Miguel Angel,,04C00898,Ventas Buenos Aires,1,0,0,1,0.48,0.48,0,0,0,0,0,0,0,0,0,,000000011369,,Débito (Ajustes)
20171130,31003228,Giliberto Hnos. SA,,04C00898,Ventas Buenos Aires,1,0,0,1,0.48,0.48,0,0,0,0,0,0,0,0,0,,000000011368,,Débito (Ajustes)
20171130,01004664,Construccion de Estructuras SRL,,04ANTICIPOS,Ventas Buenos Aires,-1,0,0,-1,-10682,-12925.22,0,0,0,0,0,0,0,0,0,,001400008195,N,Crédito de Venta
20171130,04004334,Fapex SA,Rio Potrero 175 (Esq. Rio de Rey) Barrio CinaCina,04IIBB,Isolant SI,-1,0,0,-1,-69.61,-84.23,0,0,0,0,0,0,0,0,0,,001400008196,N,Crédito de Venta
20171130,04005689,Polifoam SRL,Alte. Brown 3985,01510AB,Isolant SI,500,1.5,500,500,3775,4567.75,0,0,0,0,0,0,0,0,0,1950,001400000826,N,Factura de Venta
20171130,04005689,Polifoam SRL,Alte. Brown 3985,01510AB,Isolant SI,-250,-0.75,-250,-250,-94480,-114320.8,0,0,0,0,0,0,0,0,0,975,001400008205,N,Crédito de Venta
20171130,27005760,Amado Cesar Adad e Hijos SRL,Junin 284,01662DQ,Pedro Cocaña,100,4,100,0,16215.6,19620.88,0,0,0,40,0,0,0,0,0,5170,002200008892,N,Factura de Venta
20171130,30003195,Mayor SA,,01IN,Mariano Martinez,-1,0,0,-1,-382.3,-462.59,0,0,0,0,0,0,0,0,0,,001300000470,,Crédito de Venta
20171130,31000402,Codimat SA,,04C00677,Norberto Oppezzo,-1,0,0,-1,-0.54,-0.54,0,0,0,0,0,0,0,0,0,,000000011363,,Crédito (Ajustes)
20171130,10003906,Vsi SRL,,04C00898,Norberto Oppezzo,-1,0,0,-1,-26.52,-26.52,0,0,0,0,0,0,0,0,0,,000000011365,,Crédito (Ajustes)
20171130,02003841,Ricardo Ospital SA,,01IN,Ventas Buenos Aires,-1,0,0,-1,-948.77,-1148.01,0,0,0,0,0,0,0,0,0,,001300000468,N,Crédito de Venta
20171130,29000683,Multicontrol SA,Austria Norte 1456,01650DY,Levy,1500,15,1500,0,71744.4,86810.72,0,0,0,37,0,0,0,0,0,23655,002200008875,N,Factura de Venta
20171130,03003751,Indupoles Argentina SA,Parque Ind. Campana - Km70 de Panamericana - Lote 12,01511BD,Isolant SI,300,0.9,300,0,2850,3448.5,0,0,0,0,0,0,0,0,0,591.27,002200008886,N,Factura de Venta

