﻿FechaTxt,Codigo_Cliente,Cliente,EntDir,Codigo_Articulo,Vendedor,cantidad,Mts3,Mts2,Rollos,Importe_Bruto,Importe_Neto,Dto_Contado,Dto_Flete,Dto_Especial,Bonificacion,Desc_Adicional,cantidad_elaborada,m2_ocupados,costo_unitario,costo_total_stock,Costo_de_venta
20170124,29003074,De Vincenzi Elio De Vincenzi,,04C00898,Esteban Bergamaschi,1,0,0,1,2.07,2.07,0,0,0,0,0,0,0,0,0,0
20170124,07000012,Natali Plasticos SRL,Alvear 1475,01555A,Isolant SA,50,5,1000,50,16940.84,20498.42,0,3,0,32.5,12,0,0,0,0,0
20170124,07000012,Natali Plasticos SRL,Alvear 1475,01555C,Isolant SA,6,0.6,120,6,0.58,0.7,0,3,0,0,0,0,0,0,0,0
20170124,07000012,Natali Plasticos SRL,Alvear 1475,01557A,Isolant SA,50,10,1000,50,25870.19,31302.93,0,3,0,32.5,12,0,0,0,0,0
20170124,07000012,Natali Plasticos SRL,Alvear 1475,01557C,Isolant SA,6,1.2,120,6,0.58,0.7,0,3,0,0,0,0,0,0,0,0
20170124,31003944,Athenea Construcciones SRL,Av Hipolito Irigoyen 13480,01555M,Ventas Buenos Aires,30,4.5,600,30,32335.57,39126.04,0,0,0,21,0,0,0,0,0,0
20170124,31003944,Athenea Construcciones SRL,Av Hipolito Irigoyen 13480,01603B,Ventas Buenos Aires,10,0.5,250,10,2237.75,2707.68,0,0,0,21,0,0,0,0,0,0
20170124,31003944,Athenea Construcciones SRL,Av Hipolito Irigoyen 13480,01555MA,Ventas Buenos Aires,3,0.45,60,3,0.3,0.36,0,0,0,0,0,0,0,0,0,0
20170124,02003852,Aglolam SA,Av Hipolito Yrigoyen 13107,01508DB,Ventas Buenos Aires,500,1,500,0,4032.95,4879.87,0,0,0,21,0,0,0,0,0,0
20170124,02003852,Aglolam SA,Av Hipolito Yrigoyen 13107,01551I,Ventas Buenos Aires,20,2,400,20,4057.44,4909.5,0,0,0,21,0,0,0,0,0,0
20170124,02003852,Aglolam SA,Av Hipolito Yrigoyen 13107,01557A,Ventas Buenos Aires,36,7.2,720,36,25538.84,30901.99,0,0,0,21,0,0,0,0,0,0
20170124,02003852,Aglolam SA,Av Hipolito Yrigoyen 13107,01557C,Ventas Buenos Aires,9,1.8,180,9,0.9,1.09,0,0,0,0,0,0,0,0,0,0
20170124,18000136,Corralon Patagonico De Los Andes SA,Gral. Roca Esq. Ramayon,01765C,Latyn-Valle y Cordillera,3,0.17643,0,3,2745.38,3321.92,0,0,0,21,0,0,0,0,0,0
20170124,18000136,Corralon Patagonico De Los Andes SA,Gral. Roca Esq. Ramayon,01767C,Latyn-Valle y Cordillera,6,0.31896,0,6,4673.31,5654.7,0,0,0,21,0,0,0,0,0,0
20170124,18000136,Corralon Patagonico De Los Andes SA,Gral. Roca Esq. Ramayon,01764A,Latyn-Valle y Cordillera,4,0.2073456,0,4,1762.62,2132.77,0,0,0,21,0,0,0,0,0,0
20170124,01003118,Caputo Marcelo Claudio,Acevedo 65,01551I,Luis Ramirez,30,3,600,30,6086.16,7364.25,0,0,0,21,0,0,0,0,0,0
20170124,01003118,Caputo Marcelo Claudio,Acevedo 65,01658ACP,Luis Ramirez,50,1.5,50,0,5981.7,7237.86,0,0,0,40,0,0,0,0,0,0
20170124,29002098,Cisilotto Hnos SACIFEI,Colectora Gaona y Ruta 5,01557A,Hector Collia,100,20,2000,100,59267.34,71713.48,0,0,0,25,12,0,0,0,0,0
20170124,29002098,Cisilotto Hnos SACIFEI,Colectora Gaona y Ruta 5,01557C,Hector Collia,8,1.6,160,8,0.8,0.97,0,0,0,0,0,0,0,0,0,0
20170124,07000012,Natali Plasticos SRL,Alvear 1475,01555AR,Isolant SA,25,2.5,500,25,4540.81,5494.38,0,3,0,0,0,0,0,0,0,0
20170124,07000012,Natali Plasticos SRL,Alvear 1475,01557AR,Isolant SA,25,5,500,25,6984.24,8450.93,0,3,0,0,0,0,0,0,0,0
20170124,07000012,Natali Plasticos SRL,Alvear 1475,01568B,Isolant SA,585,5.85,585,29.25,26697.1,32303.5,0,3,0,32.5,0,0,0,0,0,0
20170124,08002205,Davisa SA,,04C00898,Victor Casañas,1,0,0,1,111.43,111.43,0,0,0,0,0,0,0,0,0,0
20170124,07000012,Natali Plasticos SRL,Alvear 1475,01750A,Isolant SA,6,0,0,6,3285.52,3975.48,0,3,0,32.5,0,0,0,0,0,0
20170124,07000012,Natali Plasticos SRL,Alvear 1475,01558BC,Isolant SA,15,3,300,15,13689.84,16564.71,0,3,0,32.5,0,0,0,0,0,0
20170124,07000012,Natali Plasticos SRL,Alvear 1475,01555EC,Isolant SA,45,4.5,900,45,9576.37,11587.41,0,3,0,0,0,0,0,0,0,0
20170124,07000012,Natali Plasticos SRL,Alvear 1475,01558ES,Isolant SA,50,10,1000,50,15588.87,18862.53,0,3,0,0,0,0,0,0,0,0
20170124,07000012,Natali Plasticos SRL,Alvear 1475,01555AK,Isolant SA,10,0.45,150,10,1362.17,1648.23,0,3,0,0,0,0,0,0,0,0
20170124,07000012,Natali Plasticos SRL,Alvear 1475,01552A,Isolant SA,10,2,200,10,5018.3,6072.14,0,3,0,32.5,12,0,0,0,0,0
20170124,03000023,Industrias Saladillo SA,IS.SA. Planta Pilar,01776B,Isolant SI,280,7.916832,0,280,33182.8,40151.19,0,0,0,0,0,0,0,0,0,0
20170124,29002098,Cisilotto Hnos SACIFEI,Colectora Gaona y Ruta 5,01557A,Hector Collia,40,8,800,40,23706.94,28685.39,0,0,0,25,12,0,0,0,0,0
20170124,29002098,Cisilotto Hnos SACIFEI,Colectora Gaona y Ruta 5,01557C,Hector Collia,4,0.8,80,4,0.4,0.48,0,0,0,0,0,0,0,0,0,0
20170124,29002098,Cisilotto Hnos SACIFEI,Colectora Gaona y Ruta 5,01555A,Hector Collia,50,5,1000,50,19405.32,23480.44,0,0,0,25,12,0,0,0,0,0
20170124,29002098,Cisilotto Hnos SACIFEI,Colectora Gaona y Ruta 5,01555C,Hector Collia,12,1.2,240,12,1.2,1.45,0,0,0,0,0,0,0,0,0,0
20170124,29002098,Cisilotto Hnos SACIFEI,Colectora Gaona y Ruta 5,01558BC,Hector Collia,30,6,600,30,31362.75,37948.93,0,0,0,25,0,0,0,0,0,0
20170124,02005702,Caps Ram,J. Díaz Solís 3535,01510D,Levy,4000,12,4000,4000,43440,52562.4,0,0,0,25,0,0,0,0,0,0
20170124,31002153,Pagnacco Hnos SC,Murature 57 ( Av. Del Valle e Irigoyen),01555A,Ventas Buenos Aires,12,1.2,240,12,5574.62,6745.29,0,0,0,21,0,0,0,0,0,0
20170124,31002153,Pagnacco Hnos SC,Murature 57 ( Av. Del Valle e Irigoyen),01555C,Ventas Buenos Aires,3,0.3,60,3,0.3,0.36,0,0,0,0,0,0,0,0,0,0
20170124,30004147,Estructuras Metalicas Diceva SRL,Ruta 5 Km 160.8 Parque Ind Chivilcoy,01558ECM,Hector Collia,924,9.24,924,46.2,14657.6,17735.7,0,0,0,21,0,0,0,0,0,0
20170124,03000826,Sagradini SRL,,04C00898,Esteban Bergamaschi,1,0,0,1,0.27,0.27,0,0,0,0,0,0,0,0,0,0
20170124,31004474,Polyfrio S.A.,Av. Polonia 1038,01507E,Fernando Palmas,4000,6,4000,0,33000,39930,0,0,0,0,0,0,0,0,0,0
20170124,07005114,Ramos Daniel Omar,Av. de Mayo 972 - Barrio Centro,01763A,Meier,40,1.88496,0,40,14215.6,17200.88,0,0,0,30,0,0,0,0,0,0
20170124,07005114,Ramos Daniel Omar,Av. de Mayo 972 - Barrio Centro,01765A,Meier,20,0.93,0,20,7068.32,8552.67,0,0,0,30,0,0,0,0,0,0
20170124,30001635,Edgardo R Ponthot e Hijos CIA,Av. Juan Domingo Peron 936,01555EC,Ventas Buenos Aires,50,5,1000,50,14425.4,17454.73,0,0,0,21,12,0,0,0,0,0
20170124,30001635,Edgardo R Ponthot e Hijos CIA,Av. Juan Domingo Peron 936,01558ES,Ventas Buenos Aires,20,4,400,20,8453.63,10228.89,0,0,0,21,12,0,0,0,0,0
20170124,19002241,Carlos Isla y Cia. SA,Tucuman 225,01557A,Latyn-Valle y Cordillera,123,24.6,2460,123,63972.3,77406.48,0,0,0,0,0,0,0,0,0,0
20170124,19002241,Carlos Isla y Cia. SA,Tucuman 225,01558BC,Latyn-Valle y Cordillera,30,6,600,30,24683.4,29866.91,0,0,0,0,0,0,0,0,0,0
20170124,19002241,Carlos Isla y Cia. SA,Tucuman 225,01554BC,Latyn-Valle y Cordillera,10,1,200,10,6462.7,7819.87,0,0,0,0,0,0,0,0,0,0
20170124,24005653,LKL Servicios SRL,Rodriguez Peña 2556 (Calle 111) Esq. Pte. Peron,01672A,Fernando Palmas,220.32,14.3208,220.32,0,59979.92,72575.7,0,0,0,0,0,0,0,0,0,0
20170124,05003222,Manzione Leonardo Andres,Av. Camargo 2222,01508D,Fernando Palmas,6000,12,6000,6000,23280,28168.8,0,0,0,0,0,0,0,0,0,0
20170124,24002752,Rusma SRL,Crespo y Bv Segui,01559AA,Diego Fani,500,5,500,25,15607.24,18884.76,0,0,0,21,12,0,0,0,0,0
20170124,24002752,Rusma SRL,Crespo y Bv Segui,01557C,Diego Fani,3,0.6,60,3,0.3,0.36,0,0,0,0,0,0,0,0,0,0
20170124,24002752,Rusma SRL,Crespo y Bv Segui,01555MC,Diego Fani,200,1.5,200,10,9490.88,11483.96,0,0,0,21,12,0,0,0,0,0
20170124,24002752,Rusma SRL,Crespo y Bv Segui,01555MA,Diego Fani,1,0.15,20,1,0.1,0.12,0,0,0,0,0,0,0,0,0,0
20170124,24002713,Casa Bureu SA,Av. Pte. Juan D. Peron 3447,01854A,Diego Fani,1,0.25,25,1,1160.83,1404.6,0,0,0,21,0,0,0,0,0,0
20170124,24002684,Centro De Chapas Rosario SA,Bv. Oroño 4190,01557AR,Diego Fani,100,20,2000,100,35956.8,43507.73,0,0,0,25,12,0,0,0,0,0
20170124,24002752,Rusma SRL,Crespo y Bv Segui,01559AA,Diego Fani,500,5,500,25,15490.5,18743.5,0,0,0,25,8,0,0,0,0,0
20170124,24002752,Rusma SRL,Crespo y Bv Segui,01557C,Diego Fani,3,0.6,60,3,0.3,0.36,0,0,0,0,0,0,0,0,0,0
20170124,24002752,Rusma SRL,Crespo y Bv Segui,01555MC,Diego Fani,400,3,400,20,18839.76,22796.1,0,0,0,25,8,0,0,0,0,0
20170124,24002752,Rusma SRL,Crespo y Bv Segui,01555MA,Diego Fani,2,0.3,40,2,0.2,0.24,0,0,0,0,0,0,0,0,0,0
20170124,24002752,Rusma SRL,Crespo y Bv Segui,01603BD,Diego Fani,250,0.5,250,10,1952.7,2362.76,0,0,0,25,8,0,0,0,0,0
20170124,24002752,Rusma SRL,Eva Peron (Ex Cordoba) nº 8730,01559AA,Diego Fani,1000,10,1000,50,30981,37487.02,0,0,0,25,8,0,0,0,0,0
20170124,24002752,Rusma SRL,Eva Peron (Ex Cordoba) nº 8730,01557C,Diego Fani,6,1.2,120,6,0.6,0.72,0,0,0,0,0,0,0,0,0,0
20170124,24002752,Rusma SRL,Eva Peron (Ex Cordoba) nº 8730,01555MA,Diego Fani,3,0.45,60,3,0.3,0.36,0,0,0,0,0,0,0,0,0,0
20170124,24002752,Rusma SRL,Eva Peron (Ex Cordoba) nº 8730,01555MC,Diego Fani,600,4.5,600,30,28259.64,34194.16,0,0,0,25,8,0,0,0,0,0

