﻿FechaTxt,Codigo_Cliente,Cliente,EntDir,Codigo_Articulo,Vendedor,cantidad,Mts3,Mts2,Rollos,Importe_Bruto,Importe_Neto,Dto_Contado,Dto_Flete,Dto_Especial,Bonificacion,Desc_Adicional,cantidad_elaborada,m2_ocupados,costo_unitario,costo_total_stock,Costo_de_venta,comp,C_Construccion,nomdoc
20170825,01000165,Macroplast SA,,04C01237,Isolant SA,1,0,0,1,34071.71,43271.07,0,0,0,0,0,0,0,0,0,0,001300001610,,Débito de Venta
20170825,01000165,Macroplast SA,,04C01237,Isolant SA,1,0,0,1,19337.42,24558.52,0,0,0,0,0,0,0,0,0,0,001300001610,,Débito de Venta
20170825,01000165,Macroplast SA,,04C01237,Isolant SA,1,0,0,1,18731.6,23789.13,0,0,0,0,0,0,0,0,0,0,001300001610,,Débito de Venta
20170825,01000165,Macroplast SA,,04C01237,Isolant SA,1,0,0,1,5097.76,5097.76,0,0,0,0,0,0,0,0,0,0,001300001610,,Débito de Venta
20170825,31003226,La Torre Juan,Av. del Valle 148,06C001CO,Ventas Buenos Aires,1,0,0,1,0.1,0.12,0,0,0,0,0,0,0,0,0,0,002200006812,N,Factura de Venta
20170825,31003226,La Torre Juan,Av. del Valle 148,01555M,Ventas Buenos Aires,10,1.5,200,10,11657,14104.97,0,0,0,21,0,0,0,0,0,5418.4,002200006812,N,Factura de Venta
20170825,28002335,TUBACERO S.A.,Coronel Raiz 949,01551I,Fernando Palmas,50,5,1000,50,7480,7480,0,0,0,0,0,0,0,0,0,3888,001500000673,,Factura Exterior
20170825,28002335,TUBACERO S.A.,Coronel Raiz 949,01555AR,Fernando Palmas,20,2,400,20,5236,5236,0,0,0,0,0,0,0,0,0,2585.6,001500000673,,Factura Exterior
20170825,28002335,TUBACERO S.A.,Coronel Raiz 949,01557AR,Fernando Palmas,20,4,400,20,7956,7956,0,0,0,0,0,0,0,0,0,4517,001500000673,,Factura Exterior
20170825,28002335,TUBACERO S.A.,Coronel Raiz 949,01666ACP,Fernando Palmas,40,2,40,0,5059.2,5059.2,0,0,0,0,0,0,0,0,0,2165.6,001500000673,,Factura Exterior
20170825,28000201,CASARINO S.R.L.,"Eusebio Ayala 4165 Km 4,5",01654ON,Fernando Palmas,20,3.36,0,20,8364,8364,0,0,0,0,0,0,0,0,0,5658.4,001500000672,,Factura Exterior
20170825,28002335,TUBACERO S.A.,Coronel Raiz 949,01603A,Fernando Palmas,74,3.7,1850,74,8428.6,8428.6,0,0,0,0,0,0,0,0,0,3857.62,001500000673,,Factura Exterior
20170825,28002335,TUBACERO S.A.,Coronel Raiz 949,01550A,Fernando Palmas,40,1.6,800,40,6541.6,6541.6,0,0,0,0,0,0,0,0,0,2520,001500000673,,Factura Exterior
20170825,28002335,TUBACERO S.A.,Coronel Raiz 949,01555A,Fernando Palmas,200,20,4000,200,74766,74766,0,0,0,0,0,0,0,0,0,31874,001500000673,,Factura Exterior
20170825,28002335,TUBACERO S.A.,Coronel Raiz 949,01557A,Fernando Palmas,100,20,2000,100,61778,61778,0,0,0,0,0,0,0,0,0,25634,001500000673,,Factura Exterior
20170825,28002335,TUBACERO S.A.,Coronel Raiz 949,01558BC,Fernando Palmas,30,6,600,30,33088.8,33088.8,0,0,0,0,0,0,0,0,0,16112.7,001500000673,,Factura Exterior
20170825,28000201,CASARINO S.R.L.,"Eusebio Ayala 4165 Km 4,5",01557AR,Fernando Palmas,30,6,600,30,10914,10914,0,0,0,0,0,0,0,0,0,6775.5,001500000672,,Factura Exterior
20170825,28000201,CASARINO S.R.L.,"Eusebio Ayala 4165 Km 4,5",01558BC,Fernando Palmas,100,20,2000,100,100266,100266,0,0,0,0,0,0,0,0,0,53709,001500000672,,Factura Exterior
20170825,28000201,CASARINO S.R.L.,"Eusebio Ayala 4165 Km 4,5",01569BC,Fernando Palmas,60,18,1200,60,73174.8,73174.8,0,0,0,0,0,0,0,0,0,37840.2,001500000672,,Factura Exterior
20170825,28000201,CASARINO S.R.L.,"Eusebio Ayala 4165 Km 4,5",01568CB,Fernando Palmas,5,1,100,5,6061.35,6061.35,0,0,0,0,0,0,0,0,0,2506.9,001500000672,,Factura Exterior
20170825,28000201,CASARINO S.R.L.,"Eusebio Ayala 4165 Km 4,5",01603B,Fernando Palmas,40,2,1000,40,8180.4,8180.4,0,0,0,0,0,0,0,0,0,3388,001500000672,,Factura Exterior
20170825,28000201,CASARINO S.R.L.,"Eusebio Ayala 4165 Km 4,5",01960DA,Fernando Palmas,5,0,0,5,10540,10540,0,0,0,0,0,0,0,0,0,5533.5,001500000672,,Factura Exterior
20170825,01000165,Macroplast SA,,04C01237,Isolant SA,-1,0,0,-1,-16933.31,-21505.3,0,0,0,0,0,0,0,0,0,0,001300000285,,Crédito de Venta
20170825,01000165,Macroplast SA,,04C01237,Isolant SA,-1,0,0,-1,-840.31,-1067.19,0,0,0,0,0,0,0,0,0,0,001300000285,,Crédito de Venta
20170825,01000165,Macroplast SA,,04C01237,Isolant SA,-1,0,0,-1,-2452.53,-2452.53,0,0,0,0,0,0,0,0,0,0,001300000285,,Crédito de Venta
20170825,03003751,Indupoles Argentina SA,Parque Ind. Campana - Km70 de Panamericana - Lote 12,01515BE,Isolant SI,6450,32.25,6450,0,64500,78045,0,0,0,0,0,0,0,0,0,57340.5,002200006800,N,Factura de Venta
20170825,28000201,CASARINO S.R.L.,"Eusebio Ayala 4165 Km 4,5",01550I,Fernando Palmas,80,3.2,1600,80,8976,8976,0,0,0,0,0,0,0,0,0,3280.8,001500000672,,Factura Exterior
20170825,28000201,CASARINO S.R.L.,"Eusebio Ayala 4165 Km 4,5",01555AR,Fernando Palmas,90,9,1800,90,21114,21114,0,0,0,0,0,0,0,0,0,11635.2,001500000672,,Factura Exterior
20170825,04002052,Disapla SA (Cipo),Estado de Israel 85,01555A,Isolant SA,20,2,400,20,7335.19,8875.58,0,0,0,32.5,12,0,0,0,0,3187.4,002200006790,N,Factura de Venta
20170825,04002052,Disapla SA (Cipo),Estado de Israel 85,01555AK,Isolant SA,200,9,3000,200,35346.56,42769.34,0,0,0,32.5,12,0,0,0,0,20388,002200006790,N,Factura de Venta
20170825,01003814,Alfodiseño SRL,Ruta 202 Av.Marcelo T. De alvear,01700A,Pastore Pablo,10,1.2,0,10,6720.37,8131.65,0,0,0,21,0,0,0,0,0,2653.4,002200006791,N,Factura de Venta
20170825,03003751,Indupoles Argentina SA,Parque Ind. Campana - Km70 de Panamericana - Lote 12,01500CIN,Isolant SI,2250,1.125,2250,2250,3420,4138.2,0,0,0,0,0,0,0,0,0,2340,002200006797,N,Factura de Venta
20170825,03003751,Indupoles Argentina SA,Parque Ind. Campana - Km70 de Panamericana - Lote 12,01506BIN,Isolant SI,1080,1.62,1080,1080,3099.6,3750.52,0,0,0,0,0,0,0,0,0,2008.8,002200006797,N,Factura de Venta
20170825,01000165,Macroplast SA,,04C01237,Isolant SA,-1,0,0,-1,-16933.31,-21505.3,0,0,0,0,0,0,0,0,0,0,001300000285,,Crédito de Venta
20170825,04004334,Fapex SA,Rio Potrero 175 (Esq. Rio de Rey) Barrio CinaCina,01557ARF,Isolant SI,200,40,4000,200,57582,69674.22,0,0,0,0,0,0,0,0,0,45170,002200006796,N,Factura de Venta
20170825,04004334,Fapex SA,Rio Potrero 175 (Esq. Rio de Rey) Barrio CinaCina,01763CF,Isolant SI,10,0.6032,0,10,2894.3,3502.1,0,0,0,0,0,0,0,0,0,2398.4,002200006796,N,Factura de Venta
20170825,04004334,Fapex SA,Rio Potrero 175 (Esq. Rio de Rey) Barrio CinaCina,01765CF,Isolant SI,30,1.7643,0,30,8698.2,10524.82,0,0,0,0,0,0,0,0,0,6346.2,002200006796,N,Factura de Venta
20170825,03003751,Indupoles Argentina SA,Parque Ind. Campana - Km70 de Panamericana - Lote 12,01506CIN,Isolant SI,900,1.35,900,900,2583,3125.43,0,0,0,0,0,0,0,0,0,1584,002200006799,N,Factura de Venta
20170825,04002052,Disapla SA (Cipo),Estado de Israel 85,01766C,Isolant SA,2,0.09952,0,2,1364.7,1651.29,0,0,0,32.5,0,0,0,0,0,315.42,002200006790,N,Factura de Venta
20170825,04002052,Disapla SA (Cipo),Estado de Israel 85,01765C,Isolant SA,5,0.29405,0,5,4222.33,5109.02,0,0,0,32.5,0,0,0,0,0,1057.7,002200006790,N,Factura de Venta
20170825,04002052,Disapla SA (Cipo),Estado de Israel 85,01763C,Isolant SA,1,0.06032,0,1,846.65,1024.44,0,0,0,32.5,0,0,0,0,0,239.84,002200006789,N,Factura de Venta
20170825,04002052,Disapla SA (Cipo),Estado de Israel 85,01603B,Isolant SA,50,2.5,1250,50,10037.92,12145.89,0,0,0,32.5,0,0,0,0,0,4235,002200006789,N,Factura de Venta
20170825,01001217,Diamore SA,Av. Cobo 1516/18,01771C,Luis Ramirez,1,0.0475,0,1,726.11,878.6,0,0,0,21,0,0,0,0,0,139.43,002200006788,N,Factura de Venta
20170825,01001217,Diamore SA,Av. Cobo 1516/18,01765C,Luis Ramirez,1,0.05881,0,1,988.34,1195.89,0,0,0,21,0,0,0,0,0,211.54,002200006788,N,Factura de Venta
20170825,04004334,Fapex SA,Rio Potrero 175 (Esq. Rio de Rey) Barrio CinaCina,01557ARF,Isolant SI,35,7,700,35,10076.85,12192.99,0,0,0,0,0,0,0,0,0,7904.75,002200006795,N,Factura de Venta
20170825,04004334,Fapex SA,Rio Potrero 175 (Esq. Rio de Rey) Barrio CinaCina,01763CF,Isolant SI,30,1.8096,0,30,8682.9,10506.31,0,0,0,0,0,0,0,0,0,7195.2,002200006795,N,Factura de Venta
20170825,04004334,Fapex SA,Rio Potrero 175 (Esq. Rio de Rey) Barrio CinaCina,01514AF,Isolant SI,3164,15.82,3164,0,17053.96,20635.29,0,0,0,0,0,0,0,0,0,13320.44,002200006772,N,Factura de Venta
20170825,01001821,Aserradero Comar S.C.A,Av. Nazca 1640,01603B,Levy,160,8,4000,160,33311.04,40306.36,0,0,0,30,0,0,0,0,0,13552,002200006773,N,Factura de Venta
20170825,03002793,Chindamo Francisco Juan,Pte. Derqui 4993,01850A,Esteban Bergamaschi,15,1.875,375,15,7810.53,9450.74,0,0,0,30,0,0,0,0,0,1833.9,002200006776,N,Factura de Venta
20170825,07003808,La Casa del Tapicero SRL,Yerbal 753,01524GC,Meier,1250,12.5,1250,0,40021.88,48426.47,0,0,0,25,0,0,0,0,0,12425,002200006785,N,Factura de Venta
20170825,04002052,Disapla SA (Cipo),Estado de Israel 85,01766C,Isolant SA,1,0.04976,0,1,682.35,825.64,0,0,0,32.5,0,0,0,0,0,157.71,002200006789,N,Factura de Venta
20170825,04002052,Disapla SA (Cipo),Estado de Israel 85,01765C,Isolant SA,5,0.29405,0,5,4222.33,5109.02,0,0,0,32.5,0,0,0,0,0,1057.7,002200006789,N,Factura de Venta
20170825,01004076,Diecinueve Cuarenta y Ocho S.A.,Alsina 5044 - Esq. Beruti,01852AA,Levy,3,1.5,75,3,5739.91,6945.29,0,0,0,30,0,0,0,0,0,2111.01,002200006784,N,Factura de Venta
20170825,04004334,Fapex SA,Rio Potrero 175 (Esq. Rio de Rey) Barrio CinaCina,01765CF,Isolant SI,38,2.23478,0,38,11017.72,13331.44,0,0,0,0,0,0,0,0,0,8038.52,002200006801,N,Factura de Venta
20170825,29000227,Moreno Alfredo German,Av. 44 nº 2721 entre 149/150,01853A,Isolant SA,1,0.125,25,1,656.26,794.08,0,0,0,32.5,7,0,0,0,0,184.01,002200006779,S,Factura de Venta
20170825,29000227,Moreno Alfredo German,Av. 44 nº 2721 entre 149/150,01767A,Isolant SA,5,0.21205,0,5,375.52,454.38,0,0,0,59,59,0,0,0,0,261.5,002200006780,N,Factura de Venta
20170825,04004334,Fapex SA,Rio Potrero 175 (Esq. Rio de Rey) Barrio CinaCina,01524AF,Isolant SI,2120,21.2,2120,0,23404.8,28319.81,0,0,0,0,0,0,0,0,0,18486.4,002200006772,N,Factura de Venta
20170825,04004334,Fapex SA,Rio Potrero 175 (Esq. Rio de Rey) Barrio CinaCina,01524AF,Isolant SI,1060,10.6,1060,0,11702.4,14159.9,0,0,0,0,0,0,0,0,0,9243.2,002200006772,N,Factura de Venta
20170825,04005689,Polifoam SRL,Alte. Brown 3985,01765C,Isolant SI,6,0.35286,0,6,2734.26,3308.45,0,0,0,0,0,0,0,0,0,1269.24,002200006786,N,Factura de Venta
20170825,03000023,Industrias Saladillo SA,IS.SA. Planta Pilar,01766AS,Isolant SI,50,1.979,0,50,5369,6496.49,0,0,0,0,0,0,0,0,0,2255,002200006793,N,Factura de Venta
20170825,03003751,Indupoles Argentina SA,Parque Ind. Campana - Km70 de Panamericana - Lote 12,01515BE,Isolant SI,3000,15,3000,0,30000,36300,0,0,0,0,0,0,0,0,0,26670,002200006798,N,Factura de Venta
20170825,02003203,Maderera La Loma SA,Calle 161 y 40,01557A,Ventas Buenos Aires,10,2,200,10,6554.97,7931.52,0,0,0,21,12,0,0,0,0,2563.4,002200006781,N,Factura de Venta
20170825,02003203,Maderera La Loma SA,Calle 161 y 40,01960F,Ventas Buenos Aires,6,0,0,6,13010.93,15743.23,0,0,0,21,12,0,0,0,0,6503.1,002200006781,N,Factura de Venta
20170825,31004544,De Las Misiones S.A.,Av. 44 Nº 2721,01851A,Ventas Buenos Aires,30,7.5,750,30,26427.4,31977.15,0,0,0,21,0,0,0,0,0,9959.4,002200006778,N,Factura de Venta
20170825,26000747,Importadora Comercial Fueguina,Gdor. Deloqui 1027,01766A,Norberto Oppezzo,5,0.1979,0,5,1629.35,1629.35,0,0,0,0,0,0,0,0,0,225.5,002500000029,,Factura Exterior
20170825,26000747,Importadora Comercial Fueguina,Gdor. Deloqui 1027,01769A,Norberto Oppezzo,6,0.1998,0,6,1898.94,1898.94,0,0,0,0,0,0,0,0,0,245.7,002500000029,,Factura Exterior
20170825,26000747,Importadora Comercial Fueguina,Gdor. Deloqui 1027,01771A,Norberto Oppezzo,6,0.22998,0,6,1945.38,1945.38,0,0,0,0,0,0,0,0,0,340.02,002500000029,,Factura Exterior
20170825,31002801,Rango Comercial SA,Santa Cruz 24,01763C,Esteban Bergamaschi,4,0.24128,0,4,3963.56,4795.9,0,0,0,21,0,0,0,0,0,959.36,002200006783,N,Factura de Venta
20170825,31002801,Rango Comercial SA,Santa Cruz 24,01765C,Esteban Bergamaschi,5,0.29405,0,5,4941.69,5979.44,0,0,0,21,0,0,0,0,0,1057.7,002200006783,N,Factura de Venta
20170825,31002801,Rango Comercial SA,Santa Cruz 24,01766C,Esteban Bergamaschi,5,0.2488,0,5,3993.02,4831.55,0,0,0,21,0,0,0,0,0,788.55,002200006783,N,Factura de Venta
20170825,26000747,Importadora Comercial Fueguina,Av. Belgrano 1610,01766A,Norberto Oppezzo,7,0.27706,0,7,2281.09,2281.09,0,0,0,0,0,0,0,0,0,315.7,002500000030,,Factura Exterior
20170825,26000747,Importadora Comercial Fueguina,Av. Belgrano 1610,01771A,Norberto Oppezzo,10,0.3833,0,10,3242.3,3242.3,0,0,0,0,0,0,0,0,0,566.7,002500000030,,Factura Exterior
20170825,26000747,Importadora Comercial Fueguina,Av. Belgrano 1610,01773A,Norberto Oppezzo,14,0.4557,0,14,3826.06,3826.06,0,0,0,0,0,0,0,0,0,1008.28,002500000030,,Factura Exterior
20170825,01004065,Balbin 3001 SRL,"Km 52, J.E. Uriburu 1232 (Ex Ruta 8)",01555AR,Levy,35,3.5,700,35,9784.92,11839.76,0,3,0,21,0,0,0,0,0,4524.8,002200006821,N,Factura de Venta
20170825,07000012,Natali Plasticos SRL,Alvear 1475,01558ES,Isolant SA,25,5,500,25,7794.43,9431.27,0,3,0,0,0,0,0,0,0,6327.75,002200006814,N,Factura de Venta
20170825,26000747,Importadora Comercial Fueguina,Gdor. Deloqui 1027,01765A,Norberto Oppezzo,5,0.2325,0,5,1908.45,1908.45,0,0,0,0,0,0,0,0,0,325.4,002500000029,,Factura Exterior
20170825,07002180,Ferrocons SA,Av. Juan B. Justo 4000,01557A,Meier,8,1.6,160,8,5959.06,7210.47,0,0,0,21,0,0,0,0,0,2050.72,002200006810,N,Factura de Venta
20170825,10000758,Mottesi Materiales SA,SARGENTO CABRAL 320,01550I,Norberto Oppezzo,60,2.4,1200,60,4571.3,5531.27,0,0,20,21,12,0,0,0,0,2460.6,002200006816,N,Factura de Venta
20170825,10000758,Mottesi Materiales SA,SARGENTO CABRAL 320,01551I,Norberto Oppezzo,80,8,1600,80,11768.35,14239.7,0,0,20,21,12,0,0,0,0,6220.8,002200006816,N,Factura de Venta
20170825,10000758,Mottesi Materiales SA,SARGENTO CABRAL 320,01552I,Norberto Oppezzo,30,6,1200,30,8822.25,10674.93,0,0,20,21,12,0,0,0,0,5708.7,002200006816,N,Factura de Venta
20170825,10000758,Mottesi Materiales SA,SARGENTO CABRAL 320,01555AR,Norberto Oppezzo,50,5,1000,50,10145.19,12275.68,0,0,20,21,12,0,0,0,0,6464,002200006816,N,Factura de Venta
20170825,26000747,Importadora Comercial Fueguina,Av. Belgrano 1610,01765A,Norberto Oppezzo,10,0.465,0,10,3816.9,3816.9,0,0,0,0,0,0,0,0,0,650.8,002500000030,,Factura Exterior
20170825,04004334,Fapex SA,Rio Potrero 175 (Esq. Rio de Rey) Barrio CinaCina,01508AF,Isolant SI,1530,3.06,1530,1530,3870.9,4683.79,0,0,0,0,0,0,0,0,0,3014.1,002200006803,N,Factura de Venta
20170825,04004334,Fapex SA,Rio Potrero 175 (Esq. Rio de Rey) Barrio CinaCina,01514AF,Isolant SI,2712,13.56,2712,0,14617.68,17687.39,0,0,0,0,0,0,0,0,0,11417.52,002200006803,N,Factura de Venta
20170825,01001961,El Espartano SA,Ruta 202 Nº 3685,01700A,Hector Collia,220,26.4,0,220,137554.34,166440.75,0,0,0,30,0,0,0,0,0,58374.8,002200006804,N,Factura de Venta
20170825,07000012,Natali Plasticos SRL,Alvear 1475,01558ES,Isolant SA,100,20,2000,100,31177.74,37725.07,0,3,0,0,0,0,0,0,0,25311,002200006806,N,Factura de Venta
20170825,07000012,Natali Plasticos SRL,Alvear 1475,01557A,Isolant SA,40,8,800,40,20696.16,25042.35,0,3,0,32.5,12,0,0,0,0,10253.6,002200006807,N,Factura de Venta
20170825,01005657,Perna Franco,Manco Capac 1540,01853B,Levy,22,2.75,550,22,25792.79,31209.27,0,0,0,21,0,0,0,0,0,9435.8,002200006809,N,Factura de Venta
20170825,24002411,La Casa de la Construccion SRL,Riccheri 965,01555M,Diego Fani,5,0.75,100,5,5362.22,6488.29,0,0,0,21,8,0,0,0,0,2709.2,002200006805,N,Factura de Venta
20170825,24002411,La Casa de la Construccion SRL,Riccheri 965,01558BC,Diego Fani,4,0.8,80,4,4672.98,5654.3,0,0,0,21,0,0,0,0,0,2148.36,002200006805,N,Factura de Venta
20170825,07000012,Natali Plasticos SRL,Alvear 1475,01555A,Isolant SA,50,5,1000,50,16009.05,19370.95,0,3,10,32.5,12,0,0,0,0,7968.5,002200006808,N,Factura de Venta
20170825,07000012,Natali Plasticos SRL,Alvear 1475,01555EC,Isolant SA,50,5,1000,50,9863.59,11934.94,0,3,10,0,0,0,0,0,0,7838,002200006808,N,Factura de Venta
20170825,04004334,Fapex SA,Rio Potrero 175 (Esq. Rio de Rey) Barrio CinaCina,01524AF,Isolant SI,2332,23.32,2332,0,25745.28,31151.79,0,0,0,0,0,0,0,0,0,20335.04,002200006802,N,Factura de Venta
20170825,04004334,Fapex SA,Rio Potrero 175 (Esq. Rio de Rey) Barrio CinaCina,01508AF,Isolant SI,2142,4.284,2142,2142,5419.26,6557.3,0,0,0,0,0,0,0,0,0,4219.74,002200006802,N,Factura de Venta
20170825,31003226,La Torre Juan,Av. del Valle 148,01555AR,Ventas Buenos Aires,10,1,200,10,2882.16,3487.41,0,0,0,21,0,0,0,0,0,1292.8,002200006812,N,Factura de Venta
20170825,01002018,Zanet SA,Erezcano 3021/35,01524DC,Fernando Palmas,300,3,300,0,8964.9,10847.53,0,0,0,30,0,0,0,0,0,2925,002200006813,N,Factura de Venta
20170825,07000012,Natali Plasticos SRL,Alvear 1475,01557AR,Isolant SA,55,11,1100,55,15826.28,19149.8,0,3,0,0,0,0,0,0,0,12421.75,002200006815,N,Factura de Venta
20170825,24002411,La Casa de la Construccion SRL,Riccheri 965,06C001CO,Diego Fani,1,0,0,1,0.1,0.12,0,0,0,0,0,0,0,0,0,0,002200006805,N,Factura de Venta
20170825,24002411,La Casa de la Construccion SRL,Riccheri 965,01555A,Diego Fani,10,1,200,10,4487.55,5429.94,0,0,0,21,8,0,0,0,0,1593.7,002200006805,N,Factura de Venta
20170825,24002411,La Casa de la Construccion SRL,Riccheri 965,01557A,Diego Fani,25,5,500,25,17132.31,20730.1,0,0,0,21,8,0,0,0,0,6408.5,002200006805,N,Factura de Venta
20170825,03000023,Industrias Saladillo SA,IS.SA. Planta Pilar,01525AHC,Isolant SI,1000,10,1000,1000,16290,19710.9,0,0,0,0,0,0,0,0,0,1515.74,002200006792,N,Factura de Venta
20170825,03000023,Industrias Saladillo SA,IS.SA. Planta Pilar,01525AHC,Isolant SI,600,6,600,600,9306,11260.26,0,0,0,0,0,0,0,0,0,909.44,002200006774,N,Factura de Venta
20170825,07000012,Natali Plasticos SRL,Alvear 1475,01555C,Isolant SA,6,0.6,120,6,0.52,0.63,0,3,10,0,0,0,0,0,0,166.91,002200006808,N,Factura de Venta
20170825,11005824,Directo Srl,Luis Noaco 123,01555ARC,Victor Casañas,5520,27.6,5520,276,48032.98,58119.92,0,3,0,32.5,25,0,0,0,0,8595.57,002200006820,S,Factura de Venta
20170825,29000227,Moreno Alfredo German,Av. 44 nº 2721 entre 149/150,01555ARC,Isolant SA,500,2.5,500,25,4485.38,5427.3,0,0,0,32.5,25,0,0,0,0,778.58,002200006779,S,Factura de Venta
20170825,31003226,La Torre Juan,Av. del Valle 148,01555MA,Ventas Buenos Aires,1,0.15,20,1,0.1,0.12,0,0,0,0,0,0,0,0,0,491.17,002200006812,N,Factura de Venta
20170825,31004556,Maderera Los Troncos S.A.,Colectora 12.542,01555MA,Ventas Buenos Aires,3,0.45,60,3,0.3,0.36,0,0,0,0,0,0,0,0,0,1473.51,002200006777,S,Factura de Venta
20170825,31004556,Maderera Los Troncos S.A.,Colectora 12.542,01555MC,Ventas Buenos Aires,600,4.5,600,30,34990.68,42338.72,0,0,0,21,0,0,0,0,0,14735.14,002200006777,S,Factura de Venta
20170825,24002411,La Casa de la Construccion SRL,Riccheri 965,01557C,Diego Fani,3,0.6,60,3,0.3,0.36,0,0,0,0,0,0,0,0,0,92.21,002200006805,N,Factura de Venta
20170825,07000012,Natali Plasticos SRL,Alvear 1475,01557C,Isolant SA,4,0.8,80,4,0.39,0.47,0,3,0,0,0,0,0,0,0,122.95,002200006807,N,Factura de Venta
20170825,07005921,Lutre Domingo Alejandro,Rivadavia 850,01559AA,Meier,500,5,500,25,18061.7,21854.64,0,3,0,21,0,0,0,0,0,768.41,002200006811,S,Factura de Venta
20170825,07005921,Lutre Domingo Alejandro,Rivadavia 850,01557C,Meier,3,0.6,60,3,0.58,0.7,0,3,0,0,0,0,0,0,0,92.21,002200006811,S,Factura de Venta
20170825,02003203,Maderera La Loma SA,Calle 161 y 40,01557C,Ventas Buenos Aires,7,1.4,140,7,0.7,0.85,0,0,0,0,0,0,0,0,0,215.16,002200006781,N,Factura de Venta
20170825,11005824,Directo Srl,Luis Noaco 123,01557ARC,Victor Casañas,300,3,300,15,4133.76,5001.86,0,3,0,32.5,25,0,0,0,0,450.7,002200006819,S,Factura de Venta
20170825,11005824,Directo Srl,Luis Noaco 123,01557ARC,Victor Casañas,1500,15,1500,75,20064.82,24278.42,0,3,0,32.5,25,0,0,0,0,2253.5,002200006820,S,Factura de Venta
20170825,02004723,Garcia Matias Emanuel,,01IN,Hector Collia,-1,0,0,-1,-258.05,-312.24,0,0,0,0,0,0,0,0,0,,001300000286,,Crédito de Venta
20170825,02004723,Garcia Matias Emanuel,,04C00898,Hector Collia,1,0,0,1,0.27,0.27,0,0,0,0,0,0,0,0,0,,000000011088,,Débito (Ajustes)
20170825,27001542,Rosso Hnos. de Alvaro S. Rosso y Raul E. Rosso,,04C00898,Pedro Cocaña,1,0,0,1,1.01,1.01,0,0,0,0,0,0,0,0,0,,000000011086,,Débito (Ajustes)
20170825,06003911,Avellaneda Mario Orlando,,04C00898,Pedro Cocaña,1,0,0,1,1.31,1.31,0,0,0,0,0,0,0,0,0,,000000011087,,Débito (Ajustes)
20170825,02003841,Ricardo Ospital SA,,01IN,Ventas Buenos Aires,-1,0,0,-1,-256.38,-310.22,0,0,0,0,0,0,0,0,0,,001300000287,,Crédito de Venta
20170825,02003841,Ricardo Ospital SA,,04C00898,Ventas Buenos Aires,1,0,0,1,3.79,3.79,0,0,0,0,0,0,0,0,0,,000000011089,,Débito (Ajustes)
20170825,04005551,Armado y Montado SA,Irigoyen 668,04ANTICIPOS,Ventas Buenos Aires,1,0,0,1,618096.09,747896.27,0,0,0,0,0,0,0,0,0,,001400000774,N,Factura de Venta
20170825,01005292,Adamant SRL,,04C00898,Isolant SI,1,0,0,1,0.78,0.78,0,0,0,0,0,0,0,0,0,,000000011082,,Débito (Ajustes)
20170825,01001217,Diamore SA,Av. Cobo 1516/18,01790A,Luis Ramirez,1,0.03958416,0,1,717.49,868.17,0,0,0,21,0,0,0,0,0,138.18,002200006788,N,Factura de Venta
20170825,24003816,La Valenziana SRL,,04C00898,Diego Fani,1,0,0,1,0.56,0.56,0,0,0,0,0,0,0,0,0,,000000011083,,Débito (Ajustes)
20170825,03000023,Industrias Saladillo SA,IS.SA. Planta Pilar,01779B,Isolant SI,194,6.2714574,0,194,29080.6,35187.53,0,0,0,0,0,0,0,0,0,11907.72,002200006794,N,Factura de Venta
20170825,28002335,TUBACERO S.A.,,04C00624,Fernando Palmas,1,0,0,1,12716.07,12716.07,0,0,0,0,0,0,0,0,0,,000000000948,,Dif. Cambio (+)
20170825,28000201,CASARINO S.R.L.,,04C00624,Fernando Palmas,1,0,0,1,18512.76,18512.76,0,0,0,0,0,0,0,0,0,,000000000947,,Dif. Cambio (+)
20170825,29000683,Multicontrol SA,Austria Norte 1456,01650DY,Levy,1500,15,1500,0,71744.4,86810.72,0,0,0,37,0,0,0,0,0,22890,002200006782,N,Factura de Venta
20170825,01005483,Lideu SA,Zoilo Cantón 4343,01508CC,Ventas Buenos Aires,1650,3.3,1650,1650,14103.87,17065.68,0,0,0,21,0,0,0,0,0,4702.5,002200006775,N,Factura de Venta
20170825,07003808,La Casa del Tapicero SRL,Yerbal 753,01514PC,Meier,625,3.125,625,0,12398.44,15002.11,0,0,0,25,0,0,0,0,0,4300,002200006785,N,Factura de Venta
20170825,03000023,Industrias Saladillo SA,,04C00898,Isolant SI,1,0,0,1,0.29,0.29,0,0,0,0,0,0,0,0,0,,000000011081,,Débito (Ajustes)
20170825,01002821,Ferreteria Central SRL,,01IN,Hector Collia,-1,0,0,-1,-654.63,-792.1,0,0,0,0,0,0,0,0,0,,001300000288,,Crédito de Venta
20170825,01003526,D.G.A. SRL,Suarez 2737,01651G,Esteban Bergamaschi,300,3,300,0,20139,24368.19,0,0,0,30,0,0,0,0,0,5574,002200006817,N,Factura de Venta
20170825,30005449,Acconcia Sergio Hugo,Av. España 978,01651G,Esteban Bergamaschi,300,3,300,0,22728.3,27501.24,0,0,0,21,0,0,0,0,0,5574,002200006818,N,Factura de Venta
20170825,26000747,Importadora Comercial Fueguina,Gdor. Deloqui 1027,01764A,Norberto Oppezzo,6,0.3110184,0,6,2530.14,2530.14,0,0,0,0,0,0,0,0,0,436.62,002500000029,,Factura Exterior
20170825,03004883,Porosin S.A.,Av. Mitre Nro. 1338,01651G,Levy,200,2,200,0,9838.66,11904.78,0,0,0,21,0,0,0,0,0,3716,002200006787,N,Factura de Venta
20170825,24002411,La Casa de la Construccion SRL,,04C00898,Diego Fani,1,0,0,1,0.29,0.29,0,0,0,0,0,0,0,0,0,,000000011084,,Débito (Ajustes)

