﻿FechaTxt,Codigo_Cliente,Cliente,EntDir,Codigo_Articulo,Vendedor,cantidad,Mts3,Mts2,Rollos,Importe_Bruto,Importe_Neto,Dto_Contado,Dto_Flete,Dto_Especial,Bonificacion,Desc_Adicional,cantidad_elaborada,m2_ocupados,costo_unitario,costo_total_stock,Costo_de_venta,comp,C_Construccion,nomdoc
20170713,05001164,Sika Argentina SAIC,Juan B. Alberdi 5250,01903A,Fernando Palmas,24,1.82376,0,24,19231.92,23270.62,0,0,0,0,0,0,0,0,0,7434.45,002200005973,N,Factura de Venta
20170713,03000023,Industrias Saladillo SA,IS.SA. Planta Pilar,01510D,Isolant SI,2178,6.534,2178,2178,10280.16,12438.99,0,0,0,0,0,0,0,0,0,9120.59,002200005975,N,Factura de Venta
20170713,03000023,Industrias Saladillo SA,IS.SA. Planta Pilar,01507AS,Isolant SI,1800,2.7,1800,0,15750,19057.5,0,0,0,0,0,0,0,0,0,19859,002200005975,N,Factura de Venta
20170713,03000023,Industrias Saladillo SA,IS.SA. Planta Pilar,01765AS,Isolant SI,25,1.1625,0,25,2950.5,3570.11,0,0,0,0,0,0,0,0,0,2478.85,002200005977,N,Factura de Venta
20170713,03000023,Industrias Saladillo SA,IS.SA. Planta Pilar,01777B,Isolant SI,35,0.9345,0,35,3795.4,4592.43,0,0,0,0,0,0,0,0,0,1516.87,002200005980,N,Factura de Venta
20170713,03005331,Abs Group S.A.,Panamericana KM 47.5 Colectora Oeste (pque. de negocios),01666ACP,Esteban Bergamaschi,10,0.5,10,0,2347.52,2840.5,0,0,0,30,0,0,0,0,0,573.6,002200005971,N,Factura de Venta
20170713,28000201,CASARINO S.R.L.,"Eusebio Ayala 4165 Km 4,5",01558EC,Fernando Palmas,100,20,2000,100,64220,64220,0,0,0,0,0,0,0,0,0,37722.92,001500000667,,Factura Exterior
20170713,28000201,CASARINO S.R.L.,"Eusebio Ayala 4165 Km 4,5",01852AA,Fernando Palmas,5,2.5,125,5,6204.84,6204.84,0,0,0,0,0,0,0,0,0,3434.45,001500000667,,Factura Exterior
20170713,28000201,CASARINO S.R.L.,"Eusebio Ayala 4165 Km 4,5",01554BR,Fernando Palmas,20,2.4,400,20,20543.64,20543.64,0,0,0,0,0,0,0,0,0,7966.59,001500000667,,Factura Exterior
20170713,28000201,CASARINO S.R.L.,"Eusebio Ayala 4165 Km 4,5",01851A,Fernando Palmas,12,3,300,12,7765.21,7765.21,0,0,0,0,0,0,0,0,0,2604.86,001500000667,,Factura Exterior
20170713,19002241,Carlos Isla y Cia. SA,Suc. Neuquen: Teodoro Plan 5055,01557A,Latyn-Valle y Cordillera,10,2,200,10,5201,6293.21,0,0,0,0,0,0,0,0,0,724.53,002200005987,N,Factura de Venta
20170713,19002241,Carlos Isla y Cia. SA,Suc. Neuquen: Teodoro Plan 5055,01555M,Latyn-Valle y Cordillera,20,3,400,20,16441.8,19894.58,0,0,0,0,0,0,0,0,0,9745.45,002200005987,N,Factura de Venta
20170713,28000201,CASARINO S.R.L.,"Eusebio Ayala 4165 Km 4,5",01550I,Fernando Palmas,50,2,1000,50,5577,5577,0,0,0,0,0,0,0,0,0,2268.77,001500000667,,Factura Exterior
20170713,28000201,CASARINO S.R.L.,"Eusebio Ayala 4165 Km 4,5",01555EC,Fernando Palmas,100,10,2000,100,33800,33800,0,0,0,0,0,0,0,0,0,6713.48,001500000667,,Factura Exterior
20170713,28000201,CASARINO S.R.L.,"Eusebio Ayala 4165 Km 4,5",01558ES,Fernando Palmas,100,20,2000,100,51376,51376,0,0,0,0,0,0,0,0,0,9698.61,001500000667,,Factura Exterior
20170713,28000201,CASARINO S.R.L.,"Eusebio Ayala 4165 Km 4,5",01557AR,Fernando Palmas,20,4,400,20,7233.2,7233.2,0,0,0,0,0,0,0,0,0,1195.35,001500000667,,Factura Exterior
20170713,01002811,Gonzalez Dario R Iglesias Nelida C SH,Julian Alvarez 469,01550I,Levy,40,1.6,800,40,3866.58,4678.56,0,0,0,21,8,0,0,0,0,1815.02,002200005984,N,Factura de Venta
20170713,01002811,Gonzalez Dario R Iglesias Nelida C SH,Julian Alvarez 469,01551I,Levy,40,4,800,40,7465.69,9033.48,0,0,0,21,8,0,0,0,0,2581.98,002200005984,N,Factura de Venta
20170713,01002811,Gonzalez Dario R Iglesias Nelida C SH,Julian Alvarez 469,01552I,Levy,20,4,800,20,7462.2,9029.26,0,0,0,21,8,0,0,0,0,582.79,002200005984,N,Factura de Venta
20170713,30000177,Guerra Alfredo Felix,Lavalle 20,01558ES,Disapla,20,4,400,20,9606.4,11623.74,0,0,0,21,0,0,0,0,0,1939.72,002200005985,N,Factura de Venta
20170713,19002241,Carlos Isla y Cia. SA,Suc. Neuquen: Teodoro Plan 5055,01568CB,Latyn-Valle y Cordillera,20,4,400,20,21195.8,25646.92,0,0,0,0,0,0,0,0,0,8314.07,002200005987,N,Factura de Venta
20170713,19002241,Carlos Isla y Cia. SA,Suc. Neuquen: Teodoro Plan 5055,01555A,Latyn-Valle y Cordillera,80,8,1600,80,27247.2,32969.11,0,0,0,0,0,0,0,0,0,3586.65,002200005987,N,Factura de Venta
20170713,10000785,Perren y Cia. SA,9 de Julio 975,01960DC,Norberto Oppezzo,1,0,0,1,1316.83,1593.36,0,3,0,25,0,0,0,0,0,602.23,002200005992,N,Factura de Venta
20170713,10000785,Perren y Cia. SA,9 de Julio 975,01764C,Norberto Oppezzo,4,0.26388,0,4,3554.18,4300.56,0,3,0,30,0,0,0,0,0,1251.84,002200005992,N,Factura de Venta
20170713,10000785,Perren y Cia. SA,9 de Julio 975,01765C,Norberto Oppezzo,5,0.29405,0,5,3932.73,4758.61,0,3,0,30,0,0,0,0,0,995.08,002200005992,N,Factura de Venta
20170713,01005292,Adamant SRL,Paysandu 923 (entre Crisologo Larralde y Lucena),01904A,Isolant SI,20,1.2566,0,20,7613.6,9212.46,0,0,0,0,0,0,0,0,0,5431.49,002200005983,N,Factura de Venta
20170713,01005292,Adamant SRL,Paysandu 923 (entre Crisologo Larralde y Lucena),01514DC,Isolant SI,1200,6,1200,1200,9348,11311.08,0,0,0,0,0,0,0,0,0,3879.77,002200005983,N,Factura de Venta
20170713,01005292,Adamant SRL,Paysandu 923 (entre Crisologo Larralde y Lucena),01904A,Isolant SI,25,1.57075,0,25,9517,11515.57,0,0,0,0,0,0,0,0,0,6789.37,002200005983,N,Factura de Venta
20170713,16002425,Gumy SA,Ituzaingo 2054,01557A,Leandro Diaz,75,15,1500,75,43372.92,52481.23,0,0,0,30,8,0,0,0,0,5434.01,002200005991,N,Factura de Venta
20170713,16002425,Gumy SA,Ituzaingo 2054,01552A,Leandro Diaz,10,2,200,10,5608.98,6786.87,0,0,0,30,8,0,0,0,0,1226.15,002200005991,N,Factura de Venta
20170713,10000785,Perren y Cia. SA,9 de Julio 975,06C001CO,Norberto Oppezzo,1,0,0,1,0.1,0.12,0,3,0,0,0,0,0,0,0,0,002200005992,N,Factura de Venta
20170713,10000785,Perren y Cia. SA,9 de Julio 975,01557A,Norberto Oppezzo,10,2,200,10,6532.88,7904.78,0,3,0,25,0,0,0,0,0,724.53,002200005992,N,Factura de Venta
20170713,10000785,Perren y Cia. SA,9 de Julio 975,01555A,Norberto Oppezzo,25,2.5,500,25,10694.98,12940.92,0,3,0,25,0,0,0,0,0,1120.83,002200005992,N,Factura de Venta
20170713,10000785,Perren y Cia. SA,9 de Julio 975,01960DA,Norberto Oppezzo,3,0,0,3,7675.31,9287.12,0,3,0,25,0,0,0,0,0,2484.6,002200005992,N,Factura de Venta
20170713,03005331,Abs Group S.A.,Panamericana KM 47.5 Colectora Oeste (pque. de negocios),01658ACP,Esteban Bergamaschi,10,0.3,10,0,1437.59,1739.48,0,0,0,30,0,0,0,0,0,447.1,002200005971,N,Factura de Venta
20170713,24002195,Prado Hector Roque,Prbo. Daniel Segundo 931,06C001CO,Diego Fani,1,0,0,1,0.1,0.12,0,0,0,0,0,0,0,0,0,0,002200005986,S,Factura de Venta
20170713,28004412,INSULEX S.A.C.,,07C01309,Isolant SI,1,0,0,1,24992.73,24992.73,0,0,0,0,0,0,0,0,0,0,001500000666,,Factura Exterior
20170713,07003238,Cooperativa de Provision de Servicios para Comerciantes,Santiago Marzo 1816-Santa Rosa,01558ES,Meier,50,10,1000,50,17328,20966.88,0,0,5,25,20,0,0,0,0,4849.31,002200005974,N,Factura de Venta
20170713,22003435,Sidermet San Luis SA,Ruta 3 Km 1 Extremo Sur,01558BC,Leandro Diaz,30,6,600,30,32665.5,39525.26,0,0,0,21,4,0,0,0,0,12984.83,002200005989,N,Factura de Venta
20170713,16005856,San Martin Goma de Lauriente Hnos SRL,Buenos Aires 274,01552I,Leandro Diaz,10,2,400,10,3850.2,4658.74,0,0,0,25,0,0,0,0,0,291.4,002200005990,N,Factura de Venta
20170713,10000785,Perren y Cia. SA,9 de Julio 975,01555C,Norberto Oppezzo,3,0.3,60,3,0.29,0.35,0,3,0,0,0,0,0,0,0,134.5,002200005992,N,Factura de Venta
20170713,24002195,Prado Hector Roque,Prbo. Daniel Segundo 931,01555MC,Diego Fani,500,3.75,500,25,23199,28070.8,0,0,0,25,12,0,0,0,0,12181.81,002200005982,S,Factura de Venta
20170713,24002195,Prado Hector Roque,Prbo. Daniel Segundo 931,01555MC,Diego Fani,300,2.25,300,15,13919.4,16842.48,0,0,0,25,12,0,0,0,0,7309.08,002200005986,S,Factura de Venta
20170713,24002195,Prado Hector Roque,Prbo. Daniel Segundo 931,01555MA,Diego Fani,4,0.6,80,4,0.4,0.48,0,0,0,0,0,0,0,0,0,1949.09,002200005986,S,Factura de Venta
20170713,24002195,Prado Hector Roque,Prbo. Daniel Segundo 931,01559AA,Diego Fani,1500,15,1500,75,44451,53785.7,0,0,0,25,12,0,0,0,0,5434.01,002200005982,S,Factura de Venta
20170713,24002195,Prado Hector Roque,Prbo. Daniel Segundo 931,01557C,Diego Fani,9,1.8,180,9,0.9,1.08,0,0,0,0,0,0,0,0,0,652.08,002200005982,S,Factura de Venta
20170713,04000857,Aserradero Teco SA,Aquilino Colombo 1947,01559AA,Levy,200,2,200,10,7094.2,8583.98,0,0,0,21,0,0,0,0,0,724.53,002200005972,S,Factura de Venta
20170713,16002425,Gumy SA,Ituzaingo 2054,01557C,Leandro Diaz,9,1.8,180,9,0.83,1,0,0,0,0,8,0,0,0,0,652.08,002200005991,N,Factura de Venta
20170713,02005125,Pablo Nicolas Sesma,A. Rojas 630,01559AA,Hector Collia,500,5,500,25,16837.5,20373.38,0,0,0,25,0,0,0,0,0,1811.34,002200005981,S,Factura de Venta
20170713,16003025,Fopiani Ricardo Arturo,Libertad 534 Of. 6,01558ECC,Leandro Diaz,700,7,700,35,21073.5,25498.94,0,0,0,25,0,0,0,0,0,13203.02,002200005988,S,Factura de Venta
20170713,04000857,Aserradero Teco SA,Aquilino Colombo 1947,01558ESC,Levy,200,2,200,10,4803.2,5811.88,0,0,0,21,0,0,0,0,0,969.86,002200005972,S,Factura de Venta
20170713,16003025,Fopiani Ricardo Arturo,Libertad 534 Of. 6,01558ESC,Leandro Diaz,200,2,200,10,4560,5517.6,0,0,0,25,0,0,0,0,0,969.86,002200005988,S,Factura de Venta
20170713,03000023,Industrias Saladillo SA,IS.SA. Planta Pilar,01776B,Isolant SI,23,0.6503112,0,23,2725.73,3298.13,0,0,0,0,0,0,0,0,0,1067.5,002200005978,N,Factura de Venta
20170713,03000023,Industrias Saladillo SA,IS.SA. Planta Pilar,01778BA,Isolant SI,22,0.539099,0,22,3754.96,4543.5,0,0,0,0,0,0,0,0,0,1693.92,002200005979,N,Factura de Venta
20170713,01004065,Balbin 3001 SRL,,04C00898,Levy,1,0,0,1,0.01,0.01,0,0,0,0,0,0,0,0,0,,000000010965,,Débito (Ajustes)
20170713,03000023,Industrias Saladillo SA,IS.SA. Planta Pilar,01776BA,Isolant SI,12,0.3392928,0,12,2169.36,2624.93,0,0,0,0,0,0,0,0,0,1164.19,002200005976,N,Factura de Venta
20170713,03000023,Industrias Saladillo SA,IS.SA. Planta Pilar,01777BA,Isolant SI,22,0.5874792,0,22,3535.18,4277.57,0,0,0,0,0,0,0,0,0,1426.88,002200005976,N,Factura de Venta
20170713,16005856,San Martin Goma de Lauriente Hnos SRL,Buenos Aires 274,01658AC,Leandro Diaz,10,0.3,10,0,1540.27,1863.73,0,0,0,25,0,0,0,0,0,423.77,002200005990,N,Factura de Venta
20170713,01005292,Adamant SRL,Paysandu 923 (entre Crisologo Larralde y Lucena),01514DB,Isolant SI,675,3.375,675,675,5258.25,6362.48,0,0,0,0,0,0,0,0,0,1025.94,002200005983,N,Factura de Venta

