﻿FechaTxt,Codigo_Cliente,Cliente,EntDir,Codigo_Articulo,Vendedor,cantidad,Mts3,Mts2,Rollos,Importe_Bruto,Importe_Neto,Dto_Contado,Dto_Flete,Dto_Especial,Bonificacion,Desc_Adicional,cantidad_elaborada,m2_ocupados,costo_unitario,costo_total_stock,Costo_de_venta,comp
20170412,03000023,Industrias Saladillo SA,IS.SA. Planta Pilar,01778BA,Isolant SI,325,7.9639625,0,325,55471,67119.91,0,0,0,0,0,0,0,0,0,0,002200004175
20170412,10000562,Poliplastica del Golfo,,04C00898,Guillermo Ghiretti,1,0,0,1,2.6,2.6,0,0,0,0,0,0,0,0,0,0,000000010753
20170412,07004868,Cerroplast SA,,04C00291,Meier,1,0,0,1,18092.33,18092.33,0,0,0,0,0,0,0,0,0,0,001300001538
20170412,07004868,Cerroplast SA,,04C00291,Meier,1,0,0,1,18092.12,18092.12,0,0,0,0,0,0,0,0,0,0,001300001538
20170412,03000023,Industrias Saladillo SA,IS.SA. Planta Pilar,01525AH,Isolant SI,2600,26,2600,0,43446,52569.66,0,0,0,0,0,0,0,0,0,0,002200004177
20170412,07005106,Espa SA,Bv. de los Alemanes 3312,01555AR,Meier,43,4.3,860,43,8578.5,10379.99,0,5,0,0,0,0,0,0,0,0,002200004178
20170412,07005106,Espa SA,Bv. de los Alemanes 3312,01550A,Meier,23,0.92,460,23,3302.48,3996,0,5,0,32.5,12,0,0,0,0,0,002200004178
20170412,07005106,Espa SA,Bv. de los Alemanes 3312,01960DA,Meier,10,0,0,10,21477.32,25987.56,0,5,0,32.5,0,0,0,0,0,0,002200004178
20170412,07005106,Espa SA,Bv. de los Alemanes 3312,01555AK,Meier,100,4.5,1500,100,14990.63,18138.66,0,5,0,32.5,12,0,0,0,0,0,002200004178
20170412,07005106,Espa SA,Bv. de los Alemanes 3312,01557AK,Meier,20,2.1,300,20,4611.46,5579.87,0,5,0,32.5,12,0,0,0,0,0,002200004178
20170412,07005106,Espa SA,Bv. de los Alemanes 3312,01557AR,Meier,20,4,400,20,5890,7126.9,0,5,0,0,0,0,0,0,0,0,002200004178
20170412,07005106,Espa SA,Bv. de los Alemanes 3312,01551I,Meier,10,1,200,10,1235,1494.35,0,5,0,0,0,0,0,0,0,0,002200004178
20170412,03001251,Lopez Aurelio y Yomayel Dergio Raul S.H.,Av. Santa Fe 2277,01700AC,Levy,10,1.2,0,10,5671.33,6862.31,0,0,0,30,0,0,0,0,0,0,002200004181
20170412,03004729,Teknobayres S.A.,Av. santa Fe 2777,01700AC,Levy,2,0.24,0,2,1280.1,1548.92,0,0,0,21,0,0,0,0,0,0,002200004182
20170412,01000421,Constructora Sudamericana SACIF Inmob y Agrop,OBRA VILLA OLIMPICA VIII - Av Escalada 4502,01552A,Luis Ramirez,23,4.6,460,23,15350.58,18574.21,0,0,0,21,3,0,0,0,0,0,002200004183
20170412,30004712,Agrupacion de Corralones Organizados Argentinos,Av. Miguel Gil 23,01957A,Disapla,1,0,0,1,0.1,0.12,0,0,0,0,0,0,0,0,0,0,002200004184
20170412,30004712,Agrupacion de Corralones Organizados Argentinos,Av. Miguel Gil 23,01557AK,Disapla,20,2.1,300,20,5393.52,6526.16,0,0,0,25,12,0,0,0,0,0,002200004184
20170412,30004712,Agrupacion de Corralones Organizados Argentinos,Av. Miguel Gil 23,01557A,Disapla,30,6,600,30,17780.2,21514.04,0,0,0,25,12,0,0,0,0,0,002200004184
20170412,30004712,Agrupacion de Corralones Organizados Argentinos,Av. Miguel Gil 23,01557C,Disapla,3,0.6,60,3,0.3,0.36,0,0,0,0,0,0,0,0,0,0,002200004184
20170412,30004712,Agrupacion de Corralones Organizados Argentinos,Av. Miguel Gil 23,01550A,Disapla,30,1.2,600,30,5038.11,6096.11,0,0,0,25,12,0,0,0,0,0,002200004184
20170412,29001833,La Estefania SA,Calle 44 nº 246,01957A,Disapla,1,0,0,1,0.1,0.12,0,0,0,0,0,0,0,0,0,0,002200004185
20170412,29001833,La Estefania SA,Calle 44 nº 246,01555M,Disapla,10,1.5,200,10,10778.52,13042.01,0,0,0,21,0,0,0,0,0,0,002200004185
20170412,29001833,La Estefania SA,Calle 44 nº 246,01555MA,Disapla,1,0.15,20,1,0.1,0.12,0,0,0,0,0,0,0,0,0,0,002200004185
20170412,11001938,Bassi Gustavo Eduardo,H. Yrigoyen 58,01557A,Meier,150,30,3000,150,90833.13,109908.08,0,3,0,21,12,0,0,0,0,0,002200004176
20170412,11001938,Bassi Gustavo Eduardo,H. Yrigoyen 58,01557C,Meier,36,7.2,720,36,3.49,4.23,0,3,0,0,0,0,0,0,0,0,002200004176
20170412,11001938,Bassi Gustavo Eduardo,H. Yrigoyen 58,01555A,Meier,75,7.5,1500,75,29740.59,35986.12,0,3,0,21,12,0,0,0,0,0,002200004176
20170412,11001938,Bassi Gustavo Eduardo,H. Yrigoyen 58,01555C,Meier,18,1.8,360,18,1.75,2.11,0,3,0,0,0,0,0,0,0,0,002200004176
20170412,30004712,Agrupacion de Corralones Organizados Argentinos,Alsina 225,01555AK,Disapla,50,2.25,750,50,8766.45,10607.4,0,0,0,25,12,0,0,0,0,0,002200004186
20170412,30004712,Agrupacion de Corralones Organizados Argentinos,Dr Piransola 548,01555AK,Disapla,20,0.9,300,20,3506.58,4242.96,0,0,0,25,12,0,0,0,0,0,002200004188
20170412,30004712,Agrupacion de Corralones Organizados Argentinos,Dr Piransola 548,01557AK,Disapla,20,2.1,300,20,5393.52,6526.16,0,0,0,25,12,0,0,0,0,0,002200004188
20170412,04005689,Polifoam SRL,Alte. Brown 3985,01771A,Isolant SI,3,0.1149825,0,3,451.68,546.53,0,0,0,0,0,0,0,0,0,0,002200004194
20170412,04005689,Polifoam SRL,Alte. Brown 3985,01769A,Isolant SI,1,0.033301,0,1,146.51,177.28,0,0,0,0,0,0,0,0,0,0,002200004194
20170412,04005689,Polifoam SRL,Alte. Brown 3985,01771A,Isolant SI,3,0.1149825,0,3,451.68,546.53,0,0,0,0,0,0,0,0,0,0,002200004194
20170412,04005689,Polifoam SRL,Alte. Brown 3985,01514PC,Isolant SI,375,1.875,375,0,4601.25,5567.51,0,0,0,0,0,0,0,0,0,0,002200004194
20170412,04005689,Polifoam SRL,Alte. Brown 3985,01761A,Isolant SI,25,1.62575,0,25,6336,7666.56,0,0,0,0,0,0,0,0,0,0,002200004194
20170412,04005689,Polifoam SRL,Alte. Brown 3985,01769A,Isolant SI,6,0.199806,0,6,879.06,1063.66,0,0,0,0,0,0,0,0,0,0,002200004194
20170412,04005689,Polifoam SRL,Alte. Brown 3985,01654DQ,Isolant SI,100,2,100,0,6244.7,7556.09,0,0,0,45,0,0,0,0,0,0,002200004194
20170412,04005689,Polifoam SRL,Alte. Brown 3985,01771A,Isolant SI,20,0.76655,0,20,3011.2,3643.55,0,0,0,0,0,0,0,0,0,0,002200004194
20170412,04005147,Distribuidora Mech SRL,Av. Pte Peron 8107,01550I,Esteban Bergamaschi,60,2.4,1200,60,6304.2,7628.08,0,0,0,21,0,0,0,0,0,0,002200004195
20170412,16002240,Diaz Jorge Vidal,Av. Mazza Norte 3433,01558ES,Leandro Diaz,50,10,1000,50,15920,19263.2,0,0,0,0,0,0,0,0,0,0,002200004203
20170412,16002240,Diaz Jorge Vidal,Av. Mazza Norte 3433,01558EC,Leandro Diaz,30,6,600,30,12600,15246,0,0,0,0,0,0,0,0,0,0,002200004203
20170412,01005292,Adamant SRL,Paysandu 923 (entre Crisologo Larralde y Lucena),01504AC,Isolant SI,600,0.6,600,0,1416,1713.36,0,0,0,0,0,0,0,0,0,0,002200004174
20170412,01005292,Adamant SRL,Paysandu 923 (entre Crisologo Larralde y Lucena),01508BA,Isolant SI,720,1.44,720,0,2426.4,2935.94,0,0,0,0,0,0,0,0,0,0,002200004174
20170412,01005292,Adamant SRL,Paysandu 923 (entre Crisologo Larralde y Lucena),01552I,Isolant SI,15,3,600,15,3600,4356,0,0,0,0,0,0,0,0,0,0,002200004174
20170412,01005292,Adamant SRL,Paysandu 923 (entre Crisologo Larralde y Lucena),01500ASA,Isolant SI,13400,6.7,13400,0,19966,24158.86,0,0,0,0,0,0,0,0,0,0,002200004174
20170412,01005292,Adamant SRL,Paysandu 923 (entre Crisologo Larralde y Lucena),01552I,Isolant SI,60,12,2400,60,14400,17424,0,0,0,0,0,0,0,0,0,0,002200004174
20170412,01005292,Adamant SRL,Paysandu 923 (entre Crisologo Larralde y Lucena),01900A,Isolant SI,3,0.2262,0,3,3697.5,4473.97,0,0,0,0,0,0,0,0,0,0,002200004174
20170412,01005292,Adamant SRL,Paysandu 923 (entre Crisologo Larralde y Lucena),01507E,Isolant SI,6000,9,6000,0,37020,44794.2,0,0,0,0,0,0,0,0,0,0,002200004174
20170412,01005292,Adamant SRL,Paysandu 923 (entre Crisologo Larralde y Lucena),01504AC,Isolant SI,3400,3.4,3400,0,8024,9709.04,0,0,0,0,0,0,0,0,0,0,002200004174
20170412,01005292,Adamant SRL,Paysandu 923 (entre Crisologo Larralde y Lucena),01500D,Isolant SI,9000,4.5,9000,0,13410,16226.1,0,0,0,0,0,0,0,0,0,0,002200004174
20170412,01005292,Adamant SRL,,04C00291,Isolant SI,1,0,0,1,4418.91,4418.91,0,0,0,0,0,0,0,0,0,0,001300001537
20170412,03000480,Krasuk SRL,,04C00291,Esteban Bergamaschi,1,0,0,1,6400,6400,0,0,0,0,0,0,0,0,0,0,001300001539
20170412,03000480,Krasuk SRL,,04C00205,Esteban Bergamaschi,1,0,0,1,250,302.5,0,0,0,0,0,0,0,0,0,0,001300001539
20170412,07005106,Espa SA,Bv. de los Alemanes 3312,01550A,Meier,20,0.8,400,20,2871.72,3474.78,0,5,0,32.5,12,0,0,0,0,0,002200004179
20170412,07005106,Espa SA,Bv. de los Alemanes 3312,01551A,Meier,5,0.5,100,5,1400.68,1694.82,0,5,0,32.5,12,0,0,0,0,0,002200004179
20170412,07005106,Espa SA,Bv. de los Alemanes 3312,01552A,Meier,7,1.4,140,7,3440.38,4162.86,0,5,0,32.5,12,0,0,0,0,0,002200004179
20170412,07005106,Espa SA,Bv. de los Alemanes 3312,01555A,Meier,50,5,1000,50,16591.55,20075.77,0,5,0,32.5,12,0,0,0,0,0,002200004179
20170412,07005106,Espa SA,Bv. de los Alemanes 3312,01555C,Meier,6,0.6,120,6,0.57,0.69,0,5,0,0,0,0,0,0,0,0,002200004179
20170412,07005106,Espa SA,Bv. de los Alemanes 3312,01557A,Meier,40,8,800,40,20269.43,24526.01,0,5,0,32.5,12,0,0,0,0,0,002200004179
20170412,07005106,Espa SA,Bv. de los Alemanes 3312,01557C,Meier,12,2.4,240,12,1.14,1.38,0,5,0,0,0,0,0,0,0,0,002200004179
20170412,07005106,Espa SA,Bv. de los Alemanes 3312,01554BR,Meier,2,0.24,40,2,2199.71,2661.65,0,5,0,32.5,12,0,0,0,0,0,002200004179
20170412,16002850,Mafra Distribuidora SA,Iaccarini 50,01558ES,Leandro Diaz,80,16,1600,80,25440,30782.4,0,0,0,0,0,0,0,0,0,0,002200004204
20170412,27003779,Materiales Arcon SRL,San Martin 1058,01557A,Pedro Cocaña,2,0.4,40,2,1321.21,1598.66,0,3,0,21,4,0,0,0,0,0,001400000678
20170412,07005106,Espa SA,Bv. de los Alemanes 3312,01957A,Meier,20,0,0,20,1.9,2.3,0,5,0,0,0,0,0,0,0,0,002200004180
20170412,07005106,Espa SA,Bv. de los Alemanes 3312,01558BC,Meier,5,1,100,5,4469.19,5407.72,0,5,0,32.5,0,0,0,0,0,0,002200004180
20170412,07005106,Espa SA,Bv. de los Alemanes 3312,01960DA,Meier,3,0,0,3,6443.2,7796.27,0,5,0,32.5,0,0,0,0,0,0,002200004180
20170412,07005106,Espa SA,Bv. de los Alemanes 3312,01557AK,Meier,15,1.575,225,15,3458.59,4184.9,0,5,0,32.5,12,0,0,0,0,0,002200004180
20170412,07005106,Espa SA,Bv. de los Alemanes 3312,01555AR,Meier,100,10,2000,100,19950,24139.5,0,5,0,0,0,0,0,0,0,0,002200004180
20170412,07005106,Espa SA,Bv. de los Alemanes 3312,01558EC,Meier,15,3,300,15,6583.5,7966.03,0,5,0,0,0,0,0,0,0,0,002200004180
20170412,24005843,Grupo Cis SRL,Castro Barro 5144,01557AR,Diego Fani,30,6,600,30,10067.9,12182.16,0,0,0,30,12,0,0,0,0,0,002200004198
20170412,24005795,Foam Plus SRL,Domingo Victor Cochet 496,01558BR,Diego Fani,28,5.6,560,28,16942.24,20500.12,0,0,0,30,0,0,0,0,0,0,002200004200
20170412,31000312,Mas Daniel y Fernando SH,Zelarrayan 376,01550I,NN (Ex MDT),20,0.8,400,20,2101.4,2542.69,0,0,0,21,0,0,0,0,0,0,002200004187
20170412,31000312,Mas Daniel y Fernando SH,Zelarrayan 376,01551I,NN (Ex MDT),6,0.6,120,6,1217.23,1472.85,0,0,0,21,0,0,0,0,0,0,002200004187
20170412,31000312,Mas Daniel y Fernando SH,Zelarrayan 376,01700AC,NN (Ex MDT),4,0.48,0,4,2560.2,3097.84,0,0,0,21,0,0,0,0,0,0,002200004187
20170412,30004712,Agrupacion de Corralones Organizados Argentinos,Aranda 699,01555AK,Disapla,30,1.35,450,30,5259.87,6364.44,0,0,0,25,12,0,0,0,0,0,002200004189
20170412,30004712,Agrupacion de Corralones Organizados Argentinos,Aranda 699,01557AK,Disapla,30,3.15,450,30,8090.28,9789.24,0,0,0,25,12,0,0,0,0,0,002200004189
20170412,03000023,Industrias Saladillo SA,IS.SA. Planta Pilar,01525AH,Isolant SI,620,6.2,620,0,10360.2,12535.84,0,0,0,0,0,0,0,0,0,0,002200004190
20170412,14001329,Materiales Centro SA,Calle 20 nº 842,01551A,Disapla,10,1,200,10,3276.44,3964.49,0,0,0,25,12,0,0,0,0,0,002200004191
20170412,14001329,Materiales Centro SA,Calle 20 nº 842,01555A,Disapla,25,2.5,500,25,9702.66,11740.22,0,0,0,25,12,0,0,0,0,0,002200004191
20170412,14001329,Materiales Centro SA,Calle 20 nº 842,01555C,Disapla,3,0.3,60,3,0.3,0.36,0,0,0,0,0,0,0,0,0,0,002200004191
20170412,11001942,Cuello Alejandro Marcelo,Mandisovi 1349,01555AK,Disapla,25,1.125,375,25,5246.59,6348.37,0,0,0,21,0,0,0,0,0,0,002200004192
20170412,31001395,Climatec SRL,Santa Fe 345,01762A,NN (Ex MDT),25,1.27225,0,25,9672.77,11704.06,0,0,0,30,0,0,0,0,0,0,002200004193
20170412,31001395,Climatec SRL,Santa Fe 345,01764A,NN (Ex MDT),20,1.036728,0,20,7809.06,9448.96,0,0,0,30,0,0,0,0,0,0,002200004193
20170412,24002752,Rusma SRL,Crespo y Bv Segui,01559AA,Diego Fani,1000,10,1000,50,29634,35857.14,0,0,0,25,12,0,0,0,0,0,002200004196
20170412,24002752,Rusma SRL,Crespo y Bv Segui,01557C,Diego Fani,12,2.4,240,12,1.2,1.46,0,0,0,0,0,0,0,0,0,0,002200004196
20170412,24002752,Rusma SRL,Crespo y Bv Segui,01555MC,Diego Fani,800,6,800,40,36041.28,43609.94,0,0,0,25,12,0,0,0,0,0,002200004196
20170412,24002752,Rusma SRL,Crespo y Bv Segui,01555MA,Diego Fani,4,0.6,80,4,0.4,0.48,0,0,0,0,0,0,0,0,0,0,002200004196
20170412,24002752,Rusma SRL,Crespo y Bv Segui,01555AA,Diego Fani,500,2.5,500,25,9702,11739.42,0,0,0,25,12,0,0,0,0,0,002200004196
20170412,24002752,Rusma SRL,Crespo y Bv Segui,01555C,Diego Fani,6,0.6,120,6,0.6,0.72,0,0,0,0,0,0,0,0,0,0,002200004196
20170412,24002752,Rusma SRL,Eva Peron (Ex Cordoba) nº 8730,01555MC,Diego Fani,1000,7.5,1000,50,45051.6,54512.44,0,0,0,25,12,0,0,0,0,0,002200004197
20170412,24002752,Rusma SRL,Eva Peron (Ex Cordoba) nº 8730,01555MA,Diego Fani,5,0.75,100,5,0.5,0.6,0,0,0,0,0,0,0,0,0,0,002200004197
20170412,24002752,Rusma SRL,Eva Peron (Ex Cordoba) nº 8730,01559AA,Diego Fani,500,5,500,25,14817,17928.56,0,0,0,25,12,0,0,0,0,0,002200004197
20170412,24002752,Rusma SRL,Eva Peron (Ex Cordoba) nº 8730,01557C,Diego Fani,6,1.2,120,6,0.6,0.72,0,0,0,0,0,0,0,0,0,0,002200004197
20170412,24005795,Foam Plus SRL,Domingo Victor Cochet 496,01857A,Diego Fani,8,4,200,8,21568.52,26097.9,0,3,0,30,0,0,0,0,0,0,002200004199
20170412,16002240,Diaz Jorge Vidal,Av. Mazza Norte 3433,01558ES,Leandro Diaz,50,10,1000,50,15920,19263.2,0,0,0,0,0,0,0,0,0,0,002200004201
20170412,16002240,Diaz Jorge Vidal,Av. Mazza Norte 3433,01558EC,Leandro Diaz,170,34,3400,170,71400,86394,0,0,0,0,0,0,0,0,0,0,002200004201
20170412,16003025,Fopiani Ricardo Arturo,Libertad 534 Of. 6,01568BC,Leandro Diaz,800,8,800,40,41808,50587.68,0,0,0,25,0,0,0,0,0,0,002200004202
20170412,99088888,Ventas Contado,América 353,01555M,Isolant SA,2,0.3,40,2,1862.36,2253.46,0,0,0,0,0,0,0,0,0,0,002200000029

