﻿FechaTxt,Codigo_Cliente,Cliente,EntDir,Codigo_Articulo,Vendedor,cantidad,Mts3,Mts2,Rollos,Importe_Bruto,Importe_Neto,Dto_Contado,Dto_Flete,Dto_Especial,Bonificacion,Desc_Adicional,cantidad_elaborada,m2_ocupados,costo_unitario,costo_total_stock,Costo_de_venta
20170214,03001313,Prokrete Argentina SA,Austria Norte 2009,01900A,Esteban Bergamaschi,9,0.6786,0,9,25942.6,31390.54,0,0,0,10,0,0,0,0,0,0
20170214,03001313,Prokrete Argentina SA,Austria Norte 2009,01903A,Esteban Bergamaschi,7,0.53193,0,7,9667.85,11698.1,0,0,0,10,0,0,0,0,0,0
20170214,03001313,Prokrete Argentina SA,Austria Norte 2009,01905A,Esteban Bergamaschi,4,0.28472,0,4,3184.67,3853.45,0,0,0,10,0,0,0,0,0,0
20170214,03002676,Tempur Sealy Argentina SRL,Marcos Sastre 2300,01510AC,Fernando Palmas,1500,4.5,1500,1500,10770,13031.7,0,0,0,0,0,0,0,0,0,0
20170214,03002676,Tempur Sealy Argentina SRL,Marcos Sastre 2300,01510CC,Fernando Palmas,2250,6.75,2250,2250,16155,19547.55,0,0,0,0,0,0,0,0,0,0
20170214,29002098,Cisilotto Hnos SACIFEI,Colectora Gaona y Ruta 5,01957A,Hector Collia,2,0,0,2,0.2,0.24,0,0,0,0,0,0,0,0,0,0
20170214,29002098,Cisilotto Hnos SACIFEI,Colectora Gaona y Ruta 5,01557A,Hector Collia,105,21,2100,105,62230.71,75299.16,0,0,0,25,12,0,0,0,0,0
20170214,29002098,Cisilotto Hnos SACIFEI,Colectora Gaona y Ruta 5,01557C,Hector Collia,9,1.8,180,9,0.9,1.09,0,0,0,0,0,0,0,0,0,0
20170214,04002052,Disapla SA (Cipo),Estado de Israel 85,01555AK,Isolant SA,100,4.5,1500,100,15779.61,19093.33,0,0,0,32.5,12,0,0,0,0,0
20170214,03003975,Alfombras Martinez SRL,Colectora Panamericana 981,01603AC,Ventas Buenos Aires,10,0.5,250,10,2623.88,3174.89,0,0,0,30,0,0,0,0,0,0
20170214,03003975,Alfombras Martinez SRL,Colectora Panamericana 981,01603B,Ventas Buenos Aires,25,1.25,625,25,4957.05,5998.03,0,0,0,30,0,0,0,0,0,0
20170214,29000227,Moreno Alfredo German,Av. 44 nº 2721 entre 149/150,01524HC,Isolant SA,5100,51,5100,0,61200,74052,0,0,0,0,0,0,0,0,0,0
20170214,04004334,Fapex SA,Rio Potrero 175 (Esq. Rio de Rey) Barrio CinaCina,01514D,Isolant SI,9680,48.4,9680,9680,47819.2,57861.23,0,0,0,0,0,0,0,0,0,0
20170214,29002098,Cisilotto Hnos SACIFEI,Colectora Gaona y Ruta 5,01557A,Hector Collia,45,9,900,45,26670.3,32271.07,0,0,0,25,12,0,0,0,0,0
20170214,29002098,Cisilotto Hnos SACIFEI,Colectora Gaona y Ruta 5,01557C,Hector Collia,9,1.8,180,9,0.9,1.09,0,0,0,0,0,0,0,0,0,0
20170214,29002098,Cisilotto Hnos SACIFEI,Colectora Gaona y Ruta 5,01558BC,Hector Collia,30,6,600,30,31362.75,37948.93,0,0,0,25,0,0,0,0,0,0
20170214,04001309,Levits SA,Sucursal : Las Glicinas 309 - Acceso Oeste Km 70,01557A,Esteban Bergamaschi,10,2,200,10,7094.12,8583.89,0,0,0,21,0,0,0,0,0,0
20170214,19002677,Juanma SRL,Elordi 392,01957A,Isolant SA,1,0,0,1,0.1,0.12,0,0,0,0,0,0,0,0,0,0
20170214,19002677,Juanma SRL,Elordi 392,01957AA,Isolant SA,1,0,0,1,0.1,0.12,0,0,0,0,0,0,0,0,0,0
20170214,19002677,Juanma SRL,Elordi 392,01603AC,Isolant SA,20,1,500,20,5247.76,6349.79,0,0,0,30,0,0,0,0,0,0
20170214,07004868,Cerroplast SA,,04C00898,Meier,1,0,0,1,18.61,18.61,0,0,0,0,0,0,0,0,0,0
20170214,17000369,Macovalle SA,Pellegrini Y Ruta 7,01960DA,Disapla,4,0,0,4,10583.76,12806.35,0,0,0,21,0,0,0,0,0,0
20170214,31000402,Codimat SA,Don Bosco 1495,01557A,NN (Ex MDT),100,20,2000,100,61436.22,74337.83,3,4,7,21,0,0,0,0,0,0
20170214,31000402,Codimat SA,Don Bosco 1495,01557C,NN (Ex MDT),12,2.4,240,12,1.04,1.26,3,4,7,0,0,0,0,0,0,0
20170214,31000402,Codimat SA,Don Bosco 1495,01555A,NN (Ex MDT),50,5,1000,50,20115.46,24339.7,3,4,7,21,0,0,0,0,0,0
20170214,31000402,Codimat SA,Don Bosco 1495,01555C,NN (Ex MDT),6,0.6,120,6,0.52,0.63,3,4,7,0,0,0,0,0,0,0
20170214,31000402,Codimat SA,Don Bosco 1495,01554BC,NN (Ex MDT),20,2,400,20,14301.53,17304.85,3,4,7,21,0,0,0,0,0,0
20170214,22002136,Nicoletti Materiales SRL,Coronel Mercau 382,01555MC,Meier,2000,15,2000,100,94908.7,114839.54,0,0,0,21,12,0,0,0,0,0
20170214,22002136,Nicoletti Materiales SRL,Coronel Mercau 382,01555MA,Meier,10,1.5,200,10,1,1.22,0,0,0,0,0,0,0,0,0,0
20170214,22002136,Nicoletti Materiales SRL,Coronel Mercau 382,01550AA,Meier,1000,2,1000,50,8842.94,10699.96,0,0,0,21,12,0,0,0,0,0
20170214,22002136,Nicoletti Materiales SRL,Coronel Mercau 382,01957A,Meier,3,0,0,3,0.3,0.36,0,0,0,0,0,0,0,0,0,0
20170214,01005277,BAC Sociedad Anonima E,Luna 415,01764A,Luis Ramirez,10,0.518364,0,10,4406.54,5331.91,0,0,0,21,0,0,0,0,0,0
20170214,01005277,BAC Sociedad Anonima E,Luna 415,01766A,Luis Ramirez,12,0.47496,0,12,4086.35,4944.49,0,0,0,21,0,0,0,0,0,0
20170214,28002335,TUBACERO S.A.,Coronel Raiz 949,01550A,Fernando Palmas,10,0.4,200,10,1471.86,1471.86,0,0,0,0,0,0,0,0,0,0
20170214,28002335,TUBACERO S.A.,Coronel Raiz 949,01551A,Fernando Palmas,10,1,200,10,2568.87,2568.87,0,0,0,0,0,0,0,0,0,0
20170214,28002335,TUBACERO S.A.,Coronel Raiz 949,01555A,Fernando Palmas,150,15,3000,150,50467.05,50467.05,0,0,0,0,0,0,0,0,0,0
20170214,28002335,TUBACERO S.A.,Coronel Raiz 949,01557A,Fernando Palmas,200,40,4000,200,111200.4,111200.4,0,0,0,0,0,0,0,0,0,0
20170214,28002335,TUBACERO S.A.,Coronel Raiz 949,01558BC,Fernando Palmas,40,8,800,40,39706.56,39706.56,0,0,0,0,0,0,0,0,0,0
20170214,03000023,Industrias Saladillo SA,IS.SA. Planta Pilar,01525AH,Isolant SI,2400,24,2400,0,37824,45767.04,0,0,0,0,0,0,0,0,0,0
20170214,24005520,Nocelli Ariel Jesus,Cerrityo 1114/1122,01557AR,Isolant SA,50,10,1000,50,15695.14,18991.12,0,3,0,32.5,12,0,0,0,0,0
20170214,24005520,Nocelli Ariel Jesus,Cerrityo 1114/1122,01555AR,Isolant SA,50,5,1000,50,10204.15,12347.02,0,3,0,32.5,12,0,0,0,0,0
20170214,24005520,Nocelli Ariel Jesus,Cerrityo 1114/1122,01551I,Isolant SA,50,5,1000,50,7398.15,8951.76,0,3,0,32.5,12,0,0,0,0,0
20170214,24005520,Nocelli Ariel Jesus,Cerrityo 1114/1122,01558EC,Isolant SA,20,4,400,20,9253.45,11196.68,0,3,0,32.5,12,0,0,0,0,0
20170214,07004833,Budimir Andres Maximo y Budimir Juan Mateo S.H.,,04C00898,Meier,1,0,0,1,0.1,0.1,0,0,0,0,0,0,0,0,0,0
20170214,04004334,Fapex SA,Rio Potrero 175 (Esq. Rio de Rey) Barrio CinaCina,01514D,Isolant SI,9680,48.4,9680,9680,47819.2,57861.23,0,0,0,0,0,0,0,0,0,0
20170214,02000130,Telas Plasticas Miliavaca SA,Av. Hipolito Yrigoyen 11037,01552IC,Hector Collia,600,6,600,30,10500,12705,0,0,0,0,0,0,0,0,0,0
20170214,11002309,Walser Ruben Eliseo,,04C00898,Victor Casañas,1,0,0,1,0.01,0.01,0,0,0,0,0,0,0,0,0,0
20170214,31003944,Athenea Construcciones SRL,Av Hipolito Irigoyen 13480,01557A,Ventas Buenos Aires,25,5,500,25,17735.3,21459.72,0,0,0,21,0,0,0,0,0,0
20170214,31003944,Athenea Construcciones SRL,Av Hipolito Irigoyen 13480,01557C,Ventas Buenos Aires,3,0.6,60,3,0.3,0.36,0,0,0,0,0,0,0,0,0,0
20170214,31003944,Athenea Construcciones SRL,Av Hipolito Irigoyen 13480,01763A,Ventas Buenos Aires,3,0.141372,0,3,1203.25,1455.93,0,0,0,21,0,0,0,0,0,0
20170214,04004334,Fapex SA,Rio Potrero 175 (Esq. Rio de Rey) Barrio CinaCina,01524D,Isolant SI,1320,13.2,1320,0,11642.4,14087.3,0,0,0,0,0,0,0,0,0,0
20170214,04004334,Fapex SA,Rio Potrero 175 (Esq. Rio de Rey) Barrio CinaCina,01514D,Isolant SI,6820,34.1,6820,6820,33690.8,40765.87,0,0,0,0,0,0,0,0,0,0
20170214,02003852,Aglolam SA,Av Hipolito Yrigoyen 13107,01603B,Ventas Buenos Aires,80,4,2000,80,17902.03,21661.46,0,0,0,21,0,0,0,0,0,0
20170214,01005292,Adamant SRL,Paysandu 923 (entre Crisologo Larralde y Lucena),01508BA,Isolant SI,3120,6.24,3120,0,10514.4,12722.42,0,0,0,0,0,0,0,0,0,0

