﻿FechaTxt,Codigo_Cliente,Cliente,EntDir,Codigo_Articulo,Vendedor,cantidad,Mts3,Mts2,Rollos,Importe_Bruto,Importe_Neto,Dto_Contado,Dto_Flete,Dto_Especial,Bonificacion,Desc_Adicional,cantidad_elaborada,m2_ocupados,costo_unitario,costo_total_stock,Costo_de_venta,comp,C_Construccion,nomdoc
20171122,20003465,Promet Productos Metalurgicos S.R.L.,Av. Chile 1680,01557A,Pedro Cocaña,90,18,1800,90,54327.44,65736.2,0,3,0,25,12,0,0,0,0,24815.7,002200008676,N,Factura de Venta
20171122,04004334,Fapex SA,Rio Potrero 175 (Esq. Rio de Rey) Barrio CinaCina,01558A,Isolant SI,238,47.6,4760,238,104705.72,126693.92,0,0,0,0,0,0,0,0,0,61680.08,002200008645,N,Factura de Venta
20171122,31004346,Fauszleger Sociedad Anonima,Av. Jara 3063,01557AR,Ventas Buenos Aires,70,14,1400,70,27307.32,33041.85,0,0,0,21,12,0,0,0,0,16870,002200008648,N,Factura de Venta
20171122,31004346,Fauszleger Sociedad Anonima,Av. Jara 3063,01555M,Ventas Buenos Aires,20,3,400,20,20516.33,24824.75,0,0,0,21,12,0,0,0,0,11249.2,002200008648,N,Factura de Venta
20171122,03002606,Proietto Cesar Antonio,Tratado de Pilar 227,01514DA,Esteban Bergamaschi,500,2.5,500,500,10917.8,13210.54,0,0,0,21,0,0,0,0,0,2455,002200008654,N,Factura de Venta
20171122,10000181,Sagosa SCC,Av. Polonia 598,06X002VI,Norberto Oppezzo,1,0,0,1,0.1,0.12,0,3,0,0,0,0,0,0,0,0,002200008671,N,Factura de Venta
20171122,31004346,Fauszleger Sociedad Anonima,Av. Jara 3063,01555A,Ventas Buenos Aires,75,7.5,1500,75,32193.32,38953.92,0,0,0,21,12,0,0,0,0,12784.5,002200008647,N,Factura de Venta
20171122,31004346,Fauszleger Sociedad Anonima,Av. Jara 3063,01557A,Ventas Buenos Aires,85,17,1700,85,55717.26,67417.88,0,0,0,21,12,0,0,0,0,23437.05,002200008647,N,Factura de Venta
20171122,31004346,Fauszleger Sociedad Anonima,Av. Jara 3063,01557AR,Ventas Buenos Aires,40,8,800,40,15604.18,18881.06,0,0,0,21,12,0,0,0,0,9640,002200008647,N,Factura de Venta
20171122,03005223,Tubo Center SA,Av. Jose E.Uriburu 930 (ex Ruta 8) Pilar,01558ET,Levy,20,4,400,20,11385.8,13776.81,0,0,0,21,0,0,0,0,0,5062.2,002200008653,N,Factura de Venta
20171122,09002438,Suc De Gustavo Lagerheim SA,Ruta Nacional 11 Km.1005,01555M,Victor Casañas,15,2.25,300,15,13326.78,16125.41,0,3,0,32.5,12,0,0,0,0,8436.9,002200008656,N,Factura de Venta
20171122,09002438,Suc De Gustavo Lagerheim SA,Ruta Nacional 11 Km.1005,01654ON,Victor Casañas,3,0.504,0,3,1240.73,1501.28,0,3,0,32.5,12,0,0,0,0,890.25,002200008656,N,Factura de Venta
20171122,09002438,Suc De Gustavo Lagerheim SA,Ruta Nacional 11 Km.1005,01750A,Victor Casañas,5,0,0,5,3004.22,3635.11,0,3,0,32.5,0,0,0,0,0,956.75,002200008656,N,Factura de Venta
20171122,07000012,Natali Plasticos SRL,Alvear 1475,01555EC,Isolant SA,100,10,2000,100,21919.09,26522.1,0,3,0,0,0,0,0,0,0,16814,002200008657,N,Factura de Venta
20171122,07000012,Natali Plasticos SRL,Alvear 1475,01558ET,Isolant SA,100,20,2000,100,66890.23,80937.18,0,3,0,0,0,0,0,0,0,25311,002200008657,N,Factura de Venta
20171122,24003241,Orso Marcelo Ariel,Ruta 8 y G. Dimmer,01557A,Natali Plasticos (Vta Directa),30,6,600,30,17698.42,21415.09,0,0,10,21,12,0,0,0,0,8271.9,002200008680,N,Factura de Venta
20171122,24003241,Orso Marcelo Ariel,Ruta 8 y G. Dimmer,01555AR,Natali Plasticos (Vta Directa),35,3.5,700,35,7989.34,9667.1,0,0,10,21,12,0,0,0,0,4831.05,002200008680,N,Factura de Venta
20171122,03001935,Fama Carlos Mario,Sgo. del Estero 6579 D1,01558ET,Levy,10,2,200,10,5447.76,6591.79,0,0,0,21,0,0,0,0,0,2531.1,002200008651,N,Factura de Venta
20171122,04005905,Kaletra SRL,Francia 741,01950D,Victor Casañas,25,5.715,0,25,10737.9,12992.86,0,3,0,0,0,0,0,0,0,7969,002200008668,N,Factura de Venta
20171122,03004823,Saldaña Gilberto Orlando,Gaspar Campos 5282,01766A,Esteban Bergamaschi,50,1.979,0,50,18388.44,22250.01,0,0,0,21,0,0,0,0,0,2481.5,002200008652,N,Factura de Venta
20171122,16004720,Calderon Sociedad Anonima,Espejo Oeste 1000,01957M,Leandro Diaz,1,0,0,1,0.1,0.12,0,0,0,0,0,0,0,0,0,0,002200008683,S,Factura de Venta
20171122,24003241,Orso Marcelo Ariel,Ruta 8 y G. Dimmer,06X002QS,Natali Plasticos (Vta Directa),1,0,0,1,0.09,0.11,0,0,10,0,0,0,0,0,0,0,002200008679,N,Factura de Venta
20171122,24003241,Orso Marcelo Ariel,Ruta 8 y G. Dimmer,01555AR,Natali Plasticos (Vta Directa),30,3,600,30,6848.01,8286.09,0,0,10,21,12,0,0,0,0,4140.9,002200008679,N,Factura de Venta
20171122,24003241,Orso Marcelo Ariel,Ruta 8 y G. Dimmer,01557AR,Natali Plasticos (Vta Directa),30,6,600,30,10532.82,12744.71,0,0,10,21,12,0,0,0,0,7230,002200008679,N,Factura de Venta
20171122,24003241,Orso Marcelo Ariel,Ruta 8 y G. Dimmer,01555A,Natali Plasticos (Vta Directa),20,2,400,20,7726.4,9348.94,0,0,10,21,12,0,0,0,0,3409.2,002200008679,N,Factura de Venta
20171122,24003241,Orso Marcelo Ariel,Ruta 8 y G. Dimmer,01557A,Natali Plasticos (Vta Directa),20,4,400,20,11798.95,14276.73,0,0,10,21,12,0,0,0,0,5514.6,002200008679,N,Factura de Venta
20171122,24003241,Orso Marcelo Ariel,Ruta 8 y G. Dimmer,01555A,Natali Plasticos (Vta Directa),30,3,600,30,11589.6,14023.41,0,0,10,21,12,0,0,0,0,5113.8,002200008680,N,Factura de Venta
20171122,04004334,Fapex SA,Rio Potrero 175 (Esq. Rio de Rey) Barrio CinaCina,01552IF,Isolant SI,100,20,4000,100,22822,27614.62,0,0,0,0,0,0,0,0,0,20326,002200008670,N,Factura de Venta
20171122,04004334,Fapex SA,Rio Potrero 175 (Esq. Rio de Rey) Barrio CinaCina,01558ESF,Isolant SI,34,6.8,680,34,10462.82,12660.01,0,0,0,0,0,0,0,0,0,10047.68,002200008670,N,Factura de Venta
20171122,24003241,Orso Marcelo Ariel,Ruta 8 y G. Dimmer,06C001CO,Natali Plasticos (Vta Directa),1,0,0,1,0.09,0.11,0,0,10,0,0,0,0,0,0,0,002200008679,N,Factura de Venta
20171122,24003241,Orso Marcelo Ariel,Ruta 8 y G. Dimmer,06M001BA,Natali Plasticos (Vta Directa),1,0,0,1,0.09,0.11,0,0,10,0,0,0,0,0,0,0,002200008679,N,Factura de Venta
20171122,24003241,Orso Marcelo Ariel,Ruta 8 y G. Dimmer,06X002VI,Natali Plasticos (Vta Directa),1,0,0,1,0.09,0.11,0,0,10,0,0,0,0,0,0,0,002200008679,N,Factura de Venta
20171122,24003241,Orso Marcelo Ariel,Ruta 8 y G. Dimmer,01957M,Natali Plasticos (Vta Directa),1,0,0,1,0.09,0.11,0,0,10,0,0,0,0,0,0,0,002200008679,N,Factura de Venta
20171122,30004285,A P Argentina SA,Camusso 366,01510CC,Fernando Palmas,300,0.9,300,300,1833,2217.93,0,0,0,0,0,0,0,0,0,1170,002200008665,N,Factura de Venta
20171122,30004285,A P Argentina SA,Camusso 366,01515BE,Fernando Palmas,2250,11.25,2250,0,25762.5,31172.63,0,0,0,0,0,0,0,0,0,18135,002200008665,N,Factura de Venta
20171122,30004285,A P Argentina SA,Camusso 366,01515BG,Fernando Palmas,400,2,400,0,4580,5541.8,0,0,0,0,0,0,0,0,0,3224,002200008665,N,Factura de Venta
20171122,30004285,A P Argentina SA,Camusso 366,01654ACP,Fernando Palmas,60,1.2,60,0,4920.6,5953.93,0,0,0,0,0,0,0,0,0,1500.6,002200008665,N,Factura de Venta
20171122,04005905,Kaletra SRL,Francia 741,01552I,Hector Collia,10,2,400,10,3183.68,3852.26,0,3,0,32.5,12,0,0,0,0,2018.3,002200008666,N,Factura de Venta
20171122,04004334,Fapex SA,Rio Potrero 175 (Esq. Rio de Rey) Barrio CinaCina,01557ARF,Isolant SI,45,9,900,45,12295.35,14877.37,0,0,0,0,0,0,0,0,0,10845,002200008670,N,Factura de Venta
20171122,02002035,Maderera Rosati S.A.,Av. Pres. Dr. Néstor Kirchner 2196,01557A,Hector Collia,6,1.2,120,6,4469.3,5407.85,0,0,0,21,0,0,0,0,0,1654.38,002200008662,N,Factura de Venta
20171122,04005689,Polifoam SRL,Alte. Brown 3985,01901A,Isolant SI,3,0.23562,0,3,5132.55,6210.38,0,0,0,30,0,0,0,0,0,2709.03,002200008664,N,Factura de Venta
20171122,04005689,Polifoam SRL,Alte. Brown 3985,01903A,Isolant SI,2,0.15198,0,2,2238.14,2708.15,0,0,0,30,0,0,0,0,0,1311.72,002200008664,N,Factura de Venta
20171122,04005689,Polifoam SRL,Alte. Brown 3985,01905A,Isolant SI,2,0.14236,0,2,1348.9,1632.17,0,0,0,30,0,0,0,0,0,810.38,002200008664,N,Factura de Venta
20171122,01005462,Servicios Simatsa SRL,Martin Rodriguez 3027,01558ET,Levy,10,2,200,10,5692.9,6888.41,0,0,0,21,0,0,0,0,0,2531.1,002200008650,N,Factura de Venta
20171122,01005462,Servicios Simatsa SRL,Martin Rodriguez 3027,01558EC,Levy,11,2.2,220,11,7690.56,9305.58,0,0,0,21,0,0,0,0,0,4691.17,002200008650,N,Factura de Venta
20171122,07000012,Natali Plasticos SRL,Alvear 1475,01555A,Isolant SA,120,12,2400,120,42690.79,51655.86,0,3,0,32.5,12,0,0,0,0,20455.2,002200008659,N,Factura de Venta
20171122,02005979,Constructora Fagua SRL,Calle 21 Nº224 Esq. 102,01555AR,Hector Collia,10,1,200,10,2745,3321.45,0,0,0,25,4,0,0,0,0,1380.3,002200008661,N,Factura de Venta
20171122,02005979,Constructora Fagua SRL,Calle 21 Nº224 Esq. 102,01557AR,Hector Collia,20,4,400,20,8444.02,10217.26,0,0,0,25,4,0,0,0,0,4820,002200008661,N,Factura de Venta
20171122,02005979,Constructora Fagua SRL,Calle 21 Nº224 Esq. 102,01552I,Hector Collia,20,4,800,20,7956.72,9627.63,0,0,0,25,4,0,0,0,0,4036.6,002200008661,N,Factura de Venta
20171122,02005979,Constructora Fagua SRL,Calle 21 Nº224 Esq. 102,01555M,Hector Collia,5,0.75,100,5,5551.09,6716.82,0,0,0,25,4,0,0,0,0,2812.3,002200008661,N,Factura de Venta
20171122,02002035,Maderera Rosati S.A.,Av. Pres. Dr. Néstor Kirchner 2196,01555M,Hector Collia,20,3,400,20,23314.01,28209.95,0,0,0,21,0,0,0,0,0,11249.2,002200008662,N,Factura de Venta
20171122,07002231,Acerco SA,Bv. Domingo Zipoli Nº 440,01569BC,Meier,15,4.5,300,15,21100.16,25531.2,0,0,0,25,0,0,0,0,0,10283.4,002200008678,N,Factura de Venta
20171122,29000227,Moreno Alfredo German,Av. 44 nº 2721 entre 149/150,01524HC,Isolant SA,5400,54,5400,0,74520,90169.2,0,0,0,0,0,0,0,0,0,60966,002200008646,S,Factura de Venta
20171122,20003465,Promet Productos Metalurgicos S.R.L.,Av. Chile 1680,01558EC,Pedro Cocaña,100,20,2000,100,45007.76,54459.39,0,3,15,25,12,0,0,0,0,42647,002200008675,N,Factura de Venta
20171122,03004075,Comercial CMP SA,Ruta Panamericana Km. 39.5 Nº1166,01555A,Hector Collia,50,5,1000,50,21292.26,25763.63,0,0,0,25,12,0,0,0,0,8523,002200008649,N,Factura de Venta
20171122,07000012,Natali Plasticos SRL,Alvear 1475,01550I,Isolant SA,40,2.8,1400,40,2809.9,3399.97,0,3,0,0,0,0,0,0,0,1726,002200008658,N,Factura de Venta
20171122,07000012,Natali Plasticos SRL,Alvear 1475,01558ET,Isolant SA,40,8,800,40,14144.93,17115.36,0,3,0,0,0,0,0,0,0,10124.4,002200008658,N,Factura de Venta
20171122,09002438,Suc De Gustavo Lagerheim SA,Ruta Nacional 11 Km.1005,01555AR,Victor Casañas,200,20,4000,200,40660.31,49198.98,0,0,0,32.5,21,0,0,0,0,27606,002200008655,N,Factura de Venta
20171122,09002438,Suc De Gustavo Lagerheim SA,Ruta Nacional 11 Km.1005,01557A,Victor Casañas,55,11,1100,55,32190.4,38950.39,0,0,0,32.5,12,0,0,0,0,15165.15,002200008655,N,Factura de Venta
20171122,07003959,Planear SRL,Av Armada Argentina 947,01558EC,Meier,91,18.2,1820,91,51932.98,62838.91,0,0,0,25,8,0,0,0,0,38808.77,002200008677,N,Factura de Venta
20171122,07002231,Acerco SA,Bv. Domingo Zipoli Nº 440,06C001TG,Meier,1,0,0,1,0.1,0.12,0,0,0,0,0,0,0,0,0,0,002200008678,N,Factura de Venta
20171122,07002231,Acerco SA,Bv. Domingo Zipoli Nº 440,01554BC,Meier,20,2,400,20,16955.85,20516.58,0,0,0,25,0,0,0,0,0,8291.2,002200008678,N,Factura de Venta
20171122,07002231,Acerco SA,Bv. Domingo Zipoli Nº 440,01558BC,Meier,135,27,2700,135,149727.49,181170.26,0,0,0,25,0,0,0,0,0,75411,002200008678,N,Factura de Venta
20171122,10000181,Sagosa SCC,Av. Polonia 598,06X001MT,Norberto Oppezzo,1,0,0,1,0.1,0.12,0,3,0,0,0,0,0,0,0,0,002200008671,N,Factura de Venta
20171122,10000181,Sagosa SCC,Av. Polonia 598,06X002MT,Norberto Oppezzo,1,0,0,1,0.1,0.12,0,3,0,0,0,0,0,0,0,0,002200008671,N,Factura de Venta
20171122,10000181,Sagosa SCC,Av. Polonia 598,01557A,Norberto Oppezzo,110,22,2200,110,69913.87,84595.79,0,3,0,30,5,0,0,0,0,30330.3,002200008671,N,Factura de Venta
20171122,10000181,Sagosa SCC,Av. Polonia 598,01905A,Norberto Oppezzo,4,0.28472,0,4,3343.29,4045.38,0,3,0,30,0,0,0,0,0,1620.76,002200008671,N,Factura de Venta
20171122,09002438,Suc De Gustavo Lagerheim SA,Ruta Nacional 11 Km.1005,01550I,Victor Casañas,100,7,3500,100,7633.47,9236.5,0,0,0,32.5,21,0,0,0,0,4315,002200008655,N,Factura de Venta
20171122,09002438,Suc De Gustavo Lagerheim SA,Ruta Nacional 11 Km.1005,01551I,Victor Casañas,60,6,1200,60,8843.42,10700.54,0,0,0,32.5,21,0,0,0,0,4929.6,002200008655,N,Factura de Venta
20171122,16005687,Plafal SRL,Manuel A. Saenz y Acceso Norte,01550IC,Leandro Diaz,600,1.2,600,30,2638.94,3193.12,0,0,0,30,12,0,0,0,0,730.89,002200008682,S,Factura de Venta
20171122,03004075,Comercial CMP SA,Ruta Panamericana Km. 39.5 Nº1166,01555C,Hector Collia,6,0.6,120,6,0.6,0.73,0,0,0,0,0,0,0,0,0,129.15,002200008649,N,Factura de Venta
20171122,07000012,Natali Plasticos SRL,Alvear 1475,01555C,Isolant SA,24,2.4,480,24,2.33,2.82,0,3,0,0,0,0,0,0,0,516.61,002200008659,N,Factura de Venta
20171122,24003241,Orso Marcelo Ariel,Ruta 8 y G. Dimmer,01555C,Natali Plasticos (Vta Directa),6,0.6,120,6,0.54,0.65,0,0,10,0,0,0,0,0,0,129.15,002200008680,N,Factura de Venta
20171122,31004346,Fauszleger Sociedad Anonima,Av. Jara 3063,01555C,Ventas Buenos Aires,9,0.9,180,9,0.9,1.09,0,0,0,0,0,0,0,0,0,193.73,002200008647,N,Factura de Venta
20171122,20004579,Sand Christian Rodolfo,Av. Constitucion Nacional 55,01555ARC,Pedro Cocaña,100,0.5,100,5,1399.26,1693.1,0,3,0,21,0,0,0,0,0,102.99,002200008674,S,Factura de Venta
20171122,02002035,Maderera Rosati S.A.,Av. Pres. Dr. Néstor Kirchner 2196,01555MA,Hector Collia,2,0.3,40,2,0.2,0.24,0,0,0,0,0,0,0,0,0,1035.73,002200008662,N,Factura de Venta
20171122,09002438,Suc De Gustavo Lagerheim SA,Ruta Nacional 11 Km.1005,01555MA,Victor Casañas,1,0.15,20,1,0.1,0.12,0,3,0,0,0,0,0,0,0,517.87,002200008656,N,Factura de Venta
20171122,20003465,Promet Productos Metalurgicos S.R.L.,Av. Chile 1680,01557C,Pedro Cocaña,10,2,200,10,0.97,1.17,0,3,0,0,0,0,0,0,0,296.53,002200008676,N,Factura de Venta
20171122,09002438,Suc De Gustavo Lagerheim SA,Ruta Nacional 11 Km.1005,01557C,Victor Casañas,24,4.8,480,24,2.4,2.9,0,0,0,0,0,0,0,0,0,711.67,002200008655,N,Factura de Venta
20171122,20004663,Corralon San Lorenzo S.R.L.,Italia 1500,01559AA,Pedro Cocaña,1000,10,1000,50,34678.44,41960.92,0,3,0,21,4,0,0,0,0,1482.65,002200008672,S,Factura de Venta
20171122,20004663,Corralon San Lorenzo S.R.L.,Italia 1500,01557C,Pedro Cocaña,6,1.2,120,6,0.58,0.7,0,3,0,0,0,0,0,0,0,177.92,002200008672,S,Factura de Venta
20171122,24003241,Orso Marcelo Ariel,Ruta 8 y G. Dimmer,01557C,Natali Plasticos (Vta Directa),4,0.8,80,4,0.36,0.44,0,0,10,0,0,0,0,0,0,118.61,002200008680,N,Factura de Venta
20171122,31004346,Fauszleger Sociedad Anonima,Av. Jara 3063,01557C,Ventas Buenos Aires,15,3,300,15,1.5,1.82,0,0,0,0,0,0,0,0,0,444.79,002200008647,N,Factura de Venta
20171122,20004579,Sand Christian Rodolfo,Av. Constitucion Nacional 55,01557ARC,Pedro Cocaña,200,2,200,10,4300.48,5203.58,0,3,0,21,0,0,0,0,0,250.92,002200008673,S,Factura de Venta
20171122,20004579,Sand Christian Rodolfo,Av. Constitucion Nacional 55,01557ARC,Pedro Cocaña,200,2,200,10,4300.48,5203.58,0,3,0,21,0,0,0,0,0,250.92,002200008674,S,Factura de Venta
20171122,02003757,Carmona Leonardo Esteban,Tte Juan D. Perón 3908,01557ARC,Ventas Buenos Aires,1000,10,1000,50,19507.32,23603.84,0,0,0,21,12,0,0,0,0,1254.62,002200008660,S,Factura de Venta
20171122,16005687,Plafal SRL,Manuel A. Saenz y Acceso Norte,01557ARC,Leandro Diaz,2000,20,2000,100,36122.24,43707.92,0,0,0,30,12,0,0,0,0,2509.23,002200008682,S,Factura de Venta
20171122,16005687,Plafal SRL,Manuel A. Saenz y Acceso Norte,01558ECC,Leandro Diaz,1100,11,1100,55,29977.02,36272.2,0,0,0,30,12,0,0,0,0,20668.04,002200008682,S,Factura de Venta
20171122,04001855,Fernandez Pablo Marcelo,Av. Muñiz 298,01558ETC,Levy,300,3,300,15,8167.02,9882.1,0,0,0,21,0,0,0,0,0,509.68,002200008663,S,Factura de Venta
20171122,16004720,Calderon Sociedad Anonima,Espejo Oeste 1000,01558ETC,Leandro Diaz,300,3,300,15,6823.08,8255.92,0,0,0,25,12,0,0,0,0,509.68,002200008683,S,Factura de Venta
20171122,16005658,Majul Ariel Horacio,Av. Sarmiento 856,01570BD,Leandro Diaz,1240,18.6,1240,62,81644.78,98790.18,0,0,0,30,4,0,0,0,0,50018.96,002200008681,S,Factura de Venta
20171122,04005905,Kaletra SRL,Francia 741,01654D,Victor Casañas,320,6.4,320,0,11270.62,13637.46,0,3,0,0,0,0,0,0,0,8627.2,002200008667,N,Factura de Venta
20171122,04005967,Barros Roberto Hector,,04C00898,Fernando Palmas,1,0,0,1,0.42,0.42,0,0,0,0,0,0,0,0,0,,000000011337,,Débito (Ajustes)
20171122,03005223,Tubo Center SA,,04C00898,Levy,1,0,0,1,0.02,0.02,0,0,0,0,0,0,0,0,0,,000000011339,,Débito (Ajustes)
20171122,24005722,Mathilde SRL,,04C00898,Meier,1,0,0,1,0.01,0.01,0,0,0,0,0,0,0,0,0,,000000011341,,Débito (Ajustes)
20171122,01001581,Reld SACIFIA,,04C00898,Levy,1,0,0,1,0.24,0.24,0,0,0,0,0,0,0,0,0,,000000011340,,Débito (Ajustes)
20171122,30004285,A P Argentina SA,Camusso 366,01789A,Fernando Palmas,2,0.1484406,0,2,1011.36,1223.75,0,0,0,0,0,0,0,0,0,1405.97,002200008665,N,Factura de Venta
20171122,31000402,Codimat SA,,04C00898,Norberto Oppezzo,1,0,0,1,0.69,0.69,0,0,0,0,0,0,0,0,0,,000000011338,,Débito (Ajustes)
20171122,04005905,Kaletra SRL,Francia 741,01658D,Victor Casañas,706.92,21.2076,706.92,0,53149.57,64310.98,0,3,0,0,0,0,0,0,0,28997.86,002200008669,N,Factura de Venta

