﻿FechaTxt,Codigo_Cliente,Cliente,EntDir,Codigo_Articulo,Vendedor,cantidad,Mts3,Mts2,Rollos,Importe_Bruto,Importe_Neto,Dto_Contado,Dto_Flete,Dto_Especial,Bonificacion,Desc_Adicional,cantidad_elaborada,m2_ocupados,costo_unitario,costo_total_stock,Costo_de_venta,comp,C_Construccion,nomdoc
20170719,03000023,Industrias Saladillo SA,IS.SA. Planta Pilar,01525AH,Isolant SI,360,3.6,360,0,5173.2,6259.57,0,0,0,0,0,0,0,0,0,1631.46,002200006109,N,Factura de Venta
20170719,07003912,Masider SA,Isabel La Catolica 390,01558BC,Meier,150,30,3000,150,161518.5,195437.38,0,0,0,25,0,0,0,0,0,64924.14,002200006114,N,Factura de Venta
20170719,24002752,Rusma SRL,Bv. Seguí & Crespo,06C001CO,Diego Fani,1,0,0,1,0.1,0.12,0,0,0,0,0,0,0,0,0,0,002200006101,S,Factura de Venta
20170719,03000023,Industrias Saladillo SA,IS.SA. Planta Pilar,01525AH,Isolant SI,400,4,400,0,5748,6955.08,0,0,0,0,0,0,0,0,0,1812.74,002200006108,N,Factura de Venta
20170719,03000023,Industrias Saladillo SA,IS.SA. Planta Pilar,01784BA,Isolant SI,2,0.0528,0,2,211.18,255.53,0,0,0,0,0,0,0,0,0,196.26,002200006115,N,Factura de Venta
20170719,31000402,Codimat SA,Don Bosco 1495,01557A,Norberto Oppezzo,200,40,4000,200,108127.75,130834.58,3,4,7,21,12,0,0,0,0,14490.69,002200006116,N,Factura de Venta
20170719,30003904,Malelu SRL,Av. Tucuman 2692,01558BC,Ventas Buenos Aires,40,8,800,40,45368.75,54896.19,0,0,0,21,0,0,0,0,0,17313.1,002200006097,N,Factura de Venta
20170719,03005774,Grupo Comercial Norte SRL,Ruta Nacional 8 KM 48 (entre Robledal y Ceibos),06C001CO,Esteban Bergamaschi,1,0,0,1,0.1,0.12,0,0,0,0,0,0,0,0,0,0,002200006098,N,Factura de Venta
20170719,03005774,Grupo Comercial Norte SRL,Ruta Nacional 8 KM 48 (entre Robledal y Ceibos),01655ON,Esteban Bergamaschi,20,3.36,0,20,11944.8,14453.21,0,0,0,21,0,0,0,0,0,8207.99,002200006098,N,Factura de Venta
20170719,03003300,Aserradero Vagol SRL,Av. San Martin 1188,06C001CO,Esteban Bergamaschi,1,0,0,1,0.1,0.12,0,0,0,0,0,0,0,0,0,0,002200006092,N,Factura de Venta
20170719,03003300,Aserradero Vagol SRL,Av. San Martin 1188,06C001PI,Esteban Bergamaschi,1,0,0,1,0.1,0.12,0,0,0,0,0,0,0,0,0,0,002200006092,N,Factura de Venta
20170719,03003300,Aserradero Vagol SRL,Av. San Martin 1188,01603A,Esteban Bergamaschi,200,10,5000,200,22200,26862,0,0,0,0,0,0,0,0,0,6342.39,002200006092,N,Factura de Venta
20170719,11000969,Bourlot Nestor Conrado,Bolivar e Italia,01550I,Victor Casañas,20,0.8,400,20,1915.2,2317.39,0,0,0,25,4,0,0,0,0,907.51,002200006093,N,Factura de Venta
20170719,11000969,Bourlot Nestor Conrado,Bolivar e Italia,01552I,Victor Casañas,30,6,1200,30,11088.58,13417.18,0,0,0,25,4,0,0,0,0,874.19,002200006093,N,Factura de Venta
20170719,30001635,Edgardo R Ponthot e Hijos CIA,Av. Juan Domingo Peron 936,01555EC,Ventas Buenos Aires,50,5,1000,50,15736.8,19041.53,0,0,0,21,4,0,0,0,0,3356.74,002200006096,N,Factura de Venta
20170719,07003238,Cooperativa de Provision de Servicios para Comerciantes,Casa Central - Ruta 9 Sur Km 689,01557AR,Meier,20,4,400,20,6210.72,7514.97,0,0,5,25,20,0,0,0,0,1195.35,002200006111,N,Factura de Venta
20170719,07003238,Cooperativa de Provision de Servicios para Comerciantes,Casa Central - Ruta 9 Sur Km 689,01557A,Meier,100,20,2000,100,56303.97,68127.81,0,0,5,25,12,0,0,0,0,7245.34,002200006113,N,Factura de Venta
20170719,07000012,Natali Plasticos SRL,,04C00291,Isolant SA,1,0,0,1,442.5,442.5,0,0,0,0,0,0,0,0,0,0,001300001593,,Débito de Venta
20170719,02005654,Nesue SRL,Rodolfo Lopez 1433,01550I,Hector Collia,50,2,1000,50,5253.5,6356.73,0,0,0,21,0,0,0,0,0,2268.77,002200006085,N,Factura de Venta
20170719,01004209,Brifitel SRL,Pasteur 677,01654QC,Hector Collia,100,2,100,0,8864.1,10725.56,0,0,0,30,10,0,0,0,0,2792.59,002200006086,N,Factura de Venta
20170719,01004209,Brifitel SRL,Pasteur 677,01524DC,Hector Collia,250,2.5,250,0,6342.53,7674.46,0,0,0,30,10,0,0,0,0,1780.9,002200006086,N,Factura de Venta
20170719,02002202,Simmons De Argentina SAIC,Heredia 626,01524D,Isolant SI,200,2,200,0,5476,6625.96,0,0,0,0,0,0,0,0,0,1223.16,002200006087,N,Factura de Venta
20170719,04005689,Polifoam SRL,Alte. Brown 3985,01766A,Isolant SI,12,0.47496,0,12,1898.88,2297.64,0,0,0,0,0,0,0,0,0,676.5,002200006094,N,Factura de Venta
20170719,04005689,Polifoam SRL,Alte. Brown 3985,01761A,Isolant SI,9,0.58527,0,9,2280.96,2759.96,0,0,0,0,0,0,0,0,0,836.43,002200006095,N,Factura de Venta
20170719,02005702,Caps Ram,J. Díaz Solís 3535,01510D,Levy,1800,5.4,1800,1800,19548,23653.08,0,0,0,25,0,0,0,0,0,7537.68,002200006088,N,Factura de Venta
20170719,24003194,Coco Mario,Lamadrid 280 (esq. Ayacucho),01558BC,Diego Fani,100,20,2000,100,98203.25,118825.93,0,0,5,25,4,0,0,0,0,43282.76,002200006099,N,Factura de Venta
20170719,07003238,Cooperativa de Provision de Servicios para Comerciantes,Casa Central - Ruta 9 Sur Km 689,01557AR,Meier,6,1.2,120,6,1863.22,2254.49,0,0,5,25,20,0,0,0,0,358.6,002200006110,N,Factura de Venta
20170719,01000769,Gadaes SA,Warnes 940,01552I,Levy,20,4,800,20,8111.09,9814.42,0,0,0,21,0,0,0,0,0,582.79,002200006107,N,Factura de Venta
20170719,03003751,Indupoles Argentina SA,Parque Ind. Campana - Km70 de Panamericana - Lote 12,01506CIN,Isolant SI,9900,14.85,9900,9900,28413,34379.73,0,0,0,0,0,0,0,0,0,15163.82,002200006082,N,Factura de Venta
20170719,03003751,Indupoles Argentina SA,Parque Ind. Campana - Km70 de Panamericana - Lote 12,01500CIN,Isolant SI,36750,18.375,36750,36750,55860,67590.6,0,0,0,0,0,0,0,0,0,48482.75,002200006082,N,Factura de Venta
20170719,29002098,Cisilotto Hnos SACIFEI,Colectora Gaona y Ruta 5,01557A,Hector Collia,100,20,2000,100,59267.34,71713.48,0,0,0,25,12,0,0,0,0,7245.34,002200006091,N,Factura de Venta
20170719,29002098,Cisilotto Hnos SACIFEI,Colectora Gaona y Ruta 5,01558BC,Hector Collia,19,3.8,380,19,20459.01,24755.4,0,0,0,25,0,0,0,0,0,8223.72,002200006091,N,Factura de Venta
20170719,02002202,Simmons De Argentina SAIC,Heredia 626,01514D,Isolant SI,400,2,400,400,4700,5687,0,0,0,0,0,0,0,0,0,2365.15,002200006087,N,Factura de Venta
20170719,31000402,Codimat SA,Don Bosco 1495,01558BC,Norberto Oppezzo,30,6,600,30,29467.55,35655.73,3,4,7,21,0,0,0,0,0,12984.83,002200006116,N,Factura de Venta
20170719,31000402,Codimat SA,Don Bosco 1495,01558AL,Norberto Oppezzo,30,6,1200,30,22264.75,26940.35,3,4,7,21,12,0,0,0,0,9536.7,002200006116,N,Factura de Venta
20170719,22005000,Nodar Oscar Pablo,Granederos Requeños 567,01554BC,Leandro Diaz,5,0.5,100,5,4252.41,5145.42,0,0,0,21,0,0,0,0,0,1471.98,002200006105,N,Factura de Venta
20170719,22005000,Nodar Oscar Pablo,Granederos Requeños 567,01558BC,Leandro Diaz,5,1,100,5,5671.09,6862.02,0,0,0,21,0,0,0,0,0,2164.14,002200006105,N,Factura de Venta
20170719,22005000,Nodar Oscar Pablo,Granederos Requeños 567,01555A,Leandro Diaz,25,2.5,500,25,11613.79,14052.69,0,0,0,21,0,0,0,0,0,1120.83,002200006105,N,Factura de Venta
20170719,03002793,Chindamo Francisco Juan,Pte. Derqui 4993,01850A,Esteban Bergamaschi,15,1.875,375,15,7368.37,8915.73,0,0,0,30,0,0,0,0,0,1302.45,002200006106,N,Factura de Venta
20170719,07003238,Cooperativa de Provision de Servicios para Comerciantes,Casa Central - Ruta 9 Sur Km 689,01552IC,Meier,100,1,100,5,1463.76,1771.14,0,0,5,25,20,0,0,0,0,145.7,002200006112,S,Factura de Venta
20170719,22005000,Nodar Oscar Pablo,Granederos Requeños 567,01555C,Leandro Diaz,3,0.3,60,3,0.3,0.36,0,0,0,0,0,0,0,0,0,134.5,002200006105,N,Factura de Venta
20170719,29002554,Perkusic Hnos SRL,Rivadavia 1327,01555AA,Hector Collia,2000,10,2000,100,38808,46957.68,0,0,0,25,12,0,0,0,0,4483.31,002200006089,S,Factura de Venta
20170719,29002554,Perkusic Hnos SRL,Rivadavia 1327,01555C,Hector Collia,12,1.2,240,12,1.2,1.46,0,0,0,0,0,0,0,0,0,538,002200006089,S,Factura de Venta
20170719,29002554,Perkusic Hnos SRL,Rivadavia 1327,01555EDC,Hector Collia,1200,6,1200,60,24504.48,29650.42,0,0,0,25,12,0,0,0,0,19378.28,002200006090,S,Factura de Venta
20170719,24002752,Rusma SRL,Bv. Seguí & Crespo,01555MC,Diego Fani,1000,7.5,1000,50,46398,56141.58,0,0,0,25,12,0,0,0,0,24363.61,002200006101,S,Factura de Venta
20170719,24002752,Rusma SRL,Bv. Seguí & Crespo,01555MA,Diego Fani,5,0.75,100,5,0.5,0.6,0,0,0,0,0,0,0,0,0,2436.36,002200006101,S,Factura de Venta
20170719,03004782,Estilo Country SA,Mariano Pelliza 3537,01555MC,Levy,320,2.4,320,16,17771.84,21503.92,0,0,0,21,0,0,0,0,0,7796.36,002200006104,S,Factura de Venta
20170719,03004782,Estilo Country SA,Mariano Pelliza 3537,01555MA,Levy,1,0.15,20,1,0.1,0.12,0,0,0,0,0,0,0,0,0,487.27,002200006104,S,Factura de Venta
20170719,29002554,Perkusic Hnos SRL,Rivadavia 1327,01555MC,Hector Collia,1000,7.5,1000,50,46398,56141.58,0,0,0,25,12,0,0,0,0,24363.61,002200006089,S,Factura de Venta
20170719,29002554,Perkusic Hnos SRL,Rivadavia 1327,01555MA,Hector Collia,5,0.75,100,5,0.5,0.6,0,0,0,0,0,0,0,0,0,2436.36,002200006089,S,Factura de Venta
20170719,24002752,Rusma SRL,Av. Eva Perón 8730,01559AA,Diego Fani,1000,10,1000,50,29634,35857.14,0,0,0,25,12,0,0,0,0,3622.67,002200006103,S,Factura de Venta
20170719,24002752,Rusma SRL,Av. Eva Perón 8730,01557C,Diego Fani,6,1.2,120,6,0.6,0.72,0,0,0,0,0,0,0,0,0,434.72,002200006103,S,Factura de Venta
20170719,24002752,Rusma SRL,Bv. Seguí & Crespo,01559AA,Diego Fani,1000,10,1000,50,29634,35857.14,0,0,0,25,12,0,0,0,0,3622.67,002200006101,S,Factura de Venta
20170719,24002752,Rusma SRL,Bv. Seguí & Crespo,01557C,Diego Fani,6,1.2,120,6,0.6,0.72,0,0,0,0,0,0,0,0,0,434.72,002200006101,S,Factura de Venta
20170719,31000402,Codimat SA,Don Bosco 1495,01557C,Norberto Oppezzo,10,2,200,10,0.87,1.05,3,4,7,0,0,0,0,0,0,724.53,002200006116,N,Factura de Venta
20170719,29002098,Cisilotto Hnos SACIFEI,Colectora Gaona y Ruta 5,01557C,Hector Collia,10,2,200,10,1,1.21,0,0,0,0,0,0,0,0,0,724.53,002200006091,N,Factura de Venta
20170719,07003238,Cooperativa de Provision de Servicios para Comerciantes,Casa Central - Ruta 9 Sur Km 689,01557C,Meier,12,2.4,240,12,1.14,1.38,0,0,5,0,0,0,0,0,0,869.44,002200006113,N,Factura de Venta
20170719,29002554,Perkusic Hnos SRL,Rivadavia 1327,01559AA,Hector Collia,1000,10,1000,50,29634,35857.14,0,0,0,25,12,0,0,0,0,3622.67,002200006089,S,Factura de Venta
20170719,29002554,Perkusic Hnos SRL,Rivadavia 1327,01557C,Hector Collia,6,1.2,120,6,0.6,0.72,0,0,0,0,0,0,0,0,0,434.72,002200006089,S,Factura de Venta
20170719,24002752,Rusma SRL,Av. Eva Perón 8730,01557ARC,Diego Fani,100,1,100,5,1797.84,2175.38,0,0,0,25,12,0,0,0,0,298.84,002200006102,S,Factura de Venta
20170719,24002752,Rusma SRL,Bv. Seguí & Crespo,01557ARC,Diego Fani,600,6,600,30,10787.04,13052.32,0,0,0,25,12,0,0,0,0,1793.02,002200006100,S,Factura de Venta
20170719,31000402,Codimat SA,Don Bosco 1495,01558ALP,Norberto Oppezzo,3,0.6,120,3,0.26,0.31,3,4,7,0,0,0,0,0,0,953.67,002200006116,N,Factura de Venta
20170719,29002554,Perkusic Hnos SRL,Rivadavia 1327,01558ALC,Hector Collia,1600,16,1600,80,65070.72,78735.58,0,0,0,25,12,0,0,0,0,25431.19,002200006089,S,Factura de Venta
20170719,29002554,Perkusic Hnos SRL,Rivadavia 1327,01558ALP,Hector Collia,8,1.6,320,8,0.8,0.96,0,0,0,0,0,0,0,0,0,2543.12,002200006089,S,Factura de Venta
20170719,29002554,Perkusic Hnos SRL,Rivadavia 1327,01558ECC,Hector Collia,200,2,200,10,5298.48,6411.16,0,0,0,25,12,0,0,0,0,3772.29,002200006090,S,Factura de Venta
20170719,07003238,Cooperativa de Provision de Servicios para Comerciantes,Casa Central - Ruta 9 Sur Km 689,01558ECC,Meier,300,3,300,15,6863.94,8305.36,0,0,5,25,20,0,0,0,0,5658.44,002200006112,S,Factura de Venta
20170719,24002752,Rusma SRL,Av. Eva Perón 8730,01558ESC,Diego Fani,400,4,400,20,8025.6,9710.98,0,0,0,25,12,0,0,0,0,1939.72,002200006103,S,Factura de Venta
20170719,24002752,Rusma SRL,Bv. Seguí & Crespo,01558ESC,Diego Fani,400,4,400,20,8025.6,9710.98,0,0,0,25,12,0,0,0,0,1939.72,002200006101,S,Factura de Venta
20170719,16005773,Metales Dibo SA,Maza Norte 3536,01571ECC,Leandro Diaz,480,9.6,480,24,22560,27297.6,0,0,0,0,0,0,0,0,0,13173.37,002200006117,S,Factura de Venta
20170719,24002752,Rusma SRL,Bv. Seguí & Crespo,01603BD,Diego Fani,500,1,500,20,3934.84,4761.14,0,0,0,21,12,0,0,0,0,1387.08,002200006101,S,Factura de Venta
20170719,03003328,Marcenaro Alejandro Maria,,04C00898,Esteban Bergamaschi,1,0,0,1,0.54,0.54,0,0,0,0,0,0,0,0,0,,000000010971,,Débito (Ajustes)
20170719,30003635,Campot Eduardo Conrado,,04C00898,Esteban Bergamaschi,1,0,0,1,0.83,0.83,0,0,0,0,0,0,0,0,0,,000000010972,,Débito (Ajustes)
20170719,29000227,Moreno Alfredo German,,01IN,Isolant SA,-1,0,0,-1,-313.64,-379.5,0,0,0,0,0,0,0,0,0,,001300000235,N,Crédito de Venta
20170719,03000023,Industrias Saladillo SA,IS.SA. Planta Pilar,01777BA,Isolant SI,141,3.7652076,0,141,22657.29,27415.32,0,0,0,0,0,0,0,0,0,9145.02,002200006083,N,Factura de Venta
20170719,07000012,Natali Plasticos SRL,,04C00205,Isolant SA,1,0,0,1,12,14.52,0,0,0,0,0,0,0,0,0,,001300001593,,Débito de Venta
20170719,01004209,Brifitel SRL,Pasteur 677,01514DB,Hector Collia,300,1.5,300,300,4715.55,5705.82,0,0,0,30,10,0,0,0,0,455.98,002200006086,N,Factura de Venta
20170719,03000023,Industrias Saladillo SA,IS.SA. Planta Pilar,01777BB,Isolant SI,75,4.9762944,0,75,31668,38318.28,0,0,0,0,0,0,0,0,0,14034.34,002200006084,N,Factura de Venta
20170719,03000023,Industrias Saladillo SA,IS.SA. Planta Pilar,01778BB,Isolant SI,40,2.261952,0,40,13759.2,16648.63,0,0,0,0,0,0,0,0,0,7508.73,002200006084,N,Factura de Venta

