﻿FechaTxt,Codigo_Cliente,Cliente,EntDir,Codigo_Articulo,Vendedor,cantidad,Mts3,Mts2,Rollos,Importe_Bruto,Importe_Neto,Dto_Contado,Dto_Flete,Dto_Especial,Bonificacion,Desc_Adicional,cantidad_elaborada,m2_ocupados,costo_unitario,costo_total_stock,Costo_de_venta,comp,C_Construccion,nomdoc
20170920,03000023,Industrias Saladillo SA,IS.SA. Planta Pilar,01777B,Isolant SI,79,2.1093,0,79,8994.94,10883.88,0,0,0,0,0,0,0,0,0,3621.36,002200007379,N,Factura de Venta
20170920,03000023,Industrias Saladillo SA,IS.SA. Planta Pilar,01783BB,Isolant SI,8,0.1776,0,8,1044.96,1264.4,0,0,0,0,0,0,0,0,0,527.92,002200007380,N,Factura de Venta
20170920,03000023,Industrias Saladillo SA,IS.SA. Planta Pilar,01782BB,Isolant SI,20,0.62,0,20,5674,6865.54,0,0,0,0,0,0,0,0,0,1772,002200007381,N,Factura de Venta
20170920,02000130,Telas Plasticas Miliavaca SA,Av. Hipolito Yrigoyen 11037,01514Q,Hector Collia,875,4.375,875,875,6562.5,7940.62,0,0,0,0,0,0,0,0,0,6554.34,002200007383,S,Factura de Venta
20170920,02000130,Telas Plasticas Miliavaca SA,Av. Hipolito Yrigoyen 11037,01524HC,Hector Collia,875,8.75,875,0,12512.5,15140.12,0,0,0,0,0,0,0,0,0,9345,002200007383,S,Factura de Venta
20170920,01002018,Zanet SA,Erezcano 3021/35,01508F,Fernando Palmas,4000,8,4000,0,28840,34896.4,0,0,0,0,0,0,0,0,0,11648.29,002200007378,N,Factura de Venta
20170920,04005689,Polifoam SRL,Alte. Brown 3985,01500AC,Isolant SI,6000,3,6000,0,13980,16915.8,0,0,0,0,0,0,0,0,0,8160,002200007393,N,Factura de Venta
20170920,01005929,Wavi Edificacion y Refaccion SRL,Av. Cordoba 1776,01655ON,Pastore Pablo,8,1.344,0,8,5255.71,6359.41,0,0,0,21,0,0,0,0,0,2721.6,002200007395,N,Factura de Venta
20170920,31003228,Giliberto Hnos. SA,Av. 131 nº 385 (entre 39 y 40),01557A,Ventas Buenos Aires,135,27,2700,135,88492.11,107075.46,0,0,0,21,12,0,0,0,0,34986.6,002200007397,N,Factura de Venta
20170920,31003228,Giliberto Hnos. SA,Av. 131 nº 385 (entre 39 y 40),01555M,Ventas Buenos Aires,120,18,2400,120,123097.95,148948.52,0,0,0,21,12,0,0,0,0,65349.6,002200007397,N,Factura de Venta
20170920,04004334,Fapex SA,Rio Potrero 175 (Esq. Rio de Rey) Barrio CinaCina,01557ARF,Isolant SI,300,60,6000,300,86373,104511.33,0,0,0,0,0,0,0,0,0,67398,002200007375,N,Factura de Venta
20170920,16000810,Muzaber Eduardo Omar,San Martin 944,01514Q,Leandro Diaz,25,0.125,25,25,522.39,632.09,0,0,0,21,0,0,0,0,0,187.27,002200007377,N,Factura de Venta
20170920,24005823,Lare S.A,Lehmann 1693,01654ON,Diego Fani,12,2.016,0,12,5687.37,6881.71,0,0,0,25,8,0,0,0,0,3449.76,002200007376,N,Factura de Venta
20170920,24005823,Lare S.A,Lehmann 1693,01555A,Diego Fani,5,0.5,100,5,2315.4,2801.63,0,0,0,25,0,0,0,0,0,793.55,002200007376,N,Factura de Venta
20170920,24005823,Lare S.A,Lehmann 1693,01603A,Diego Fani,15,0.75,375,15,2661.41,3220.31,0,0,0,25,0,0,0,0,0,784.65,002200007376,N,Factura de Venta
20170920,04005689,Polifoam SRL,Alte. Brown 3985,01761A,Isolant SI,12,0.78036,0,12,3284.64,3974.41,0,0,0,0,0,0,0,0,0,1072.68,002200007392,N,Factura de Venta
20170920,16003985,Goma Sur SRL,Ballofet 1199,01524HC,Leandro Diaz,125,1.25,125,0,1787.5,2162.88,0,0,0,0,0,0,0,0,0,1335,002200007389,N,Factura de Venta
20170920,29004625,Rionda Hnos SRL,Ruta Nº5 Km 127,04VARIOS,Hector Collia,-1,0,0,-1,-16161.83,-19555.82,0,0,0,0,0,0,0,0,0,0,001400008035,N,Crédito de Venta
20170920,03003751,Indupoles Argentina SA,Parque Ind. Campana - Km70 de Panamericana - Lote 12,01506CIN,Isolant SI,3600,5.4,3600,3600,10332,12501.72,0,0,0,0,0,0,0,0,0,6480,002200007374,N,Factura de Venta
20170920,03003751,Indupoles Argentina SA,Parque Ind. Campana - Km70 de Panamericana - Lote 12,01515BE,Isolant SI,600,3,600,0,6000,7260,0,0,0,0,0,0,0,0,0,5346,002200007374,N,Factura de Venta
20170920,03003751,Indupoles Argentina SA,Parque Ind. Campana - Km70 de Panamericana - Lote 12,01515BE,Isolant SI,7500,37.5,7500,0,75000,90750,0,0,0,0,0,0,0,0,0,66825,002200007374,N,Factura de Venta
20170920,03003751,Indupoles Argentina SA,Parque Ind. Campana - Km70 de Panamericana - Lote 12,01658ACP,Isolant SI,250,7.5,250,0,13870,16782.7,0,0,0,0,0,0,0,0,0,9022.5,002200007374,N,Factura de Venta
20170920,04004334,Fapex SA,Rio Potrero 175 (Esq. Rio de Rey) Barrio CinaCina,01514AF,Isolant SI,2486,12.43,2486,0,13399.54,16213.44,0,0,0,0,0,0,0,0,0,10466.06,002200007387,N,Factura de Venta
20170920,04004334,Fapex SA,Rio Potrero 175 (Esq. Rio de Rey) Barrio CinaCina,01557ARF,Isolant SI,5,1,100,5,1439.55,1741.86,0,0,0,0,0,0,0,0,0,1123.3,002200007388,N,Factura de Venta
20170920,04004334,Fapex SA,Rio Potrero 175 (Esq. Rio de Rey) Barrio CinaCina,01514AF,Isolant SI,7232,36.16,7232,0,38980.48,47166.38,0,0,0,0,0,0,0,0,0,30446.72,002200007388,N,Factura de Venta
20170920,16003985,Goma Sur SRL,Ballofet 1199,01654AC,Leandro Diaz,20,0.4,20,0,2110.5,2553.7,0,0,0,25,0,0,0,0,0,475.2,002200007389,N,Factura de Venta
20170920,16003985,Goma Sur SRL,Ballofet 1199,01524GC,Leandro Diaz,50,0.5,50,0,1600.88,1937.06,0,0,0,25,0,0,0,0,0,510.5,002200007389,N,Factura de Venta
20170920,16003985,Goma Sur SRL,Ballofet 1199,01558ES,Leandro Diaz,2,0.4,40,2,966.72,1169.73,0,0,0,25,0,0,0,0,0,501,002200007389,N,Factura de Venta
20170920,02004723,Garcia Matias Emanuel,Gral. Acha 1229,01524GC,Hector Collia,75,0.75,75,0,2529.38,3060.55,0,0,0,21,0,0,0,0,0,765.75,002200007384,N,Factura de Venta
20170920,02004723,Garcia Matias Emanuel,Gral. Acha 1229,01662ACP,Hector Collia,10,0.4,10,0,2135.05,2583.42,0,0,0,21,0,0,0,0,0,450.3,002200007384,N,Factura de Venta
20170920,02004723,Garcia Matias Emanuel,Gral. Acha 1229,01557A,Hector Collia,2,0.4,40,2,1489.77,1802.62,0,0,0,21,0,0,0,0,0,518.32,002200007384,N,Factura de Venta
20170920,24003271,Jose y Pedro Celotti S.A.C.I.F. E I.,Elisa Damiano 548,01557A,Natali Plasticos (Vta Directa),25,5,500,25,18622.08,22532.71,0,0,0,21,0,0,0,0,0,6479,002200007385,N,Factura de Venta
20170920,04004334,Fapex SA,Rio Potrero 175 (Esq. Rio de Rey) Barrio CinaCina,01763CF,Isolant SI,11,0.66352,0,11,3183.73,3852.31,0,0,0,0,0,0,0,0,0,2656.61,002200007386,N,Factura de Venta
20170920,04004334,Fapex SA,Rio Potrero 175 (Esq. Rio de Rey) Barrio CinaCina,01766CF,Isolant SI,9,0.44784,0,9,2104.02,2545.86,0,0,0,0,0,0,0,0,0,1448.01,002200007386,N,Factura de Venta
20170920,11000969,Bourlot Nestor Conrado,Bolivar e Italia,06X002CS,Victor Casañas,1,0,0,1,0.1,0.12,0,0,0,0,0,0,0,0,0,0,002200007396,N,Factura de Venta
20170920,11000969,Bourlot Nestor Conrado,Bolivar e Italia,06X001DA,Victor Casañas,1,0,0,1,0.1,0.12,0,0,0,0,0,0,0,0,0,0,002200007396,N,Factura de Venta
20170920,11000969,Bourlot Nestor Conrado,Bolivar e Italia,06X001AF,Victor Casañas,1,0,0,1,0.1,0.12,0,0,0,0,0,0,0,0,0,0,002200007396,N,Factura de Venta
20170920,11000969,Bourlot Nestor Conrado,Bolivar e Italia,01903A ,Victor Casañas,1,0.07599,0,1,1392.63,1685.08,0,0,0,25,0,0,0,0,0,670.52,002200007396,N,Factura de Venta
20170920,01000165,Macroplast SA,,04C01237,Isolant SA,-1,0,0,-1,-18731.6,-23789.13,0,0,0,0,0,0,0,0,0,0,001300000330,,Crédito de Venta
20170920,01000165,Macroplast SA,,04C01237,Isolant SA,-1,0,0,-1,-1323.65,-1323.65,0,0,0,0,0,0,0,0,0,0,001300000330,,Crédito de Venta
20170920,11002933,La Agricola Regional Cooperativa Limitada,Moreno 1404,01555A,Natali Plasticos (Vta Directa),75,7.5,1500,75,32193.32,38953.92,0,0,0,21,12,0,0,0,0,11903.25,002200007390,N,Factura de Venta
20170920,11002933,La Agricola Regional Cooperativa Limitada,Moreno 1404,01960DA,Natali Plasticos (Vta Directa),5,0,0,5,14724.65,17816.83,0,0,0,21,0,0,0,0,0,5425,002200007390,N,Factura de Venta
20170920,11002933,La Agricola Regional Cooperativa Limitada,Moreno 1404,01558BC,Natali Plasticos (Vta Directa),30,6,600,30,35047.32,42407.26,0,0,0,21,0,0,0,0,0,16528.8,002200007390,N,Factura de Venta
20170920,11000969,Bourlot Nestor Conrado,Bolivar e Italia,06C001CO,Victor Casañas,1,0,0,1,0.1,0.12,0,0,0,0,0,0,0,0,0,0,002200007396,N,Factura de Venta
20170920,11000969,Bourlot Nestor Conrado,Bolivar e Italia,01957M,Victor Casañas,1,0,0,1,0.1,0.12,0,0,0,0,0,0,0,0,0,0,002200007396,N,Factura de Venta
20170920,11000969,Bourlot Nestor Conrado,Bolivar e Italia,06C001CS,Victor Casañas,1,0,0,1,0.1,0.12,0,0,0,0,0,0,0,0,0,0,002200007396,N,Factura de Venta
20170920,01003118,Caputo Marcelo Claudio,Acevedo 65,01551IC,Luis Ramirez,1200,6,1200,60,12532.56,15164.4,0,0,0,21,0,0,0,0,0,4897.55,002200007394,S,Factura de Venta
20170920,02000130,Telas Plasticas Miliavaca SA,Av. Hipolito Yrigoyen 11037,01555AA,Hector Collia,500,2.5,500,25,12197.6,14759.1,0,0,0,21,0,0,0,0,0,695.44,002200007383,S,Factura de Venta
20170920,02000130,Telas Plasticas Miliavaca SA,Av. Hipolito Yrigoyen 11037,01555C,Hector Collia,6,0.6,120,6,0.6,0.72,0,0,0,0,0,0,0,0,0,166.91,002200007383,S,Factura de Venta
20170920,11002933,La Agricola Regional Cooperativa Limitada,Moreno 1404,01555C,Natali Plasticos (Vta Directa),9,0.9,180,9,0.9,1.09,0,0,0,0,0,0,0,0,0,250.36,002200007390,N,Factura de Venta
20170920,31003228,Giliberto Hnos. SA,Av. 131 nº 385 (entre 39 y 40),01555MA,Ventas Buenos Aires,12,1.8,240,12,1.2,1.45,0,0,0,0,0,0,0,0,0,5894.06,002200007397,N,Factura de Venta
20170920,02000130,Telas Plasticas Miliavaca SA,Av. Hipolito Yrigoyen 11037,01559AA,Hector Collia,500,5,500,25,18620.3,22530.56,0,0,0,21,0,0,0,0,0,768.41,002200007383,S,Factura de Venta
20170920,02000130,Telas Plasticas Miliavaca SA,Av. Hipolito Yrigoyen 11037,01557C,Hector Collia,6,1.2,120,6,0.6,0.72,0,0,0,0,0,0,0,0,0,184.42,002200007383,S,Factura de Venta
20170920,24003271,Jose y Pedro Celotti S.A.C.I.F. E I.,Elisa Damiano 548,01557C,Natali Plasticos (Vta Directa),6,1.2,120,6,0.6,0.73,0,0,0,0,0,0,0,0,0,184.42,002200007385,N,Factura de Venta
20170920,31003228,Giliberto Hnos. SA,Av. 131 nº 385 (entre 39 y 40),01557C,Ventas Buenos Aires,20,4,400,20,2,2.42,0,0,0,0,0,0,0,0,0,614.73,002200007397,N,Factura de Venta
20170920,11004861,Dekko Gualeguaychu SRL,,04C00898,Levy,1,0,0,1,13.6,13.6,0,0,0,0,0,0,0,0,0,,000000011138,,Débito (Ajustes)
20170920,03000023,Industrias Saladillo SA,IS.SA. Planta Pilar,01777BB,Isolant SI,75,4.9762944,0,75,33251.25,40234.01,0,0,0,0,0,0,0,0,0,19187.25,002200007380,N,Factura de Venta
20170920,03000023,Industrias Saladillo SA,IS.SA. Planta Pilar,01776BA,Isolant SI,64,1.8095616,0,64,12148.48,14699.66,0,0,0,0,0,0,0,0,0,7280.64,002200007382,N,Factura de Venta
20170920,04005689,Polifoam SRL,Alte. Brown 3985,01504D,Isolant SI,300,0.3,300,0,1062,1285.02,0,0,0,0,0,0,0,0,0,717,002200007391,N,Factura de Venta
20170920,11000969,Bourlot Nestor Conrado,Bolivar e Italia,06M002PA,Victor Casañas,1,0,0,1,0.1,0.12,0,0,0,0,0,0,0,0,0,,002200007396,N,Factura de Venta
20170920,10000181,Sagosa SCC,,01IN,Norberto Oppezzo,-1,0,0,-1,-2726.48,-3299.04,0,0,0,0,0,0,0,0,0,,001300000329,,Crédito de Venta
20170920,02004723,Garcia Matias Emanuel,Gral. Acha 1229,01514PC,Hector Collia,25,0.125,25,0,522.39,632.09,0,0,0,21,0,0,0,0,0,174.75,002200007384,N,Factura de Venta
20170920,02004723,Garcia Matias Emanuel,Gral. Acha 1229,01654DC,Hector Collia,20,0.4,20,0,2223.06,2689.9,0,0,0,21,0,0,0,0,0,516.6,002200007384,N,Factura de Venta
20170920,02004723,Garcia Matias Emanuel,Gral. Acha 1229,01658DC,Hector Collia,20,0.6,20,0,3244.85,3926.26,0,0,0,21,0,0,0,0,0,783.6,002200007384,N,Factura de Venta
20170920,16003985,Goma Sur SRL,Ballofet 1199,01658AC,Leandro Diaz,20,0.6,20,0,3080.55,3727.47,0,0,0,25,0,0,0,0,0,721.8,002200007389,N,Factura de Venta
20170920,24004025,Flavio Gangale SRL,,01IN,Diego Fani,-1,0,0,-1,-598.81,-724.56,0,0,0,0,0,0,0,0,0,,001300000331,,Crédito de Venta

