﻿FechaTxt,Codigo_Cliente,Cliente,EntDir,Codigo_Articulo,Vendedor,cantidad,Mts3,Mts2,Rollos,Importe_Bruto,Importe_Neto,Dto_Contado,Dto_Flete,Dto_Especial,Bonificacion,Desc_Adicional,cantidad_elaborada,m2_ocupados,costo_unitario,costo_total_stock,Costo_de_venta,comp,C_Construccion,nomdoc
20170808,07005106,Espa SA,Bv. de los Alemanes 3312,01554BR,Meier,8,0.96,160,8,9238.76,11178.91,0,5,0,32.5,12,0,0,0,0,3386.72,002200006466,N,Factura de Venta
20170808,07005106,Espa SA,Bv. de los Alemanes 3312,01555AK,Meier,25,1.125,375,25,4197.4,5078.86,0,5,0,32.5,12,0,0,0,0,2620.5,002200006466,N,Factura de Venta
20170808,07005106,Espa SA,Bv. de los Alemanes 3312,01555AR,Meier,150,15,3000,150,30822.75,37295.53,0,5,0,0,0,0,0,0,0,19819.5,002200006466,N,Factura de Venta
20170808,07005106,Espa SA,Bv. de los Alemanes 3312,01557AR,Meier,130,26,2600,130,39433.55,47714.6,0,5,0,0,0,0,0,0,0,29568.5,002200006466,N,Factura de Venta
20170808,07005106,Espa SA,Bv. de los Alemanes 3312,01558EC,Meier,10,2,200,10,4520.67,5470.01,0,5,0,0,0,0,0,0,0,3904.6,002200006466,N,Factura de Venta
20170808,03003937,Ref. La Lucila SA,Diaz Velez 1429,01773A,Levy,20,0.651,0,20,3904.1,4723.96,0,0,0,50,0,0,0,0,0,817.4,002200006470,N,Factura de Venta
20170808,03000023,Industrias Saladillo SA,IS.SA. Planta Pilar,01777B,Isolant SI,-180,-4.806,0,-180,-18414,-22280.94,0,0,0,0,0,0,0,0,0,8294.4,001400007977,N,Crédito de Venta
20170808,03000023,Industrias Saladillo SA,IS.SA. Planta Pilar,01777B,Isolant SI,-1,-0.0267,0,-1,-102.3,-123.78,0,0,0,0,0,0,0,0,0,46.08,001400007977,N,Crédito de Venta
20170808,03000023,Industrias Saladillo SA,IS.SA. Planta Pilar,01777B,Isolant SI,-55,-1.4685,0,-55,-5626.5,-6808.06,0,0,0,0,0,0,0,0,0,2534.4,001400007977,N,Crédito de Venta
20170808,03000023,Industrias Saladillo SA,IS.SA. Planta Pilar,01784B,Isolant SI,-11,-0.2904,0,-11,-835.56,-1011.03,0,0,0,0,0,0,0,0,0,555.61,001400007975,N,Crédito de Venta
20170808,03000023,Industrias Saladillo SA,,01767AS,Isolant SI,44,1.86604,0,44,4781.92,5786.12,0,0,0,0,0,0,0,0,0,2323.64,001400000763,N,Factura de Venta
20170808,03000023,Industrias Saladillo SA,,01774AS,Isolant SI,24,0.67104,0,24,3675.84,4447.77,0,0,0,0,0,0,0,0,0,1748.86,001400000763,N,Factura de Venta
20170808,03000023,Industrias Saladillo SA,IS.SA. Planta Pilar,01767AS,Isolant SI,-44,-1.86604,0,-44,-4781.92,-5786.12,0,0,0,0,0,0,0,0,0,2323.64,001400007976,N,Crédito de Venta
20170808,03000023,Industrias Saladillo SA,IS.SA. Planta Pilar,01774AS,Isolant SI,-25,-0.699,0,-25,-3829,-4633.09,0,0,0,0,0,0,0,0,0,1821.73,001400007976,N,Crédito de Venta
20170808,03000023,Industrias Saladillo SA,IS.SA. Planta Pilar,01777B,Isolant SI,-58,-1.5486,0,-58,-5933.4,-7179.41,0,0,0,0,0,0,0,0,0,2672.64,001400007977,N,Crédito de Venta
20170808,03000023,Industrias Saladillo SA,,01777B,Isolant SI,180,4.806,0,180,18414,22280.94,0,0,0,0,0,0,0,0,0,8294.4,001400000765,N,Factura de Venta
20170808,09002438,Suc De Gustavo Lagerheim SA,Ruta Nacional 11 Km.1005,01558EC,Victor Casañas,5,1,100,5,2382.76,2883.14,0,3,0,32.5,12,0,0,0,0,1952.3,002200006492,N,Factura de Venta
20170808,07000012,Natali Plasticos SRL,Alvear 1475,01557AR,Isolant SA,50,10,1000,50,14387.53,17408.91,0,3,0,0,0,0,0,0,0,11372.5,002200006494,N,Factura de Venta
20170808,07000012,Natali Plasticos SRL,Alvear 1475,01500CC,Isolant SA,450,0.225,450,0,1493.81,1807.51,0,3,0,32.5,0,0,0,0,0,612,002200006494,N,Factura de Venta
20170808,03000023,Industrias Saladillo SA,IS.SA. Planta Pilar,01782BA,Isolant SI,-20,-0.62,0,-20,-2496,-3020.16,0,0,0,0,0,0,0,0,0,1670.2,001400007985,N,Crédito de Venta
20170808,03000023,Industrias Saladillo SA,,01782BA,Isolant SI,17,0.527,0,17,2121.6,2567.14,0,0,0,0,0,0,0,0,0,1419.67,001400000767,N,Factura de Venta
20170808,20003957,La Maderera SRL,25 de Mayo 411,01557A,Pedro Cocaña,25,5,500,25,15895.81,19233.92,0,3,0,21,12,0,0,0,0,6516.75,002200006498,N,Factura de Venta
20170808,03000023,Industrias Saladillo SA,,01784B,Isolant SI,11,0.2904,0,11,835.56,1011.03,0,0,0,0,0,0,0,0,0,555.61,001400000762,N,Factura de Venta
20170808,11004566,Organizacion La Loma S.A.,Parana y Rivadavia,01957M,Disapla,1,0,0,1,0.1,0.12,0,0,0,0,0,0,0,0,0,0,002200006489,N,Factura de Venta
20170808,11004566,Organizacion La Loma S.A.,Parana y Rivadavia,01555A,Disapla,50,5,1000,50,22437.77,27149.7,0,0,0,21,8,0,0,0,0,8252,002200006489,N,Factura de Venta
20170808,11004566,Organizacion La Loma S.A.,Parana y Rivadavia,01557AR,Disapla,35,7,700,35,14274.28,17271.88,0,0,0,21,8,0,0,0,0,7960.75,002200006489,N,Factura de Venta
20170808,11004566,Organizacion La Loma S.A.,Parana y Rivadavia,01555M,Disapla,10,1.5,200,10,10724.44,12976.58,0,0,0,21,8,0,0,0,0,5263.1,002200006489,N,Factura de Venta
20170808,20003957,La Maderera SRL,25 de Mayo 411,06C001CO,Pedro Cocaña,1,0,0,1,0.1,0.12,0,3,0,0,0,0,0,0,0,0,002200006498,N,Factura de Venta
20170808,20003957,La Maderera SRL,25 de Mayo 411,01555AK,Pedro Cocaña,50,2.25,750,50,10031.88,12138.57,0,3,0,21,12,0,0,0,0,5241,002200006498,N,Factura de Venta
20170808,20003957,La Maderera SRL,25 de Mayo 411,01557AK,Pedro Cocaña,50,5.25,750,50,15430,18670.3,0,3,0,21,12,0,0,0,0,8801,002200006498,N,Factura de Venta
20170808,20003957,La Maderera SRL,25 de Mayo 411,01555ED,Pedro Cocaña,10,1,200,10,4299.42,5202.29,0,3,0,21,12,0,0,0,0,2839.6,002200006498,N,Factura de Venta
20170808,20003957,La Maderera SRL,25 de Mayo 411,01558EC,Pedro Cocaña,10,2,200,10,5577.43,6748.69,0,3,0,21,12,0,0,0,0,3904.6,002200006498,N,Factura de Venta
20170808,20003957,La Maderera SRL,25 de Mayo 411,01555A,Pedro Cocaña,25,2.5,500,25,10409.17,12595.1,0,3,0,21,12,0,0,0,0,4126,002200006498,N,Factura de Venta
20170808,24005052,Cinter SRL,Parque Industrial Sauce Viejo,01568B,Diego Fani,3220,32.2,3220,161,152944.48,185062.82,3,3,4,21,4.5,0,0,0,0,1720768,002200006504,N,Factura de Venta
20170808,01005292,Adamant SRL,Paysandu 923 (entre Crisologo Larralde y Lucena),01771A,Isolant SI,30,1.1499,0,30,6699,8105.79,0,0,0,0,0,0,0,0,0,1712.7,002200006485,N,Factura de Venta
20170808,01005292,Adamant SRL,Paysandu 923 (entre Crisologo Larralde y Lucena),01508BA,Isolant SI,3120,6.24,3120,0,10514.4,12722.42,0,0,0,0,0,0,0,0,0,10108.8,002200006487,N,Factura de Venta
20170808,03000023,Industrias Saladillo SA,IS.SA. Planta Pilar,01762AS,Isolant SI,-34,-1.73026,0,-34,-4304.4,-5208.32,0,0,0,0,0,0,0,0,0,2564.96,001400007974,N,Crédito de Venta
20170808,03000023,Industrias Saladillo SA,IS.SA. Planta Pilar,01765AS,Isolant SI,-23,-1.0695,0,-23,-2714.46,-3284.5,0,0,0,0,0,0,0,0,0,1501.67,001400007974,N,Crédito de Venta
20170808,27001542,Rosso Hnos. de Alvaro S. Rosso y Raul E. Rosso,Suc.05 - 25 DE MAYO 69,01557A,Pedro Cocaña,50,10,1000,50,30181.91,36520.11,0,3,0,25,12,0,0,0,0,13033.5,002200006497,N,Factura de Venta
20170808,03000023,Industrias Saladillo SA,,01762AS,Isolant SI,34,1.73026,0,34,4304.4,5208.32,0,0,0,0,0,0,0,0,0,2564.96,001400000761,N,Factura de Venta
20170808,03000023,Industrias Saladillo SA,,01765AS,Isolant SI,21,0.9765,0,21,2478.42,2998.89,0,0,0,0,0,0,0,0,0,1371.09,001400000761,N,Factura de Venta
20170808,24002195,Prado Hector Roque,,04VARIOS,Diego Fani,-1,0,0,-1,-6590.91,-7975,0,0,0,0,0,0,0,0,0,0,001400007984,N,Crédito de Venta
20170808,24002195,Prado Hector Roque,,04VARIOS,Diego Fani,-1,0,0,-1,-2288.43,-2769,0,0,0,0,0,0,0,0,0,0,001400007984,N,Crédito de Venta
20170808,24002195,Prado Hector Roque,,04VARIOS,Diego Fani,-1,0,0,-1,-4095.04,-4955,0,0,0,0,0,0,0,0,0,0,001400007984,N,Crédito de Venta
20170808,27001542,Rosso Hnos. de Alvaro S. Rosso y Raul E. Rosso,Suc.07 - A. DEL VALLE 44,01557A,Pedro Cocaña,50,10,1000,50,30181.91,36520.11,0,3,0,25,12,0,0,0,0,13033.5,002200006496,N,Factura de Venta
20170808,20003736,Ortiz Marcelo Jesus,Tte Ibañez 810,01555AK,Pedro Cocaña,20,0.9,300,20,4071.35,4926.34,0,3,0,21,0,0,0,0,0,2096.4,002200006500,N,Factura de Venta
20170808,20003736,Ortiz Marcelo Jesus,Tte Ibañez 810,01555A,Pedro Cocaña,10,1,200,10,4506.15,5452.44,0,3,0,21,0,0,0,0,0,1650.4,002200006500,N,Factura de Venta
20170808,20004579,Sand Christian Rodolfo,Av. Constitucion Nacional 55,06C001CO,Pedro Cocaña,1,0,0,1,0.1,0.12,0,3,0,0,0,0,0,0,0,0,002200006501,N,Factura de Venta
20170808,20004579,Sand Christian Rodolfo,Av. Constitucion Nacional 55,01555AR,Pedro Cocaña,10,1,200,10,2714.23,3284.22,0,3,0,21,0,0,0,0,0,1321.3,002200006501,N,Factura de Venta
20170808,30005117,Grandes Depositos Del Oeste S.A,Av. Alsina 158,06C001CO,Disapla,1,0,0,1,0.1,0.12,0,0,0,0,0,0,0,0,0,0,002200006479,N,Factura de Venta
20170808,30005117,Grandes Depositos Del Oeste S.A,Av. Alsina 158,01557A,Disapla,20,4,400,20,14897.66,18026.17,0,0,0,21,0,0,0,0,0,5213.4,002200006479,N,Factura de Venta
20170808,07005106,Espa SA,Bv. de los Alemanes 3312,01551A,Meier,23,2.3,460,23,6765.25,8185.95,0,5,0,32.5,12,0,0,0,0,2693.53,002200006467,N,Factura de Venta
20170808,07005106,Espa SA,Bv. de los Alemanes 3312,01557A,Meier,5,1,100,5,2660.36,3219.04,0,5,0,32.5,12,0,0,0,0,1303.35,002200006467,N,Factura de Venta
20170808,24005828,Pedro Bravin S.A,,04VARIOS,Diego Fani,-1,0,0,-1,-3611.57,-4370,0,0,0,0,0,0,0,0,0,0,001400007982,N,Crédito de Venta
20170808,20003957,La Maderera SRL,25 de Mayo 411,01750A,Pedro Cocaña,6,0,0,6,3633.8,4396.9,0,3,0,21,10,0,0,0,0,1080.6,002200006499,N,Factura de Venta
20170808,20003957,La Maderera SRL,25 de Mayo 411,01603B,Pedro Cocaña,10,0.5,250,10,2005.63,2426.82,0,3,0,21,12,0,0,0,0,837.5,002200006499,N,Factura de Venta
20170808,20003736,Ortiz Marcelo Jesus,Tte Ibañez 810,06C001CO,Pedro Cocaña,1,0,0,1,0.1,0.12,0,3,0,0,0,0,0,0,0,0,002200006500,N,Factura de Venta
20170808,11002006,Hercal Center SRL,G. Ramirez y Ruta 39,06C001CO,Disapla,1,0,0,1,0.1,0.12,0,0,0,0,0,0,0,0,0,0,002200006476,N,Factura de Venta
20170808,11002006,Hercal Center SRL,G. Ramirez y Ruta 39,01555A,Disapla,25,2.5,500,25,12194.44,14755.27,0,0,0,21,0,0,0,0,0,4126,002200006476,N,Factura de Venta
20170808,11002006,Hercal Center SRL,G. Ramirez y Ruta 39,01555AR,Disapla,30,3,600,30,8646.47,10462.23,0,0,0,21,0,0,0,0,0,3963.9,002200006476,N,Factura de Venta
20170808,11002006,Hercal Center SRL,G. Ramirez y Ruta 39,01557AR,Disapla,10,2,200,10,4433.01,5363.94,0,0,0,21,0,0,0,0,0,2274.5,002200006476,N,Factura de Venta
20170808,01005292,Adamant SRL,Paysandu 923 (entre Crisologo Larralde y Lucena),01768A,Isolant SI,44,1.99056,0,44,8886.24,10752.35,0,0,0,0,0,0,0,0,0,2218.48,002200006484,N,Factura de Venta
20170808,01005292,Adamant SRL,Paysandu 923 (entre Crisologo Larralde y Lucena),01514DC,Isolant SI,3240,16.2,3240,3240,25239.6,30539.92,0,0,0,0,0,0,0,0,0,16167.6,002200006486,N,Factura de Venta
20170808,04005888,Lozano Facundo,,04VARIOS,Hector Collia,-1,0,0,-1,-1772.73,-2145,0,0,0,0,0,0,0,0,0,0,001400007981,N,Crédito de Venta
20170808,25004422,Vega Alfredo Eduardo,,04VARIOS,Pedro Cocaña,-1,0,0,-1,-6962.81,-8425,0,0,0,0,0,0,0,0,0,0,001400007983,N,Crédito de Venta
20170808,07000012,Natali Plasticos SRL,Alvear 1475,01557AR,Isolant SA,40,8,800,40,11174.79,13521.49,0,3,0,0,0,0,0,0,0,9098,002200006493,N,Factura de Venta
20170808,07000012,Natali Plasticos SRL,Alvear 1475,01558ES,Isolant SA,100,20,2000,100,31177.74,37725.07,0,3,0,0,0,0,0,0,0,24739,002200006493,N,Factura de Venta
20170808,07000012,Natali Plasticos SRL,Alvear 1475,01558EC,Isolant SA,50,10,1000,50,20588.74,24912.37,0,3,0,0,0,0,0,0,0,19523,002200006493,N,Factura de Venta
20170808,03000023,Industrias Saladillo SA,IS.SA. Planta Pilar,01777B,Isolant SI,63,1.6821,0,63,6831.72,8266.38,0,0,0,0,0,0,0,0,0,2903.04,002200006463,N,Factura de Venta
20170808,09002438,Suc De Gustavo Lagerheim SA,Ruta Nacional 11 Km.1005,01555A,Victor Casañas,200,20,4000,200,71151.32,86093.09,0,3,0,32.5,12,0,0,0,0,33008,002200006491,N,Factura de Venta
20170808,09002438,Suc De Gustavo Lagerheim SA,Ruta Nacional 11 Km.1005,01552I,Victor Casañas,10,2,400,10,2735.02,3309.38,0,3,0,32.5,21,0,0,0,0,1888.4,002200006491,N,Factura de Venta
20170808,09002438,Suc De Gustavo Lagerheim SA,Ruta Nacional 11 Km.1005,01555ED,Victor Casañas,25,2.5,500,25,8244.62,9975.99,0,3,0,32.5,21,0,0,0,0,7099,002200006491,N,Factura de Venta
20170808,09002438,Suc De Gustavo Lagerheim SA,Ruta Nacional 11 Km.1005,01551I,Victor Casañas,20,2,400,20,2736.27,3310.88,0,3,0,32.5,21,0,0,0,0,1574.8,002200006491,N,Factura de Venta
20170808,09002438,Suc De Gustavo Lagerheim SA,Ruta Nacional 11 Km.1005,01750A,Victor Casañas,5,0,0,5,2874.84,3478.56,0,3,0,32.5,0,0,0,0,0,900.5,002200006491,N,Factura de Venta
20170808,31001364,Martinez Escalada S.A,H. Irigoyen 1493/99,04VARIOS,Esteban Bergamaschi,-1,0,0,-1,-912.11,-1103.65,0,0,0,0,0,0,0,0,0,0,001400007978,N,Crédito de Venta
20170808,03000023,Industrias Saladillo SA,,01777B,Isolant SI,58,1.5486,0,58,5933.4,7179.41,0,0,0,0,0,0,0,0,0,2672.64,001400000764,N,Factura de Venta
20170808,03000023,Industrias Saladillo SA,,01777B,Isolant SI,55,1.4685,0,55,5611.65,6790.1,0,0,0,0,0,0,0,0,0,2534.4,001400000766,N,Factura de Venta
20170808,03003751,Indupoles Argentina SA,Parque Ind. Campana - Km70 de Panamericana - Lote 12,01515B,Isolant SI,4200,21,4200,0,42000,50820,0,0,0,0,0,0,0,0,0,32172,002200006462,N,Factura de Venta
20170808,03003751,Indupoles Argentina SA,Parque Ind. Campana - Km70 de Panamericana - Lote 12,01515B,Isolant SI,3000,15,3000,0,30000,36300,0,0,0,0,0,0,0,0,0,22980,002200006462,N,Factura de Venta
20170808,03003751,Indupoles Argentina SA,Parque Ind. Campana - Km70 de Panamericana - Lote 12,01515B,Isolant SI,2400,12,2400,0,24000,29040,0,0,0,0,0,0,0,0,0,18384,002200006462,N,Factura de Venta
20170808,09002438,Suc De Gustavo Lagerheim SA,Ruta Nacional 11 Km.1005,01557A,Victor Casañas,60,12,1200,60,32596.46,39441.72,0,3,0,32.5,12,0,0,0,0,15640.2,002200006490,N,Factura de Venta
20170808,24003271,Jose y Pedro Celotti S.A.C.I.F. E I.,Elisa Damiano 548,06C001CO,Natali Plasticos (Vta Directa),1,0,0,1,0.1,0.12,0,0,0,0,0,0,0,0,0,0,002200006481,N,Factura de Venta
20170808,24003271,Jose y Pedro Celotti S.A.C.I.F. E I.,Elisa Damiano 548,01555A,Natali Plasticos (Vta Directa),5,0.5,100,5,2438.89,2951.05,0,0,0,21,0,0,0,0,0,825.2,002200006481,N,Factura de Venta
20170808,24003271,Jose y Pedro Celotti S.A.C.I.F. E I.,Elisa Damiano 548,01557A,Natali Plasticos (Vta Directa),10,2,200,10,7448.83,9013.09,0,0,0,21,0,0,0,0,0,2606.7,002200006481,N,Factura de Venta
20170808,24003271,Jose y Pedro Celotti S.A.C.I.F. E I.,Elisa Damiano 548,01603B,Natali Plasticos (Vta Directa),5,0.25,125,5,1174.81,1421.52,0,0,0,21,0,0,0,0,0,418.75,002200006481,N,Factura de Venta
20170808,11005871,Crapiz Hector Nicolas,Supremo Entrerriano 565,01558EC,Victor Casañas,20,4,400,20,13068.02,15812.31,0,0,0,21,0,0,0,0,0,7809.2,002200006482,N,Factura de Venta
20170808,01005292,Adamant SRL,Paysandu 923 (entre Crisologo Larralde y Lucena),01510CC,Isolant SI,6000,18,6000,6000,28620,34630.2,0,0,0,0,0,0,0,0,0,22380,002200006483,N,Factura de Venta
20170808,07005116,Sol de Mayo SRL,Sol de Mayo Nº 573,01603B,Meier,40,2,1000,40,8327.76,10076.59,0,0,0,30,0,0,0,0,0,3350,002200006474,N,Factura de Venta
20170808,07003929,Daniel Hernandez e hijos SRL,Ruta A005 y Castelli 0,06C001CO,Meier,1,0,0,1,0.1,0.12,0,0,0,0,0,0,0,0,0,0,002200006477,N,Factura de Venta
20170808,07003929,Daniel Hernandez e hijos SRL,Ruta A005 y Castelli 0,01554BR,Meier,6,0.72,120,6,9700.46,11737.55,0,0,0,21,0,0,0,0,0,2540.04,002200006477,N,Factura de Venta
20170808,30005701,Sire Luciano Martin,Av. Pueyrredon 3761,01851A,Esteban Bergamaschi,10,2.5,250,10,8809.13,10659.05,0,0,0,21,0,0,0,0,0,3320.5,002200006478,N,Factura de Venta
20170808,24003271,Jose y Pedro Celotti S.A.C.I.F. E I.,Elisa Damiano 548,01555A,Natali Plasticos (Vta Directa),5,0.5,100,5,2438.89,2951.05,0,0,0,21,0,0,0,0,0,825.2,002200006480,N,Factura de Venta
20170808,24003271,Jose y Pedro Celotti S.A.C.I.F. E I.,Elisa Damiano 548,01603B,Natali Plasticos (Vta Directa),2,0.1,50,2,469.92,568.61,0,0,0,21,0,0,0,0,0,167.5,002200006480,N,Factura de Venta
20170808,03003937,Ref. La Lucila SA,Diaz Velez 1429,01762A,Levy,2,0.10178,0,2,596.95,722.31,0,0,0,50,0,0,0,0,0,150.88,002200006470,N,Factura de Venta
20170808,03003937,Ref. La Lucila SA,Diaz Velez 1429,01788A,Levy,2,0.10682,0,2,736,890.56,0,0,0,50,0,0,0,0,0,209.44,002200006470,N,Factura de Venta
20170808,03003937,Ref. La Lucila SA,Diaz Velez 1429,01760A,Levy,2,0.12566,0,2,837.18,1012.99,0,0,0,50,0,0,0,0,0,194.26,002200006470,N,Factura de Venta
20170808,01002821,Ferreteria Central SRL,Av. Monroe 3161,01655ON,Hector Collia,20,3.36,0,20,12474,15093.54,0,0,0,25,0,0,0,0,0,6831.8,002200006471,N,Factura de Venta
20170808,02005900,Prata Leonel Martin,Av. Sixto Rodriguez 470,01654ON,Norberto Oppezzo,10,1.68,0,10,5426.35,6565.89,0,0,0,21,0,0,0,0,0,2854.6,002200006472,N,Factura de Venta
20170808,01002018,Zanet SA,Erezcano 3021/35,01508F,Fernando Palmas,3500,7,3500,0,25235,30534.35,0,0,0,0,0,0,0,0,0,10139.12,002200006473,N,Factura de Venta
20170808,03000023,Industrias Saladillo SA,IS.SA. Planta Pilar,01525AHC,Isolant SI,380,3.8,380,380,5893.8,7131.5,0,0,0,0,0,0,0,0,0,629.89,002200006465,N,Factura de Venta
20170808,03000023,Industrias Saladillo SA,IS.SA. Planta Pilar,01525AHC,Isolant SI,1800,18,1800,1800,27918,33780.78,0,0,0,0,0,0,0,0,0,2983.7,002200006468,N,Factura de Venta
20170808,03000023,Industrias Saladillo SA,IS.SA. Planta Pilar,01525AHC,Isolant SI,1800,18,1800,1800,27918,33780.78,0,0,0,0,0,0,0,0,0,2983.7,002200006475,N,Factura de Venta
20170808,20004691,All Trade Consult SRL,Florida 684,01550AA,Pedro Cocaña,2000,4,2000,100,18837.5,22793.36,0,3,0,21,8,0,0,0,0,5537.04,002200006502,S,Factura de Venta
20170808,01002303,Alcantara Jorge Damaso Hector,Zarraga 3561,01551IC,Levy,1000,5,1000,50,8926.36,10800.9,0,0,0,21,12,0,0,0,0,3881.51,002200006488,S,Factura de Venta
20170808,07005106,Espa SA,Bv. de los Alemanes 3312,01554BP,Meier,1,0.12,20,1,0.08,0.1,0,5,0,0,12,0,0,0,0,402.92,002200006466,N,Factura de Venta
20170808,02003757,Carmona Leonardo Esteban,Tte Juan D. Perón 3908,01554BRC,Ventas Buenos Aires,-200,-1.2,-200,-10,-13556.4,-16403.24,0,0,0,21,12,0,0,0,0,4029.18,001400007979,S,Crédito de Venta
20170808,02003757,Carmona Leonardo Esteban,Tte Juan D. Perón 3908,01554BP,Ventas Buenos Aires,-1,-0.12,-20,-1,-0.1,-0.12,0,0,0,0,0,0,0,0,0,402.92,001400007979,S,Crédito de Venta
20170808,09002438,Suc De Gustavo Lagerheim SA,Ruta Nacional 11 Km.1005,01555C,Victor Casañas,24,2.4,480,24,2.33,2.82,0,3,0,0,0,0,0,0,0,616.98,002200006491,N,Factura de Venta
20170808,11002006,Hercal Center SRL,G. Ramirez y Ruta 39,01555C,Disapla,3,0.3,60,3,0.3,0.36,0,0,0,0,0,0,0,0,0,77.12,002200006476,N,Factura de Venta
20170808,20003957,La Maderera SRL,25 de Mayo 411,01555C,Pedro Cocaña,3,0.3,60,3,0.29,0.35,0,3,0,0,0,0,0,0,0,77.12,002200006498,N,Factura de Venta
20170808,11004566,Organizacion La Loma S.A.,Parana y Rivadavia,01555C,Disapla,6,0.6,120,6,0.6,0.73,0,0,0,0,0,0,0,0,0,154.25,002200006489,N,Factura de Venta
20170808,13005636,Clauser Elvis Guillermo,Av. San Martin 375,01555ARC,Pedro Cocaña,1000,5,1000,50,13020.96,15755.38,0,3,0,21,4,0,0,0,0,1632.27,002200006503,S,Factura de Venta
20170808,11004566,Organizacion La Loma S.A.,Parana y Rivadavia,01555MA,Disapla,1,0.15,20,1,0.1,0.12,0,0,0,0,0,0,0,0,0,475.92,002200006489,N,Factura de Venta
20170808,02003757,Carmona Leonardo Esteban,Tte Juan D. Perón 3908,01555MC,Ventas Buenos Aires,-400,-3,-400,-20,-19549.02,-23654.32,0,0,0,21,12,0,0,0,0,9518.45,001400007979,S,Crédito de Venta
20170808,02003757,Carmona Leonardo Esteban,Tte Juan D. Perón 3908,01555MA,Ventas Buenos Aires,-2,-0.3,-40,-2,-0.2,-0.24,0,0,0,0,0,0,0,0,0,951.85,001400007979,S,Crédito de Venta
20170808,09002438,Suc De Gustavo Lagerheim SA,Ruta Nacional 11 Km.1005,01557C,Victor Casañas,30,6,600,30,2.91,3.52,0,3,0,0,0,0,0,0,0,863.12,002200006490,N,Factura de Venta
20170808,27001542,Rosso Hnos. de Alvaro S. Rosso y Raul E. Rosso,Suc.07 - A. DEL VALLE 44,01557C,Pedro Cocaña,6,1.2,120,6,0.58,0.7,0,3,0,0,0,0,0,0,0,172.62,002200006496,N,Factura de Venta
20170808,20003957,La Maderera SRL,25 de Mayo 411,01557C,Pedro Cocaña,3,0.6,60,3,0.29,0.35,0,3,0,0,0,0,0,0,0,86.31,002200006498,N,Factura de Venta
20170808,02003757,Carmona Leonardo Esteban,Tte Juan D. Perón 3908,01557ARC,Ventas Buenos Aires,-900,-9,-900,-45,-17043.52,-20622.66,0,0,0,21,12,0,0,0,0,1238.01,001400007979,S,Crédito de Venta
20170808,07005677,Iron Pack SRL,Monseñor Marcon 3976 (Ex Pichincha),01558ESC,Meier,-2140,-21.4,-2140,-107,-37081.92,-44869.12,0,0,5,40,0,0,0,0,0,3093.44,001400007980,S,Crédito de Venta
20170808,11005824,Directo Srl,Luis Noaco 123,01558ESC,Victor Casañas,1200,12,1200,60,17913.96,21675.9,0,3,0,32.5,25,0,0,0,0,1734.64,002200006469,S,Factura de Venta
20170808,28004489,COMERCIAL E INVERSIONES CROSUR LTDA.,,04C00625,Isolant SI,-1,0,0,-1,-3506.73,-3506.73,0,0,0,0,0,0,0,0,0,,000000000942,,Dif. Cambio (-)
20170808,03000023,Industrias Saladillo SA,,01776BA,Isolant SI,11,0.3110184,0,11,1988.58,2406.18,0,0,0,0,0,0,0,0,0,1339.25,001400000760,N,Factura de Venta
20170808,03000023,Industrias Saladillo SA,,01777BA,Isolant SI,22,0.5874792,0,22,3535.18,4277.57,0,0,0,0,0,0,0,0,0,2336.4,001400000760,N,Factura de Venta
20170808,03003937,Ref. La Lucila SA,Diaz Velez 1429,01763A,Levy,2,0.094248,0,2,548.32,663.47,0,0,0,50,0,0,0,0,0,136.34,002200006470,N,Factura de Venta
20170808,03000023,Industrias Saladillo SA,IS.SA. Planta Pilar,01776B,Isolant SI,185,5.230764,0,185,21924.35,26528.46,0,0,0,0,0,0,0,0,0,9692.15,002200006464,N,Factura de Venta
20170808,04005688,Longarte Gabriel Martin,,04C00898,Fernando Palmas,1,0,0,1,0.01,0.01,0,0,0,0,0,0,0,0,0,,000000011022,,Débito (Ajustes)
20170808,03000023,Industrias Saladillo SA,IS.SA. Planta Pilar,01776B,Isolant SI,-83,-2.3467752,0,-83,-9836.33,-11901.96,0,0,0,0,0,0,0,0,0,4348.37,001400007986,N,Crédito de Venta
20170808,07000012,Natali Plasticos SRL,Alvear 1475,01500BC,Isolant SA,2160,1.08,2160,0,7170.3,8676.06,0,3,0,32.5,0,0,0,0,0,3283.2,002200006494,N,Factura de Venta
20170808,29000683,Multicontrol SA,Austria Norte 1456,01650DY,Levy,550,5.5,550,0,26306.28,31830.6,0,0,0,37,0,0,0,0,0,8525,002200006495,N,Factura de Venta
20170808,03000023,Industrias Saladillo SA,,01779B,Isolant SI,34,1.0991214,0,34,4850.78,5869.44,0,0,0,0,0,0,0,0,0,2114.12,001400000768,N,Factura de Venta
20170808,03000023,Industrias Saladillo SA,,01776B,Isolant SI,82,2.3185008,0,82,9717.82,11758.56,0,0,0,0,0,0,0,0,0,4295.98,001400000768,N,Factura de Venta
20170808,03000023,Industrias Saladillo SA,IS.SA. Planta Pilar,01781B,Isolant SI,-153,-5.9976,0,-153,-15921.18,-19264.63,0,0,0,0,0,0,0,0,0,10116.36,001400007975,N,Crédito de Venta
20170808,03000023,Industrias Saladillo SA,IS.SA. Planta Pilar,01779B,Isolant SI,-34,-1.0991214,0,-34,-4853.84,-5873.15,0,0,0,0,0,0,0,0,0,2114.12,001400007986,N,Crédito de Venta
20170808,03000023,Industrias Saladillo SA,IS.SA. Planta Pilar,01776B,Isolant SI,177,5.0045688,0,177,20976.27,25381.29,0,0,0,0,0,0,0,0,0,9273.03,002200006463,N,Factura de Venta
20170808,02003403,Vetra SA,,04C00898,Hector Collia,1,0,0,1,0.72,0.72,0,0,0,0,0,0,0,0,0,,000000011021,,Débito (Ajustes)
20170808,03000023,Industrias Saladillo SA,IS.SA. Planta Pilar,01776BA,Isolant SI,-12,-0.3392928,0,-12,-2169.36,-2624.93,0,0,0,0,0,0,0,0,0,1461,001400007973,N,Crédito de Venta
20170808,03000023,Industrias Saladillo SA,IS.SA. Planta Pilar,01777BA,Isolant SI,-22,-0.5874792,0,-22,-3535.18,-4277.57,0,0,0,0,0,0,0,0,0,2336.4,001400007973,N,Crédito de Venta
20170808,30005659,Tripodi Jorge Enrique,,04C00898,Esteban Bergamaschi,1,0,0,1,3,3,0,0,0,0,0,0,0,0,0,,000000011023,,Débito (Ajustes)
20170808,03000023,Industrias Saladillo SA,,01781B,Isolant SI,150,5.88,0,150,15609,18886.89,0,0,0,0,0,0,0,0,0,9918,001400000762,N,Factura de Venta

