﻿FechaTxt,Codigo_Cliente,Cliente,EntDir,Codigo_Articulo,Vendedor,cantidad,Mts3,Mts2,Rollos,Importe_Bruto,Importe_Neto,Dto_Contado,Dto_Flete,Dto_Especial,Bonificacion,Desc_Adicional,cantidad_elaborada,m2_ocupados,costo_unitario,costo_total_stock,Costo_de_venta
20170109,29001927,Damioli Franca Amabile,Av. 520 nº 1681 e/11 Y 12,01960DA,NN (Ex MDT),3,0,0,3,7033.51,8510.55,0,0,0,30,0,0,0,0,0,0
20170109,31000402,Codimat SA,,04C00291,NN (Ex MDT),1,0,0,1,28233,28233,0,0,0,0,0,0,0,0,0,0
20170109,30004712,Agrupacion de Corralones Organizados Argentinos,,04C00291,Disapla,1,0,0,1,11300,11300,0,0,0,0,0,0,0,0,0,0
20170109,30004712,Agrupacion de Corralones Organizados Argentinos,,04C00205,Disapla,1,0,0,1,12,12,0,0,0,0,0,0,0,0,0,0
20170109,09002358,Bracamonte Roberto Luis,,04C00291,Ind Saladillo Chaco,1,0,0,1,21200,21200,0,0,0,0,0,0,0,0,0,0
20170109,09002358,Bracamonte Roberto Luis,,04C00205,Ind Saladillo Chaco,1,0,0,1,12,12,0,0,0,0,0,0,0,0,0,0
20170109,03000023,Industrias Saladillo SA,,04C00291,Isolant SI,1,0,0,1,17856.98,17856.98,0,0,0,0,0,0,0,0,0,0
20170109,03000023,Industrias Saladillo SA,,04C00205,Isolant SI,1,0,0,1,12,12,0,0,0,0,0,0,0,0,0,0
20170109,03000023,Industrias Saladillo SA,,04C00291,Isolant SI,1,0,0,1,32145.2,32145.2,0,0,0,0,0,0,0,0,0,0
20170109,03000023,Industrias Saladillo SA,,04C00205,Isolant SI,1,0,0,1,12,12,0,0,0,0,0,0,0,0,0,0
20170109,03001313,Prokrete Argentina SA,,04C00291,Esteban Bergamaschi,1,0,0,1,3751,3751,0,0,0,0,0,0,0,0,0,0
20170109,19002241,Carlos Isla y Cia. SA,,04C00291,Latyn-Valle y Cordillera,1,0,0,1,48373.6,48373.6,0,0,0,0,0,0,0,0,0,0
20170109,01005292,Adamant SRL,Paysandu 923 (entre Crisologo Larralde y Lucena),01524DC,Isolant SI,550,5.5,550,0,10092.5,12211.92,0,0,0,0,0,0,0,0,0,0
20170109,01005292,Adamant SRL,Paysandu 923 (entre Crisologo Larralde y Lucena),01504BC,Isolant SI,2400,2.4,2400,0,5160,6243.6,0,0,0,0,0,0,0,0,0,0
20170109,01005292,Adamant SRL,Paysandu 923 (entre Crisologo Larralde y Lucena),01654AC,Isolant SI,250,5,250,0,9964.5,12057.05,0,0,0,30,0,0,0,0,0,0
20170109,01005292,Adamant SRL,Paysandu 923 (entre Crisologo Larralde y Lucena),01654AC,Isolant SI,170,3.4,170,0,6775.86,8198.79,0,0,0,30,0,0,0,0,0,0
20170109,01005292,Adamant SRL,Paysandu 923 (entre Crisologo Larralde y Lucena),01506AC,Isolant SI,4000,6,4000,4000,11840,14326.4,0,0,0,0,0,0,0,0,0,0
20170109,19002677,Juanma SRL,,04C00898,Isolant SA,1,0,0,1,5.32,5.32,0,0,0,0,0,0,0,0,0,0
20170109,01000452,Caffaro Hnos Sociedad de Responsabilidad Limitada,,04C00291,Isolant SI,1,0,0,1,5838.89,5838.89,0,0,0,0,0,0,0,0,0,0
20170109,01000452,Caffaro Hnos Sociedad de Responsabilidad Limitada,,04C00291,Isolant SI,1,0,0,1,3219,3219,0,0,0,0,0,0,0,0,0,0
20170109,01000452,Caffaro Hnos Sociedad de Responsabilidad Limitada,,04C00291,Isolant SI,1,0,0,1,666.11,666.11,0,0,0,0,0,0,0,0,0,0
20170109,01000452,Caffaro Hnos Sociedad de Responsabilidad Limitada,,04C00291,Isolant SI,1,0,0,1,4166.43,4166.43,0,0,0,0,0,0,0,0,0,0
20170109,01000452,Caffaro Hnos Sociedad de Responsabilidad Limitada,,04C00291,Isolant SI,1,0,0,1,5117.3,5117.3,0,0,0,0,0,0,0,0,0,0
20170109,01000452,Caffaro Hnos Sociedad de Responsabilidad Limitada,,04C00291,Isolant SI,1,0,0,1,10000,10000,0,0,0,0,0,0,0,0,0,0
20170109,01000452,Caffaro Hnos Sociedad de Responsabilidad Limitada,,04C00291,Isolant SI,1,0,0,1,3332,3332,0,0,0,0,0,0,0,0,0,0
20170109,02005555,Construcciones al Costo S.A,Av. 44 nº 2721 entre 149/150,01568BC,Ventas Buenos Aires,280,2.8,280,14,15413.22,18650,0,0,0,21,0,0,0,0,0,0
20170109,02003852,Aglolam SA,Av Hipolito Yrigoyen 13107,01957A,Ventas Buenos Aires,1,0,0,1,0.1,0.12,0,0,0,0,0,0,0,0,0,0
20170109,02003852,Aglolam SA,Av Hipolito Yrigoyen 13107,01957AA,Ventas Buenos Aires,1,0,0,1,0.1,0.12,0,0,0,0,0,0,0,0,0,0
20170109,02003852,Aglolam SA,Av Hipolito Yrigoyen 13107,01603B,Ventas Buenos Aires,80,4,2000,80,17902.03,21661.46,0,0,0,21,0,0,0,0,0,0
20170109,01005292,Adamant SRL,Paysandu 923 (entre Crisologo Larralde y Lucena),01666ACP,Isolant SI,50,2.5,50,0,6778.5,8201.99,0,0,0,0,0,0,0,0,0,0
20170109,01005292,Adamant SRL,Paysandu 923 (entre Crisologo Larralde y Lucena),01666ACP,Isolant SI,150,7.5,150,0,14234.85,17224.17,0,0,0,30,0,0,0,0,0,0
20170109,01005292,Adamant SRL,Paysandu 923 (entre Crisologo Larralde y Lucena),01650DA,Isolant SI,1500,15,1500,0,31080,37606.8,0,0,0,30,0,0,0,0,0,0
20170109,01003118,Caputo Marcelo Claudio,Acevedo 65,01658ACP,Luis Ramirez,50,1.5,50,0,5981.7,7237.86,0,0,0,40,0,0,0,0,0,0
20170109,01005292,Adamant SRL,Paysandu 923 (entre Crisologo Larralde y Lucena),01514DB,Isolant SI,1875,9.375,1875,1875,14043.75,16992.94,0,0,0,0,0,0,0,0,0,0
20170109,01005292,Adamant SRL,Paysandu 923 (entre Crisologo Larralde y Lucena),01510AC,Isolant SI,1000,3,1000,1000,4590,5553.9,0,0,0,0,0,0,0,0,0,0
20170109,01005292,Adamant SRL,Paysandu 923 (entre Crisologo Larralde y Lucena),01514DB,Isolant SI,825,4.125,825,825,6179.25,7476.89,0,0,0,0,0,0,0,0,0,0
20170109,01005292,Adamant SRL,Paysandu 923 (entre Crisologo Larralde y Lucena),01514D,Isolant SI,900,4.5,900,900,6741,8156.61,0,0,0,0,0,0,0,0,0,0
20170109,01005292,Adamant SRL,Paysandu 923 (entre Crisologo Larralde y Lucena),01514DB,Isolant SI,1125,5.625,1125,1125,8426.25,10195.76,0,0,0,0,0,0,0,0,0,0
20170109,01002018,Zanet SA,,04C00898,Fernando Palmas,1,0,0,1,30.4,30.4,0,0,0,0,0,0,0,0,0,0
20170109,02003403,Vetra SA,Av. M. Castex 1230 (Ex Ruta 52),01555AA,Hector Collia,500,2.5,500,25,11613,14051.72,0,0,0,21,0,0,0,0,0,0
20170109,02003403,Vetra SA,Av. M. Castex 1230 (Ex Ruta 52),01555C,Hector Collia,3,0.3,60,3,0.3,0.36,0,0,0,0,0,0,0,0,0,0
20170109,02003403,Vetra SA,Av. M. Castex 1230 (Ex Ruta 52),01559AA,Hector Collia,500,5,500,25,17735.5,21459.96,0,0,0,21,0,0,0,0,0,0
20170109,02003403,Vetra SA,Av. M. Castex 1230 (Ex Ruta 52),01557C,Hector Collia,3,0.6,60,3,0.3,0.36,0,0,0,0,0,0,0,0,0,0
20170109,29002369,Cambiasso Pedro Raul,Av. Mitre 315,01654DC,Hector Collia,20,0.4,20,0,2158.28,2611.52,0,0,0,21,0,0,0,0,0,0
20170109,29002369,Cambiasso Pedro Raul,Av. Mitre 315,01524GC,Hector Collia,150,1.5,150,0,4772,5774.11,0,0,0,21,0,0,0,0,0,0
20170109,29002369,Cambiasso Pedro Raul,Av. Mitre 315,01514PC,Hector Collia,125,0.625,125,0,2463.81,2981.21,0,0,0,21,0,0,0,0,0,0
20170109,29002369,Cambiasso Pedro Raul,Av. Mitre 315,01555A,Hector Collia,2,0.2,40,2,929.1,1124.21,0,0,0,21,0,0,0,0,0,0
20170109,02003403,Vetra SA,Av. M. Castex 1230 (Ex Ruta 52),01552AA,Hector Collia,400,4,400,20,13758.64,16647.96,0,0,0,21,0,0,0,0,0,0
20170109,03003751,Indupoles Argentina SA,Parque Ind. Campana - Km70 de Panamericana - Lote 12,01501IQ,Isolant SI,300,0.15,300,0,543,657.03,0,0,0,0,0,0,0,0,0,0
20170109,03003751,Indupoles Argentina SA,Parque Ind. Campana - Km70 de Panamericana - Lote 12,01500BIN,Isolant SI,62400,31.2,62400,62400,92352,111745.92,0,0,0,0,0,0,0,0,0,0
20170109,01002018,Zanet SA,Erezcano 3021/35,01650AC,Fernando Palmas,300,3,300,0,13662,16531.02,0,0,0,0,0,0,0,0,0,0
20170109,04000007,Disapla S.A.,,04C00291,Isolant SA,1,0,0,1,10409.03,10409.03,0,0,0,0,0,0,0,0,0,0
20170109,30001635,Edgardo R Ponthot e Hijos CIA,Deposito Ventas Buenos Aires - Av. 44 nº 2721,01555M,Ventas Buenos Aires,10,1.5,200,10,9485.1,11476.97,0,0,0,21,12,0,0,0,0,0
20170109,30001635,Edgardo R Ponthot e Hijos CIA,Deposito Ventas Buenos Aires - Av. 44 nº 2721,01555MA,Ventas Buenos Aires,1,0.15,20,1,0.1,0.12,0,0,0,0,0,0,0,0,0,0
20170109,02005555,Construcciones al Costo S.A,Av. 44 nº 2721 entre 149/150,01558ECC,Ventas Buenos Aires,1000,10,1000,50,30442.18,36835.04,0,0,0,21,4,0,0,0,0,0
20170109,02004573,La Plata Ceramicos S A,125 y 69 La Plata,01603B,Ventas Buenos Aires,50,2.5,1250,50,11188.77,13538.41,0,0,0,21,0,0,0,0,0,0
20170109,29001247,Salazar Wilchelm Juan Carlos,Calle 5 Nº1998 (Esq. 512),01514DA,Fernando Palmas,1000,5,1000,1000,9640,11664.4,0,0,0,0,0,0,0,0,0,0

