﻿FechaTxt,Codigo_Cliente,Cliente,EntDir,Codigo_Articulo,Vendedor,cantidad,Mts3,Mts2,Rollos,Importe_Bruto,Importe_Neto,Dto_Contado,Dto_Flete,Dto_Especial,Bonificacion,Desc_Adicional,cantidad_elaborada,m2_ocupados,costo_unitario,costo_total_stock,Costo_de_venta
20161108,01002112,Obras Metalicas SA,Av. F Ravanal 3050,01901A,Luis Ramirez,2,0.15708,0,2,3496.71,4231.02,0,0,0,21,0,0,0,0,0,0
20161108,01002112,Obras Metalicas SA,Av. F Ravanal 3050,01900A,Luis Ramirez,1,0.0754,0,1,2386.99,2888.25,0,0,0,21,0,0,0,0,0,0
20161108,01002112,Obras Metalicas SA,Av. F Ravanal 3050,01903A,Luis Ramirez,3,0.22797,0,3,3431.1,4151.63,0,0,0,21,0,0,0,0,0,0
20161108,01002112,Obras Metalicas SA,Av. F Ravanal 3050,01904A,Luis Ramirez,2,0.12566,0,2,1402.74,1697.32,0,0,0,21,0,0,0,0,0,0
20161108,28002335,TUBACERO S.A.,,04C00624,Fernando Palmas,1,0,0,1,3080.64,3080.64,0,0,0,0,0,0,0,0,0,0
20161108,29004625,Rionda Hnos SRL,Ruta Nº5 Km 127,01557A,Hector Collia,100,20,2000,100,65265.91,78971.75,0,0,0,21,8,0,0,0,0,0
20161108,29004625,Rionda Hnos SRL,Ruta Nº5 Km 127,01557C,Hector Collia,12,2.4,240,12,1.2,1.45,0,0,0,0,0,0,0,0,0,0
20161108,29004625,Rionda Hnos SRL,Ruta Nº5 Km 127,01960DA,Hector Collia,100,0,0,100,254417.13,307844.73,0,0,0,21,0,0,0,0,0,0
20161108,24002895,Gani Sociedad Anonima,Parque Industrial Sauce Viejo - Lote 83,01658ACP,Diego Fani,400,12,400,0,37468,45336.28,0,0,0,0,0,0,0,0,0,0
20161108,19002241,Carlos Isla y Cia. SA,San Juan 198,01558BC,Latyn-Valle y Cordillera,80,16,1600,80,65822.4,79645.1,0,0,0,0,0,0,0,0,0,0
20161108,02002433,Antares SACIE,B. De Miguel 923,01559AA,Hector Collia,1000,10,1000,50,31991.26,38709.42,0,0,0,25,5,0,0,0,0,0
20161108,02002433,Antares SACIE,B. De Miguel 923,01557C,Hector Collia,6,1.2,120,6,0.6,0.72,0,0,0,0,0,0,0,0,0,0
20161108,05003222,Manzione Leonardo Andres,Av. Camargo 2222,01508D,Fernando Palmas,7200,14.4,7200,7200,26928,32582.88,0,0,0,0,0,0,0,0,0,0
20161108,05001164,Sika Argentina SAIC,Juan B. Alberdi 5250,01905A,Fernando Palmas,14,0.99652,0,14,5647.04,6832.92,0,0,0,0,0,0,0,0,0,0
20161108,04002644,Materiales Nuciari S R L,Acceso Oeste Km 44500 y puente Gorriti,01557AK,Hector Collia,20,2.1,300,20,7376.7,8925.81,0,0,0,21,0,0,0,0,0,0
20161108,30003134,Pinturerias San Martin SRL,Carlos Pellegrini 742,01558BC,Hector Collia,15,3,300,15,15882.44,19217.75,0,0,0,21,0,0,0,0,0,0
20161108,30003134,Pinturerias San Martin SRL,Carlos Pellegrini 742,01557A,Hector Collia,1,0.2,20,1,709.41,858.39,0,0,0,21,0,0,0,0,0,0
20161108,20003188,Emprendimiento Metalurgico Industrial SRL,CONCEPCION - Sarmiento 603,01557AK,Pedro Cocaña,30,3.15,450,30,8966.9,10849.95,0,3,0,25,12,0,0,0,0,0
20161108,20003188,Emprendimiento Metalurgico Industrial SRL,CONCEPCION - Sarmiento 603,01557A,Pedro Cocaña,25,5,500,25,14372.33,17390.52,0,3,0,25,12,0,0,0,0,0
20161108,20003188,Emprendimiento Metalurgico Industrial SRL,CONCEPCION - Sarmiento 603,01557C,Pedro Cocaña,3,0.6,60,3,0.29,0.35,0,3,0,0,0,0,0,0,0,0
20161108,20003188,Emprendimiento Metalurgico Industrial SRL,Av. Roca 324,01558AL,Pedro Cocaña,20,4,800,20,15474.15,18723.72,0,3,0,25,12,0,0,0,0,0
20161108,20003188,Emprendimiento Metalurgico Industrial SRL,Av. Roca 324,01558ALP,Pedro Cocaña,2,0.4,80,2,0.19,0.23,0,3,0,0,0,0,0,0,0,0
20161108,20004067,Hierronort Salta SRL,Av Colón 925,01557A,Pedro Cocaña,100,20,2000,100,57489.32,69562.08,0,3,0,25,12,0,0,0,0,0
20161108,20004067,Hierronort Salta SRL,Av Colón 925,01557C,Pedro Cocaña,12,2.4,240,12,1.16,1.41,0,3,0,0,0,0,0,0,0,0
20161108,27001542,Rosso Hnos. de Alvaro S. Rosso y Raul E. Rosso,Suc.07 - A. DEL VALLE 44,01559AA,Pedro Cocaña,1000,10,1000,50,28744.98,34781.42,0,3,0,25,12,0,0,0,0,0
20161108,27001542,Rosso Hnos. de Alvaro S. Rosso y Raul E. Rosso,Suc.07 - A. DEL VALLE 44,01557C,Pedro Cocaña,6,1.2,120,6,0.58,0.7,0,3,0,0,0,0,0,0,0,0
20161108,27001542,Rosso Hnos. de Alvaro S. Rosso y Raul E. Rosso,Suc.07 - A. DEL VALLE 44,01555AA,Pedro Cocaña,200,1,200,10,3764.38,4554.9,0,3,0,25,12,0,0,0,0,0
20161108,27001542,Rosso Hnos. de Alvaro S. Rosso y Raul E. Rosso,Suc.07 - A. DEL VALLE 44,01555MC,Pedro Cocaña,300,2.25,300,15,13110.02,15863.12,0,3,0,25,12,0,0,0,0,0
20161108,27001542,Rosso Hnos. de Alvaro S. Rosso y Raul E. Rosso,Suc.07 - A. DEL VALLE 44,01555MA,Pedro Cocaña,2,0.3,40,2,0.2,0.24,0,3,0,0,0,0,0,0,0,0
20161108,19002241,Carlos Isla y Cia. SA,Tucuman 225,01557A,Latyn-Valle y Cordillera,45,9,900,45,23404.5,28319.44,0,0,0,0,0,0,0,0,0,0
20161108,19002677,Juanma SRL,,04C00898,Isolant SA,1,0,0,1,2.18,2.18,0,0,0,0,0,0,0,0,0,0
20161108,29000227,Moreno Alfredo German,Av. 44 nº 2721 entre 149/150,01524HC,Isolant SA,4900,49,4900,0,58800,71148,0,0,0,0,0,0,0,0,0,0

