﻿FechaTxt,Codigo_Cliente,Cliente,EntDir,Codigo_Articulo,Vendedor,cantidad,Mts3,Mts2,Rollos,Importe_Bruto,Importe_Neto,Dto_Contado,Dto_Flete,Dto_Especial,Bonificacion,Desc_Adicional,cantidad_elaborada,m2_ocupados,costo_unitario,costo_total_stock,Costo_de_venta,comp,C_Construccion,nomdoc
20170705,01004516,All Covering Argentina SRL,Zuviria 6643,01603B,Luis Ramirez,50,2.5,1250,50,8462.68,10239.84,3,0,0,30,12,0,0,0,0,3467.7,002200005838,N,Factura de Venta
20170705,03005223,Tubo Center SA,Av. Jose E.Uriburu 930 (ex Ruta 8) Pilar,01558ES,Levy,15,3,300,15,7204.8,8717.81,0,0,0,21,0,0,0,0,0,1454.79,002200005824,N,Factura de Venta
20170705,04004334,Fapex SA,Rio Potrero 175 (Esq. Rio de Rey) Barrio CinaCina,01508AF,Isolant SI,11016,22.032,11016,11016,23684.4,28658.12,0,0,0,0,0,0,0,0,0,22252.54,002200005823,N,Factura de Venta
20170705,17002355,Ceramica Obera SRL,,04VARIOS,Ind Saladillo Chaco,-1,0,0,-1,-523.14,-633,0,0,0,0,0,0,0,0,0,0,001400007909,N,Crédito de Venta
20170705,11005821,Bh Maderas SA,,04VARIOS,Victor Casañas,-1,0,0,-1,-198.35,-240,0,0,0,0,0,0,0,0,0,0,001400007907,N,Crédito de Venta
20170705,24003676,Miceli Maderas SRL,,04VARIOS,Diego Fani,-1,0,0,-1,-2000,-2420,0,0,0,0,0,0,0,0,0,0,001400007910,N,Crédito de Venta
20170705,04004334,Fapex SA,Rio Potrero 175 (Esq. Rio de Rey) Barrio CinaCina,01514AF,Isolant SI,3616,18.08,3616,0,16344.32,19776.63,0,0,0,0,0,0,0,0,0,15889.51,002200005832,N,Factura de Venta
20170705,03000023,Industrias Saladillo SA,IS.SA. Planta Pilar,01782B,Isolant SI,40,1.24,0,40,4150,5021.5,0,0,0,0,0,0,0,0,0,2399.25,002200005835,N,Factura de Venta
20170705,03000023,Industrias Saladillo SA,IS.SA. Planta Pilar,01781BA,Isolant SI,73,2.8616,0,73,11760.3,14229.96,0,0,0,0,0,0,0,0,0,10163.63,002200005836,N,Factura de Venta
20170705,04004334,Fapex SA,Rio Potrero 175 (Esq. Rio de Rey) Barrio CinaCina,01514AF,Isolant SI,3164,15.82,3164,0,14301.28,17304.55,0,0,0,0,0,0,0,0,0,13903.32,002200005833,N,Factura de Venta
20170705,02005900,Prata Leonel Martin,Av. Sixto Rodriguez 470,01654ON,Norberto Oppezzo,10,1.68,0,10,5024.4,6079.52,0,0,0,21,0,0,0,0,0,3355.43,002200005839,N,Factura de Venta
20170705,03003300,Aserradero Vagol SRL,,04VARIOS,Esteban Bergamaschi,-1,0,0,-1,-6111.57,-7395,0,0,0,0,0,0,0,0,0,0,001400007911,N,Crédito de Venta
20170705,02003757,Carmona Leonardo Esteban,,04VARIOS,Ventas Buenos Aires,-1,0,0,-1,-359.5,-435,0,0,0,0,0,0,0,0,0,0,001400007914,N,Crédito de Venta
20170705,04004334,Fapex SA,Rio Potrero 175 (Esq. Rio de Rey) Barrio CinaCina,01557ARF,Isolant SI,66,13.2,1320,66,17212.8,20827.49,0,0,0,0,0,0,0,0,0,2284.29,002200005831,N,Factura de Venta
20170705,09002438,Suc De Gustavo Lagerheim SA,Ruta Nacional 11 Km.1005,04VARIOS,Isolant SA,-1,0,0,-1,-28057.36,-33949.41,0,0,0,0,0,0,0,0,0,0,001400007915,N,Crédito de Venta
20170705,24002156,Tinglados Maciel SRL,,04VARIOS,Diego Fani,-1,0,0,-1,-727.27,-880,0,0,0,0,0,0,0,0,0,0,001400007908,N,Crédito de Venta
20170705,05005851,Dimo Contrucciones S.A,Colectora Oeste 1590,01558EC,Hector Collia,16,3.2,320,16,6720,8131.2,0,0,0,0,0,0,0,0,0,6035.67,002200005826,N,Factura de Venta
20170705,03003617,Schmidel Carlos Gaston,,04VARIOS,Levy,-1,0,0,-1,-1103.31,-1335,0,0,0,0,0,0,0,0,0,0,001400007913,N,Crédito de Venta
20170705,03000480,Krasuk SRL,Av. Mitre 3261,01558EC,Esteban Bergamaschi,55,11,1100,55,32099.12,38839.94,0,0,0,21,8,0,0,0,0,20747.61,002200005828,N,Factura de Venta
20170705,04004334,Fapex SA,Rio Potrero 175 (Esq. Rio de Rey) Barrio CinaCina,01524AF,Isolant SI,1484,14.84,1484,0,13741.84,16627.63,0,0,0,0,0,0,0,0,0,10358,002200005830,N,Factura de Venta
20170705,04004334,Fapex SA,Rio Potrero 175 (Esq. Rio de Rey) Barrio CinaCina,01524AF,Isolant SI,848,8.48,848,0,7852.48,9501.5,0,0,0,0,0,0,0,0,0,5918.86,002200005833,N,Factura de Venta
20170705,09002438,Suc De Gustavo Lagerheim SA,Ruta Nacional 11 Km.1005,01555AR,Victor Casañas,65,6.5,1300,65,11908.7,14409.53,0,3,0,32.5,21,0,0,0,0,3197.81,002200005843,N,Factura de Venta
20170705,09002438,Suc De Gustavo Lagerheim SA,Ruta Nacional 11 Km.1005,01557AR,Victor Casañas,40,8,800,40,11271.97,13639.08,0,3,0,32.5,21,0,0,0,0,2390.7,002200005843,N,Factura de Venta
20170705,04005689,Polifoam SRL,Alte. Brown 3985,01515B,Isolant SI,75,0.375,75,0,1680,2032.8,0,0,0,0,0,0,0,0,0,349.02,002200005844,S,Factura de Venta
20170705,03000480,Krasuk SRL,Av. Mitre 3261,06C001CO,Esteban Bergamaschi,1,0,0,1,0.1,0.12,0,3,0,0,0,0,0,0,0,0,002200005845,N,Factura de Venta
20170705,03000480,Krasuk SRL,Av. Mitre 3261,01558EC,Esteban Bergamaschi,45,9,900,45,25475.03,30824.79,0,3,0,21,8,0,0,0,0,16975.31,002200005845,N,Factura de Venta
20170705,05005851,Dimo Contrucciones S.A,Colectora Oeste 1590,01558EC,Hector Collia,18,3.6,360,18,7560,9147.6,0,0,0,0,0,0,0,0,0,6790.13,002200005825,N,Factura de Venta
20170705,24005556,Gringos SRL,,04VARIOS,Diego Fani,-1,0,0,-1,-1107.44,-1340,0,0,0,0,0,0,0,0,0,0,001400007912,N,Crédito de Venta
20170705,07004086,Horacio Malpassi SRL,Velez Sarfield 485,01552I,Meier,5,1,200,5,2027.77,2453.6,0,0,0,21,0,0,0,0,0,145.7,002200005840,N,Factura de Venta
20170705,07004086,Horacio Malpassi SRL,Velez Sarfield 485,01558EC,Meier,7,1.4,140,7,4440.59,5373.11,0,0,0,21,0,0,0,0,0,2640.6,002200005840,N,Factura de Venta
20170705,04004438,Establecimientos Graficos Agramunt S A,Pte. Peron 3440,01506BC,Hector Collia,1680,2.52,1680,1680,10962,13264.02,0,0,0,25,0,0,0,0,0,2232.93,002200005841,N,Factura de Venta
20170705,09002438,Suc De Gustavo Lagerheim SA,Ruta Nacional 11 Km.1005,01555A,Victor Casañas,150,15,3000,150,50822.53,61495.27,0,3,0,32.5,12,0,0,0,0,6724.96,002200005843,N,Factura de Venta
20170705,09002438,Suc De Gustavo Lagerheim SA,Ruta Nacional 11 Km.1005,01550I,Victor Casañas,60,2.4,1200,60,4127.67,4994.49,0,3,0,32.5,21,0,0,0,0,2722.53,002200005843,N,Factura de Venta
20170705,09002438,Suc De Gustavo Lagerheim SA,Ruta Nacional 11 Km.1005,01555C,Victor Casañas,24,2.4,480,24,2.33,2.82,0,3,0,0,0,0,0,0,0,1075.99,002200005843,N,Factura de Venta
20170705,03004281,Majara SRL,Av. Avellaneda 3112/14,01658AC,Hector Collia,10,0.3,10,0,1437.59,1739.48,0,0,0,30,0,0,0,0,0,423.77,002200005827,N,Factura de Venta
20170705,03000023,Industrias Saladillo SA,IS.SA. Planta Pilar,01778B,Isolant SI,50,1.225225,0,50,5604.5,6781.44,0,0,0,0,0,0,0,0,0,2827.62,002200005837,N,Factura de Venta
20170705,07004086,Horacio Malpassi SRL,Velez Sarfield 485,01654DC,Meier,40,0.8,40,0,4221,5107.41,0,0,0,25,0,0,0,0,0,1099.38,002200005840,N,Factura de Venta
20170705,04005689,Polifoam SRL,Alte. Brown 3985,01651C,Isolant SI,750,7.5,750,0,27055.88,32737.61,0,0,0,45,0,0,0,0,0,13315.79,002200005842,N,Factura de Venta
20170705,03000741,Maderera Newton Sociedad Anonima,,04C00898,Esteban Bergamaschi,1,0,0,1,0.01,0.01,0,0,0,0,0,0,0,0,0,,000000010942,,Débito (Ajustes)
20170705,03005896,Cela Ricardo,calle 82 Jose Hernandez Nº 6136,01658DC,Fernando Palmas,20,0.6,20,0,1220.6,1476.93,0,0,0,0,0,0,0,0,0,752.28,002200005829,N,Factura de Venta
20170705,03000023,Industrias Saladillo SA,IS.SA. Planta Pilar,01781B,Isolant SI,62,2.4304,0,62,6451.72,7806.58,0,0,0,0,0,0,0,0,0,3425.3,002200005834,N,Factura de Venta
20170705,03000023,Industrias Saladillo SA,IS.SA. Planta Pilar,01781B,Isolant SI,40,1.568,0,40,4162.4,5036.5,0,0,0,0,0,0,0,0,0,2209.87,002200005835,N,Factura de Venta
20170705,03000023,Industrias Saladillo SA,IS.SA. Planta Pilar,01776BA,Isolant SI,9,0.2544696,0,9,1627.02,1968.69,0,0,0,0,0,0,0,0,0,873.14,002200005836,N,Factura de Venta

