﻿FechaTxt,Codigo_Cliente,Cliente,EntDir,Codigo_Articulo,Vendedor,cantidad,Mts3,Mts2,Rollos,Importe_Bruto,Importe_Neto,Dto_Contado,Dto_Flete,Dto_Especial,Bonificacion,Desc_Adicional,cantidad_elaborada,m2_ocupados,costo_unitario,costo_total_stock,Costo_de_venta,comp,C_Construccion
20170530,11004509,Allende Mario Ruben,R. Saenz Peña Nº150,01960DA,Victor Casañas,3,0,0,3,8334.7,10084.98,0,0,0,21,0,0,0,0,0,2804.18,002200005021,N
20170530,29005732,Pelorosso Materiales SA,San Martin y Pasteur,01550A,Ventas Buenos Aires,20,0.8,400,20,4052.43,4903.45,0,0,0,21,4,0,0,0,0,1973.48,002200005025,N
20170530,29005732,Pelorosso Materiales SA,San Martin y Pasteur,01555A,Ventas Buenos Aires,25,2.5,500,25,11149.24,13490.58,0,0,0,21,4,0,0,0,0,2059.08,002200005025,N
20170530,29005732,Pelorosso Materiales SA,San Martin y Pasteur,01557A,Ventas Buenos Aires,25,5,500,25,17025.89,20601.33,0,0,0,21,4,0,0,0,0,4326.04,002200005025,N
20170530,01003347,Hormetal SA,Calle 2 de Abril 865 (E/J Hernandez y Eva Peron),01568B,Hector Collia,1326,13.26,1326,66.3,55241.16,66841.8,0,0,0,0,0,0,0,0,0,31052.34,002200005036,N
20170530,24000055,Impack SA,Galvez 1544,01500AC,Victor Casañas,15000,7.5,15000,0,28650,34666.5,0,0,0,0,0,0,0,0,0,17671.79,002200005041,N
20170530,24004815,Budassi German Federico,,04FLETE,Diego Fani,1,0,0,1,2000,2420,0,0,0,0,0,0,0,0,0,0,001400000133,
20170530,01000165,Macroplast SA,,04C01237,Isolant SA,1,0,0,1,64909.34,82434.86,0,0,0,0,0,0,0,0,0,0,001300001564,
20170530,01000165,Macroplast SA,,04C01237,Isolant SA,1,0,0,1,4587.78,4587.78,0,0,0,0,0,0,0,0,0,0,001300001564,
20170530,31001470,Sierramat SRL,Av. Adolfo Gonzales Chaves 352,01750A,Ventas Buenos Aires,6,0,0,6,3964.16,4796.62,0,0,0,21,0,0,0,0,0,0,002200005028,S
20170530,19002241,Carlos Isla y Cia. SA,Suc. Neuquen: Teodoro Plan 5055,01557A,Latyn-Valle y Cordillera,60,12,1200,60,31206,37759.26,0,0,0,0,0,0,0,0,0,10382.49,002200005044,N
20170530,19002241,Carlos Isla y Cia. SA,Suc. Neuquen: Teodoro Plan 5055,01558BC,Latyn-Valle y Cordillera,100,20,2000,100,84746,102542.66,0,0,0,0,0,0,0,0,0,45010.7,002200005044,N
20170530,29000227,Moreno Alfredo German,Av. 44 nº 2721 entre 149/150,01772AC,Isolant SA,15,2.8416,0,15,14908.8,18039.64,0,0,0,0,0,0,0,0,0,1747.21,002200005020,S
20170530,29000227,Moreno Alfredo German,Av. 44 nº 2721 entre 149/150,01772AD,Isolant SA,15,2.8416,0,15,14908.8,18039.64,0,0,0,0,0,0,0,0,0,1108.78,002200005020,S
20170530,29000227,Moreno Alfredo German,Av. 44 nº 2721 entre 149/150,01772AB,Isolant SA,15,2.8416,0,15,14908.8,18039.64,0,0,0,0,0,0,0,0,0,1673.27,002200005020,S
20170530,29000227,Moreno Alfredo German,Av. 44 nº 2721 entre 149/150,01772A,Isolant SA,15,2.8416,0,15,14908.8,18039.64,0,0,0,0,0,0,0,0,0,1151.51,002200005020,S
20170530,07000012,Natali Plasticos SRL,Alvear 1475,01557AR,Isolant SA,50,10,1000,50,13968.48,16901.87,0,3,0,0,0,0,0,0,0,5734.54,002200005033,N
20170530,07000012,Natali Plasticos SRL,Alvear 1475,01555EC,Isolant SA,25,2.5,500,25,5320.21,6437.45,0,3,0,0,0,0,0,0,0,2546.68,002200005033,N
20170530,07000012,Natali Plasticos SRL,Alvear 1475,01558ES,Isolant SA,50,10,1000,50,15588.87,18862.53,0,3,0,0,0,0,0,0,0,8615.46,002200005033,N
20170530,07000012,Natali Plasticos SRL,Alvear 1475,01555AK,Isolant SA,20,0.9,300,20,2724.34,3296.45,0,3,0,0,0,0,0,0,0,2413.19,002200005033,N
20170530,07000012,Natali Plasticos SRL,Alvear 1475,01557AK,Isolant SA,40,4.2,600,40,8381.19,10141.24,0,3,0,0,0,0,0,0,0,2417.91,002200005033,N
20170530,07000012,Natali Plasticos SRL,Alvear 1475,01554BC,Isolant SA,10,1,200,10,7048.78,8529.02,0,3,0,32.5,0,0,0,0,0,2662.43,002200005033,N
20170530,07000012,Natali Plasticos SRL,Alvear 1475,01558BC,Isolant SA,50,10,1000,50,45632.8,55215.69,0,3,0,32.5,0,0,0,0,0,22505.35,002200005032,N
20170530,07000012,Natali Plasticos SRL,Alvear 1475,01555EC,Isolant SA,21,2.1,420,21,4468.97,5407.46,0,3,0,0,0,0,0,0,0,2139.21,002200005032,N
20170530,19002241,Carlos Isla y Cia. SA,Suc. Gral Roca: San Juan 198,01767C,Latyn-Valle y Cordillera,4,0.21264,0,4,3022.07,3656.71,0,3,0,21,0,0,0,0,0,766.04,002200005043,N
20170530,19002241,Carlos Isla y Cia. SA,Suc. Gral Roca: San Juan 198,01764C,Latyn-Valle y Cordillera,2,0.13194,0,2,2005.58,2426.75,0,3,0,21,0,0,0,0,0,659.56,002200005043,N
20170530,29002191,Maderera Don Fioravanti SRL,,04VARIOS,Esteban Bergamaschi,-1,0,0,-1,-413.22,-500,0,0,0,0,0,0,0,0,0,0,001400007773,N
20170530,07000012,Natali Plasticos SRL,Alvear 1475,01555AR,Isolant SA,50,5,1000,50,9081.63,10988.77,0,3,0,0,0,0,0,0,0,2736.86,002200005033,N
20170530,07002231,Acerco SA,Bv. Domingo Zipoli Nº 440,01555M,Meier,55,8.25,1100,55,43360.53,52466.24,0,0,15,25,12,0,0,0,0,27552.37,002200005039,N
20170530,11005536,Favre Sebastian Javier,Jose Guex 1624,01555A,Victor Casañas,25,2.5,500,25,11149.24,13490.58,0,0,0,21,4,0,0,0,0,2059.08,002200005030,N
20170530,11005536,Favre Sebastian Javier,Jose Guex 1624,01753B,Victor Casañas,1,0.0375,0,1,1185,1433.85,0,0,0,21,0,0,0,0,0,0,002200005030,N
20170530,11005536,Favre Sebastian Javier,Jose Guex 1624,01558BC,Victor Casañas,10,2,200,10,11342.19,13724.05,0,0,0,21,0,0,0,0,0,4501.07,002200005030,N
20170530,11005536,Favre Sebastian Javier,Jose Guex 1624,01557A,Victor Casañas,25,5,500,25,17025.89,20601.33,0,0,0,21,4,0,0,0,0,4326.04,002200005030,N
20170530,07000012,Natali Plasticos SRL,Alvear 1475,01557A,Isolant SA,30,6,600,30,15522.12,18781.76,0,3,0,32.5,12,0,0,0,0,5191.25,002200005032,N
20170530,09002438,Suc De Gustavo Lagerheim SA,Ruta Nacional 11 Km.1005,01557A,Isolant SA,76,15.2,1520,76,39322.69,47580.46,0,3,0,32.5,12,0,0,0,0,13151.16,002200005022,N
20170530,17004414,Klauk Victor Lindolfo,Av. Corrientes 2842,01555A,Pedro Cocaña,-50,-5,-1000,-50,-16990.4,-20558.38,0,3,0,21,8,0,0,0,0,4118.16,001400007763,S
20170530,17004414,Klauk Victor Lindolfo,Av. Corrientes 2842,01557A,Pedro Cocaña,-25,-5,-500,-25,-12972.98,-15697.32,0,3,0,21,8,0,0,0,0,4326.04,001400007763,S
20170530,17004414,Klauk Victor Lindolfo,Av. Corrientes 2842,01555M,Pedro Cocaña,-30,-4.5,-600,-30,-19110.18,-23123.32,0,3,0,21,8,0,0,0,0,15028.56,001400007763,S
20170530,17004414,Klauk Victor Lindolfo,Av. Corrientes 2842,01555AK,Pedro Cocaña,-10,-0.45,-150,-10,-1625.8,-1967.2,0,3,0,21,8,0,0,0,0,1206.59,001400007763,S
20170530,07002231,Acerco SA,Bv. Domingo Zipoli Nº 440,01558AL,Meier,100,20,4000,100,69155.03,83677.59,0,0,15,25,12,0,0,0,0,31741.32,002200005039,N
20170530,07002231,Acerco SA,Bv. Domingo Zipoli Nº 440,01558BC,Meier,80,16,1600,80,86143.2,104233.27,0,0,0,25,0,0,0,0,0,36008.56,002200005037,N
20170530,07002231,Acerco SA,Bv. Domingo Zipoli Nº 440,01960DA,Meier,5,0,0,5,13187.81,15957.25,0,0,0,25,0,0,0,0,0,4673.64,002200005037,N
20170530,07002231,Acerco SA,Bv. Domingo Zipoli Nº 440,01960DC,Meier,10,0,0,10,13575.53,16426.39,0,0,0,25,0,0,0,0,0,6022.26,002200005037,N
20170530,07002231,Acerco SA,Bv. Domingo Zipoli Nº 440,01557A,Meier,50,10,1000,50,29633.67,35856.74,0,0,0,25,12,0,0,0,0,8652.08,002200005038,N
20170530,01003118,Caputo Marcelo Claudio,Acevedo 65,01658ACP,Luis Ramirez,-60,-1.8,-60,0,-14356.08,-17370.86,0,0,0,40,0,0,0,0,0,2526.4,001400007766,S
20170530,01003118,Caputo Marcelo Claudio,,01658ACP,Luis Ramirez,60,1.8,60,0,7177.68,8685,0,0,0,40,0,0,0,0,0,2526.4,001400000713,S
20170530,19002241,Carlos Isla y Cia. SA,Suc. Gral Roca: San Juan 198,01557A,Latyn-Valle y Cordillera,55,11,1100,55,28605.5,34612.65,0,0,0,0,0,0,0,0,0,9517.28,002200005034,N
20170530,19002241,Carlos Isla y Cia. SA,Tucuman 225,01557A,Latyn-Valle y Cordillera,70,14,1400,70,36407,44052.47,0,0,0,0,0,0,0,0,0,12112.91,002200005035,N
20170530,17004414,Klauk Victor Lindolfo,,01555A,Pedro Cocaña,50,5,1000,50,16990.4,20558.39,0,3,0,21,8,0,0,0,0,4118.16,001400000712,N
20170530,17004414,Klauk Victor Lindolfo,,01557A,Pedro Cocaña,25,5,500,25,12972.98,15697.31,0,3,0,21,8,0,0,0,0,4326.04,001400000712,N
20170530,17004414,Klauk Victor Lindolfo,,01555M,Pedro Cocaña,30,4.5,600,30,19110.19,23123.32,0,3,0,21,8,0,0,0,0,15028.56,001400000712,N
20170530,17004414,Klauk Victor Lindolfo,,01555AK,Pedro Cocaña,10,0.45,150,10,1625.79,1967.21,0,3,0,21,8,0,0,0,0,1206.59,001400000712,N
20170530,13005808,Jaramillo Victor Hugo,Calle Calilegua 142 Barrio La Loma,01555AK,Pedro Cocaña,50,2.25,750,50,9364.11,11330.57,0,3,0,21,8,0,0,0,0,6032.97,002200005047,N
20170530,13005808,Jaramillo Victor Hugo,Calle Calilegua 142 Barrio La Loma,01557AK,Pedro Cocaña,50,5.25,750,50,14403.07,17427.71,0,3,0,21,8,0,0,0,0,3022.39,002200005047,N
20170530,30005703,Embarcadero Servicios y Embalajes SRL,Chacabuco 96,04VARIOS,Fernando Palmas,-1,0,0,-1,-4288,-5188.48,0,0,0,0,0,0,0,0,0,0,001400007800,N
20170530,24001069,Renk Gerardo Augusto,rivadavia 1840,01558AL,Diego Fani,4,0.8,160,4,2891.94,3499.24,0,0,15,25,8,0,0,0,0,1269.65,002200005029,N
20170530,24001069,Renk Gerardo Augusto,rivadavia 1840,01654ON,Diego Fani,9,1.512,0,9,3357.13,4062.12,0,0,15,25,8,0,0,0,0,3030.91,002200005029,N
20170530,24001069,Renk Gerardo Augusto,rivadavia 1840,01960F,Diego Fani,1,0,0,1,1725.88,2088.31,0,0,15,25,8,0,0,0,0,0,002200005029,N
20170530,27003324,Supermat S A,"El Amigo - Sebastian Cuenca esq Lopez y Planes,Oran",01557AK,Pedro Cocaña,15,1.575,225,15,3923.79,4747.78,0,3,0,25,12,0,0,0,0,906.72,002200005045,N
20170530,27003324,Supermat S A,"El Amigo - Sebastian Cuenca esq Lopez y Planes,Oran",01557A,Pedro Cocaña,50,10,1000,50,28744.66,34781.04,0,3,0,25,12,0,0,0,0,8652.08,002200005045,N
20170530,27003324,Supermat S A,"El Amigo - Sebastian Cuenca esq Lopez y Planes,Oran",01558BC,Pedro Cocaña,10,2,200,10,10444.86,12638.28,0,3,0,25,0,0,0,0,0,4501.07,002200005045,N
20170530,20003957,La Maderera SRL,25 de Mayo 411,01750A,Pedro Cocaña,8,0,0,8,4614.33,5583.34,0,3,0,21,10,0,0,0,0,0,002200005046,N
20170530,01001234,Indian Carpet SA,Yerbal 1440,01700A,Luis Ramirez,-50,-6,0,-50,-29773.8,-36026.3,0,0,0,30,0,0,0,0,0,11287.72,001400007798,N
20170530,13005808,Jaramillo Victor Hugo,Calle Calilegua 142 Barrio La Loma,01957A,Pedro Cocaña,1,0,0,1,0.1,0.12,0,3,0,0,0,0,0,0,0,0,002200005047,N
20170530,24000055,Impack SA,Galvez 1544,01500AC,Victor Casañas,7200,3.6,7200,0,13320,16117.2,0,0,0,0,0,0,0,0,0,8482.46,002200005042,N
20170530,24002156,Tinglados Maciel SRL,,04VARIOS,Diego Fani,-1,0,0,-1,-582.64,-705,0,0,0,0,0,0,0,0,0,0,001400007779,N
20170530,24004815,Budassi German Federico,Av. Roque Saenz Peña 1030,01558EC,Diego Fani,-1,-0.2,-20,-1,-494.65,-598.52,0,0,0,30,12,0,0,0,0,367.64,001400007795,N
20170530,07003893,Torres Carlos Hector,Juan B. Justo 3595,04VARIOS,Meier,-1,0,0,-1,-692.02,-837.34,0,0,0,0,0,0,0,0,0,0,001400007796,S
20170530,01004026,Osito Azul Sociedad Anonima,Martin Rodriguez 1433,01950F,Isolant SI,56,12.801517344,0,56,27619.2,33419.23,0,0,0,0,0,0,0,0,0,9314.68,002200005050,N
20170530,27003324,Supermat S A,"El Amigo - Sebastian Cuenca esq Lopez y Planes,Oran",01555AK,Pedro Cocaña,15,0.675,225,15,2551.04,3086.75,0,3,0,25,12,0,0,0,0,1809.89,002200005045,N
20170530,29005732,Pelorosso Materiales SA,San Martin y Pasteur,01555C,Ventas Buenos Aires,3,0.3,60,3,0.3,0.36,0,0,0,0,0,0,0,0,0,247.09,002200005025,N
20170530,31003546,Riorca SRL,Av. 122 Nº 474 entre 41 y 42,01555AA,Ventas Buenos Aires,4500,22.5,4500,225,91974.96,111289.7,0,0,0,21,12,0,0,0,0,18531.73,002200005019,S
20170530,31003546,Riorca SRL,Av. 122 Nº 474 entre 41 y 42,01555C,Ventas Buenos Aires,50,5,1000,50,5,6.04,0,0,0,0,0,0,0,0,0,4118.16,002200005019,S
20170530,17004414,Klauk Victor Lindolfo,,01555C,Pedro Cocaña,6,0.6,120,6,0.58,0.7,0,3,0,0,0,0,0,0,0,494.18,001400000712,N
20170530,17004414,Klauk Victor Lindolfo,Av. Corrientes 2842,01555C,Pedro Cocaña,-6,-0.6,-120,-6,-0.58,-0.7,0,3,0,0,0,0,0,0,0,494.18,001400007763,S
20170530,11005536,Favre Sebastian Javier,Jose Guex 1624,01555C,Victor Casañas,3,0.3,60,3,0.3,0.36,0,0,0,0,0,0,0,0,0,247.09,002200005030,N
20170530,01004400,Sider Group SA,Av. Champagnat 1255,01555AA,Ventas Buenos Aires,1000,5,1000,50,20438.88,24731.04,0,0,0,21,12,0,0,0,0,4118.16,002200005040,S
20170530,01004400,Sider Group SA,Av. Champagnat 1255,01555C,Ventas Buenos Aires,6,0.6,120,6,0.6,0.72,0,0,0,0,0,0,0,0,0,494.18,002200005040,S
20170530,31001470,Sierramat SRL,Av. Adolfo Gonzales Chaves 352,01555EDC,Ventas Buenos Aires,2000,10,2000,100,44974.38,54419,0,0,0,21,8,0,0,0,0,32297.13,002200005028,S
20170530,29004125,Grau y Weiss SA,Diag 31 Nº 2601 y Zagala,01555MC,Levy,400,3,400,20,18882.58,22847.92,0,0,15,21,0,0,0,0,0,10019.04,002200005024,S
20170530,29004125,Grau y Weiss SA,Diag 31 Nº 2601 y Zagala,01555MA,Levy,2,0.3,40,2,0.18,0.2,0,0,15,0,0,0,0,0,0,1001.9,002200005024,S
20170530,17004414,Klauk Victor Lindolfo,,01555MA,Pedro Cocaña,4,0.6,80,4,0.39,0.47,0,3,0,0,0,0,0,0,0,2003.81,001400000712,N
20170530,03000741,Maderera Newton Sociedad Anonima,Acceso Norte 3085 (ramal Campana) y Haití- Frente la Ford,01555MC,Esteban Bergamaschi,200,1.5,200,10,9441.28,11423.96,0,0,15,21,0,0,0,0,0,5009.52,002200005027,S
20170530,03000741,Maderera Newton Sociedad Anonima,Acceso Norte 3085 (ramal Campana) y Haití- Frente la Ford,01555MA,Esteban Bergamaschi,1,0.15,20,1,0.08,0.1,0,0,15,0,0,0,0,0,0,500.95,002200005027,S
20170530,17004414,Klauk Victor Lindolfo,Av. Corrientes 2842,01555MA,Pedro Cocaña,-4,-0.6,-80,-4,-0.38,-0.46,0,3,0,0,0,0,0,0,0,2003.81,001400007763,S
20170530,07002231,Acerco SA,Bv. Domingo Zipoli Nº 440,01555MA,Meier,4,0.6,80,4,0.34,0.41,0,0,15,0,0,0,0,0,0,2003.81,002200005039,N
20170530,01004400,Sider Group SA,Av. Champagnat 1255,01555MC,Ventas Buenos Aires,800,6,800,40,39098.04,47308.64,0,0,0,21,12,0,0,0,0,20038.08,002200005040,S
20170530,01004400,Sider Group SA,Av. Champagnat 1255,01555MA,Ventas Buenos Aires,4,0.6,80,4,0.4,0.48,0,0,0,0,0,0,0,0,0,2003.81,002200005040,S
20170530,29005732,Pelorosso Materiales SA,San Martin y Pasteur,01557C,Ventas Buenos Aires,3,0.6,60,3,0.3,0.36,0,0,0,0,0,0,0,0,0,519.12,002200005025,N
20170530,27003324,Supermat S A,"El Amigo - Sebastian Cuenca esq Lopez y Planes,Oran",01557C,Pedro Cocaña,6,1.2,120,6,0.58,0.7,0,3,0,0,0,0,0,0,0,1038.25,002200005045,N
20170530,13003662,A B Construcciones SRL,Av. Almte. Brown 198,01559AA,Pedro Cocaña,2500,25,2500,125,71910.36,87011.54,0,3,5,21,12,0,0,0,0,21630.19,002200005048,S
20170530,13003662,A B Construcciones SRL,Av. Almte. Brown 198,01557C,Pedro Cocaña,30,6,600,30,2.76,3.34,0,3,5,0,0,0,0,0,0,5191.25,002200005048,S
20170530,31003546,Riorca SRL,Av. 122 Nº 474 entre 41 y 42,01559AA,Ventas Buenos Aires,600,6,600,30,18728.68,22661.72,0,0,0,21,12,0,0,0,0,5191.25,002200005019,S
20170530,31003546,Riorca SRL,Av. 122 Nº 474 entre 41 y 42,01557C,Ventas Buenos Aires,35,7,700,35,3.5,4.24,0,0,0,0,0,0,0,0,0,6056.45,002200005019,S
20170530,01004400,Sider Group SA,Av. Champagnat 1255,01559AA,Ventas Buenos Aires,2000,20,2000,100,62428.96,75539.04,0,0,0,21,12,0,0,0,0,17304.15,002200005040,S
20170530,01004400,Sider Group SA,Av. Champagnat 1255,01557C,Ventas Buenos Aires,12,2.4,240,12,1.2,1.46,0,0,0,0,0,0,0,0,0,2076.5,002200005040,S
20170530,17004414,Klauk Victor Lindolfo,,01557C,Pedro Cocaña,3,0.6,60,3,0.29,0.35,0,3,0,0,0,0,0,0,0,519.12,001400000712,N
20170530,07002231,Acerco SA,Bv. Domingo Zipoli Nº 440,01557C,Meier,6,1.2,120,6,0.6,0.73,0,0,0,0,0,0,0,0,0,1038.25,002200005038,N
20170530,09002438,Suc De Gustavo Lagerheim SA,Ruta Nacional 11 Km.1005,01557C,Isolant SA,20,4,400,20,1.94,2.35,0,3,0,0,0,0,0,0,0,3460.83,002200005022,N
20170530,17004414,Klauk Victor Lindolfo,Av. Corrientes 2842,01557C,Pedro Cocaña,-3,-0.6,-60,-3,-0.3,-0.36,0,3,0,0,0,0,0,0,0,519.12,001400007763,S
20170530,11005536,Favre Sebastian Javier,Jose Guex 1624,01557C,Victor Casañas,3,0.6,60,3,0.3,0.36,0,0,0,0,0,0,0,0,0,519.12,002200005030,N
20170530,04001309,Levits SA,Italia 6388,01559AA,Hector Collia,200,2,200,10,7094.2,8583.98,0,0,0,21,0,0,0,0,0,1730.42,002200005031,S
20170530,01004400,Sider Group SA,Av. Champagnat 1255,01557ARC,Ventas Buenos Aires,1200,12,1200,60,22724.7,27496.88,0,0,0,21,12,0,0,0,0,6881.45,002200005040,S
20170530,07002231,Acerco SA,Bv. Domingo Zipoli Nº 440,01558ALP,Meier,10,2,400,10,0.85,1.03,0,0,15,0,0,0,0,0,0,3174.13,002200005039,N
20170530,13003662,A B Construcciones SRL,Av. Almte. Brown 198,01558ECC,Pedro Cocaña,700,7,700,35,14390.68,17412.72,0,3,20,25,12,0,0,0,0,12867.49,002200005049,S
20170530,03004816,Maderera Yacuy SRL,Mariano Pelliza N°3535,01558ESC,Levy,240,2.4,240,12,5763.84,6974.24,0,0,0,21,0,0,0,0,0,2067.71,002200005026,S
20170530,01004400,Sider Group SA,Av. Champagnat 1255,01570BD,Ventas Buenos Aires,200,3,200,10,13976.68,16911.78,0,0,0,21,0,0,0,0,0,9269.35,002200005040,S
20170530,29002191,Maderera Don Fioravanti SRL,Larrea 1460,01655ONC,Esteban Bergamaschi,224,3.136,224,18.6666666666667,133781.76,161875.92,0,0,0,21,0,0,0,0,0,8799.89,002200005023,S
20170530,03000741,Maderera Newton Sociedad Anonima,Acceso Norte 3085 (ramal Campana) y Haití- Frente la Ford,01960FC,Esteban Bergamaschi,4,0,0,4,7903.98,9563.82,0,0,15,21,0,0,0,0,0,0,002200005027,S
20170530,11004727,Cooperativa La Ganadera General Ramirez Agropecuaria de Cons y Prov de Serv Publicos Ltda,,04C00898,Natali Plasticos (Vta Directa),1,0,0,1,0.78,0.78,0,0,0,0,0,0,0,0,0,,000000010847,
20170530,31003546,Riorca SRL,Av. 122 Nº 474 entre 41 y 42,04ANTICIPOS,Ventas Buenos Aires,-1,0,0,-1,-183964.92,-222597.56,0,0,0,0,0,0,0,0,0,,001400007767,S
20170530,29002554,Perkusic Hnos SRL,,01IN,Hector Collia,-1,0,0,-1,-3804.58,-4603.54,0,0,0,0,0,0,0,0,0,,001400007769,
20170530,07002231,Acerco SA,,01IN,Meier,-1,0,0,-1,-4418.98,-5346.96,0,0,0,0,0,0,0,0,0,,001400007770,
20170530,31004124,"Sucesores de Jacobo De Dimant, Rebeca y Dimant Ernesto",,01IN,Ventas Buenos Aires,-1,0,0,-1,-256.86,-310.8,0,0,0,0,0,0,0,0,0,,001400007778,
20170530,11004428,Prades Sociedad Anonima,,01IN,Victor Casañas,-1,0,0,-1,-654.32,-791.73,0,0,0,0,0,0,0,0,0,,001400007780,
20170530,16003025,Fopiani Ricardo Arturo,,01IN,Leandro Diaz,-1,0,0,-1,-627.14,-758.84,0,0,0,0,0,0,0,0,0,,001400007777,N
20170530,01001649,Triber SA,,04C00898,Luis Ramirez,1,0,0,1,2.64,2.64,0,0,0,0,0,0,0,0,0,,000000010848,
20170530,07004297,Mendio S.A.,,01IN,Meier,-1,0,0,-1,-1455.15,-1760.73,0,0,0,0,0,0,0,0,0,,001400007774,
20170530,07002231,Acerco SA,,01IN,Meier,-1,0,0,-1,-4647.59,-5623.58,0,0,0,0,0,0,0,0,0,,001400007771,
20170530,22003435,Sidermet San Luis SA,,04C00898,Leandro Diaz,1,0,0,1,2.91,2.91,0,0,0,0,0,0,0,0,0,,000000010849,
20170530,07002231,Acerco SA,,01IN,Meier,-1,0,0,-1,-1017,-1230.57,0,0,0,0,0,0,0,0,0,,001400007772,
20170530,03002324,Taru Parq SRL,,01IN,Levy,-1,0,0,-1,-152.5,-184.53,0,0,0,0,0,0,0,0,0,,001400007775,N
20170530,20003188,Emprendimiento Metalurgico Industrial SRL,,01IN,Pedro Cocaña,-1,0,0,-1,-872.42,-1055.62,0,0,0,0,0,0,0,0,0,,001400007776,
20170530,01004664,Construccion de Estructuras SRL,,04ANTICIPOS,Ventas Buenos Aires,-1,0,0,-1,-35675,-43166.75,0,0,0,0,0,0,0,0,0,,001400007765,N
20170530,01004664,Construccion de Estructuras SRL,,04ANTICIPOS,Ventas Buenos Aires,-1,0,0,-1,-20415,-24702.15,0,0,0,0,0,0,0,0,0,,001400007765,N
20170530,24002684,Centro De Chapas Rosario SA,,04ANTICIPOS,Diego Fani,-1,0,0,-1,-29901.16,-36180.4,0,0,0,0,0,0,0,0,0,,001400007764,S
20170530,27004063,Giacosa Elio Enzo H,Suipacha 482,04ANTICIPOS,Pedro Cocaña,-1,0,0,-1,-79135.45,-95753.89,0,0,0,0,0,0,0,0,0,,001400007768,N
20170530,27004063,Giacosa Elio Enzo H,Suipacha 482,04ANTICIPOS,Pedro Cocaña,-1,0,0,-1,-33346.42,-40349.17,0,0,0,0,0,0,0,0,0,,001400007768,N
20170530,27004063,Giacosa Elio Enzo H,Suipacha 482,04ANTICIPOS,Pedro Cocaña,-1,0,0,-1,-3766.09,-4556.97,0,0,0,0,0,0,0,0,0,,001400007768,N
20170530,02004723,Garcia Matias Emanuel,,01IN,Hector Collia,-1,0,0,-1,-259,-313.39,0,0,0,0,0,0,0,0,0,,001400007794,
20170530,01005738,Unimaco SA,,01IN,Meier,-1,0,0,-1,-2628.65,-3180.67,0,0,0,0,0,0,0,0,0,,001400007787,N
20170530,29004635,Laurito Sergio Ricardo,"Ruta nº 5 Km 159,500",04ANTICIPOS,Hector Collia,-1,0,0,-1,-13848.39,-16756.55,0,0,0,0,0,0,0,0,0,,001400007797,N
20170530,24002684,Centro De Chapas Rosario SA,Bv. Oroño 4190,04ANTICIPOS,Diego Fani,-1,0,0,-1,-121632.3,-147175.08,0,0,0,0,0,0,0,0,0,,001400007799,S
20170530,24002684,Centro De Chapas Rosario SA,Bv. Oroño 4190,04ANTICIPOS,Diego Fani,-1,0,0,-1,-116594.9,-141079.82,0,0,0,0,0,0,0,0,0,,001400007799,S
20170530,01003103,Abuye Jorge Oscar,,04C00898,Luis Ramirez,1,0,0,1,1.13,1.13,0,0,0,0,0,0,0,0,0,,000000010846,
20170530,10000785,Perren y Cia. SA,,01IN,Norberto Oppezzo,-1,0,0,-1,-427.81,-517.65,0,0,0,0,0,0,0,0,0,,001400007792,
20170530,03001796,Hoffman Ernesto Guillermo,,01IN,Levy,-1,0,0,-1,-166.46,-201.41,0,0,0,0,0,0,0,0,0,,001400007783,
20170530,24003284,Antoniazzi Raul Jesus,,01IN,Diego Fani,-1,0,0,-1,-236.94,-286.7,0,0,0,0,0,0,0,0,0,,001400007788,
20170530,24002713,Casa Bureu SA,,01IN,Diego Fani,-1,0,0,-1,-292.23,-353.6,0,0,0,0,0,0,0,0,0,,001400007789,N
20170530,23003696,FG SA,,01IN,Norberto Oppezzo,-1,0,0,-1,-688.68,-833.3,0,0,0,0,0,0,0,0,0,,001400007790,N
20170530,11004428,Prades Sociedad Anonima,,01IN,Victor Casañas,-1,0,0,-1,-1382.11,-1672.36,0,0,0,0,0,0,0,0,0,,001400007791,
20170530,10000785,Perren y Cia. SA,,01IN,Norberto Oppezzo,-1,0,0,-1,-332.26,-402.03,0,0,0,0,0,0,0,0,0,,001400007793,
20170530,11004428,Prades Sociedad Anonima,,01IN,Victor Casañas,-1,0,0,-1,-923.67,-1117.64,0,0,0,0,0,0,0,0,0,,001400007781,
20170530,05003080,Dominguez Martha Ofelia,,01IN,Levy,-1,0,0,-1,-179.87,-217.64,0,0,0,0,0,0,0,0,0,,001400007782,
20170530,02003841,Ricardo Ospital SA,,01IN,Ventas Buenos Aires,-1,0,0,-1,-1071.5,-1296.51,0,0,0,0,0,0,0,0,0,,001400007784,
20170530,07002454,Lutre Juan Ernesto,,01IN,Meier,-1,0,0,-1,-3146.4,-3807.14,0,0,0,0,0,0,0,0,0,,001400007785,N
20170530,07003550,Clark Ignacio Arturo,,01IN,Meier,-1,0,0,-1,-554.41,-670.84,0,0,0,0,0,0,0,0,0,,001400007786,N

