﻿FechaTxt,Codigo_Cliente,Cliente,EntDir,Codigo_Articulo,Vendedor,cantidad,Mts3,Mts2,Rollos,Importe_Bruto,Importe_Neto,Dto_Contado,Dto_Flete,Dto_Especial,Bonificacion,Desc_Adicional,cantidad_elaborada,m2_ocupados,costo_unitario,costo_total_stock,Costo_de_venta
20161101,19002241,Carlos Isla y Cia. SA,Tucuman 225,01558AL,Latyn-Valle y Cordillera,50,10,2000,50,31999.5,38719.39,0,0,0,0,0,0,0,0,0,0
20161101,19002241,Carlos Isla y Cia. SA,Tucuman 225,01557A,Latyn-Valle y Cordillera,25,5,500,25,13002.5,15733.02,0,0,0,0,0,0,0,0,0,0
20161101,19002241,Carlos Isla y Cia. SA,Tucuman 225,01552A,Latyn-Valle y Cordillera,30,6,600,30,11805,14284.05,0,0,0,0,0,0,0,0,0,0
20161101,19002241,Carlos Isla y Cia. SA,Tucuman 225,01554BC,Latyn-Valle y Cordillera,40,4,800,40,25850.8,31279.47,0,0,0,0,0,0,0,0,0,0
20161101,19002241,Carlos Isla y Cia. SA,Tucuman 225,01555M,Latyn-Valle y Cordillera,5,0.75,100,5,3990.75,4828.81,0,0,0,0,0,0,0,0,0,0
20161101,03000023,Industrias Saladillo SA,IS.SA. Planta Pilar,01779B,Isolant SI,67,2.1659157,0,67,9023.56,10918.51,0,0,0,0,0,0,0,0,0,0
20161101,31001395,Climatec SRL,Santa Fe 345,01762A,Matias Di Tomaso,22,1.11958,0,22,8030.18,9716.51,0,0,0,30,0,0,0,0,0,0
20161101,31001395,Climatec SRL,Santa Fe 345,01764A,Matias Di Tomaso,10,0.518364,0,10,3683.54,4457.08,0,0,0,30,0,0,0,0,0,0
20161101,31001395,Climatec SRL,Santa Fe 345,01765A,Matias Di Tomaso,3,0.1395,0,3,1000.23,1210.28,0,0,0,30,0,0,0,0,0,0
20161101,03000357,Laboratorios Valmax SA,Sub Perdomo 1619,01507VA,Isolant SI,2520,3.78,2520,0,12322.8,14910.59,0,0,0,0,0,0,0,0,0,0
20161101,05001164,Sika Argentina SAIC,Juan B. Alberdi 5250,01901A,Fernando Palmas,25,1.9635,0,25,23556.75,28503.67,0,0,0,0,0,0,0,0,0,0
20161101,03000440,Aquatic SRL,Dr. Luis Pasteur 2564,01514DB,Esteban Bergamaschi,1125,5.625,1125,1125,11486.25,13898.36,0,0,0,0,0,0,0,0,0,0
20161101,20004208,Reston Maderas SRL,Acevedo 188,01555AA,Pedro Cocaña,500,2.5,500,25,10814.02,13084.98,0,3,0,21,4,0,0,0,0,0
20161101,20004208,Reston Maderas SRL,Acevedo 188,01555C,Pedro Cocaña,6,0.6,120,6,0.58,0.7,0,3,0,0,0,0,0,0,0,0
20161101,20004208,Reston Maderas SRL,Acevedo 188,01559AA,Pedro Cocaña,500,5,500,25,16515.3,19983.52,0,3,0,21,4,0,0,0,0,0
20161101,20004208,Reston Maderas SRL,Acevedo 188,01557C,Pedro Cocaña,6,1.2,120,6,0.58,0.7,0,3,0,0,0,0,0,0,0,0
20161101,20004208,Reston Maderas SRL,Acevedo 188,01555MC,Pedro Cocaña,300,2.25,300,15,15064.6,18228.16,0,3,0,21,4,0,0,0,0,0
20161101,20004208,Reston Maderas SRL,Acevedo 188,01555MA,Pedro Cocaña,2,0.3,40,2,0.2,0.24,0,3,0,0,0,0,0,0,0,0
20161101,20001454,Corralon Cedroran SRL,Caseros 1750,01557A,Pedro Cocaña,25,5,500,25,16515.11,19983.29,0,3,0,21,4,0,0,0,0,0
20161101,20001454,Corralon Cedroran SRL,Caseros 1750,01555M,Pedro Cocaña,15,2.25,300,15,15055.44,18217.08,0,3,0,21,4,0,0,0,0,0
20161101,20001454,Corralon Cedroran SRL,Caseros 1750,01555MA,Pedro Cocaña,2,0.3,40,2,0.19,0.23,0,3,0,0,0,0,0,0,0,0
20161101,20003188,Emprendimiento Metalurgico Industrial SRL,Av. Roca 324,01557A,Pedro Cocaña,10,2,200,10,5748.93,6956.21,0,3,0,25,12,0,0,0,0,0
20161101,20003188,Emprendimiento Metalurgico Industrial SRL,Av. Roca 324,01557C,Pedro Cocaña,1,0.2,20,1,0.1,0.12,0,3,0,0,0,0,0,0,0,0
20161101,20003188,Emprendimiento Metalurgico Industrial SRL,Av. Roca 324,01557AK,Pedro Cocaña,20,2.1,300,20,5977.93,7233.3,0,3,0,25,12,0,0,0,0,0
20161101,20003188,Emprendimiento Metalurgico Industrial SRL,Av. Roca 324,01557AK,Pedro Cocaña,50,5.25,750,50,14944.83,18083.24,0,3,0,25,12,0,0,0,0,0
20161101,20003188,Emprendimiento Metalurgico Industrial SRL,Av. Roca 324,01557A,Pedro Cocaña,50,10,1000,50,28744.66,34781.04,0,3,0,25,12,0,0,0,0,0
20161101,20003188,Emprendimiento Metalurgico Industrial SRL,Av. Roca 324,01557C,Pedro Cocaña,6,1.2,120,6,0.58,0.7,0,3,0,0,0,0,0,0,0,0
20161101,01003526,D.G.A. SRL,Suarez 2737,01771A,Esteban Bergamaschi,5,0.1916375,0,5,1416.06,1713.44,0,0,0,30,0,0,0,0,0,0
20161101,01003526,D.G.A. SRL,Suarez 2737,01768A,Esteban Bergamaschi,2,0.09048,0,2,667.46,807.63,0,0,0,30,0,0,0,0,0,0
20161101,01003526,D.G.A. SRL,Suarez 2737,01766A,Esteban Bergamaschi,2,0.07916,0,2,569.31,688.87,0,0,0,30,0,0,0,0,0,0
20161101,01003526,D.G.A. SRL,Suarez 2737,01765A,Esteban Bergamaschi,2,0.093,0,2,666.82,806.85,0,0,0,30,0,0,0,0,0,0
20161101,01003526,D.G.A. SRL,Suarez 2737,01764A,Esteban Bergamaschi,2,0.1036728,0,2,736.71,891.42,0,0,0,30,0,0,0,0,0,0
20161101,01003526,D.G.A. SRL,Suarez 2737,01658ACP,Esteban Bergamaschi,30,0.9,30,0,3950.1,4779.62,0,0,0,30,0,0,0,0,0,0
20161101,01003526,D.G.A. SRL,Suarez 2737,01662ACP,Esteban Bergamaschi,20,0.8,20,0,3465.56,4193.33,0,0,0,30,0,0,0,0,0,0
20161101,01003526,D.G.A. SRL,Suarez 2737,01666ACP,Esteban Bergamaschi,20,1,20,0,4300.24,5203.29,0,0,0,30,0,0,0,0,0,0
20161101,07002180,Ferrocons SA,Av. Juan B. Justo 4000,01555A,Meier,1,0.1,20,1,411.63,498.07,0,0,0,30,0,0,0,0,0,0
20161101,07002180,Ferrocons SA,Av. Juan B. Justo 4000,01765C,Meier,10,0.5881,0,10,7649.74,9256.19,0,0,0,30,0,0,0,0,0,0
20161101,07002180,Ferrocons SA,Av. Juan B. Justo 4000,01767C,Meier,14,0.74424,0,14,9115.18,11029.36,0,0,0,30,0,0,0,0,0,0
20161101,07002180,Ferrocons SA,Av. Juan B. Justo 4000,01764A,Meier,8,0.4146912,0,8,2946.83,3565.67,0,0,0,30,0,0,0,0,0,0
20161101,07002180,Ferrocons SA,Av. Juan B. Justo 4000,01765A,Meier,10,0.465,0,10,3334.1,4034.26,0,0,0,30,0,0,0,0,0,0
20161101,07003238,Cooperativa de Provision de Servicios para Comerciantes,Casa Central - Ruta 9 Sur Km 689,01957AA,Meier,1,0,0,1,0.1,0.12,0,0,0,0,0,0,0,0,0,0
20161101,07003238,Cooperativa de Provision de Servicios para Comerciantes,Casa Central - Ruta 9 Sur Km 689,01557A,Meier,75,15,1500,75,46821.2,56653.65,0,0,0,21,12,0,0,0,0,0
20161101,07003238,Cooperativa de Provision de Servicios para Comerciantes,Casa Central - Ruta 9 Sur Km 689,01557C,Meier,9,1.8,180,9,0.9,1.09,0,0,0,0,0,0,0,0,0,0
20161101,07003238,Cooperativa de Provision de Servicios para Comerciantes,Casa Central - Ruta 9 Sur Km 689,01555A,Meier,50,5,1000,50,20440.27,24732.73,0,0,0,21,12,0,0,0,0,0
20161101,07003238,Cooperativa de Provision de Servicios para Comerciantes,Casa Central - Ruta 9 Sur Km 689,01555C,Meier,6,0.6,120,6,0.6,0.73,0,0,0,0,0,0,0,0,0,0
20161101,07003238,Cooperativa de Provision de Servicios para Comerciantes,Casa Central - Ruta 9 Sur Km 689,01569BC,Meier,10,3,200,10,13049.22,15789.56,0,0,0,21,0,0,0,0,0,0
20161101,07003238,Cooperativa de Provision de Servicios para Comerciantes,Casa Central - Ruta 9 Sur Km 689,01555A,Meier,50,5,1000,50,20440.27,24732.73,0,0,0,21,12,0,0,0,0,0
20161101,07003238,Cooperativa de Provision de Servicios para Comerciantes,Casa Central - Ruta 9 Sur Km 689,01555C,Meier,6,0.6,120,6,0.6,0.73,0,0,0,0,0,0,0,0,0,0
20161101,07003238,Cooperativa de Provision de Servicios para Comerciantes,Casa Central - Ruta 9 Sur Km 689,01557A,Meier,100,20,2000,100,62428.26,75538.2,0,0,0,21,12,0,0,0,0,0
20161101,07003238,Cooperativa de Provision de Servicios para Comerciantes,Casa Central - Ruta 9 Sur Km 689,01557C,Meier,12,2.4,240,12,1.2,1.45,0,0,0,0,0,0,0,0,0,0
20161101,07003238,Cooperativa de Provision de Servicios para Comerciantes,Casa Central - Ruta 9 Sur Km 689,01550A,Meier,10,0.4,200,10,1668.83,2019.28,0,0,0,21,12,0,0,0,0,0
20161101,07003238,Cooperativa de Provision de Servicios para Comerciantes,Casa Central - Ruta 9 Sur Km 689,01555M,Meier,5,0.75,100,5,4742.55,5738.49,0,0,0,21,12,0,0,0,0,0
20161101,07003238,Cooperativa de Provision de Servicios para Comerciantes,Casa Central - Ruta 9 Sur Km 689,01957A,Meier,10,0,0,10,1,1.21,0,0,0,0,0,0,0,0,0,0
20161101,01000452,Caffaro Hnos Sociedad de Responsabilidad Limitada,Pavon 2632,01950BC,Isolant SI,28,6.4008,0,28,27619.2,33419.24,0,0,0,0,0,0,0,0,0,0
20161101,01000452,Caffaro Hnos Sociedad de Responsabilidad Limitada,Pavon 2632,01950B,Isolant SI,20,4.572,0,20,19728,23870.88,0,0,0,0,0,0,0,0,0,0
20161101,19002241,Carlos Isla y Cia. SA,Teodoro Plan 5055,01555A,Latyn-Valle y Cordillera,250,25,5000,250,85147.5,103028.47,0,0,0,0,0,0,0,0,0,0
20161101,03003751,Indupoles Argentina SA,Parque Ind. Campana - Km70 de Panamericana - Lote 12,01500AIN,Isolant SI,60500,30.25,60500,60500,85910,103951.1,0,0,0,0,0,0,0,0,0,0
20161101,03003751,Indupoles Argentina SA,Parque Ind. Campana - Km70 de Panamericana - Lote 12,01501IA,Isolant SI,1500,0.75,1500,0,2715,3285.15,0,0,0,0,0,0,0,0,0,0
20161101,01003805,La Ardilla Camping SRL,Tupac Amaru 136 (Panamericana y Marquez),01651G,Levy,275,2.75,275,0,19083.24,23090.72,0,0,0,21,0,0,0,0,0,0
20161101,01003805,La Ardilla Camping SRL,Tupac Amaru 136 (Panamericana y Marquez),01514Q,Levy,350,1.75,350,350,6696.83,8103.16,0,0,0,21,0,0,0,0,0,0
20161101,03004731,Ferrara SA,Av. del Libertador 124,01957A,Levy,2,0,0,2,0.2,0.24,0,0,0,0,0,0,0,0,0,0
20161101,03004731,Ferrara SA,Av. del Libertador 124,01558BC,Levy,10,2,200,10,10588.29,12811.83,0,0,0,21,0,0,0,0,0,0
20161101,03004731,Ferrara SA,Av. del Libertador 124,01558EC,Levy,5,1,100,5,3468.1,4196.4,0,0,0,21,0,0,0,0,0,0
20161101,03004731,Ferrara SA,Av. del Libertador 124,01558ES,Levy,5,1,100,5,2591.2,3135.35,0,0,0,21,0,0,0,0,0,0
20161101,02005702,Caps Ram,J. Díaz Solís 3535,04ANTICIPOS,Levy,1,0,0,1,44289,53589.69,0,0,0,0,0,0,0,0,0,0
20161101,20003188,Emprendimiento Metalurgico Industrial SRL,SALTA - Av. Chile 1591,01557A,Pedro Cocaña,50,10,1000,50,32664.39,39523.91,0,3,0,25,0,0,0,0,0,0
20161101,20003188,Emprendimiento Metalurgico Industrial SRL,SALTA - Av. Chile 1591,01557C,Pedro Cocaña,6,1.2,120,6,0.58,0.7,0,3,0,0,0,0,0,0,0,0
20161101,01005292,Adamant SRL,Paysandu 923 (entre Crisologo Larralde y Lucena),01514DA,Isolant SI,1500,7.5,1500,1500,11235,13594.35,0,0,0,0,0,0,0,0,0,0
20161101,01005292,Adamant SRL,Paysandu 923 (entre Crisologo Larralde y Lucena),01654ACP,Isolant SI,200,4,200,0,10744,13000.24,0,0,0,0,0,0,0,0,0,0
20161101,01005292,Adamant SRL,Paysandu 923 (entre Crisologo Larralde y Lucena),01514DB,Isolant SI,975,4.875,975,975,7302.75,8836.33,0,0,0,0,0,0,0,0,0,0
20161101,01005292,Adamant SRL,Paysandu 923 (entre Crisologo Larralde y Lucena),01650AC,Isolant SI,175,1.75,175,0,3850,4658.5,0,0,0,0,0,0,0,0,0,0
20161101,01005292,Adamant SRL,Paysandu 923 (entre Crisologo Larralde y Lucena),01650AC,Isolant SI,625,6.25,625,0,13750,16637.5,0,0,0,0,0,0,0,0,0,0
20161101,01005292,Adamant SRL,Paysandu 923 (entre Crisologo Larralde y Lucena),01524DC,Isolant SI,750,7.5,750,0,13230,16008.3,0,0,0,0,0,0,0,0,0,0
20161101,01005292,Adamant SRL,Paysandu 923 (entre Crisologo Larralde y Lucena),01510CC,Isolant SI,750,2.25,750,750,3442.5,4165.43,0,0,0,0,0,0,0,0,0,0
20161101,01005292,Adamant SRL,Paysandu 923 (entre Crisologo Larralde y Lucena),01505A,Isolant SI,4500,4.5,4500,0,20790,25155.9,0,0,0,0,0,0,0,0,0,0
20161101,01005292,Adamant SRL,Paysandu 923 (entre Crisologo Larralde y Lucena),01510AC,Isolant SI,3000,9,3000,3000,13770,16661.7,0,0,0,0,0,0,0,0,0,0
20161101,01005292,Adamant SRL,Paysandu 923 (entre Crisologo Larralde y Lucena),01507E,Isolant SI,3600,5.4,3600,0,21348,25831.08,0,0,0,0,0,0,0,0,0,0
20161101,20003188,Emprendimiento Metalurgico Industrial SRL,Av. Roca 324,01557A,Pedro Cocaña,15,3,300,15,8623.4,10434.31,0,3,0,25,12,0,0,0,0,0
20161101,20003188,Emprendimiento Metalurgico Industrial SRL,Av. Roca 324,01557C,Pedro Cocaña,2,0.4,40,2,0.19,0.23,0,3,0,0,0,0,0,0,0,0
20161101,03003063,Divano Y Villar SRL,Av. Mitre 2898,01762A,Levy,2,0.10178,0,2,823.88,996.89,0,0,0,21,0,0,0,0,0,0
20161101,03003063,Divano Y Villar SRL,Av. Mitre 2898,01763A,Levy,2,0.094248,0,2,756.76,915.68,0,0,0,21,0,0,0,0,0,0
20161101,03003063,Divano Y Villar SRL,Av. Mitre 2898,01765A,Levy,2,0.093,0,2,752.55,910.59,0,0,0,21,0,0,0,0,0,0
20161101,03003063,Divano Y Villar SRL,Av. Mitre 2898,01766A,Levy,1,0.03958,0,1,321.25,388.72,0,0,0,21,0,0,0,0,0,0
20161101,03003063,Divano Y Villar SRL,Av. Mitre 2898,01767A,Levy,1,0.0424116,0,1,332.98,402.9,0,0,0,21,0,0,0,0,0,0
20161101,03003063,Divano Y Villar SRL,Av. Mitre 2898,01768A,Levy,2,0.09048,0,2,753.28,911.47,0,0,0,21,0,0,0,0,0,0
20161101,03003063,Divano Y Villar SRL,Av. Mitre 2898,01524HC,Levy,100,1,100,0,3088.9,3737.57,0,0,0,21,0,0,0,0,0,0
20161101,03003063,Divano Y Villar SRL,Av. Mitre 2898,01654DC,Levy,40,0.8,40,0,4072.29,4927.47,0,0,0,21,0,0,0,0,0,0
20161101,01003118,Caputo Marcelo Claudio,Acevedo 65,01551I,Levy,50,5,1000,50,9760.61,11810.34,0,0,0,21,12,0,0,0,0,0
20161101,01000769,Gadaes SA,Warnes 940,01851A,Levy,10,2.5,250,10,8955.05,10835.6,0,0,0,21,0,0,0,0,0,0
20161101,10004089,Plastisur SRL,Hipolito Yrigoyen 5135,01765C,Guillermo Ghiretti,7,0.41167,0,7,6043.29,7312.39,0,0,0,21,0,0,0,0,0,0
20161101,10004089,Plastisur SRL,Hipolito Yrigoyen 5135,01767C,Guillermo Ghiretti,5,0.2658,0,5,3673.97,4445.51,0,0,0,21,0,0,0,0,0,0
20161101,10004089,Plastisur SRL,Hipolito Yrigoyen 5135,01771C,Guillermo Ghiretti,4,0.19,0,4,2537.1,3069.89,0,0,0,21,0,0,0,0,0,0
20161101,10004089,Plastisur SRL,Hipolito Yrigoyen 5135,01790A,Guillermo Ghiretti,4,0.15833664,0,4,2506.95,3033.41,0,0,0,21,0,0,0,0,0,0
20161101,01000452,Caffaro Hnos Sociedad de Responsabilidad Limitada,Pavon 2632,01950F,Isolant SI,32,7.315152768,0,32,15782.4,19096.7,0,0,0,0,0,0,0,0,0,0
20161101,31000402,Codimat SA,Don Bosco 1495,01555A,Matias Di Tomaso,155,15.5,3100,155,62357.91,75453.08,3,4,7,21,0,0,0,0,0,0
20161101,31000402,Codimat SA,Don Bosco 1495,01555C,Matias Di Tomaso,18,1.8,360,18,1.56,1.89,3,4,7,0,0,0,0,0,0,0
20161101,31000402,Codimat SA,Don Bosco 1495,01557A,Matias Di Tomaso,80,16,1600,80,49148.98,59470.26,3,4,7,21,0,0,0,0,0,0
20161101,31000402,Codimat SA,Don Bosco 1495,01557C,Matias Di Tomaso,9,1.8,180,9,0.78,0.94,3,4,7,0,0,0,0,0,0,0
20161101,31000402,Codimat SA,Don Bosco 1495,01554BC,Matias Di Tomaso,60,6,1200,60,41254.4,49917.83,3,4,7,21,0,0,0,0,0,0
20161101,31000402,Codimat SA,Don Bosco 1495,01555M,Matias Di Tomaso,10,1.5,200,10,9334.37,11294.59,3,4,7,21,0,0,0,0,0,0
20161101,31000402,Codimat SA,Don Bosco 1495,01555MA,Matias Di Tomaso,1,0.15,20,1,0.09,0.1,3,4,7,0,0,0,0,0,0,0
20161101,31000402,Codimat SA,Don Bosco 1495,01558BC,Matias Di Tomaso,50,10,1000,50,45848.15,55476.26,3,4,7,21,0,0,0,0,0,0
20161101,03003751,Indupoles Argentina SA,Parque Ind. Campana - Km70 de Panamericana - Lote 12,01500D,Isolant SI,6000,3,6000,0,8520,10309.2,0,0,0,0,0,0,0,0,0,0
20161101,03003751,Indupoles Argentina SA,Parque Ind. Campana - Km70 de Panamericana - Lote 12,01500BC,Isolant SI,12600,6.3,12600,0,17892,21649.32,0,0,0,0,0,0,0,0,0,0

