﻿FechaTxt,Codigo_Cliente,Cliente,EntDir,Codigo_Articulo,Vendedor,cantidad,Mts3,Mts2,Rollos,Importe_Bruto,Importe_Neto,Dto_Contado,Dto_Flete,Dto_Especial,Bonificacion,Desc_Adicional,cantidad_elaborada,m2_ocupados,costo_unitario,costo_total_stock,Costo_de_venta,comp,C_Construccion,nomdoc
20170828,31002987,Mateo Carlos Emilio,E Fasciolo 257,01555EC,Disapla,10,1,200,10,3376.86,4085.99,0,0,0,21,0,0,0,0,0,1567.6,002200006825,N,Factura de Venta
20170828,31002987,Mateo Carlos Emilio,E Fasciolo 257,01558ES,Disapla,5,1,100,5,2545.7,3080.29,0,0,0,21,0,0,0,0,0,1265.55,002200006825,N,Factura de Venta
20170828,31002987,Mateo Carlos Emilio,E Fasciolo 257,01960DA,Disapla,2,0,0,2,5889.86,7126.73,0,0,0,21,0,0,0,0,0,2213.4,002200006825,N,Factura de Venta
20170828,16000810,Muzaber Eduardo Omar,San Martin 944,01764C,Leandro Diaz,1,0.06597,0,1,1116.51,1350.97,0,0,0,21,0,0,0,0,0,253.94,002200006827,N,Factura de Venta
20170828,16000810,Muzaber Eduardo Omar,San Martin 944,01765A,Leandro Diaz,1,0.0465,0,1,430.76,521.22,0,0,0,21,0,0,0,0,0,65.08,002200006827,N,Factura de Venta
20170828,16000810,Muzaber Eduardo Omar,San Martin 944,01765C,Leandro Diaz,1,0.05881,0,1,988.34,1195.89,0,0,0,21,0,0,0,0,0,211.54,002200006827,N,Factura de Venta
20170828,24002684,Centro De Chapas Rosario SA,Bv. Oroño 4190,01568CBM,Diego Fani,1386,13.86,1386,69.3,83232.56,100711.4,5,0,5,25,0,0,0,0,0,694912.68,002200006855,S,Factura de Venta
20170828,24002684,Centro De Chapas Rosario SA,Bv. Oroño 4190,01568CBM,Diego Fani,3640,36.4,3640,182,218590.56,264494.58,5,0,5,25,0,0,0,0,0,1825023.2,002200006854,S,Factura de Venta
20170828,14004178,Corti Andrea y Corti Dillman Maria Cecilia SH,Rodriguez 252,01555A,Disapla,30,3,600,30,14633.33,17706.33,0,0,0,21,0,0,0,0,0,4781.1,002200006850,N,Factura de Venta
20170828,14004178,Corti Andrea y Corti Dillman Maria Cecilia SH,Rodriguez 252,01557A,Disapla,10,2,200,10,7448.83,9013.09,0,0,0,21,0,0,0,0,0,2563.4,002200006850,N,Factura de Venta
20170828,02005702,Caps Ram,J. Díaz Solís 3535,01510D,Levy,2600,7.8,2600,2600,28236,34165.56,0,0,0,25,0,0,0,0,0,9568,002200006851,N,Factura de Venta
20170828,18000136,Corralon Patagonico De Los Andes SA,Gral. Roca 1296,01764C,Latyn-Valle y Cordillera,2,0.13194,0,2,2233.01,2701.95,0,0,0,21,0,0,0,0,0,507.88,002200006852,N,Factura de Venta
20170828,18000136,Corralon Patagonico De Los Andes SA,Gral. Roca 1296,01765A,Latyn-Valle y Cordillera,5,0.2325,0,5,2153.82,2606.12,0,0,0,21,0,0,0,0,0,325.4,002200006852,N,Factura de Venta
20170828,18000136,Corralon Patagonico De Los Andes SA,Gral. Roca 1296,01766A,Latyn-Valle y Cordillera,4,0.15832,0,4,1471.07,1780,0,0,0,21,0,0,0,0,0,180.4,002200006852,N,Factura de Venta
20170828,04005876,Fuentes Poma Carola Alejandra,Marcelo T. de Alvear 2850,01772A,Fernando Palmas,10,1.8944,0,10,8337.36,10088.2,0,0,0,60,0,0,0,0,0,3096.7,002200006844,S,Factura de Venta
20170828,04005876,Fuentes Poma Carola Alejandra,Marcelo T. de Alvear 2850,01772AC,Fernando Palmas,10,1.8944,0,10,8337.36,10088.2,0,0,0,60,0,0,0,0,0,3096.7,002200006844,S,Factura de Venta
20170828,04005876,Fuentes Poma Carola Alejandra,Marcelo T. de Alvear 2850,01772AD,Fernando Palmas,10,1.8944,0,10,8337.36,10088.2,0,0,0,60,0,0,0,0,0,3096.7,002200006844,S,Factura de Venta
20170828,01001961,El Espartano SA,Ruta 202 Nº 3685,01700A,Hector Collia,30,3.6,0,30,18757.41,22696.47,0,0,0,30,0,0,0,0,0,7960.2,002200006848,N,Factura de Venta
20170828,24004025,Flavio Gangale SRL,Santa Fe 3254,01900A,Diego Fani,2,0.1508,0,2,5878.18,7112.59,0,0,0,21,4,0,0,0,0,2436.86,002200006849,N,Factura de Venta
20170828,24004025,Flavio Gangale SRL,Santa Fe 3254,01903A,Diego Fani,10,0.7599,0,10,14082.27,17039.55,0,0,0,21,4,0,0,0,0,6488.5,002200006849,N,Factura de Venta
20170828,04005689,Polifoam SRL,Alte. Brown 3985,01765C,Isolant SI,6,0.35286,0,6,2734.26,3308.45,0,0,0,0,0,0,0,0,0,1269.24,002200006845,N,Factura de Venta
20170828,07004706,Ananda SRL,Guido Spano 2532,01654AC,Meier,60,1.2,60,0,5065.2,6128.89,0,0,0,40,0,0,0,0,0,1425,002200006828,N,Factura de Venta
20170828,16000158,Valerio Oliva SACIA,Rodriguez Peña 2250,01557A,Leandro Diaz,25,5,500,25,17877.19,21631.41,0,0,0,21,4,0,0,0,0,6408.5,002200006846,N,Factura de Venta
20170828,16000158,Valerio Oliva SACIA,Rodriguez Peña 2250,01555M,Leandro Diaz,30,4.5,600,30,33572.17,40622.32,0,0,0,21,4,0,0,0,0,16255.2,002200006846,N,Factura de Venta
20170828,16002149,Samaco SA,Remedio de San Martin 2197,01557A,Leandro Diaz,75,15,1500,75,48268.42,58404.79,0,0,10,21,4,0,0,0,0,19225.5,002200006847,N,Factura de Venta
20170828,04005876,Fuentes Poma Carola Alejandra,Marcelo T. de Alvear 2850,01772AB,Fernando Palmas,10,1.8944,0,10,8337.36,10088.2,0,0,0,60,0,0,0,0,0,3096.7,002200006844,S,Factura de Venta
20170828,16004036,Diaz Juan Carlos,Sarmiento 121,01555A,Leandro Diaz,1,0.1,20,1,463.08,560.33,0,0,0,25,0,0,0,0,0,159.37,002200006829,N,Factura de Venta
20170828,04005689,Polifoam SRL,Alte. Brown 3985,01769A,Isolant SI,13,0.4329,0,13,2056.99,2488.96,0,0,0,0,0,0,0,0,0,532.35,002200006845,N,Factura de Venta
20170828,04005689,Polifoam SRL,Alte. Brown 3985,01765A,Isolant SI,7,0.3255,0,7,1393.35,1685.95,0,0,0,0,0,0,0,0,0,455.56,002200006845,N,Factura de Venta
20170828,04005689,Polifoam SRL,Alte. Brown 3985,01766A,Isolant SI,9,0.35622,0,9,1538.1,1861.1,0,0,0,0,0,0,0,0,0,405.9,002200006845,N,Factura de Venta
20170828,04005689,Polifoam SRL,Alte. Brown 3985,01760A,Isolant SI,5,0.31415,0,5,1408.6,1704.41,0,0,0,0,0,0,0,0,0,480.6,002200006845,N,Factura de Venta
20170828,04005689,Polifoam SRL,Alte. Brown 3985,01763C,Isolant SI,6,0.36192,0,6,2737.02,3311.79,0,0,0,0,0,0,0,0,0,1439.04,002200006845,N,Factura de Venta
20170828,03003751,Indupoles Argentina SA,Parque Ind. Campana - Km70 de Panamericana - Lote 12,01515BE,Isolant SI,3600,18,3600,0,36000,43560,0,0,0,0,0,0,0,0,0,32004,002200006822,N,Factura de Venta
20170828,03003751,Indupoles Argentina SA,Parque Ind. Campana - Km70 de Panamericana - Lote 12,01515B,Isolant SI,600,3,600,0,6000,7260,0,0,0,0,0,0,0,0,0,4488,002200006823,N,Factura de Venta
20170828,07003929,Daniel Hernandez e hijos SRL,Ruta A005 y Castelli 0,01764C,Meier,4,0.26388,0,4,3957.24,4788.26,0,0,0,30,0,0,0,0,0,1015.76,002200006830,N,Factura de Venta
20170828,07003929,Daniel Hernandez e hijos SRL,Ruta A005 y Castelli 0,01765C,Meier,5,0.29405,0,5,4378.71,5298.24,0,0,0,30,0,0,0,0,0,1057.7,002200006830,N,Factura de Venta
20170828,16004036,Diaz Juan Carlos,Sarmiento 121,01524GC,Leandro Diaz,50,0.5,50,0,1600.88,1937.06,0,0,0,25,0,0,0,0,0,497,002200006829,N,Factura de Venta
20170828,16004036,Diaz Juan Carlos,Sarmiento 121,01524HC,Leandro Diaz,50,0.5,50,0,1600.88,1937.06,0,0,0,25,0,0,0,0,0,535.5,002200006829,N,Factura de Venta
20170828,02002971,Expotap SRL,Av. Mitre 5447,01658ACP,Hector Collia,30,0.9,30,0,3881.49,4696.61,0,0,0,30,10,0,0,0,0,1083.9,002200006838,N,Factura de Venta
20170828,02002971,Expotap SRL,Av. Mitre 5447,01662ACP,Hector Collia,10,0.4,10,0,1702.64,2060.19,0,0,0,30,10,0,0,0,0,451.4,002200006838,N,Factura de Venta
20170828,02000150,Sempere SA,Centenario 3405,01851A,Levy,2,0.5,50,2,1761.83,2131.81,0,0,0,21,0,0,0,0,0,663.96,002200006840,N,Factura de Venta
20170828,02000150,Sempere SA,Centenario 3405,01510AC,Levy,300,0.9,300,300,3637.95,4401.92,0,0,0,21,0,0,0,0,0,1104,002200006840,N,Factura de Venta
20170828,03003751,Indupoles Argentina SA,Parque Ind. Campana - Km70 de Panamericana - Lote 12,01510D,Isolant SI,4500,13.5,4500,4500,23310,28205.1,0,0,0,0,0,0,0,0,0,16560,002200006822,N,Factura de Venta
20170828,03003751,Indupoles Argentina SA,Parque Ind. Campana - Km70 de Panamericana - Lote 12,01515BG,Isolant SI,2600,13,2600,0,26000,31460,0,0,0,0,0,0,0,0,0,19448,002200006822,N,Factura de Venta
20170828,16000810,Muzaber Eduardo Omar,San Martin 944,01767A,Leandro Diaz,1,0.04241,0,1,381.19,461.24,0,0,0,21,0,0,0,0,0,52.3,002200006827,N,Factura de Venta
20170828,16000810,Muzaber Eduardo Omar,San Martin 944,01767C,Leandro Diaz,1,0.05316,0,1,841.19,1017.84,0,0,0,21,0,0,0,0,0,166.04,002200006827,N,Factura de Venta
20170828,03000023,Industrias Saladillo SA,IS.SA. Planta Pilar,01766AS,Isolant SI,17,0.67286,0,17,1825.46,2208.81,0,0,0,0,0,0,0,0,0,766.7,002200006833,N,Factura de Venta
20170828,03000023,Industrias Saladillo SA,IS.SA. Planta Pilar,01788B,Isolant SI,100,2.356,0,100,9057,10958.97,0,0,0,0,0,0,0,0,0,6428,002200006836,N,Factura de Venta
20170828,02002971,Expotap SRL,Av. Mitre 5447,01524GC,Hector Collia,500,5,500,0,13447.35,16271.29,0,0,0,30,10,0,0,0,0,4970,002200006838,N,Factura de Venta
20170828,02002971,Expotap SRL,Av. Mitre 5447,01654ACP,Hector Collia,20,0.4,20,0,1772.82,2145.11,0,0,0,30,10,0,0,0,0,475,002200006838,N,Factura de Venta
20170828,03000023,Industrias Saladillo SA,IS.SA. Planta Pilar,01525AHC,Isolant SI,2520,25.2,2520,2520,41050.8,49671.47,0,0,0,0,0,0,0,0,0,3819.66,002200006831,N,Factura de Venta
20170828,03000023,Industrias Saladillo SA,IS.SA. Planta Pilar,01525AHC,Isolant SI,1600,16,1600,1600,26064,31537.44,0,0,0,0,0,0,0,0,0,2425.18,002200006835,N,Factura de Venta
20170828,07004833,Budimir Andres Maximo y Budimir Juan Mateo S.H.,Jeronimo Cortez 1244,01550IC,Meier,3000,6,3000,150,11529,13950.08,0,0,0,0,0,0,0,0,0,4091.36,002200006824,S,Factura de Venta
20170828,02003757,Carmona Leonardo Esteban,Tte Juan D. Perón 3908,01554BRC,Ventas Buenos Aires,200,1.2,200,10,13549.44,16394.84,0,0,0,21,12,0,0,0,0,4075.08,002200006841,S,Factura de Venta
20170828,02003757,Carmona Leonardo Esteban,Tte Juan D. Perón 3908,01554BP,Ventas Buenos Aires,1,0.12,20,1,0.1,0.12,0,0,0,0,0,0,0,0,0,407.51,002200006841,S,Factura de Venta
20170828,14004178,Corti Andrea y Corti Dillman Maria Cecilia SH,Rodriguez 252,01555C,Disapla,3,0.3,60,3,0.3,0.36,0,0,0,0,0,0,0,0,0,83.45,002200006850,N,Factura de Venta
20170828,02003757,Carmona Leonardo Esteban,Tte Juan D. Perón 3908,01555MC,Ventas Buenos Aires,400,3,400,20,19537.9,23640.86,0,0,0,21,12,0,0,0,0,9823.43,002200006841,S,Factura de Venta
20170828,02003757,Carmona Leonardo Esteban,Tte Juan D. Perón 3908,01555MA,Ventas Buenos Aires,2,0.3,40,2,0.2,0.24,0,0,0,0,0,0,0,0,0,982.34,002200006841,S,Factura de Venta
20170828,29004604,Deposito San Martin S.R.L.,San Martin 770,01555MC,Ventas Buenos Aires,400,3,400,20,20527.86,24838.72,0,0,0,21,12,0,0,0,0,9823.43,002200006832,S,Factura de Venta
20170828,16000158,Valerio Oliva SACIA,Rodriguez Peña 2250,01555MA,Leandro Diaz,3,0.45,60,3,0.3,0.36,0,0,0,0,0,0,0,0,0,1473.51,002200006846,N,Factura de Venta
20170828,04001988,Valentini Eduardo Hector,Bme. Mitre 1460,01559AA,Hector Collia,340,3.4,340,17,12155.34,14707.96,0,0,0,21,4,0,0,0,0,522.52,002200006843,S,Factura de Venta
20170828,29004604,Deposito San Martin S.R.L.,San Martin 770,01559AA,Ventas Buenos Aires,1000,10,1000,50,32771.72,39653.8,0,0,0,21,12,0,0,0,0,1536.83,002200006832,S,Factura de Venta
20170828,29004604,Deposito San Martin S.R.L.,San Martin 770,01557C,Ventas Buenos Aires,6,1.2,120,6,0.6,0.72,0,0,0,0,0,0,0,0,0,184.42,002200006832,S,Factura de Venta
20170828,16000158,Valerio Oliva SACIA,Rodriguez Peña 2250,01557C,Leandro Diaz,3,0.6,60,3,0.3,0.36,0,0,0,0,0,0,0,0,0,92.21,002200006846,N,Factura de Venta
20170828,16002149,Samaco SA,Remedio de San Martin 2197,01557C,Leandro Diaz,9,1.8,180,9,0.81,0.98,0,0,10,0,0,0,0,0,0,276.63,002200006847,N,Factura de Venta
20170828,02003757,Carmona Leonardo Esteban,Tte Juan D. Perón 3908,01557ARC,Ventas Buenos Aires,900,9,900,45,17043.52,20622.66,0,0,0,21,12,0,0,0,0,1352.1,002200006841,S,Factura de Venta
20170828,04003978,Maderas El Aleman de General Rodriguez SRL,Ruta 5 KM 55.200 Esquina: Guido Spano,01557ARC,Hector Collia,200,2,200,10,4433.48,5364.52,0,0,0,21,0,0,0,0,0,300.47,002200006842,S,Factura de Venta
20170828,24002684,Centro De Chapas Rosario SA,Bv. Oroño 4190,01557ARC,Diego Fani,2200,22,2200,110,40743.12,49299.18,0,0,0,25,12,0,0,0,0,3305.14,002200006853,S,Factura de Venta
20170828,29004604,Deposito San Martin S.R.L.,San Martin 770,01568BC,Ventas Buenos Aires,600,6,600,30,35047.56,42407.54,0,0,0,21,0,0,0,0,0,13139.78,002200006832,S,Factura de Venta
20170828,04003978,Maderas El Aleman de General Rodriguez SRL,Ruta 5 KM 55.200 Esquina: Guido Spano,01558ECC,Hector Collia,200,2,200,10,6531.72,7903.38,0,0,0,21,0,0,0,0,0,3924.26,002200006842,S,Factura de Venta
20170828,04003978,Maderas El Aleman de General Rodriguez SRL,Ruta 5 KM 55.200 Esquina: Guido Spano,01603BD,Hector Collia,250,0.5,250,10,2346.3,2839.02,0,0,0,21,0,0,0,0,0,497.16,002200006842,S,Factura de Venta
20170828,31004474,Polyfrio S.A.,Av. Polonia 1038,01507E,Fernando Palmas,3000,4.5,3000,0,27030,32706.3,0,0,0,0,0,0,0,0,0,13500,002200006826,N,Factura de Venta
20170828,16000810,Muzaber Eduardo Omar,San Martin 944,01764A,Leandro Diaz,1,0.0518364,0,1,475.9,575.84,0,0,0,21,0,0,0,0,0,72.77,002200006827,N,Factura de Venta
20170828,03000023,Industrias Saladillo SA,IS.SA. Planta Pilar,01779B,Isolant SI,58,1.8749718,0,58,8694.2,10519.98,0,0,0,0,0,0,0,0,0,3560.04,002200006834,N,Factura de Venta
20170828,03000023,Industrias Saladillo SA,IS.SA. Planta Pilar,01778B,Isolant SI,25,0.6126125,0,25,2942.25,3560.12,0,0,0,0,0,0,0,0,0,1179.25,002200006836,N,Factura de Venta
20170828,03000023,Industrias Saladillo SA,IS.SA. Planta Pilar,01776BA,Isolant SI,162,4.5804528,0,162,29286.36,35436.5,0,0,0,0,0,0,0,0,0,18362.7,002200006837,N,Factura de Venta
20170828,02002971,Expotap SRL,Av. Mitre 5447,01514PC,Hector Collia,500,2.5,500,0,8331.75,10081.42,0,0,0,30,10,0,0,0,0,3440,002200006839,N,Factura de Venta
20170828,20003188,Emprendimiento Metalurgico Industrial SRL,,01IN,Pedro Cocaña,-1,0,0,-1,-306.94,-371.4,0,0,0,0,0,0,0,0,0,,001300000293,,Crédito de Venta
20170828,20003188,Emprendimiento Metalurgico Industrial SRL,,01IN,Pedro Cocaña,-1,0,0,-1,-623.48,-754.41,0,0,0,0,0,0,0,0,0,,001300000291,,Crédito de Venta
20170828,20003188,Emprendimiento Metalurgico Industrial SRL,,01IN,Pedro Cocaña,-1,0,0,-1,-460.41,-557.1,0,0,0,0,0,0,0,0,0,,001300000292,,Crédito de Venta
20170828,01002825,Iel SRL,,01IN,Levy,-1,0,0,-1,-3020.8,-3655.17,0,0,0,0,0,0,0,0,0,,001300000289,,Crédito de Venta
20170828,16004036,Diaz Juan Carlos,Sarmiento 121,01514DB,Leandro Diaz,75,0.375,75,75,1487.81,1800.25,0,0,0,25,0,0,0,0,0,357,002200006829,N,Factura de Venta
20170828,04005689,Polifoam SRL,Alte. Brown 3985,01504D,Isolant SI,2160,2.16,2160,0,7646.4,9252.14,0,0,0,0,0,0,0,0,0,5032.8,002200006845,N,Factura de Venta
20170828,01005462,Servicios Simatsa SRL,,01IN,Levy,-1,0,0,-1,-196.5,-237.77,0,0,0,0,0,0,0,0,0,,001300000290,N,Crédito de Venta
20170828,18000136,Corralon Patagonico De Los Andes SA,Gral. Roca 1296,01790A,Latyn-Valle y Cordillera,2,0.07916832,0,2,1434.99,1736.33,0,0,0,21,0,0,0,0,0,276.35,002200006852,N,Factura de Venta
20170828,18000136,Corralon Patagonico De Los Andes SA,Gral. Roca 1296,01764A,Latyn-Valle y Cordillera,4,0.2073456,0,4,1903.62,2303.37,0,0,0,21,0,0,0,0,0,291.08,002200006852,N,Factura de Venta

