﻿FechaTxt,Codigo_Cliente,Cliente,EntDir,Codigo_Articulo,Vendedor,cantidad,Mts3,Mts2,Rollos,Importe_Bruto,Importe_Neto,Dto_Contado,Dto_Flete,Dto_Especial,Bonificacion,Desc_Adicional,cantidad_elaborada,m2_ocupados,costo_unitario,costo_total_stock,Costo_de_venta,comp,C_Construccion,nomdoc
20170914,03000023,Industrias Saladillo SA,IS.SA. Planta Pilar,01510D,Isolant SI,4080,12.24,4080,4080,20236.8,24486.53,0,0,0,0,0,0,0,0,0,15014.4,002200007267,N,Factura de Venta
20170914,04005905,Kaletra SRL,Francia 741,01558EC,Fernando Palmas,12,2.4,240,12,4873.83,5897.34,0,3,0,32.5,25,0,0,0,0,4765.2,002200007268,N,Factura de Venta
20170914,02005900,Prata Leonel Martin,Av. Sixto Rodriguez 470,01654ON,Norberto Oppezzo,27,4.536,0,27,12453.48,15068.71,0,0,15,21,0,0,0,0,0,7761.96,002200007253,N,Factura de Venta
20170914,16000810,Muzaber Eduardo Omar,San Martin 944,01771A,Leandro Diaz,1,0.03833,0,1,365.91,442.75,0,0,0,21,0,0,0,0,0,38.93,002200007254,N,Factura de Venta
20170914,16000810,Muzaber Eduardo Omar,San Martin 944,01771C,Leandro Diaz,1,0.0475,0,1,726.11,878.6,0,0,0,21,0,0,0,0,0,121.9,002200007254,N,Factura de Venta
20170914,16000810,Muzaber Eduardo Omar,San Martin 944,01524GC,Leandro Diaz,25,0.25,25,0,843.13,1020.18,0,0,0,21,0,0,0,0,0,255.25,002200007254,N,Factura de Venta
20170914,24002684,Centro De Chapas Rosario SA,Bv. Oroño 4190,06X002PI,Diego Fani,1,0,0,1,0.08,0.1,0,0,0,25,0,0,0,0,0,0,002200007263,S,Factura de Venta
20170914,01004760,Alfa y Omega Interiores S.R.L.,Av. J. B. Alberdi 3746,06C001PI,Pastore Pablo,1,0,0,1,0.1,0.12,0,0,0,0,0,0,0,0,0,0,002200007271,N,Factura de Venta
20170914,01004760,Alfa y Omega Interiores S.R.L.,Av. J. B. Alberdi 3746,01603AC,Pastore Pablo,10,0.5,250,10,2755.06,3333.62,0,0,0,30,0,0,0,0,0,1227.6,002200007271,N,Factura de Venta
20170914,01001217,Diamore SA,Av. Cobo 1516/18,01768C,Luis Ramirez,3,0.16965,0,3,2688.62,3253.23,0,0,0,21,0,0,0,0,0,499.74,002200007273,N,Factura de Venta
20170914,01001217,Diamore SA,Av. Cobo 1516/18,01765C,Luis Ramirez,1,0.05881,0,1,988.34,1195.89,0,0,0,21,0,0,0,0,0,204.06,002200007273,N,Factura de Venta
20170914,29003156,J Nardelli y Cia SRL,Moreno 1180 y Pte Peron,01960DA,Hector Collia,3,0,0,3,8834.8,10690.1,0,0,0,21,0,0,0,0,0,3255,002200007274,S,Factura de Venta
20170914,24002684,Centro De Chapas Rosario SA,Bv. Oroño 4190,06M001FE,Diego Fani,1,0,0,1,0.1,0.12,0,0,0,0,0,0,0,0,0,0,002200007262,S,Factura de Venta
20170914,04004334,Fapex SA,Rio Potrero 175 (Esq. Rio de Rey) Barrio CinaCina,01524AF,Isolant SI,212,2.12,212,0,2340.48,2831.98,0,0,0,0,0,0,0,0,0,1833.8,002200007252,N,Factura de Venta
20170914,04004334,Fapex SA,Rio Potrero 175 (Esq. Rio de Rey) Barrio CinaCina,01557ARF,Isolant SI,200,40,4000,200,57582,69674.22,0,0,0,0,0,0,0,0,0,44932,002200007252,N,Factura de Venta
20170914,04005905,Kaletra SRL,Francia 741,01960DA,Fernando Palmas,3,0,0,3,7322.25,8859.93,0,3,0,32.5,0,0,0,0,0,3255,002200007269,N,Factura de Venta
20170914,07000012,Natali Plasticos SRL,Alvear 1475,01555A,Isolant SA,100,10,2000,100,32018.09,38741.89,0,3,10,32.5,12,0,0,0,0,15871,002200007270,N,Factura de Venta
20170914,07000012,Natali Plasticos SRL,Alvear 1475,01557A,Isolant SA,80,16,1600,80,39115.75,47330.06,0,3,10,32.5,12,0,0,0,0,20732.8,002200007270,N,Factura de Venta
20170914,07000012,Natali Plasticos SRL,Alvear 1475,01557AR,Isolant SA,100,20,2000,100,25897.55,31336.03,0,3,10,0,0,0,0,0,0,22466,002200007270,N,Factura de Venta
20170914,31000402,Codimat SA,Don Bosco 1495,01558AL,Norberto Oppezzo,50,10,2000,50,35067.11,42431.2,3,4,16.3,21,12,0,0,0,0,16134.5,002200007291,N,Factura de Venta
20170914,31000402,Codimat SA,Don Bosco 1495,01554BC,Norberto Oppezzo,50,5,1000,50,34801.17,42109.41,3,4,16.3,21,0,0,0,0,0,19729,002200007291,N,Factura de Venta
20170914,31002153,Pagnacco Hnos SC,Murature 57 ( Av. Del Valle e Irigoyen),01555A,Ventas Buenos Aires,5,0.5,100,5,2438.89,2951.05,0,0,0,21,0,0,0,0,0,793.55,002200007255,N,Factura de Venta
20170914,31002153,Pagnacco Hnos SC,Murature 57 ( Av. Del Valle e Irigoyen),01557A,Ventas Buenos Aires,5,1,100,5,3724.42,4506.54,0,0,0,21,0,0,0,0,0,1295.8,002200007255,N,Factura de Venta
20170914,31002153,Pagnacco Hnos SC,Murature 57 ( Av. Del Valle e Irigoyen),01960DA,Ventas Buenos Aires,2,0,0,2,5889.86,7126.73,0,0,0,21,0,0,0,0,0,2170,002200007255,N,Factura de Venta
20170914,04004334,Fapex SA,Rio Potrero 175 (Esq. Rio de Rey) Barrio CinaCina,01524AF,Isolant SI,848,8.48,848,0,9361.92,11327.92,0,0,0,0,0,0,0,0,0,7335.2,002200007252,N,Factura de Venta
20170914,24005935,Construcompras Agrupacion De Colaboración,Pje. Marconi 38,01557AR,Diego Fani,20,4,400,20,5666.39,6856.33,0,0,23.5,25,12,0,0,0,0,4493.2,002200007281,N,Factura de Venta
20170914,20003188,Emprendimiento Metalurgico Industrial SRL,ROCA - Av. Roca 324,01960DA,Pedro Cocaña,12,0,0,12,32543.34,39377.45,0,3,0,25,0,0,0,0,0,13020,002200007286,N,Factura de Venta
20170914,31000402,Codimat SA,Don Bosco 1495,01554BC,Norberto Oppezzo,12,1.2,240,12,9280.31,11229.18,3,4,7,21,0,0,0,0,0,4734.96,002200007289,N,Factura de Venta
20170914,31000402,Codimat SA,Don Bosco 1495,01960DA,Norberto Oppezzo,30,0,0,30,72179.81,87337.57,3,4,7,21,0,0,0,0,0,32550,002200007290,N,Factura de Venta
20170914,31000402,Codimat SA,Don Bosco 1495,01557A,Norberto Oppezzo,55,11,1100,55,28099.71,34000.65,3,4,16.3,21,12,0,0,0,0,14253.8,002200007291,N,Factura de Venta
20170914,31000402,Codimat SA,Don Bosco 1495,01551A,Norberto Oppezzo,100,10,2000,100,28243.87,34175.09,3,4,16.3,21,12,0,0,0,0,11633,002200007291,N,Factura de Venta
20170914,04004334,Fapex SA,Rio Potrero 175 (Esq. Rio de Rey) Barrio CinaCina,01555ARF,Isolant SI,283,28.3,5660,283,47331.75,57271.42,0,0,0,0,0,0,0,0,0,36640.01,002200007277,N,Factura de Venta
20170914,04004334,Fapex SA,Rio Potrero 175 (Esq. Rio de Rey) Barrio CinaCina,01557ARF,Isolant SI,18,3.6,360,18,5182.38,6270.68,0,0,0,0,0,0,0,0,0,4043.88,002200007277,N,Factura de Venta
20170914,03004763,Mundo Hierro S.A.,Ruta 9 Panamericana Km 46.30 Colectora Este,01557A,Levy,12,2.4,240,12,8938.6,10815.7,0,0,0,21,0,0,0,0,0,3109.92,002200007278,N,Factura de Venta
20170914,24005935,Construcompras Agrupacion De Colaboración,Balcarce 258,01557AR,Diego Fani,50,10,1000,50,14165.98,17140.83,0,0,23.5,25,12,0,0,0,0,11233,002200007280,N,Factura de Venta
20170914,24005935,Construcompras Agrupacion De Colaboración,Balcarce 258,01555AR,Diego Fani,50,5,1000,50,9210.13,11144.26,0,0,23.5,25,12,0,0,0,0,6473.5,002200007280,N,Factura de Venta
20170914,24005935,Construcompras Agrupacion De Colaboración,Pje. Marconi 38,01555AR,Diego Fani,30,3,600,30,5526.08,6686.56,0,0,23.5,25,12,0,0,0,0,3884.1,002200007281,N,Factura de Venta
20170914,25004564,Lo Bruno Sociedad Anonima,Saenz Peña 1305,01555AR,Pedro Cocaña,50,5,1000,50,9342.57,11304.51,0,3,20,25,12,0,0,0,0,6473.5,002200007287,N,Factura de Venta
20170914,03000023,Industrias Saladillo SA,IS.SA. Planta Pilar,01777B,Isolant SI,25,0.6675,0,25,2846.5,3444.26,0,0,0,0,0,0,0,0,0,1146,002200007266,N,Factura de Venta
20170914,01004760,Alfa y Omega Interiores S.R.L.,Diaz Velez 4201,01603AC,Pastore Pablo,10,0.5,250,10,2755.06,3333.62,0,0,0,30,0,0,0,0,0,1227.6,002200007272,N,Factura de Venta
20170914,03004111,Pisos Norte SRL,Av Presidente Peron 1574,01603B,Levy,7,0.35,175,7,1644.73,1990.13,0,0,0,21,0,0,0,0,0,591.57,002200007279,N,Factura de Venta
20170914,03004111,Pisos Norte SRL,Av Presidente Peron 1574,01700A,Levy,5,0.6,0,5,3528.18,4269.1,0,0,0,21,0,0,0,0,0,1332.55,002200007279,N,Factura de Venta
20170914,04004334,Fapex SA,Rio Potrero 175 (Esq. Rio de Rey) Barrio CinaCina,01514AF,Isolant SI,4460,22.3,4460,0,24039.4,29087.67,0,0,0,0,0,0,0,0,0,18776.6,002200007276,N,Factura de Venta
20170914,24002785,Rivestimento SRL,Sarmiento 2260,01700AC,Diego Fani,20,2.4,0,20,11504.87,13920.89,0,0,2,25,8,0,0,0,0,5330.2,002200007284,N,Factura de Venta
20170914,24002785,Rivestimento SRL,Sarmiento 2260,01603B,Diego Fani,10,0.5,250,10,2011.15,2433.5,0,0,2,25,8,0,0,0,0,845.1,002200007284,N,Factura de Venta
20170914,24002785,Rivestimento SRL,Sarmiento 2260,01552A,Diego Fani,10,2,200,10,6203.53,7506.28,0,0,2,21,8,0,0,0,0,2117.4,002200007284,N,Factura de Venta
20170914,24002785,Rivestimento SRL,Sarmiento 2260,01557A,Diego Fani,10,2,200,10,6715.87,8126.2,0,0,2,21,8,0,0,0,0,2591.6,002200007284,N,Factura de Venta
20170914,20003188,Emprendimiento Metalurgico Industrial SRL,LOS VALLISTOS - Ruta 9 Km 128 - Acc Norte,01557AR,Pedro Cocaña,85,17,1700,85,19590.12,23704.05,0,3,10,0,0,0,0,0,0,19096.1,002200007285,N,Factura de Venta
20170914,20003188,Emprendimiento Metalurgico Industrial SRL,LOS VALLISTOS - Ruta 9 Km 128 - Acc Norte,01557A,Pedro Cocaña,113,22.6,2260,113,54762.67,66262.83,0,3,10,25,21.5,0,0,0,0,29285.08,002200007285,N,Factura de Venta
20170914,11003570,Materiales De Zan SRL,Suc 2: Bv. Rivadavia 209,06C001CS,Victor Casañas,3,0,0,3,0.28,0.32,0,0,10,0,0,0,0,0,0,0,002200007259,S,Factura de Venta
20170914,30005933,Pavon Oscar Martin,San Lorenzo 3729,01550I,Esteban Bergamaschi,40,1.6,800,40,3186.06,3855.13,0,0,20,21,8,0,0,0,0,1646,002200007282,N,Factura de Venta
20170914,30005933,Pavon Oscar Martin,San Lorenzo 3729,01555AR,Esteban Bergamaschi,40,4,800,40,8485.07,10266.93,0,0,20,21,8,0,0,0,0,5178.8,002200007282,N,Factura de Venta
20170914,30005933,Pavon Oscar Martin,San Lorenzo 3729,01557AR,Esteban Bergamaschi,10,2,200,10,3262.69,3947.86,0,0,20,21,8,0,0,0,0,2246.6,002200007282,N,Factura de Venta
20170914,30005933,Pavon Oscar Martin,San Lorenzo 3729,01558EC,Esteban Bergamaschi,10,2,200,10,4809.03,5818.93,0,0,20,21,8,0,0,0,0,3971,002200007282,N,Factura de Venta
20170914,11002802,Casa Schanton SA,Mitre 2250,01960DA,Victor Casañas,24,0,0,24,66674.17,80675.74,0,0,0,21,0,0,0,0,0,26040,002200007283,N,Factura de Venta
20170914,03000023,Industrias Saladillo SA,IS.SA. Planta Pilar,01525AHC,Isolant SI,400,4,400,400,6204,7506.84,0,0,0,0,0,0,0,0,0,606.29,002200007260,N,Factura de Venta
20170914,29003156,J Nardelli y Cia SRL,Moreno 1180 y Pte Peron,01550IC,Hector Collia,200,0.4,200,10,1080.72,1307.68,0,0,0,21,0,0,0,0,0,272.76,002200007274,S,Factura de Venta
20170914,24005924,Nuñez S.A,Larrea 835,01550IC,Diego Fani,5000,10,5000,250,22572,27312.12,0,0,0,25,12,0,0,0,0,6818.93,002200007261,S,Factura de Venta
20170914,20004751,Corralon El Gaucho S R L,Cabral Sargento Pje Nº247,01555AA,Pedro Cocaña,1000,5,1000,50,19825.72,23989.12,0,3,0,21,12,0,0,0,0,1390.89,002200007258,S,Factura de Venta
20170914,20004751,Corralon El Gaucho S R L,Cabral Sargento Pje Nº247,01555C,Pedro Cocaña,6,0.6,120,6,0.58,0.7,0,3,0,0,0,0,0,0,0,166.91,002200007258,S,Factura de Venta
20170914,11003570,Materiales De Zan SRL,Suc 2: Bv. Rivadavia 209,01555ARC,Victor Casañas,2000,10,2000,100,21692.88,26248.38,0,0,10,25,12,0,0,0,0,3114.34,002200007259,S,Factura de Venta
20170914,25004564,Lo Bruno Sociedad Anonima,Saenz Peña 1305,01555ARC,Pedro Cocaña,1200,6,1200,60,11222.44,13579.16,0,3,20,25,12,0,0,0,0,1868.6,002200007288,S,Factura de Venta
20170914,20004751,Corralon El Gaucho S R L,Cabral Sargento Pje Nº247,01555ECC,Pedro Cocaña,500,2.5,500,25,6992.94,8461.46,0,3,0,21,12,0,0,0,0,593.07,002200007258,S,Factura de Venta
20170914,20004751,Corralon El Gaucho S R L,Cabral Sargento Pje Nº247,01559AA,Pedro Cocaña,1000,10,1000,50,30264.56,36620.12,0,3,0,21,12,0,0,0,0,1536.83,002200007258,S,Factura de Venta
20170914,20004751,Corralon El Gaucho S R L,Cabral Sargento Pje Nº247,01557C,Pedro Cocaña,6,1.2,120,6,0.58,0.7,0,3,0,0,0,0,0,0,0,184.42,002200007258,S,Factura de Venta
20170914,99004274,Maderas Sucre S.A.,Docentes Argentinos 6600,01559AA,Meier,500,5,500,25,17875.48,21629.34,0,0,0,21,4,0,0,0,0,768.41,002200007275,S,Factura de Venta
20170914,99004274,Maderas Sucre S.A.,Docentes Argentinos 6600,01557C,Meier,3,0.6,60,3,0.3,0.36,0,0,0,0,0,0,0,0,0,92.21,002200007275,S,Factura de Venta
20170914,31000402,Codimat SA,Don Bosco 1495,01557C,Norberto Oppezzo,5,1,100,5,0.39,0.47,3,4,16.3,0,0,0,0,0,0,153.68,002200007291,N,Factura de Venta
20170914,29003156,J Nardelli y Cia SRL,Moreno 1180 y Pte Peron,01559AA,Hector Collia,500,5,500,25,18620.3,22530.56,0,0,0,21,0,0,0,0,0,768.41,002200007274,S,Factura de Venta
20170914,29003156,J Nardelli y Cia SRL,Moreno 1180 y Pte Peron,01557C,Hector Collia,3,0.6,60,3,0.3,0.36,0,0,0,0,0,0,0,0,0,92.21,002200007274,S,Factura de Venta
20170914,04001988,Valentini Eduardo Hector,Bme. Mitre 1460,01557AKC,Hector Collia,75,0.525,75,5,1807.12,2186.62,0,0,0,21,0,0,0,0,0,170.18,002200007257,S,Factura de Venta
20170914,04001988,Valentini Eduardo Hector,Bme. Mitre 1460,01557AKC,Hector Collia,810,5.67,810,54,19516.96,23615.5,0,0,0,21,0,0,0,0,0,1837.91,002200007256,S,Factura de Venta
20170914,20004751,Corralon El Gaucho S R L,Cabral Sargento Pje Nº247,01557ARC,Pedro Cocaña,500,5,500,25,9184.56,11113.32,0,3,0,21,12,0,0,0,0,751.17,002200007258,S,Factura de Venta
20170914,11003570,Materiales De Zan SRL,Suc 2: Bv. Rivadavia 209,01557ARC,Victor Casañas,1000,10,1000,50,16667.64,20167.84,0,0,10,25,12,0,0,0,0,1502.34,002200007259,S,Factura de Venta
20170914,29003156,J Nardelli y Cia SRL,Moreno 1180 y Pte Peron,01557ARC,Hector Collia,200,2,200,10,4433.48,5364.52,0,0,0,21,0,0,0,0,0,300.47,002200007274,S,Factura de Venta
20170914,24002684,Centro De Chapas Rosario SA,Bv. Oroño 4190,01557ARC,Diego Fani,800,8,800,40,14815.68,17926.98,0,0,0,25,12,0,0,0,0,1201.87,002200007262,S,Factura de Venta
20170914,24002684,Centro De Chapas Rosario SA,Bv. Oroño 4190,01557ARC,Diego Fani,5000,50,5000,250,78708.3,95237.04,0,0,15,25,12,0,0,0,0,7511.68,002200007264,S,Factura de Venta
20170914,31000402,Codimat SA,Don Bosco 1495,01558ALP,Norberto Oppezzo,5,1,200,5,0.39,0.47,3,4,16.3,0,0,0,0,0,0,1680.75,002200007291,N,Factura de Venta
20170914,20004751,Corralon El Gaucho S R L,Cabral Sargento Pje Nº247,01558ECC,Pedro Cocaña,500,5,500,25,13534.08,16376.24,0,3,0,21,12,0,0,0,0,9810.65,002200007258,S,Factura de Venta
20170914,11003570,Materiales De Zan SRL,Suc 2: Bv. Rivadavia 209,01558ECC,Victor Casañas,1000,10,1000,50,24555.96,29712.72,0,0,10,25,12,0,0,0,0,19621.3,002200007259,S,Factura de Venta
20170914,24002684,Centro De Chapas Rosario SA,Bv. Oroño 4190,01558ECC,Diego Fani,800,8,800,40,18553.4,22449.6,0,0,15,25,12,0,0,0,0,15697.04,002200007264,S,Factura de Venta
20170914,20004751,Corralon El Gaucho S R L,Cabral Sargento Pje Nº247,01558ESC,Pedro Cocaña,500,5,500,25,10250.02,12402.54,0,3,0,21,12,0,0,0,0,729.76,002200007258,S,Factura de Venta
20170914,99004274,Maderas Sucre S.A.,Docentes Argentinos 6600,01570BD,Meier,120,1.8,120,6,8888.44,10755.02,0,0,0,21,0,0,0,0,0,3075.65,002200007275,S,Factura de Venta
20170914,99004274,Maderas Sucre S.A.,Docentes Argentinos 6600,01603BD,Meier,625,1.25,625,25,5631.12,6813.66,0,0,0,21,4,0,0,0,0,1242.9,002200007275,S,Factura de Venta
20170914,31003228,Giliberto Hnos. SA,,04C00898,Ventas Buenos Aires,1,0,0,1,0.72,0.72,0,0,0,0,0,0,0,0,0,,000000011123,,Débito (Ajustes)
20170914,09002438,Suc De Gustavo Lagerheim SA,,04C00898,Victor Casañas,1,0,0,1,0.02,0.02,0,0,0,0,0,0,0,0,0,,000000011124,,Débito (Ajustes)
20170914,03000023,Industrias Saladillo SA,IS.SA. Planta Pilar,01778B,Isolant SI,212,5.194954,0,212,24950.28,30189.84,0,0,0,0,0,0,0,0,0,10061.52,002200007265,N,Factura de Venta
20170914,03000023,Industrias Saladillo SA,IS.SA. Planta Pilar,01778B,Isolant SI,202,4.949909,0,202,23773.38,28765.79,0,0,0,0,0,0,0,0,0,9586.92,002200007266,N,Factura de Venta
20170914,01003118,Caputo Marcelo Claudio,,04C00898,Luis Ramirez,1,0,0,1,0.06,0.06,0,0,0,0,0,0,0,0,0,,000000011126,,Débito (Ajustes)
20170914,07005921,Lutre Domingo Alejandro,,01IN,Meier,-1,0,0,-1,-453.9,-549.22,0,0,0,0,0,0,0,0,0,,001300000320,N,Crédito de Venta
20170914,31001395,Climatec SRL,,04C00898,Norberto Oppezzo,1,0,0,1,0.01,0.01,0,0,0,0,0,0,0,0,0,,000000011125,,Débito (Ajustes)

