﻿FechaTxt,Codigo_Cliente,Cliente,EntDir,Codigo_Articulo,Vendedor,cantidad,Mts3,Mts2,Rollos,Importe_Bruto,Importe_Neto,Dto_Contado,Dto_Flete,Dto_Especial,Bonificacion,Desc_Adicional,cantidad_elaborada,m2_ocupados,costo_unitario,costo_total_stock,Costo_de_venta
20170222,29004625,Rionda Hnos SRL,,04C00291,Hector Collia,1,0,0,1,3500,3500,0,0,0,0,0,0,0,0,0,0
20170222,02001475,Cono Sur SA,Andres Baranda 1242,01788A,Levy,12,0.64092,0,12,4088.88,4947.54,0,0,0,50,0,0,0,0,0,0
20170222,02001475,Cono Sur SA,Andres Baranda 1242,01760A,Levy,8,0.50264,0,8,3100.64,3751.78,0,0,0,50,0,0,0,0,0,0
20170222,02001475,Cono Sur SA,Andres Baranda 1242,01761A,Levy,7,0.45521,0,7,2483.68,3005.24,0,0,0,50,0,0,0,0,0,0
20170222,02001475,Cono Sur SA,Andres Baranda 1242,01762A,Levy,6,0.30534,0,6,1658.16,2006.38,0,0,0,50,0,0,0,0,0,0
20170222,16005311,Manrique Margarita Rosa,,04C00291,Leandro Diaz,1,0,0,1,2000,2000,0,0,0,0,0,0,0,0,0,0
20170222,16005311,Manrique Margarita Rosa,,04C00205,Leandro Diaz,1,0,0,1,12,14.52,0,0,0,0,0,0,0,0,0,0
20170222,07000012,Natali Plasticos SRL,Alvear 1475,01558ES,Isolant SA,50,10,1000,50,15588.87,18862.53,0,3,0,0,0,0,0,0,0,0
20170222,07000012,Natali Plasticos SRL,Alvear 1475,01555EC,Isolant SA,50,5,1000,50,10640.41,12874.9,0,3,0,0,0,0,0,0,0,0
20170222,07000012,Natali Plasticos SRL,Alvear 1475,01555M,Isolant SA,30,4.5,600,30,23583.68,28536.25,0,3,0,32.5,12,0,0,0,0,0
20170222,07000012,Natali Plasticos SRL,Alvear 1475,01555MA,Isolant SA,3,0.45,60,3,0.29,0.35,0,3,0,0,0,0,0,0,0,0
20170222,07000012,Natali Plasticos SRL,Alvear 1475,01550I,Isolant SA,30,1.2,600,30,2046.02,2475.69,0,3,0,0,0,0,0,0,0,0
20170222,07000012,Natali Plasticos SRL,Alvear 1475,01551I,Isolant SA,30,3,600,30,3950.32,4779.89,0,3,0,0,0,0,0,0,0,0
20170222,07000012,Natali Plasticos SRL,Alvear 1475,01555AK,Isolant SA,30,1.35,450,30,4086.51,4944.68,0,3,0,0,0,0,0,0,0,0
20170222,07000012,Natali Plasticos SRL,Alvear 1475,01558BC,Isolant SA,15,3,300,15,13689.84,16564.71,0,3,0,32.5,0,0,0,0,0,0
20170222,16003448,Tapicenter SA,,01IN,Leandro Diaz,-1,0,0,-1,-626.64,-758.23,0,0,0,0,0,0,0,0,0,0
20170222,24000324,Compañia Americana SRL,Corrientes 2499,01552A,Diego Fani,10,2,200,10,6880.58,8325.51,0,0,0,21,0,0,0,0,0,0
20170222,22005000,Nodar Oscar Pablo,,04C00291,Leandro Diaz,1,0,0,1,50000,50000,0,0,0,0,0,0,0,0,0,0
20170222,22005000,Nodar Oscar Pablo,,04C00205,Leandro Diaz,1,0,0,1,12,14.52,0,0,0,0,0,0,0,0,0,0
20170222,02005702,Caps Ram,J. Díaz Solís 3535,01510D,Levy,300,0.9,300,300,3258,3942.18,0,0,0,25,0,0,0,0,0,0
20170222,02005702,Caps Ram,J. Díaz Solís 3535,01510D,Levy,2400,7.2,2400,2400,26064,31537.44,0,0,0,25,0,0,0,0,0,0
20170222,07003238,Cooperativa de Provision de Servicios para Comerciantes,,04C00291,Meier,1,0,0,1,6292,6292,0,0,0,0,0,0,0,0,0,0
20170222,07003238,Cooperativa de Provision de Servicios para Comerciantes,,04C00205,Meier,1,0,0,1,12,14.52,0,0,0,0,0,0,0,0,0,0
20170222,07000012,Natali Plasticos SRL,Alvear 1475,01555AR,Isolant SA,25,2.5,500,25,4540.81,5494.38,0,3,0,0,0,0,0,0,0,0
20170222,07000012,Natali Plasticos SRL,Alvear 1475,01550A,Isolant SA,10,0.4,200,10,1466.09,1773.97,0,3,0,32.5,12,0,0,0,0,0
20170222,07000012,Natali Plasticos SRL,Alvear 1475,01551A,Isolant SA,25,2.5,500,25,7150.83,8652.5,0,3,0,32.5,12,0,0,0,0,0
20170222,07000012,Natali Plasticos SRL,Alvear 1475,01552A,Isolant SA,5,1,100,5,2509.15,3036.07,0,3,0,32.5,12,0,0,0,0,0
20170222,07000012,Natali Plasticos SRL,Alvear 1475,01557A,Isolant SA,30,6,600,30,15522.12,18781.76,0,3,0,32.5,12,0,0,0,0,0
20170222,07000012,Natali Plasticos SRL,Alvear 1475,01557C,Isolant SA,3,0.6,60,3,0.29,0.35,0,3,0,0,0,0,0,0,0,0
20170222,07000012,Natali Plasticos SRL,Alvear 1475,01558BC,Isolant SA,15,3,300,15,13689.84,16564.71,0,3,0,32.5,0,0,0,0,0,0
20170222,07000012,Natali Plasticos SRL,Alvear 1475,01960DA,Isolant SA,15,0,0,15,32894.21,39802,0,3,0,32.5,0,0,0,0,0,0
20170222,03000023,Industrias Saladillo SA,IS.SA. Planta Pilar,01777BA,Isolant SI,151,4.0322436,0,151,24264.19,29359.67,0,0,0,0,0,0,0,0,0,0
20170222,03000023,Industrias Saladillo SA,IS.SA. Planta Pilar,01778BA,Isolant SI,85,2.0828825,0,85,14507.8,17554.44,0,0,0,0,0,0,0,0,0,0
20170222,03000023,Industrias Saladillo SA,IS.SA. Planta Pilar,01777BB,Isolant SI,6,0.398103552,0,6,2533.44,3065.46,0,0,0,0,0,0,0,0,0,0
20170222,03000023,Industrias Saladillo SA,IS.SA. Planta Pilar,01777BB,Isolant SI,51,3.383880192,0,51,21534.24,26056.43,0,0,0,0,0,0,0,0,0,0
20170222,24005520,Nocelli Ariel Jesus,Cerrityo 1114/1122,01557AR,Isolant SA,50,10,1000,50,15695.14,18991.12,0,3,0,32.5,12,0,0,0,0,0
20170222,24005520,Nocelli Ariel Jesus,Cerrityo 1114/1122,01550I,Isolant SA,50,2,1000,50,3831.6,4636.23,0,3,0,32.5,12,0,0,0,0,0
20170222,03003751,Indupoles Argentina SA,,01501IB,Isolant SI,200,0.1,200,0,362,438.02,0,0,0,0,0,0,0,0,0,0
20170222,02002202,Simmons De Argentina SAIC,Heredia 626,01524D,Isolant SI,150,1.5,150,0,4107,4969.47,0,0,0,0,0,0,0,0,0,0
20170222,07002231,Acerco SA,,04C00898,Meier,1,0,0,1,0.05,0.05,0,0,0,0,0,0,0,0,0,0
20170222,18004542,Pan Antonio - Pan Pablo - Pan Guillermo SH,Felix San Martin 670,04ANTICIPOS,De la Fuente,-1,0,0,-1,-167850,-203098.5,0,0,0,0,0,0,0,0,0,0
20170222,18004542,Pan Antonio - Pan Pablo - Pan Guillermo SH,Felix San Martin 670,01558ES,De la Fuente,-50,-10,-1000,-50,-33784,-40878.64,0,0,0,0,0,0,0,0,0,0
20170222,99004274,Maderas Sucre S.A.,Docentes Argentinos 6600,04VARIOS-NORMAL,Meier,-1,0,0,-1,-570.41,-690.2,0,0,0,0,0,0,0,0,0,0
20170222,03000023,Industrias Saladillo SA,IS.SA. Planta Pilar,01781BA,Isolant SI,29,1.1368,0,29,4671.9,5653,0,0,0,0,0,0,0,0,0,0
20170222,03000023,Industrias Saladillo SA,IS.SA. Planta Pilar,01765AS,Isolant SI,50,2.325,0,50,5901,7140.21,0,0,0,0,0,0,0,0,0,0
20170222,03000023,Industrias Saladillo SA,IS.SA. Planta Pilar,01773AS,Isolant SI,29,0.94395,0,29,3723.89,4505.91,0,0,0,0,0,0,0,0,0,0
20170222,03000023,Industrias Saladillo SA,IS.SA. Planta Pilar,01781BA,Isolant SI,29,1.1368,0,29,4671.9,5653,0,0,0,0,0,0,0,0,0,0
20170222,03000023,Industrias Saladillo SA,IS.SA. Planta Pilar,01765AS,Isolant SI,50,2.325,0,50,5901,7140.21,0,0,0,0,0,0,0,0,0,0
20170222,03000023,Industrias Saladillo SA,IS.SA. Planta Pilar,01781BA,Isolant SI,29,1.1368,0,29,4671.9,5653,0,0,0,0,0,0,0,0,0,0
20170222,03000023,Industrias Saladillo SA,IS.SA. Planta Pilar,01773AS,Isolant SI,8,0.2604,0,8,1027.28,1243.01,0,0,0,0,0,0,0,0,0,0
20170222,03000023,Industrias Saladillo SA,IS.SA. Planta Pilar,01765AS,Isolant SI,50,2.325,0,50,5901,7140.21,0,0,0,0,0,0,0,0,0,0
20170222,04005689,Polifoam SRL,,01658DAP,Isolant SI,-20,-0.6,-20,0,-1988.69,-2406.31,0,0,0,45,0,0,0,0,0,0
20170222,03002676,Tempur Sealy Argentina SRL,Marcos Sastre 2300,01510AC,Fernando Palmas,500,1.5,500,500,3590,4343.9,0,0,0,0,0,0,0,0,0,0
20170222,01002325,Centro Sec SRL,Av. Cordoba 5625,01552IC,Hector Collia,300,3,300,15,5084.64,6152.42,0,0,0,25,12,0,0,0,0,0
20170222,30005313,G-H Construcciones SA,Avenida Jara 762,01557A,Ventas Buenos Aires,50,10,1000,50,34051.78,41202.65,0,0,0,21,4,0,0,0,0,0
20170222,30005313,G-H Construcciones SA,Avenida Jara 762,01557C,Ventas Buenos Aires,6,1.2,120,6,0.6,0.73,0,0,0,0,0,0,0,0,0,0
20170222,04005689,Polifoam SRL,Alte. Brown 3985,01500AC,Isolant SI,6000,3,6000,0,12600,15246,0,0,0,0,0,0,0,0,0,0
20170222,04005689,Polifoam SRL,Alte. Brown 3985,01900A,Isolant SI,1,0.0754,0,1,1754.84,2123.35,0,0,0,30,0,0,0,0,0,0
20170222,04005689,Polifoam SRL,Alte. Brown 3985,01514DE,Isolant SI,250,1.25,250,250,3067.5,3711.67,0,0,0,0,0,0,0,0,0,0
20170222,04005689,Polifoam SRL,Alte. Brown 3985,01765A,Isolant SI,12,0.558,0,12,2211.72,2676.18,0,0,0,0,0,0,0,0,0,0
20170222,07004868,Cerroplast SA,,04C00291,Meier,1,0,0,1,2685.14,2685.14,0,0,0,0,0,0,0,0,0,0
20170222,27003323,Bercovich SACIFIA,,04C00291,Pedro Cocaña,1,0,0,1,61563.47,61563.47,0,0,0,0,0,0,0,0,0,0
20170222,27003323,Bercovich SACIFIA,,04C00205,Pedro Cocaña,1,0,0,1,12,14.52,0,0,0,0,0,0,0,0,0,0
20170222,02000844,Revestimientos America SRL,Hipolito Yrigoyen 6235,01700A,Hector Collia,3,0.36,0,3,1786.43,2161.58,0,0,0,30,0,0,0,0,0,0
20170222,02000844,Revestimientos America SRL,Hipolito Yrigoyen 6235,01603B,Hector Collia,20,1,500,20,3965.64,4798.42,0,0,0,30,0,0,0,0,0,0
20170222,03000023,Industrias Saladillo SA,,04C00291,Isolant SI,1,0,0,1,5260,5260,0,0,0,0,0,0,0,0,0,0
20170222,03000023,Industrias Saladillo SA,,04C00291,Isolant SI,1,0,0,1,6000,6000,0,0,0,0,0,0,0,0,0,0
20170222,03000023,Industrias Saladillo SA,,04C00205,Isolant SI,1,0,0,1,24,29.04,0,0,0,0,0,0,0,0,0,0
20170222,01002811,Gonzalez Dario R Iglesias Nelida C SH,Julian Alvarez 469,01552I,Levy,20,4,800,20,6423.98,7773.02,0,0,10,21,12,0,0,0,0,0
20170222,03000357,Laboratorios Valmax SA,Sub Perdomo 1619,01507VB,Isolant SI,8640,12.96,8640,0,43977.6,53212.9,0,0,0,0,0,0,0,0,0,0
20170222,01005738,Unimaco SA,Enrique Carbo 540,01555A,Meier,75,7.5,1500,75,27105.35,32797.47,0,3,4,25,12,0,0,0,0,0
20170222,01005738,Unimaco SA,Enrique Carbo 540,01555C,Meier,9,0.9,180,9,0.84,1.01,0,3,4,0,0,0,0,0,0,0
20170222,01005738,Unimaco SA,Enrique Carbo 540,01557A,Meier,25,5,500,25,13797.44,16694.9,0,3,4,25,12,0,0,0,0,0
20170222,01005738,Unimaco SA,Enrique Carbo 540,01557C,Meier,3,0.6,60,3,0.28,0.34,0,3,4,0,0,0,0,0,0,0
20170222,01005738,Unimaco SA,Enrique Carbo 540,01552A,Meier,5,1,100,5,2787.94,3373.41,0,3,0,25,12,0,0,0,0,0
20170222,01005738,Unimaco SA,Enrique Carbo 540,01558BC,Meier,12,2.4,240,12,11073.56,13399.01,0,3,0,25,9,0,0,0,0,0

