﻿FechaTxt,Codigo_Cliente,Cliente,EntDir,Codigo_Articulo,Vendedor,cantidad,Mts3,Mts2,Rollos,Importe_Bruto,Importe_Neto,Dto_Contado,Dto_Flete,Dto_Especial,Bonificacion,Desc_Adicional,cantidad_elaborada,m2_ocupados,costo_unitario,costo_total_stock,Costo_de_venta,comp,C_Construccion,nomdoc
20171106,03003751,Indupoles Argentina SA,Parque Ind. Campana - Km70 de Panamericana - Lote 12,01658ACP,Isolant SI,220,6.6,220,0,12205.6,14768.78,0,0,0,0,0,0,0,0,0,8261,002200008311,N,Factura de Venta
20171106,03003751,Indupoles Argentina SA,Parque Ind. Campana - Km70 de Panamericana - Lote 12,01515BG,Isolant SI,2100,10.5,2100,0,21000,25410,0,0,0,0,0,0,0,0,0,19530,002200008311,N,Factura de Venta
20171106,03003751,Indupoles Argentina SA,Parque Ind. Campana - Km70 de Panamericana - Lote 12,01515BE,Isolant SI,6150,30.75,6150,0,61500,74415,0,0,0,0,0,0,0,0,0,57195,002200008311,N,Factura de Venta
20171106,07005943,Mar Plast SA,Av. O´Higgins 3151,01950D,Fernando Palmas,270,61.722,0,270,119556,144662.76,0,0,0,0,0,0,0,0,0,86065.2,002200008314,N,Factura de Venta
20171106,21005754,Diler SRL,Mitre 749,06C001CO,Leandro Diaz,1,0,0,1,0.1,0.12,0,0,0,0,0,0,0,0,0,0,002200008324,N,Factura de Venta
20171106,21005754,Diler SRL,Mitre 749,01552I,Leandro Diaz,50,10,2000,50,20050.58,24261.2,0,0,0,21,4,0,0,0,0,9958,002200008324,N,Factura de Venta
20171106,01005812,Danko Materiales Srl,Mercedes 3951 3B,01551I,Victor Casañas,50,5,1000,50,9319.43,11276.52,0,3,0,21,12,0,0,0,0,4051,002200008337,N,Factura de Venta
20171106,01005812,Danko Materiales Srl,Mercedes 3951 3B,01550I,Victor Casañas,50,3.5,1750,50,4826.62,5840.21,0,3,0,21,12,0,0,0,0,2128.5,002200008337,N,Factura de Venta
20171106,01005812,Danko Materiales Srl,Mercedes 3951 3B,06X002QS,Victor Casañas,1,0,0,1,0.1,0.12,0,3,0,0,0,0,0,0,0,0,002200008337,N,Factura de Venta
20171106,01005812,Danko Materiales Srl,Mercedes 3951 3B,06C001CS,Victor Casañas,1,0,0,1,0.1,0.12,0,3,0,0,0,0,0,0,0,0,002200008337,N,Factura de Venta
20171106,01005812,Danko Materiales Srl,Mercedes 3951 3B,06X002PI,Victor Casañas,1,0,0,1,0.1,0.12,0,3,0,0,0,0,0,0,0,0,002200008337,N,Factura de Venta
20171106,01005812,Danko Materiales Srl,Mercedes 3951 3B,06X001DA,Victor Casañas,1,0,0,1,0.1,0.12,0,3,0,0,0,0,0,0,0,0,002200008337,N,Factura de Venta
20171106,01005812,Danko Materiales Srl,Mercedes 3951 3B,06C001CO,Victor Casañas,1,0,0,1,0.1,0.12,0,3,0,0,0,0,0,0,0,0,002200008337,N,Factura de Venta
20171106,01005812,Danko Materiales Srl,Mercedes 3951 3B,01558EC,Victor Casañas,50,10,1000,50,29839.38,36105.66,0,3,0,21,12,0,0,0,0,20393,002200008337,N,Factura de Venta
20171106,31000124,Drap Sociedad de Responsabilidad Limitada,Victoriano Montes 2060,01555AR,Mariano Martinez,10,1,200,10,2247.35,2719.3,0,0,0,30,12,0,0,0,0,1354.1,002200008323,N,Factura de Venta
20171106,01004400,Sider Group SA,Av. Champagnat 1255,01750A,Ventas Buenos Aires,4,0,0,4,2774.98,3357.74,0,0,0,21,0,0,0,0,0,750.4,002200008331,S,Factura de Venta
20171106,30004738,Adri Mar SRL,Diego Tetley 1181,01557A,Ventas Buenos Aires,10,2,200,10,7448.83,9013.09,0,0,0,21,0,0,0,0,0,2706.1,002200008326,N,Factura de Venta
20171106,16005773,Metales Dibo SA,Maza Norte 3536,06C001CO,Leandro Diaz,1,0,0,1,0.1,0.12,0,0,0,0,0,0,0,0,0,0,002200008327,S,Factura de Venta
20171106,16003993,Femaco Sociedad Anonima,W. Nuñez 936,01750A,Leandro Diaz,6,0,0,6,3477.52,4207.8,0,0,0,25,12,0,0,0,0,1125.6,002200008335,S,Factura de Venta
20171106,16003993,Femaco Sociedad Anonima,W. Nuñez 936,01552I,Leandro Diaz,30,6,1200,30,10469.44,12668.04,0,0,0,25,12,0,0,0,0,5974.8,002200008335,S,Factura de Venta
20171106,02002971,Expotap SRL,Av. Mitre 5447,01658ACP,Hector Collia,20,0.6,20,0,2587.66,3131.07,0,0,0,30,10,0,0,0,0,751,002200008320,N,Factura de Venta
20171106,04005967,Barros Roberto Hector,Av. Senador Morón 460,01524HC,Fernando Palmas,2000,20,2000,0,27600,33396,0,0,0,0,0,0,0,0,0,22320,002200008321,S,Factura de Venta
20171106,03003278,Guillermo Pallisso SRL,Colectora Av. 12 de Octubre 3844 e/Caprile y Lisandro de la Torre,01773A,Esteban Bergamaschi,4,0.1302,0,4,1233.7,1492.77,0,0,0,21,0,0,0,0,0,288.84,002200008322,N,Factura de Venta
20171106,31000124,Drap Sociedad de Responsabilidad Limitada,Victoriano Montes 2060,01551I,Mariano Martinez,10,1,200,10,1629.32,1971.48,0,0,0,30,12,0,0,0,0,810.2,002200008323,N,Factura de Venta
20171106,31000124,Drap Sociedad de Responsabilidad Limitada,Victoriano Montes 2060,01552I,Mariano Martinez,30,6,1200,30,9771.48,11823.5,0,0,0,30,12,0,0,0,0,5974.8,002200008323,N,Factura de Venta
20171106,31000124,Drap Sociedad de Responsabilidad Limitada,Victoriano Montes 2060,01557AR,Mariano Martinez,10,2,200,10,3456.62,4182.51,0,0,0,30,12,0,0,0,0,2370.6,002200008323,N,Factura de Venta
20171106,02000130,Telas Plasticas Miliavaca SA,Av. Hipolito Yrigoyen 11037,01524GC,Hector Collia,750,7.5,750,0,10725,12977.26,0,0,0,0,0,0,0,0,0,8025,002200008318,S,Factura de Venta
20171106,02004723,Garcia Matias Emanuel,Gral. Acha 1229,01662ACP,Hector Collia,10,0.4,10,0,2135.05,2583.42,0,0,0,21,0,0,0,0,0,470.9,002200008319,N,Factura de Venta
20171106,02004723,Garcia Matias Emanuel,Gral. Acha 1229,01524GC,Hector Collia,50,0.5,50,0,1686.26,2040.37,0,0,0,21,0,0,0,0,0,535,002200008319,N,Factura de Venta
20171106,02004723,Garcia Matias Emanuel,Gral. Acha 1229,01514Q,Hector Collia,100,0.5,100,100,2089.55,2528.36,0,0,0,21,0,0,0,0,0,290.48,002200008319,N,Factura de Venta
20171106,02002971,Expotap SRL,Av. Mitre 5447,01524GC,Hector Collia,750,7.5,750,0,20171.03,24406.94,0,0,0,30,10,0,0,0,0,8025,002200008320,N,Factura de Venta
20171106,02002971,Expotap SRL,Av. Mitre 5447,01654ACP,Hector Collia,20,0.4,20,0,1772.82,2145.11,0,0,0,30,10,0,0,0,0,492.8,002200008320,N,Factura de Venta
20171106,16005856,San Martin Goma de Lauriente Hnos SRL,Buenos Aires 274,01524HC,Leandro Diaz,125,1.25,125,0,1787.5,2162.88,0,0,0,0,0,0,0,0,0,1395,002200008334,N,Factura de Venta
20171106,18005970,Lynco SRL,Belgrano 755,01854A,Norberto Oppezzo,132,33,3300,132,211766.28,256237.2,0,0,0,0,0,0,0,0,0,54960.84,002200008312,N,Factura de Venta
20171106,11005886,JR y Compañia S.A,Ruta Nº 1 Km 4.5,06C001CO,Victor Casañas,1,0,0,1,0.1,0.12,0,0,0,0,0,0,0,0,0,0,002200008313,S,Factura de Venta
20171106,16005311,Manrique Margarita Rosa,Buenos Aires 555,01524GC,Leandro Diaz,250,2.5,250,0,8431.28,10201.84,0,0,0,21,0,0,0,0,0,2675,002200008317,N,Factura de Venta
20171106,16005311,Manrique Margarita Rosa,Buenos Aires 555,01514Q,Leandro Diaz,250,1.25,250,250,1875,2268.75,0,0,0,0,0,0,0,0,0,726.2,002200008317,N,Factura de Venta
20171106,16005311,Manrique Margarita Rosa,Buenos Aires 555,01524HC,Leandro Diaz,250,2.5,250,0,3575,4325.75,0,0,0,0,0,0,0,0,0,2790,002200008317,N,Factura de Venta
20171106,16002149,Samaco SA,Remedio de San Martin 2197,06C001CO,Leandro Diaz,1,0,0,1,0.1,0.12,0,0,0,0,0,0,0,0,0,0,002200008333,N,Factura de Venta
20171106,16002149,Samaco SA,Remedio de San Martin 2197,01557A,Leandro Diaz,50,10,1000,50,27786,33621.06,0,0,0,0,0,0,0,0,0,13530.5,002200008333,N,Factura de Venta
20171106,16005856,San Martin Goma de Lauriente Hnos SRL,Buenos Aires 274,01552I,Leandro Diaz,40,8,1600,40,15228.29,18426.23,0,0,0,25,4,0,0,0,0,7966.4,002200008334,N,Factura de Venta
20171106,16005856,San Martin Goma de Lauriente Hnos SRL,Buenos Aires 274,01557AR,Leandro Diaz,3,0.6,60,3,1212.06,1466.6,0,0,0,25,4,0,0,0,0,711.18,002200008334,N,Factura de Venta
20171106,16005856,San Martin Goma de Lauriente Hnos SRL,Buenos Aires 274,01558EC,Leandro Diaz,3,0.6,60,3,1786.51,2161.68,0,0,0,25,4,0,0,0,0,1223.58,002200008334,N,Factura de Venta
20171106,16005856,San Martin Goma de Lauriente Hnos SRL,Buenos Aires 274,01514Q,Leandro Diaz,50,0.25,50,50,375,453.75,0,0,0,0,0,0,0,0,0,145.24,002200008334,N,Factura de Venta
20171106,16002149,Samaco SA,Remedio de San Martin 2197,01557A,Leandro Diaz,50,10,1000,50,27786,33621.06,0,0,0,0,0,0,0,0,0,13530.5,002200008329,N,Factura de Venta
20171106,04005689,Polifoam SRL,Alte. Brown 3985,01788AD,Isolant SI,2,0.51272,0,2,2467.2,2985.31,0,0,0,0,0,0,0,0,0,1211.09,002200008330,N,Factura de Venta
20171106,04005689,Polifoam SRL,Alte. Brown 3985,01771A,Isolant SI,17,0.65161,0,17,2764.2,3344.68,0,0,0,0,0,0,0,0,0,676.26,002200008330,N,Factura de Venta
20171106,04005689,Polifoam SRL,Alte. Brown 3985,01769A,Isolant SI,28,0.9324,0,28,4430.44,5360.83,0,0,0,0,0,0,0,0,0,1171.8,002200008330,N,Factura de Venta
20171106,01004400,Sider Group SA,Av. Champagnat 1255,06C001CO,Ventas Buenos Aires,1,0,0,1,0.1,0.12,0,0,0,0,0,0,0,0,0,0,002200008332,S,Factura de Venta
20171106,01004400,Sider Group SA,Av. Champagnat 1255,06C001CS,Ventas Buenos Aires,1,0,0,1,0.1,0.12,0,0,0,0,0,0,0,0,0,0,002200008332,S,Factura de Venta
20171106,21005754,Diler SRL,Mitre 749,01767A,Leandro Diaz,3,0.12723,0,3,1143.57,1383.72,0,0,0,21,0,0,0,0,0,160.65,002200008324,N,Factura de Venta
20171106,21005754,Diler SRL,Mitre 749,01769A,Leandro Diaz,4,0.1332,0,4,1428.73,1728.76,0,0,0,21,0,0,0,0,0,167.4,002200008324,N,Factura de Venta
20171106,21005754,Diler SRL,Mitre 749,01771A,Leandro Diaz,2,0.07666,0,2,731.82,885.51,0,0,0,21,0,0,0,0,0,79.56,002200008324,N,Factura de Venta
20171106,21005754,Diler SRL,Mitre 749,01773A,Leandro Diaz,5,0.16275,0,5,1542.12,1865.96,0,0,0,21,0,0,0,0,0,361.05,002200008324,N,Factura de Venta
20171106,07004703,Serlin Hector,Regino Maders 1459,01760A,Meier,7,0.43981,0,7,2930.13,3545.46,0,0,0,50,0,0,0,0,0,683.97,002200008325,N,Factura de Venta
20171106,07004703,Serlin Hector,Regino Maders 1459,01762A,Meier,7,0.35623,0,7,2089.32,2528.08,0,0,0,50,0,0,0,0,0,531.09,002200008325,N,Factura de Venta
20171106,03000023,Industrias Saladillo SA,IS.SA. Planta Pilar,01525AHC,Isolant SI,2000,20,2000,2000,32580,39421.8,0,0,0,0,0,0,0,0,0,3102.54,002200008315,N,Factura de Venta
20171106,29003156,J Nardelli y Cia SRL,Moreno 1180 y Pte Peron,01550IC,Hector Collia,400,0.8,400,20,1988.52,2406.12,0,0,0,21,8,0,0,0,0,534.07,002200008316,S,Factura de Venta
20171106,16003993,Femaco Sociedad Anonima,W. Nuñez 936,01551IC,Leandro Diaz,200,1,200,10,1745.04,2111.5,0,0,0,25,12,0,0,0,0,375.24,002200008335,S,Factura de Venta
20171106,11005886,JR y Compañia S.A,Ruta Nº 1 Km 4.5,01555ARC,Victor Casañas,2400,12,2400,120,28923.84,34997.84,0,0,0,25,12,0,0,0,0,2613.77,002200008313,S,Factura de Venta
20171106,01004400,Sider Group SA,Av. Champagnat 1255,01555ECC,Ventas Buenos Aires,1500,7.5,1500,75,22274.2,26951.8,0,0,0,21,12,0,0,0,0,1811.02,002200008331,S,Factura de Venta
20171106,01004400,Sider Group SA,Av. Champagnat 1255,01555EDC,Ventas Buenos Aires,300,1.5,300,15,6644.72,8040.12,0,0,0,21,12,0,0,0,0,4981.19,002200008331,S,Factura de Venta
20171106,01004400,Sider Group SA,Av. Champagnat 1255,01555MC,Ventas Buenos Aires,400,3,400,20,20527.86,24838.72,0,0,0,21,12,0,0,0,0,10419.56,002200008332,S,Factura de Venta
20171106,16003993,Femaco Sociedad Anonima,W. Nuñez 936,01555MC,Leandro Diaz,200,1.5,200,10,9744.24,11790.54,0,0,0,25,12,0,0,0,0,5209.78,002200008336,S,Factura de Venta
20171106,16003993,Femaco Sociedad Anonima,W. Nuñez 936,01555MA,Leandro Diaz,1,0.15,20,1,0.1,0.12,0,0,0,0,0,0,0,0,0,520.98,002200008336,S,Factura de Venta
20171106,01004400,Sider Group SA,Av. Champagnat 1255,01555MC,Ventas Buenos Aires,400,3,400,20,20527.86,24838.72,0,0,0,21,12,0,0,0,0,10419.56,002200008331,S,Factura de Venta
20171106,01004400,Sider Group SA,Av. Champagnat 1255,01555MA,Ventas Buenos Aires,2,0.3,40,2,0.2,0.24,0,0,0,0,0,0,0,0,0,1041.96,002200008331,S,Factura de Venta
20171106,29003156,J Nardelli y Cia SRL,Moreno 1180 y Pte Peron,01559AA,Hector Collia,1000,10,1000,50,34261.36,41456.24,0,0,0,21,8,0,0,0,0,1553.51,002200008316,S,Factura de Venta
20171106,29003156,J Nardelli y Cia SRL,Moreno 1180 y Pte Peron,01557C,Hector Collia,6,1.2,120,6,1.2,1.46,0,0,0,0,0,0,0,0,0,186.42,002200008316,S,Factura de Venta
20171106,01004400,Sider Group SA,Av. Champagnat 1255,01559AA,Ventas Buenos Aires,1500,15,1500,75,49157.6,59480.68,0,0,0,21,12,0,0,0,0,2330.27,002200008331,S,Factura de Venta
20171106,01004400,Sider Group SA,Av. Champagnat 1255,01557C,Ventas Buenos Aires,9,1.8,180,9,0.9,1.08,0,0,0,0,0,0,0,0,0,279.63,002200008331,S,Factura de Venta
20171106,01004400,Sider Group SA,Av. Champagnat 1255,01557ARC,Ventas Buenos Aires,1000,10,1000,50,19507.32,23603.84,0,0,0,21,12,0,0,0,0,1382.83,002200008332,S,Factura de Venta
20171106,11005886,JR y Compañia S.A,Ruta Nº 1 Km 4.5,01557ARC,Victor Casañas,1000,10,1000,50,18519.6,22408.72,0,0,0,25,12,0,0,0,0,1382.83,002200008313,S,Factura de Venta
20171106,29003156,J Nardelli y Cia SRL,Moreno 1180 y Pte Peron,01557ARC,Hector Collia,600,6,600,30,12236.4,14806.04,0,0,0,21,8,0,0,0,0,829.7,002200008316,S,Factura de Venta
20171106,16003993,Femaco Sociedad Anonima,W. Nuñez 936,01557ARC,Leandro Diaz,1000,10,1000,50,18519.6,22408.72,0,0,0,25,12,0,0,0,0,1382.83,002200008335,S,Factura de Venta
20171106,01004400,Sider Group SA,Av. Champagnat 1255,01558ALC,Ventas Buenos Aires,1000,10,1000,50,22756,27534.76,0,0,0,0,0,0,0,0,0,18214.57,002200008332,S,Factura de Venta
20171106,11005886,JR y Compañia S.A,Ruta Nº 1 Km 4.5,01558BRC,Victor Casañas,200,2,200,10,13884,16799.64,0,0,0,25,0,0,0,0,0,6400.7,002200008313,S,Factura de Venta
20171106,16005773,Metales Dibo SA,Maza Norte 3536,01558ECC,Leandro Diaz,1000,10,1000,50,23191.74,28062,0,0,15,25,12,0,0,0,0,19527.09,002200008328,S,Factura de Venta
20171106,16003993,Femaco Sociedad Anonima,W. Nuñez 936,01558ECC,Leandro Diaz,1000,10,1000,50,27284.4,33014.12,0,0,0,25,12,0,0,0,0,19527.09,002200008335,S,Factura de Venta
20171106,16005773,Metales Dibo SA,Maza Norte 3536,01571ECC,Leandro Diaz,820,16.4,820,41,55116.3,66690.72,0,0,0,25,0,0,0,0,0,24328.56,002200008327,S,Factura de Venta
20171106,29000227,Moreno Alfredo German,,04ANTICIPOS,Isolant SA,1,0,0,1,60916.3,73708.72,0,0,0,0,0,0,0,0,0,,001400000810,S,Factura de Venta
20171106,01004791,Aplimas SA,,04C00677,Mariano Martinez,-1,0,0,-1,-105.89,-105.89,0,0,0,0,0,0,0,0,0,,000000011289,,Crédito (Ajustes)
20171106,04005689,Polifoam SRL,Alte. Brown 3985,01510AB,Isolant SI,250,0.75,250,250,94480,114320.8,0,0,0,0,0,0,0,0,0,957.5,002200008330,N,Factura de Venta
20171106,16005856,San Martin Goma de Lauriente Hnos SRL,Buenos Aires 274,01764A,Leandro Diaz,2,0.1036728,0,2,809.64,979.66,0,0,0,30,4,0,0,0,0,130.74,002200008334,N,Factura de Venta
20171106,16005856,San Martin Goma de Lauriente Hnos SRL,Buenos Aires 274,01658AC,Leandro Diaz,20,0.6,20,0,2957.33,3578.37,0,0,0,25,4,0,0,0,0,751,002200008334,N,Factura de Venta
20171106,21005754,Diler SRL,,04C00898,Leandro Diaz,1,0,0,1,0.01,0.01,0,0,0,0,0,0,0,0,0,,000000011290,,Débito (Ajustes)
20171106,18005970,Lynco SRL,,04C00898,Norberto Oppezzo,1,0,0,1,0.8,0.8,0,0,0,0,0,0,0,0,0,,000000011291,,Débito (Ajustes)
20171106,29003951,San Isidro Deco SA,,04C00898,Mariano Martinez,1,0,0,1,0.19,0.19,0,0,0,0,0,0,0,0,0,,000000011288,,Débito (Ajustes)
20171106,02004723,Garcia Matias Emanuel,Gral. Acha 1229,01654DC,Hector Collia,30,0.6,30,0,3334.59,4034.85,0,0,0,21,0,0,0,0,0,798.3,002200008319,N,Factura de Venta
20171106,02004723,Garcia Matias Emanuel,Gral. Acha 1229,01658DC,Hector Collia,30,0.9,30,0,4867.27,5889.4,0,0,0,21,0,0,0,0,0,1215,002200008319,N,Factura de Venta
20171106,29000227,Moreno Alfredo German,,04C00677,Isolant SA,-1,0,0,-1,-472.26,-472.26,0,0,0,0,0,0,0,0,0,,000000011293,,Crédito (Ajustes)
20171106,04004772,Odetti Marina Patricia,,04C00898,Mariano Martinez,1,0,0,1,472.26,472.26,0,0,0,0,0,0,0,0,0,,000000011294,,Débito (Ajustes)

