﻿FechaTxt,Codigo_Cliente,Cliente,EntDir,Codigo_Articulo,Vendedor,cantidad,Mts3,Mts2,Rollos,Importe_Bruto,Importe_Neto,Dto_Contado,Dto_Flete,Dto_Especial,Bonificacion,Desc_Adicional,cantidad_elaborada,m2_ocupados,costo_unitario,costo_total_stock,Costo_de_venta
20170320,01003860,Ezekop SA,Zuviria 6643,01550I,Luis Ramirez,150,6,3000,150,12289.2,14869.93,0,0,0,30,12,0,0,0,0,0
20170320,01003860,Ezekop SA,Zuviria 6643,01603B,Luis Ramirez,50,2.5,1250,50,8724.41,10556.53,0,0,0,30,12,0,0,0,0,0
20170320,24000215,Emcisa SRL,Pte. Roca 3108,01957A,Meier,1,0,0,1,0.1,0.12,0,0,0,0,0,0,0,0,0,0
20170320,24000215,Emcisa SRL,Pte. Roca 3108,01570B,Meier,1352,20.28,1352,67.6,83608.76,101166.6,0,0,0,25,4,0,0,0,0,0
20170320,24003831,Motta Maderas y Decorac. SRL,,04VARIOS,Diego Fani,-1,0,0,-1,-599.17,-725,0,0,0,0,0,0,0,0,0,0
20170320,07002454,Lutre Juan Ernesto,,04VARIOS,Meier,-1,0,0,-1,-2768.6,-3350,0,0,0,0,0,0,0,0,0,0
20170320,31002803,Oliver SA,,01IN,Disapla,-1,0,0,-1,-593.43,-718.05,0,0,0,0,0,0,0,0,0,0
20170320,02002433,Antares SACIE,,01IN,Hector Collia,-1,0,0,-1,-549.26,-664.6,0,0,0,0,0,0,0,0,0,0
20170320,31003228,Giliberto Hnos. SA,Av. 131 nº 385 (entre 39 y 40),01957A,Ventas Buenos Aires,1,0,0,1,0.1,0.12,0,0,0,0,0,0,0,0,0,0
20170320,31003228,Giliberto Hnos. SA,Av. 131 nº 385 (entre 39 y 40),01558AL,Ventas Buenos Aires,26,5.2,1040,26,22281.48,26960.59,0,0,0,21,12,0,0,0,0,0
20170320,31003228,Giliberto Hnos. SA,Av. 131 nº 385 (entre 39 y 40),01558ALP,Ventas Buenos Aires,5,1,200,5,0.5,0.61,0,0,0,0,0,0,0,0,0,0
20170320,02002202,Simmons De Argentina SAIC,Heredia 626,01514D,Isolant SI,400,2,400,400,4700,5687,0,0,0,0,0,0,0,0,0,0
20170320,02002202,Simmons De Argentina SAIC,Heredia 626,01524D,Isolant SI,100,1,100,0,2738,3312.98,0,0,0,0,0,0,0,0,0,0
20170320,02002202,Simmons De Argentina SAIC,Heredia 626,01907A,Isolant SI,30,5.655,0,30,23186.1,28055.18,0,0,0,0,0,0,0,0,0,0
20170320,02002202,Simmons De Argentina SAIC,Heredia 626,01656A,Isolant SI,90,2.25,90,0,11928.6,14433.61,0,0,0,0,0,0,0,0,0,0
20170320,02002202,Simmons De Argentina SAIC,Heredia 626,01656A,Isolant SI,20,0.5,20,0,2650.8,3207.47,0,0,0,0,0,0,0,0,0,0
20170320,07002231,Acerco SA,,01IN,Meier,-1,0,0,-1,-11545.86,-13970.49,0,0,0,0,0,0,0,0,0,0
20170320,31000402,Codimat SA,,04VARIOS,NN (Ex MDT),-1,0,0,-1,-1524.79,-1845,0,0,0,0,0,0,0,0,0,0
20170320,24002856,Alonso Eduardo Oscar,,01IN,Victor Casañas,-1,0,0,-1,-68.85,-83.3,0,0,0,0,0,0,0,0,0,0
20170320,02003203,Maderera La Loma SA,Calle 161 y 40,01555M,Ventas Buenos Aires,100,15,2000,100,94851,114769.71,0,0,0,21,12,0,0,0,0,0
20170320,02003203,Maderera La Loma SA,Calle 161 y 40,01557A,Ventas Buenos Aires,50,10,1000,50,31214.13,37769.1,0,0,0,21,12,0,0,0,0,0
20170320,02003203,Maderera La Loma SA,Calle 161 y 40,01555MA,Ventas Buenos Aires,10,1.5,200,10,1,1.21,0,0,0,0,0,0,0,0,0,0
20170320,02003203,Maderera La Loma SA,Calle 161 y 40,01557C,Ventas Buenos Aires,6,1.2,120,6,0.6,0.73,0,0,0,0,0,0,0,0,0,0
20170320,02003203,Maderera La Loma SA,Calle 161 y 40,01558BC,Ventas Buenos Aires,20,4,400,20,22023.62,26648.58,0,0,0,21,0,0,0,0,0,0
20170320,02003203,Maderera La Loma SA,Calle 161 y 40,01960DC,Ventas Buenos Aires,9,0,0,9,12256.79,14830.71,0,0,0,21,0,0,0,0,0,0
20170320,01003820,Alvear Palace Hotel SAI,Posadas 1584,01957AA,Pastore Pablo,1,0,0,1,0.1,0.12,0,0,0,0,0,0,0,0,0,0
20170320,01003820,Alvear Palace Hotel SAI,Posadas 1584,01700A,Pastore Pablo,15,1.8,0,15,8330.55,10079.97,0,0,0,21,0,0,0,0,0,0
20170320,07005677,Iron Pack SRL,,01IN,Meier,-1,0,0,-1,-3034.31,-3671.51,0,0,0,0,0,0,0,0,0,0
20170320,11002933,La Agricola Regional Cooperativa Limitada,Moreno 1404,01557A,Natali Plasticos (Vta Directa),100,20,2000,100,61803.98,74782.82,0,0,1,21,12,0,0,0,0,0
20170320,11002933,La Agricola Regional Cooperativa Limitada,Moreno 1404,01555M,Natali Plasticos (Vta Directa),15,2.25,300,15,14085.37,17043.3,0,0,1,21,12,0,0,0,0,0
20170320,11002933,La Agricola Regional Cooperativa Limitada,Moreno 1404,01557C,Natali Plasticos (Vta Directa),4,0.8,80,4,0.4,0.48,0,0,1,0,0,0,0,0,0,0
20170320,16004354,Nahim Elias,,01IN,Leandro Diaz,-1,0,0,-1,-1083.17,-1310.64,0,0,0,0,0,0,0,0,0,0
20170320,07000012,Natali Plasticos SRL,,01IN,Isolant SA,-1,0,0,-1,-7577.2,-9168.41,0,0,0,0,0,0,0,0,0,0
20170320,25005566,Carraro Soc de Responsabilidad Limitada,Eva Perón 76,01551I,Pedro Cocaña,30,3,600,30,5355.82,6480.54,0,0,0,21,12,0,0,0,0,0
20170320,25005566,Carraro Soc de Responsabilidad Limitada,Eva Perón 76,01552I,Pedro Cocaña,30,6,1200,30,10706.64,12955.03,0,0,0,21,12,0,0,0,0,0
20170320,01005857,Empiro Sociedad Anonima,Bemberg y Calle 146,01558EC,Ventas Buenos Aires,42,8.4,840,42,23446.32,28370.04,0,0,0,21,12,0,0,0,0,0
20170320,02003852,Aglolam SA,,01IN,Ventas Buenos Aires,-1,0,0,-1,-538.39,-651.46,0,0,0,0,0,0,0,0,0,0
20170320,22002618,Rosso Alicia Ines,,01IN,Leandro Diaz,-1,0,0,-1,-330.35,-399.73,0,0,0,0,0,0,0,0,0,0
20170320,16004354,Nahim Elias,,04VARIOS,Leandro Diaz,-1,0,0,-1,-1826.45,-2210,0,0,0,0,0,0,0,0,0,0
20170320,24005556,Gringos SRL,,04VARIOS,Diego Fani,-1,0,0,-1,-1747.93,-2115,0,0,0,0,0,0,0,0,0,0
20170320,21005576,Alessi Martin Esteban SRL en formacion,,04VARIOS,Leandro Diaz,-1,0,0,-1,-14123.97,-17090,0,0,0,0,0,0,0,0,0,0
20170320,28003914,TECNOPOR S.A.,,04C00625,Isolant SI,-1,0,0,-1,-30.99,-30.99,0,0,0,0,0,0,0,0,0,0
20170320,28003914,TECNOPOR S.A.,Parque Industrial Mz. 5,01555A,Isolant SI,375,37.5,7500,375,166504.2,166504.2,0,0,0,0,0,0,0,0,0,0
20170320,11001942,Cuello Alejandro Marcelo,Mandisovi 1349,01957A,Disapla,1,0,0,1,0.1,0.12,0,0,0,0,0,0,0,0,0,0
20170320,11001942,Cuello Alejandro Marcelo,Mandisovi 1349,01555AK,Disapla,25,1.125,375,25,5036.72,6094.44,0,0,0,21,4,0,0,0,0,0
20170320,11001942,Cuello Alejandro Marcelo,Mandisovi 1349,01557AK,Disapla,25,2.625,375,25,7747.06,9373.94,0,0,0,21,4,0,0,0,0,0
20170320,02004723,Garcia Matias Emanuel,,01IN,Hector Collia,-1,0,0,-1,-280.66,-339.6,0,0,0,0,0,0,0,0,0,0
20170320,07003811,Centro Poliester SRL,,01IN,Meier,-1,0,0,-1,-359.67,-435.2,0,0,0,0,0,0,0,0,0,0
20170320,24002752,Rusma SRL,,01IN,Diego Fani,-1,0,0,-1,-1642.98,-1988,0,0,0,0,0,0,0,0,0,0
20170320,24003402,Tecno Part S.A.,,01IN,Victor Casañas,-1,0,0,-1,-14.64,-17.71,0,0,0,0,0,0,0,0,0,0
20170320,20003790,Moldurera Limache SRL,,01IN,Pedro Cocaña,-1,0,0,-1,-65.11,-78.78,0,0,0,0,0,0,0,0,0,0
20170320,11002933,La Agricola Regional Cooperativa Limitada,Moreno 1404,01750A,Natali Plasticos (Vta Directa),12,0,0,12,7064.21,8547.7,0,0,1,21,10,0,0,0,0,0
20170320,11002933,La Agricola Regional Cooperativa Limitada,Moreno 1404,01960DA,Natali Plasticos (Vta Directa),15,0,0,15,39292.2,47543.56,0,0,1,21,0,0,0,0,0,0
20170320,11002933,La Agricola Regional Cooperativa Limitada,Moreno 1404,01551A,Natali Plasticos (Vta Directa),30,3,600,30,10250.01,12402.51,0,0,1,21,12,0,0,0,0,0
20170320,11002933,La Agricola Regional Cooperativa Limitada,Moreno 1404,01555M,Natali Plasticos (Vta Directa),5,0.75,100,5,4695.12,5681.1,0,0,1,21,12,0,0,0,0,0
20170320,11002933,La Agricola Regional Cooperativa Limitada,Moreno 1404,01558BC,Natali Plasticos (Vta Directa),40,8,800,40,38373.96,46432.49,0,0,1,21,12,0,0,0,0,0
20170320,11002933,La Agricola Regional Cooperativa Limitada,Moreno 1404,01555MA,Natali Plasticos (Vta Directa),2,0.3,40,2,0.2,0.24,0,0,1,0,0,0,0,0,0,0
20170320,09002358,Bracamonte Roberto Luis,,04VARIOS,Ind Saladillo Chaco,-1,0,0,-1,-6537.19,-7910,0,0,0,0,0,0,0,0,0,0
20170320,07005677,Iron Pack SRL,,01IN,Meier,-1,0,0,-1,-1984.65,-2401.43,0,0,0,0,0,0,0,0,0,0
20170320,02002971,Expotap SRL,Av. Mitre 5447,01524GC,Hector Collia,500,5,500,0,12685.05,15348.91,0,0,0,30,10,0,0,0,0,0
20170320,27002655,Miguel Perez Y Leopoldo Raul Sancho,,01IN,Pedro Cocaña,-1,0,0,-1,-1377.77,-1667.11,0,0,0,0,0,0,0,0,0,0
20170320,01002811,Gonzalez Dario R Iglesias Nelida C SH,Julian Alvarez 469,01552I,Levy,20,4,800,20,6423.98,7773.02,0,0,10,21,12,0,0,0,0,0
20170320,01002811,Gonzalez Dario R Iglesias Nelida C SH,Julian Alvarez 469,01551I,Levy,50,5,1000,50,8033.73,9720.81,0,0,10,21,12,0,0,0,0,0
20170320,01004400,Sider Group SA,Av. Champagnat 1255,01957A,Ventas Buenos Aires,1,0,0,1,0.1,0.12,0,0,0,0,0,0,0,0,0,0
20170320,01004400,Sider Group SA,Av. Champagnat 1255,01555AA,Ventas Buenos Aires,2000,10,2000,100,40877.76,49462.08,0,0,0,21,12,0,0,0,0,0
20170320,01004400,Sider Group SA,Av. Champagnat 1255,01555C,Ventas Buenos Aires,12,1.2,240,12,1.2,1.46,0,0,0,0,0,0,0,0,0,0
20170320,01004400,Sider Group SA,Av. Champagnat 1255,01559AA,Ventas Buenos Aires,2000,20,2000,100,62428.96,75539.04,0,0,0,21,12,0,0,0,0,0
20170320,01004400,Sider Group SA,Av. Champagnat 1255,01557C,Ventas Buenos Aires,12,2.4,240,12,1.2,1.46,0,0,0,0,0,0,0,0,0,0
20170320,01004400,Sider Group SA,Av. Champagnat 1255,01555MC,Ventas Buenos Aires,200,1.5,200,10,9490.88,11483.96,0,0,0,21,12,0,0,0,0,0
20170320,01004400,Sider Group SA,Av. Champagnat 1255,01555MA,Ventas Buenos Aires,1,0.15,20,1,0.1,0.12,0,0,0,0,0,0,0,0,0,0
20170320,01004400,Sider Group SA,Av. Champagnat 1255,01568BC,Ventas Buenos Aires,1700,17,1700,85,93580.24,113232.1,0,0,0,21,0,0,0,0,0,0
20170320,03000826,Sagradini SRL,,04C00898,Esteban Bergamaschi,1,0,0,1,2,2,0,0,0,0,0,0,0,0,0,0
20170320,02002971,Expotap SRL,Av. Mitre 5447,01514PC,Hector Collia,175,0.875,175,0,2750.74,3328.39,0,0,0,30,10,0,0,0,0,0
20170320,02002971,Expotap SRL,Av. Mitre 5447,01524GC,Hector Collia,500,5,500,0,12685.05,15348.91,0,0,0,30,10,0,0,0,0,0
20170320,02005654,Nesue SRL,Rodolfo Lopez 1433,01550I,Hector Collia,50,2,1000,50,5253.5,6356.73,0,0,0,21,0,0,0,0,0,0
20170320,02001697,Sealed Air Argentina SA,Deposito Katya: Primera Junta 695,01524DC,Isolant SI,1000,10,1000,0,18320,22167.2,0,0,0,0,0,0,0,0,0,0

