﻿FechaTxt,Codigo_Cliente,Cliente,EntDir,Codigo_Articulo,Vendedor,cantidad,Mts3,Mts2,Rollos,Importe_Bruto,Importe_Neto,Dto_Contado,Dto_Flete,Dto_Especial,Bonificacion,Desc_Adicional,cantidad_elaborada,m2_ocupados,costo_unitario,costo_total_stock,Costo_de_venta
20170310,04005689,Polifoam SRL,Alte. Brown 3985,01666DAP,Isolant SI,165,8.25,165,0,28793.16,34839.72,0,0,0,45,0,0,0,0,0,0
20170310,04005689,Polifoam SRL,Alte. Brown 3985,01906A,Isolant SI,2,0.1555,0,2,998.13,1207.74,0,0,0,30,0,0,0,0,0,0
20170310,04005689,Polifoam SRL,Alte. Brown 3985,01761A,Isolant SI,15,0.97545,0,15,3801.6,4599.94,0,0,0,0,0,0,0,0,0,0
20170310,04005689,Polifoam SRL,Alte. Brown 3985,01525C,Isolant SI,1625,16.25,1625,0,53088.75,64237.39,0,0,0,0,0,0,0,0,0,0
20170310,01000947,E.Vedovatto Const Y Serv SRL,Argerich 1266 (esquina J. B. Justo),01555A,Hector Collia,10,1,200,10,4645.52,5621.07,0,0,0,21,0,0,0,0,0,0
20170310,01000947,E.Vedovatto Const Y Serv SRL,Argerich 1266 (esquina J. B. Justo),01551A,Hector Collia,5,0.5,100,5,1960.9,2372.69,0,0,0,21,0,0,0,0,0,0
20170310,01000947,E.Vedovatto Const Y Serv SRL,Argerich 1266 (esquina J. B. Justo),01550A,Hector Collia,5,0.2,100,5,1005.08,1216.14,0,0,0,21,0,0,0,0,0,0
20170310,01000947,E.Vedovatto Const Y Serv SRL,Argerich 1266 (esquina J. B. Justo),01551A,Hector Collia,10,1,200,10,3921.8,4745.37,0,0,0,21,0,0,0,0,0,0
20170310,03002572,Miguel Parise SRL,Av. 1º de Mayo 5729,01510AC,Levy,200,0.6,200,200,2287.84,2768.29,0,0,0,21,0,0,0,0,0,0
20170310,03002572,Miguel Parise SRL,Av. 1º de Mayo 5729,01514DA,Levy,200,1,200,200,3942.1,4769.94,0,0,0,21,0,0,0,0,0,0
20170310,04005650,Gafa Mora SA,Ruta Panamericana KM40,01957A,Esteban Bergamaschi,1,0,0,1,0.1,0.12,0,0,0,0,0,0,0,0,0,0
20170310,04005650,Gafa Mora SA,Ruta Panamericana KM40,01555AKC,Esteban Bergamaschi,300,9,300,20,4194.9,5075.82,0,0,0,21,0,0,0,0,0,0
20170310,04005650,Gafa Mora SA,Ruta Panamericana KM40,01555AA,Esteban Bergamaschi,200,1,200,10,4645.2,5620.7,0,0,0,21,0,0,0,0,0,0
20170310,27005760,Amado Cesar Adad e Hijos SRL,Junin 284,01700A,Pedro Cocaña,5,0.6,0,5,3190.05,3859.96,0,0,0,25,0,0,0,0,0,0
20170310,27005760,Amado Cesar Adad e Hijos SRL,Junin 284,01524DC,Pedro Cocaña,250,2.5,250,0,7550.63,9136.26,0,0,0,25,0,0,0,0,0,0
20170310,27005760,Amado Cesar Adad e Hijos SRL,Junin 284,01555A,Pedro Cocaña,10,1,200,10,4410.3,5336.46,0,0,0,25,0,0,0,0,0,0
20170310,27005760,Amado Cesar Adad e Hijos SRL,Junin 284,01658ACP,Pedro Cocaña,10,0.3,10,0,1495.43,1809.46,0,0,0,25,0,0,0,0,0,0
20170310,26002394,Casa Fuegia Sociedad de Responsabilidad Limitada,San Martin 1240,01550A,Guillermo Ghiretti,15,0.6,300,15,2862.6,2862.6,0,0,0,0,0,0,0,0,0,0
20170310,26002394,Casa Fuegia Sociedad de Responsabilidad Limitada,San Martin 1240,01551A,Guillermo Ghiretti,10,1,200,10,3722.3,3722.3,0,0,0,0,0,0,0,0,0,0
20170310,26002394,Casa Fuegia Sociedad de Responsabilidad Limitada,San Martin 1240,01603AC,Guillermo Ghiretti,24,1.2,600,24,6297.36,6297.36,0,0,0,0,0,0,0,0,0,0
20170310,26002394,Casa Fuegia Sociedad de Responsabilidad Limitada,San Martin 1240,01603B,Guillermo Ghiretti,24,1.2,600,24,4758.72,4758.72,0,0,0,0,0,0,0,0,0,0
20170310,26002394,Casa Fuegia Sociedad de Responsabilidad Limitada,San Martin 1240,01763C,Guillermo Ghiretti,2,0.12064,0,2,1742.08,1742.08,0,0,0,0,0,0,0,0,0,0
20170310,04005650,Gafa Mora SA,Ruta Panamericana KM40,01555AA,Esteban Bergamaschi,200,1,200,10,4645.2,5620.7,0,0,0,21,0,0,0,0,0,0
20170310,16005541,Multiflooring SRL,Beltran 101,01550I,Leandro Diaz,200,8,4000,200,18492.32,22375.71,0,0,0,21,12,0,0,0,0,0
20170310,01004664,Construccion de Estructuras SRL,Sebastian Elcano 3461,01558BC,Ventas Buenos Aires,70,14,1400,70,53410,64626.1,0,0,0,0,0,0,0,0,0,0
20170310,01004664,Construccion de Estructuras SRL,Sebastian Elcano 3461,01554BC,Ventas Buenos Aires,30,3,600,30,17940,21707.4,0,0,0,0,0,0,0,0,0,0
20170310,19002241,Carlos Isla y Cia. SA,San Juan 198,01555A,Latyn-Valle y Cordillera,90,9,1800,90,30653.1,37090.25,0,0,0,0,0,0,0,0,0,0
20170310,24000055,Impack SA,Galvez 1544,01500CC,Victor Casañas,4500,2.25,4500,0,8325,10073.25,0,0,0,0,0,0,0,0,0,0
20170310,29004635,Laurito Sergio Ricardo,"Ruta nº 5 Km 159,500",01552I,Hector Collia,30,6,1200,30,10706.64,12955.03,0,0,0,21,12,0,0,0,0,0
20170310,03004731,Ferrara SA,Av. del Libertador 124,01557A,Levy,15,3,300,15,10641.18,12875.83,0,0,0,21,0,0,0,0,0,0
20170310,03004731,Ferrara SA,Av. del Libertador 124,01558BC,Levy,5,1,100,5,5505.91,6662.15,0,0,0,21,0,0,0,0,0,0
20170310,01002018,Zanet SA,Erezcano 3021/35,01504BCC,Fernando Palmas,11520,11.52,11520,0,48499.2,58684.03,0,0,0,0,0,0,0,0,0,0
20170310,06000934,Antonio Prevedello y Cia SRL,Av. del Pino 1183,01957AA,Pedro Cocaña,1,0,0,1,0.1,0.12,0,0,0,0,0,0,0,0,0,0
20170310,06000934,Antonio Prevedello y Cia SRL,Av. del Pino 1183,01960DA,Pedro Cocaña,15,0,0,15,39689.09,48023.79,0,0,0,21,0,0,0,0,0,0
20170310,06000934,Antonio Prevedello y Cia SRL,Av. del Pino 1183,01603B,Pedro Cocaña,20,1,500,20,4475.51,5415.36,0,0,0,21,0,0,0,0,0,0
20170310,03003937,Ref. La Lucila SA,Diaz Velez 1429,01788A,Levy,10,0.5341,0,10,3407.4,4122.95,0,0,0,50,0,0,0,0,0,0
20170310,03003937,Ref. La Lucila SA,Diaz Velez 1429,01760A,Levy,10,0.6283,0,10,3875.85,4689.78,0,0,0,50,0,0,0,0,0,0
20170310,03003300,Aserradero Vagol SRL,Av. San Martin 1188,01603A,Esteban Bergamaschi,290,14.5,7250,290,32190,38949.9,0,0,0,0,0,0,0,0,0,0
20170310,07000012,Natali Plasticos SRL,Alvear 1475,01555A,Isolant SA,120,12,2400,120,40658.03,49196.21,0,3,0,32.5,12,0,0,0,0,0
20170310,07000012,Natali Plasticos SRL,Alvear 1475,01555C,Isolant SA,30,3,600,30,2.91,3.52,0,3,0,0,0,0,0,0,0,0
20170310,07000012,Natali Plasticos SRL,Alvear 1475,01557A,Isolant SA,30,6,600,30,15522.12,18781.76,0,3,0,32.5,12,0,0,0,0,0
20170310,04005672,Izzo Marcela,Azcuenaga 665,01555MC,Hector Collia,200,1.5,200,10,10785.08,13049.94,0,0,0,21,0,0,0,0,0,0
20170310,04005672,Izzo Marcela,Azcuenaga 665,01555MA,Hector Collia,1,0.15,20,1,0.1,0.12,0,0,0,0,0,0,0,0,0,0
20170310,19002241,Carlos Isla y Cia. SA,Tucuman 225,01555A,Latyn-Valle y Cordillera,100,10,2000,100,34059,41211.39,0,0,0,0,0,0,0,0,0,0
20170310,01000452,Caffaro Hnos Sociedad de Responsabilidad Limitada,,04C00898,Isolant SI,1,0,0,1,0.11,0.11,0,0,0,0,0,0,0,0,0,0
20170310,31003010,Lago Sociedad Anonima,Gorriti 48,01603AC,NN (Ex MDT),200,10,5000,200,46180.29,55878.15,0,0,0,30,12,0,0,0,0,0
20170310,02003030,Curia SACI,Av. Hipolito Yrigoyen 1101,01857A,Levy,6,3,150,6,37129.79,44927.05,0,0,0,21,0,0,0,0,0,0
20170310,11002033,Charadia Jorge Gustavo,Av. Libertad 1659,01555A,Victor Casañas,125,12.5,2500,125,53474.89,64704.61,0,3,0,25,0,0,0,0,0,0
20170310,11002033,Charadia Jorge Gustavo,Av. Libertad 1659,01555C,Victor Casañas,15,1.5,300,15,1.46,1.76,0,3,0,0,0,0,0,0,0,0
20170310,11002033,Charadia Jorge Gustavo,Av. Libertad 1659,01558EC,Victor Casañas,220,44,4400,220,113097.73,136848.26,0,3,0,25,12,0,0,0,0,0
20170310,11002033,Charadia Jorge Gustavo,Av. Libertad 1659,01654ON,Victor Casañas,168,2.352,168,0,6477.66,7837.97,0,3,0,25,0,0,0,0,0,0
20170310,11002033,Charadia Jorge Gustavo,Av. Libertad 1659,01655ON,Victor Casañas,72,1.008,72,0,3299.94,3992.93,0,3,0,25,0,0,0,0,0,0

