﻿FechaTxt,Codigo_Cliente,Cliente,EntDir,Codigo_Articulo,Vendedor,cantidad,Mts3,Mts2,Rollos,Importe_Bruto,Importe_Neto,Dto_Contado,Dto_Flete,Dto_Especial,Bonificacion,Desc_Adicional,cantidad_elaborada,m2_ocupados,costo_unitario,costo_total_stock,Costo_de_venta
20170314,01005292,Adamant SRL,Paysandu 923 (entre Crisologo Larralde y Lucena),01508DB,Isolant SI,4000,8,4000,0,12960,15681.6,0,0,0,0,0,0,0,0,0,0
20170314,01005292,Adamant SRL,Paysandu 923 (entre Crisologo Larralde y Lucena),01500ASA,Isolant SI,200,0.1,200,0,298,360.58,0,0,0,0,0,0,0,0,0,0
20170314,01005292,Adamant SRL,Paysandu 923 (entre Crisologo Larralde y Lucena),01514D,Isolant SI,3300,16.5,3300,3300,25707,31105.47,0,0,0,0,0,0,0,0,0,0
20170314,01005292,Adamant SRL,Paysandu 923 (entre Crisologo Larralde y Lucena),01500ASA,Isolant SI,6400,3.2,6400,0,9536,11538.56,0,0,0,0,0,0,0,0,0,0
20170314,01005292,Adamant SRL,Paysandu 923 (entre Crisologo Larralde y Lucena),01552I,Isolant SI,87,17.4,3480,87,20880,25264.8,0,0,0,0,0,0,0,0,0,0
20170314,01005292,Adamant SRL,Paysandu 923 (entre Crisologo Larralde y Lucena),01500D,Isolant SI,4950,2.475,4950,0,7375.5,8924.35,0,0,0,0,0,0,0,0,0,0
20170314,01005292,Adamant SRL,Paysandu 923 (entre Crisologo Larralde y Lucena),01650DC,Isolant SI,300,3,300,0,4897.2,5925.61,0,0,0,30,0,0,0,0,0,0
20170314,01005292,Adamant SRL,Paysandu 923 (entre Crisologo Larralde y Lucena),01766A,Isolant SI,20,0.7916,0,20,3234.4,3913.62,0,0,0,0,0,0,0,0,0,0
20170314,03000023,Industrias Saladillo SA,IS.SA. Planta Pilar,01776B,Isolant SI,190,5.372136,0,190,22516.9,27245.45,0,0,0,0,0,0,0,0,0,0
20170314,03000023,Industrias Saladillo SA,IS.SA. Planta Pilar,01776B,Isolant SI,143,4.0432392,0,143,16946.93,20505.79,0,0,0,0,0,0,0,0,0,0
20170314,03001796,Hoffman Ernesto Guillermo,Av. de Mayo 865,01558ESC,Levy,240,2.4,240,12,5763.84,6974.24,0,0,0,21,0,0,0,0,0,0
20170314,07003893,Torres Carlos Hector,Juan B. Justo 3595,01558ECC,Meier,700,7,700,35,16234.48,19643.72,5,3,5,25,12,0,0,0,0,0
20170314,07003331,Entre Rios Maderas SRL,Atenas 181,01559AA,Meier,1500,15,1500,75,47481.48,57452.6,0,3,0,21,8,0,0,0,0,0
20170314,07003331,Entre Rios Maderas SRL,Atenas 181,01557C,Meier,9,1.8,180,9,0.88,1.06,0,3,0,0,0,0,0,0,0,0
20170314,07003331,Entre Rios Maderas SRL,Atenas 181,01555MC,Meier,600,4.5,600,30,28873.82,34937.32,0,3,0,21,8,0,0,0,0,0
20170314,07003331,Entre Rios Maderas SRL,Atenas 181,01555MA,Meier,3,0.45,60,3,0.3,0.36,0,3,0,0,0,0,0,0,0,0
20170314,31003228,Giliberto Hnos. SA,Av. 131 nº 385 (entre 39 y 40),01555M,Ventas Buenos Aires,120,18,2400,120,113821.2,137723.66,0,0,0,21,12,0,0,0,0,0
20170314,31003228,Giliberto Hnos. SA,Av. 131 nº 385 (entre 39 y 40),01555MA,Ventas Buenos Aires,12,1.8,240,12,1.2,1.45,0,0,0,0,0,0,0,0,0,0
20170314,31003228,Giliberto Hnos. SA,Av. 131 nº 385 (entre 39 y 40),01558AL,Ventas Buenos Aires,24,4.8,960,24,20567.52,24886.7,0,0,0,21,12,0,0,0,0,0
20170314,31003228,Giliberto Hnos. SA,Av. 131 nº 385 (entre 39 y 40),01960DA,Ventas Buenos Aires,5,0,0,5,13229.7,16007.93,0,0,0,21,0,0,0,0,0,0
20170314,31003215,Materiales San Rafael de Gonzalez Hnos Gonzalez Fabian Gonzalez Mariano,"C. Gral. Belgrano Km 7,5 (entre San Jose y Sarmiento)",01850A,Ventas Buenos Aires,38,4.75,950,38,20452.93,24748.04,0,0,0,21,0,0,0,0,0,0
20170314,02003203,Maderera La Loma SA,Calle 161 y 40,01557A,Ventas Buenos Aires,23,4.6,460,23,14358.5,17373.79,0,0,0,21,12,0,0,0,0,0
20170314,16000158,Valerio Oliva SACIA,Rodriguez Peña 2250,01550I,Leandro Diaz,300,12,6000,300,24000,29040,0,0,0,0,0,0,0,0,0,0
20170314,01005292,Adamant SRL,,04C00898,Isolant SI,1,0,0,1,3.29,3.29,0,0,0,0,0,0,0,0,0,0
20170314,02005177,Vidrieria Argentina S.A.,,01514D,Levy,5000,25,5000,5000,63600,76956,0,0,0,0,0,0,0,0,0,0
20170314,02005177,Vidrieria Argentina S.A.,Calle Charlone y esquina calle Enz,01514D,Levy,-5000,-25,-5000,-5000,-63750,-77137.5,0,0,0,0,0,0,0,0,0,0
20170314,22005801,Vargas Maria Elena,Sarmiento 253,01558ECC,Leandro Diaz,1000,10,1000,50,28900.8,34969.96,0,0,0,25,4,0,0,0,0,0
20170314,22003435,Sidermet San Luis SA,Ruta 3 Km 1 Extremo Sur,01555A,Leandro Diaz,50,5,1000,50,22298.48,26981.16,0,0,0,21,4,0,0,0,0,0
20170314,22003435,Sidermet San Luis SA,Ruta 3 Km 1 Extremo Sur,01555C,Leandro Diaz,6,0.6,120,6,0.6,0.73,0,0,0,0,0,0,0,0,0,0
20170314,03002606,Proietto Cesar Antonio,Tratado de Pilar 227,01514DA,Esteban Bergamaschi,500,2.5,500,500,9855.25,11924.85,0,0,0,21,0,0,0,0,0,0
20170314,31003515,Confort Clima SRL,Garibaldi 640,01763A,Esteban Bergamaschi,20,0.94248,0,20,8021.66,9706.21,0,0,0,21,0,0,0,0,0,0
20170314,31003515,Confort Clima SRL,Garibaldi 640,01765A,Esteban Bergamaschi,20,0.93,0,20,7977.1,9652.3,0,0,0,21,0,0,0,0,0,0
20170314,31003515,Confort Clima SRL,Garibaldi 640,01766A,Esteban Bergamaschi,30,1.1874,0,30,10215.89,12361.22,0,0,0,21,0,0,0,0,0,0
20170314,01003526,D.G.A. SRL,Suarez 2737,01765A,Esteban Bergamaschi,4,0.186,0,4,1413.66,1710.53,0,0,0,30,0,0,0,0,0,0
20170314,01003526,D.G.A. SRL,Suarez 2737,01771A,Esteban Bergamaschi,6,0.229965,0,6,1801.25,2179.52,0,0,0,30,0,0,0,0,0,0
20170314,01003526,D.G.A. SRL,Suarez 2737,01762A,Esteban Bergamaschi,2,0.10178,0,2,773.82,936.32,0,0,0,30,0,0,0,0,0,0
20170314,01003526,D.G.A. SRL,Suarez 2737,01766A,Esteban Bergamaschi,2,0.07916,0,2,603.47,730.2,0,0,0,30,0,0,0,0,0,0
20170314,01003526,D.G.A. SRL,Suarez 2737,01767A,Esteban Bergamaschi,1,0.0424116,0,1,312.75,378.42,0,0,0,30,0,0,0,0,0,0
20170314,01003526,D.G.A. SRL,Suarez 2737,01768A,Esteban Bergamaschi,1,0.04524,0,1,353.76,428.05,0,0,0,30,0,0,0,0,0,0
20170314,01003526,D.G.A. SRL,Suarez 2737,01769A,Esteban Bergamaschi,2,0.066602,0,2,586.1,709.18,0,0,0,30,0,0,0,0,0,0
20170314,03005223,Tubo Center SA,Av. Presidente Arturo Illia 6204,01558EC,Levy,30,6,600,30,19031.1,23027.63,0,0,0,21,0,0,0,0,0,0
20170314,03000023,Industrias Saladillo SA,IS.SA. Planta Pilar,01525AH,Isolant SI,300,3,300,0,5013,6065.73,0,0,0,0,0,0,0,0,0,0
20170314,07003893,Torres Carlos Hector,Juan B. Justo 3595,01558ECC,Meier,1300,13,1300,65,31736.58,38401.26,5,3,0,25,12,0,0,0,0,0
20170314,07005677,Iron Pack SRL,Montecatini 3158,01524DC,Meier,1725,17.25,1725,0,27842.36,33689.26,0,5,0,0,0,0,0,0,0,0
20170314,31005663,Rubber King SA,Av. Monteverde 4170,01524GC,Hector Collia,200,2,200,0,5639.2,6823.44,0,0,0,30,0,0,0,0,0,0
20170314,01005292,Adamant SRL,Paysandu 923 (entre Crisologo Larralde y Lucena),01514D,Isolant SI,1200,6,1200,1200,9348,11311.08,0,0,0,0,0,0,0,0,0,0
20170314,01005292,Adamant SRL,Paysandu 923 (entre Crisologo Larralde y Lucena),01552I,Isolant SI,13,2.6,520,13,3120,3775.2,0,0,0,0,0,0,0,0,0,0
20170314,01005292,Adamant SRL,Paysandu 923 (entre Crisologo Larralde y Lucena),01508DB,Isolant SI,600,1.2,600,0,2022,2446.62,0,0,0,0,0,0,0,0,0,0
20170314,01005292,Adamant SRL,Paysandu 923 (entre Crisologo Larralde y Lucena),01524GC,Isolant SI,500,5,500,0,9175,11101.75,0,0,0,0,0,0,0,0,0,0
20170314,02002202,Simmons De Argentina SAIC,Heredia 626,01514D,Isolant SI,400,2,400,400,4700,5687,0,0,0,0,0,0,0,0,0,0
20170314,02002202,Simmons De Argentina SAIC,Heredia 626,01524D,Isolant SI,50,0.5,50,0,1369,1656.49,0,0,0,0,0,0,0,0,0,0
20170314,02002251,Pafumi Eduardo Daniel y Carnuc,Carlos Glade 389,01557A,Hector Collia,4,0.8,80,4,2837.65,3433.55,0,0,0,21,0,0,0,0,0,0
20170314,02002251,Pafumi Eduardo Daniel y Carnuc,Carlos Glade 389,01555A,Hector Collia,6,0.6,120,6,2787.31,3372.64,0,0,0,21,0,0,0,0,0,0
20170314,02004191,Tolifeda SA,Av. Calchaqui 2175,01555MC,Ventas Buenos Aires,200,1.5,200,10,10785.08,13049.94,0,0,0,21,0,0,0,0,0,0
20170314,02004191,Tolifeda SA,Av. Calchaqui 2175,01555MA,Ventas Buenos Aires,1,0.15,20,1,0.1,0.12,0,0,0,0,0,0,0,0,0,0
20170314,16005856,San Martin Goma de Lauriente Hnos SRL,Buenos Aires 274,01550I,Leandro Diaz,1,0.04,20,1,99.75,120.7,0,0,0,25,0,0,0,0,0,0
20170314,16005856,San Martin Goma de Lauriente Hnos SRL,Buenos Aires 274,01555AR,Leandro Diaz,1,0.1,20,1,265.65,321.44,0,0,0,25,0,0,0,0,0,0
20170314,16005856,San Martin Goma de Lauriente Hnos SRL,Buenos Aires 274,01557AR,Leandro Diaz,1,0.2,20,1,408.6,494.41,0,0,0,25,0,0,0,0,0,0
20170314,16005856,San Martin Goma de Lauriente Hnos SRL,Buenos Aires 274,01555ED,Leandro Diaz,1,0.1,20,1,464.25,561.74,0,0,0,25,0,0,0,0,0,0
20170314,16005856,San Martin Goma de Lauriente Hnos SRL,Buenos Aires 274,01558EC,Leandro Diaz,1,0.2,20,1,602.25,728.72,0,0,0,25,0,0,0,0,0,0
20170314,16005856,San Martin Goma de Lauriente Hnos SRL,Buenos Aires 274,01750A,Leandro Diaz,1,0,0,1,627.25,758.97,0,0,0,25,0,0,0,0,0,0
20170314,16005856,San Martin Goma de Lauriente Hnos SRL,Buenos Aires 274,01764A,Leandro Diaz,1,0.0518364,0,1,390.45,472.45,0,0,0,30,0,0,0,0,0,0
20170314,16005856,San Martin Goma de Lauriente Hnos SRL,Buenos Aires 274,01765A,Leandro Diaz,1,0.0465,0,1,353.42,427.63,0,0,0,30,0,0,0,0,0,0
20170314,16005856,San Martin Goma de Lauriente Hnos SRL,Buenos Aires 274,01766A,Leandro Diaz,1,0.03958,0,1,301.74,365.1,0,0,0,30,0,0,0,0,0,0
20170314,16005856,San Martin Goma de Lauriente Hnos SRL,Buenos Aires 274,01767A,Leandro Diaz,1,0.0424116,0,1,312.75,378.42,0,0,0,30,0,0,0,0,0,0
20170314,16005856,San Martin Goma de Lauriente Hnos SRL,Buenos Aires 274,01768A,Leandro Diaz,1,0.04524,0,1,353.76,428.05,0,0,0,30,0,0,0,0,0,0
20170314,04000007,Disapla S.A.,,04C00898,Isolant SA,1,0,0,1,0.02,0.02,0,0,0,0,0,0,0,0,0,0
20170314,29000227,Moreno Alfredo German,,04C00898,Isolant SA,1,0,0,1,0.59,0.59,0,0,0,0,0,0,0,0,0,0
20170314,03000023,Industrias Saladillo SA,IS.SA. Planta Pilar,01776BA,Isolant SI,25,0.70686,0,25,4519.5,5468.6,0,0,0,0,0,0,0,0,0,0
20170314,03000023,Industrias Saladillo SA,IS.SA. Planta Pilar,01760AS,Isolant SI,1,0.06283,0,1,166.4,201.34,0,0,0,0,0,0,0,0,0,0
20170314,03000023,Industrias Saladillo SA,IS.SA. Planta Pilar,01777BA,Isolant SI,13,0.3471468,0,13,2088.97,2527.65,0,0,0,0,0,0,0,0,0,0
20170314,03000023,Industrias Saladillo SA,IS.SA. Planta Pilar,01780BA,Isolant SI,3,0.07785,0,3,623.28,754.17,0,0,0,0,0,0,0,0,0,0
20170314,03000023,Industrias Saladillo SA,IS.SA. Planta Pilar,01766AS,Isolant SI,7,0.27706,0,7,715.89,866.23,0,0,0,0,0,0,0,0,0,0
20170314,03000023,Industrias Saladillo SA,IS.SA. Planta Pilar,01763AS,Isolant SI,6,0.28272,0,6,722.52,874.25,0,0,0,0,0,0,0,0,0,0
20170314,03000023,Industrias Saladillo SA,IS.SA. Planta Pilar,01767AS,Isolant SI,6,0.25446,0,6,615.12,744.3,0,0,0,0,0,0,0,0,0,0
20170314,31003223,Hierros Trotta SA,,04C00898,Ventas Buenos Aires,1,0,0,1,9.62,9.62,0,0,0,0,0,0,0,0,0,0

