﻿FechaTxt,Codigo_Cliente,Cliente,EntDir,Codigo_Articulo,Vendedor,cantidad,Mts3,Mts2,Rollos,Importe_Bruto,Importe_Neto,Dto_Contado,Dto_Flete,Dto_Especial,Bonificacion,Desc_Adicional,cantidad_elaborada,m2_ocupados,costo_unitario,costo_total_stock,Costo_de_venta,comp,C_Construccion,nomdoc
20170929,17005208,Strieder Luciano,,04VARIOS,Disapla,-1,0,0,-1,-9991.74,-12090,0,0,0,0,0,0,0,0,0,0,001400008059,N,Crédito de Venta
20170929,01004400,Sider Group SA,,04VARIOS,Ventas Buenos Aires,-1,0,0,-1,-2768.6,-3350,0,0,0,0,0,0,0,0,0,0,001400008060,N,Crédito de Venta
20170929,25004422,Vega Alfredo Eduardo,Mendoza Nº1870 (ex Aristobulo del Valle),01568B,Pedro Cocaña,1065,10.65,1065,53.25,60343.14,73015.2,0,3,0,21,0,0,0,0,0,586772.4,002200007603,S,Factura de Venta
20170929,25004422,Vega Alfredo Eduardo,Mendoza Nº1870 (ex Aristobulo del Valle),01570B,Pedro Cocaña,396,5.94,396,19.8,28458,34434.16,0,3,0,21,0,0,0,0,0,256916.88,002200007603,S,Factura de Venta
20170929,25004422,Vega Alfredo Eduardo,Mendoza Nº1870 (ex Aristobulo del Valle),01568B,Pedro Cocaña,1410,14.1,1410,70.5,79890.92,96668,0,3,0,21,0,0,0,0,0,776853.6,002200007604,S,Factura de Venta
20170929,11005821,Bh Maderas SA,,04VARIOS,Victor Casañas,-1,0,0,-1,-198.35,-240,0,0,0,0,0,0,0,0,0,0,001400008061,N,Crédito de Venta
20170929,07003912,Masider SA,Isabel La Catolica 390,01558BC,Meier,40,8,800,40,44363.7,53680.08,0,0,0,25,0,0,0,0,0,22038.4,002200007584,N,Factura de Venta
20170929,07005677,Iron Pack SRL,Montecatini 3158,01504AC,Meier,6000,6,6000,0,17761.2,21491.06,0,5,5,0,0,0,0,0,0,10200,002200007585,S,Factura de Venta
20170929,27001542,Rosso Hnos. SA,Suc.07 - A. DEL VALLE 44,01960DA,Pedro Cocaña,2,0,0,2,5423.9,6562.9,0,3,0,25,0,0,0,0,0,2170,002200007578,S,Factura de Venta
20170929,24004815,Budassi German Federico,Av. Roque Saenz Peña 1030,01558BR,Diego Fani,20,4,400,20,26660.16,32258.79,0,0,0,25,4,0,0,0,0,11019.2,002200007579,N,Factura de Venta
20170929,31001109,Aire Acondicionado y Calefaccion Central SRL,Salta 3936,01853A,Ventas Buenos Aires,10,1.25,250,10,8754.38,10592.81,0,0,0,21,0,0,0,0,0,1840.6,002200007580,N,Factura de Venta
20170929,07003912,Masider SA,Isabel La Catolica 390,06C001CO,Meier,2,0,0,2,0.2,0.24,0,0,0,0,0,0,0,0,0,0,002200007584,N,Factura de Venta
20170929,07003912,Masider SA,Isabel La Catolica 390,01558EC,Meier,69,13.8,1380,69,39377.75,47647.08,0,0,0,25,8,0,0,0,0,27399.9,002200007584,N,Factura de Venta
20170929,07003912,Masider SA,Isabel La Catolica 390,01557A,Meier,50,10,1000,50,32529.71,39360.94,0,0,0,25,8,0,0,0,0,12958,002200007584,N,Factura de Venta
20170929,19002241,Carlos Isla y Cia. SA,Suc. Gral Roca: San Juan 198,01552A,Latyn-Valle y Cordillera,30,6,600,30,12023.54,14548.48,0,3,0,0,0,0,0,0,0,6352.2,002200007589,N,Factura de Venta
20170929,03002676,Tempur Sealy Argentina SRL,,04C00291,Fernando Palmas,1,0,0,1,11458.09,11458.09,0,0,0,0,0,0,0,0,0,0,001300001624,,Débito de Venta
20170929,31000402,Codimat SA,Don Bosco 1495,01558BC,Norberto Oppezzo,68,13.6,1360,68,68796.83,83244.16,3,4,7,21,0,0,0,0,0,37465.28,002200007575,N,Factura de Venta
20170929,04004334,Fapex SA,Rio Potrero 175 (Esq. Rio de Rey) Barrio CinaCina,01514AF,Isolant SI,4520,22.6,4520,0,24362.8,29478.99,0,0,0,0,0,0,0,0,0,19029.2,002200007588,N,Factura de Venta
20170929,02002357,Milin Nestor,,04C00291,Hector Collia,1,0,0,1,22601,22601,0,0,0,0,0,0,0,0,0,0,001300001627,,Débito de Venta
20170929,20004067,Hierronort Salta SRL,Av Colón 925,01557A,Pedro Cocaña,90,18,1800,90,51611.06,62449.39,0,3,5,25,12,0,0,0,0,23324.4,002200007577,N,Factura de Venta
20170929,01003641,Malinauskas Guillermo Victor,Amador 3660 (a 1 cuadra de Ugarte p/Cap. 1 1/2 mano derecha),01524DC,Levy,100,1,100,0,3201.75,3874.12,0,0,0,25,0,0,0,0,0,968,002200007583,N,Factura de Venta
20170929,01003641,Malinauskas Guillermo Victor,Amador 3660 (a 1 cuadra de Ugarte p/Cap. 1 1/2 mano derecha),01514DA,Levy,300,1.5,300,300,5951.25,7201.01,0,0,0,25,0,0,0,0,0,1413,002200007583,N,Factura de Venta
20170929,01003641,Malinauskas Guillermo Victor,Amador 3660 (a 1 cuadra de Ugarte p/Cap. 1 1/2 mano derecha),01700A,Levy,2,0.24,0,2,1339.82,1621.18,0,0,0,25,0,0,0,0,0,533.02,002200007583,N,Factura de Venta
20170929,01003641,Malinauskas Guillermo Victor,Amador 3660 (a 1 cuadra de Ugarte p/Cap. 1 1/2 mano derecha),01905A,Levy,1,0.07118,0,1,839.29,1015.54,0,0,0,25,0,0,0,0,0,659.06,002200007583,N,Factura de Venta
20170929,19002241,Carlos Isla y Cia. SA,Suc. Gral Roca: San Juan 198,01557AR,Latyn-Valle y Cordillera,90,18,1800,90,26626.5,32218.06,0,3,0,0,0,0,0,0,0,20219.4,002200007589,N,Factura de Venta
20170929,19002241,Carlos Isla y Cia. SA,Suc. Gral Roca: San Juan 198,01558AL,Latyn-Valle y Cordillera,10,2,400,10,6207.9,7511.56,0,3,0,0,0,0,0,0,0,3226.9,002200007589,N,Factura de Venta
20170929,20004067,Hierronort Salta SRL,Avda Paraguay 1450,04VARIOS,Pedro Cocaña,-1,0,0,-1,-486.1,-588.18,0,0,0,0,0,0,0,0,0,0,001400008057,N,Crédito de Venta
20170929,20004067,Hierronort Salta SRL,Avda Paraguay 1450,04VARIOS,Pedro Cocaña,-1,0,0,-1,-1719.4,-2080.47,0,0,0,0,0,0,0,0,0,0,001400008057,N,Crédito de Venta
20170929,20004067,Hierronort Salta SRL,Avda Paraguay 1450,04VARIOS-NORMAL,Pedro Cocaña,-1,0,0,-1,-61.32,-74.2,0,0,0,0,0,0,0,0,0,0,001400008058,N,Crédito de Venta
20170929,20004067,Hierronort Salta SRL,Avda Paraguay 1450,04VARIOS-NORMAL,Pedro Cocaña,-1,0,0,-1,-56.43,-68.28,0,0,0,0,0,0,0,0,0,0,001400008058,N,Crédito de Venta
20170929,27001542,Rosso Hnos. SA,Suc 13 Avda Chile 1474,01960DA,Pedro Cocaña,2,0,0,2,5423.9,6562.9,0,3,0,25,0,0,0,0,0,2170,002200007576,S,Factura de Venta
20170929,01002854,Merito SA I.C. Y F.,Calle 109 (Los Eucaliptus) 6620,01700A,Hector Collia,16,1.92,0,16,10399.84,12583.81,0,0,0,0,0,0,0,0,0,4264.16,002200007582,N,Factura de Venta
20170929,20003188,Emprendimiento Metalurgico Industrial SRL,LOS VALLISTOS - Ruta 9 Km 128 - Acc Norte,06C001CS,Pedro Cocaña,1,0,0,1,0.1,0.12,0,3,0,0,0,0,0,0,0,0,002200007602,N,Factura de Venta
20170929,20003188,Emprendimiento Metalurgico Industrial SRL,LOS VALLISTOS - Ruta 9 Km 128 - Acc Norte,01557AR,Pedro Cocaña,105,21,2100,105,26888.4,32534.96,0,3,0,0,0,0,0,0,0,23589.3,002200007602,N,Factura de Venta
20170929,20003188,Emprendimiento Metalurgico Industrial SRL,SALTA - Av. Chile 1591,01558BC,Pedro Cocaña,40,8,800,40,38729.51,46862.71,0,3,10,25,0,0,0,0,0,22038.4,002200007599,N,Factura de Venta
20170929,20004067,Hierronort Salta SRL,Avda Paraguay 1450,04VARIOS,Pedro Cocaña,-1,0,0,-1,-1092.3,-1321.68,0,0,0,0,0,0,0,0,0,0,001400008056,N,Crédito de Venta
20170929,20004067,Hierronort Salta SRL,Avda Paraguay 1450,04VARIOS,Pedro Cocaña,-1,0,0,-1,-1776.07,-2149.05,0,0,0,0,0,0,0,0,0,0,001400008057,N,Crédito de Venta
20170929,20004067,Hierronort Salta SRL,Avda Paraguay 1450,04VARIOS,Pedro Cocaña,-1,0,0,-1,-1266.74,-1532.76,0,0,0,0,0,0,0,0,0,0,001400008057,N,Crédito de Venta
20170929,28002335,TUBACERO S.A.,Coronel Raiz 949,01557A,Fernando Palmas,20,4,400,20,12689.93,12689.93,0,0,0,0,0,0,0,0,0,5183.2,001500000676,,Factura Exterior
20170929,28002335,TUBACERO S.A.,Coronel Raiz 949,01558BC,Fernando Palmas,45,9,900,45,50976.22,50976.22,0,0,0,0,0,0,0,0,0,24793.2,001500000676,,Factura Exterior
20170929,28002335,TUBACERO S.A.,Coronel Raiz 949,01550I,Fernando Palmas,300,21,10500,300,20952,20952,0,0,0,0,0,0,0,0,0,12345,001500000676,,Factura Exterior
20170929,28002335,TUBACERO S.A.,Coronel Raiz 949,01901A,Fernando Palmas,3,0.23562,0,3,3006.61,3006.61,0,0,0,0,0,0,0,0,0,2801.55,001500000676,,Factura Exterior
20170929,01005292,Adamant SRL,Paysandu 923 (entre Crisologo Larralde y Lucena),01514DA,Isolant SI,1350,6.75,1350,1350,10516.5,12724.97,0,0,0,0,0,0,0,0,0,6358.5,002200007597,N,Factura de Venta
20170929,20003188,Emprendimiento Metalurgico Industrial SRL,LOS VALLISTOS - Ruta 9 Km 128 - Acc Norte,06X002QS,Pedro Cocaña,1,0,0,1,0.1,0.12,0,3,0,0,0,0,0,0,0,0,002200007602,N,Factura de Venta
20170929,01002811,Gonzalez Dario R Iglesias Nelida C SH,Julian Alvarez 469,01551I,Levy,60,6,1200,60,11534.32,13956.52,0,0,0,21,8,0,0,0,0,4671.6,002200007592,N,Factura de Venta
20170929,01002811,Gonzalez Dario R Iglesias Nelida C SH,Julian Alvarez 469,01552I,Levy,10,2,400,10,3843.03,4650.06,0,0,0,21,8,0,0,0,0,1889.4,002200007592,N,Factura de Venta
20170929,28002335,TUBACERO S.A.,Coronel Raiz 949,01603A,Fernando Palmas,210,10.5,5250,210,24566.22,24566.22,0,0,0,0,0,0,0,0,0,10985.1,001500000676,,Factura Exterior
20170929,28002335,TUBACERO S.A.,Coronel Raiz 949,01550A,Fernando Palmas,30,1.2,600,30,5038.96,5038.96,0,0,0,0,0,0,0,0,0,1991.7,001500000676,,Factura Exterior
20170929,28002335,TUBACERO S.A.,Coronel Raiz 949,01551A,Fernando Palmas,60,6,1200,60,17589.2,17589.2,0,0,0,0,0,0,0,0,0,6979.8,001500000676,,Factura Exterior
20170929,28002335,TUBACERO S.A.,Coronel Raiz 949,01555A,Fernando Palmas,181,18.1,3620,181,69494.12,69494.12,0,0,0,0,0,0,0,0,0,28726.51,001500000676,,Factura Exterior
20170929,03000023,Industrias Saladillo SA,,04C00291,Isolant SI,1,0,0,1,30000,30000,0,0,0,0,0,0,0,0,0,0,001300001626,,Débito de Venta
20170929,20003188,Emprendimiento Metalurgico Industrial SRL,LOS VALLISTOS - Ruta 9 Km 128 - Acc Norte,01558BR,Pedro Cocaña,60,12,1200,60,72732.25,88006.02,0,3,10,25,0,0,0,0,0,33057.6,002200007600,N,Factura de Venta
20170929,27001542,Rosso Hnos. SA,Suc. 09- Ruta 301 (ex38) Km 1541,06C001CO,Pedro Cocaña,1,0,0,1,0.1,0.12,0,3,0,0,0,0,0,0,0,0,002200007601,S,Factura de Venta
20170929,27001542,Rosso Hnos. SA,Suc. 09- Ruta 301 (ex38) Km 1541,06C001CS,Pedro Cocaña,1,0,0,1,0.1,0.12,0,3,0,0,0,0,0,0,0,0,002200007601,S,Factura de Venta
20170929,27001542,Rosso Hnos. SA,Suc. 09- Ruta 301 (ex38) Km 1541,01960DA,Pedro Cocaña,10,0,0,10,27119.46,32814.54,0,3,0,25,0,0,0,0,0,10850,002200007601,S,Factura de Venta
20170929,01002811,Gonzalez Dario R Iglesias Nelida C SH,Julian Alvarez 469,01550I,Levy,30,2.1,1050,30,2986.93,3614.19,0,0,0,21,8,0,0,0,0,1234.5,002200007592,N,Factura de Venta
20170929,31003219,Montero Miguel Angel,,04VARIOS,Ventas Buenos Aires,-1,0,0,-1,-1524.79,-1845,0,0,0,0,0,0,0,0,0,0,001400008062,N,Crédito de Venta
20170929,29002554,Perkusic Hnos SRL,,04VARIOS,Hector Collia,-1,0,0,-1,-4037.19,-4885,0,0,0,0,0,0,0,0,0,0,001400008063,N,Crédito de Venta
20170929,07000012,Natali Plasticos SRL,,04C00291,Isolant SA,1,0,0,1,31130.03,31130.03,0,0,0,0,0,0,0,0,0,0,001300001625,,Débito de Venta
20170929,99088888,Ventas Contado,Ver Observaciones,01555M,Isolant SA,2,0.3,40,2,1752,2119.92,0,0,0,0,0,0,0,0,0,1089.16,002200000040,N,Factura de Venta
20170929,01005292,Adamant SRL,Paysandu 923 (entre Crisologo Larralde y Lucena),01662ACP,Isolant SI,300,12,300,0,25307.1,30621.59,0,0,0,30,0,0,0,0,0,13509,002200007594,N,Factura de Venta
20170929,03003617,Schmidel Carlos Gaston,"Panamericana km 27,400 ""Todo Maderas""",01558BC,Levy,5,1,100,5,5841.22,7067.88,0,0,0,21,0,0,0,0,0,2754.8,002200007590,N,Factura de Venta
20170929,27001542,Rosso Hnos. SA,Suc. 09- Ruta 301 (ex38) Km 1541,01552AA,Pedro Cocaña,200,2,200,10,5574.86,6745.58,0,3,0,25,12,0,0,0,0,316.3,002200007601,S,Factura de Venta
20170929,07005677,Iron Pack SRL,Montecatini 3158,01552IC,Meier,1000,10,1000,50,15760.9,19070.68,0,5,5,25,12,0,0,0,0,4157.13,002200007586,S,Factura de Venta
20170929,07005677,Iron Pack SRL,Montecatini 3158,01552IC,Meier,800,8,800,40,10717.42,12968.06,0,5,5,25,25.2,0,0,0,0,3325.71,002200007587,S,Factura de Venta
20170929,27001542,Rosso Hnos. SA,Suc. 09- Ruta 301 (ex38) Km 1541,01555AA,Pedro Cocaña,1000,5,1000,50,19769.38,23920.94,0,3,0,25,12,0,0,0,0,1192.9,002200007601,S,Factura de Venta
20170929,27001542,Rosso Hnos. SA,Suc. 09- Ruta 301 (ex38) Km 1541,01555C,Pedro Cocaña,12,1.2,240,12,1.16,1.4,0,3,0,0,0,0,0,0,0,286.3,002200007601,S,Factura de Venta
20170929,27001542,Rosso Hnos. SA,Suc 13 Avda Chile 1474,01555AA,Pedro Cocaña,1000,5,1000,50,19769.38,23920.94,0,3,0,25,12,0,0,0,0,1192.9,002200007576,S,Factura de Venta
20170929,27001542,Rosso Hnos. SA,Suc 13 Avda Chile 1474,01555C,Pedro Cocaña,12,1.2,240,12,1.16,1.4,0,3,0,0,0,0,0,0,0,286.3,002200007576,S,Factura de Venta
20170929,27001542,Rosso Hnos. SA,Suc.07 - A. DEL VALLE 44,01555AA,Pedro Cocaña,1000,5,1000,50,19769.38,23920.94,0,3,0,25,12,0,0,0,0,1192.9,002200007578,S,Factura de Venta
20170929,27001542,Rosso Hnos. SA,Suc.07 - A. DEL VALLE 44,01555C,Pedro Cocaña,12,1.2,240,12,1.16,1.4,0,3,0,0,0,0,0,0,0,286.3,002200007578,S,Factura de Venta
20170929,27001542,Rosso Hnos. SA,Suc 13 Avda Chile 1474,01559AA,Pedro Cocaña,1000,10,1000,50,30179.02,36516.62,0,3,0,25,12,0,0,0,0,1598.4,002200007576,S,Factura de Venta
20170929,27001542,Rosso Hnos. SA,Suc 13 Avda Chile 1474,01557C,Pedro Cocaña,12,2.4,240,12,1.16,1.4,0,3,0,0,0,0,0,0,0,383.62,002200007576,S,Factura de Venta
20170929,20004067,Hierronort Salta SRL,Av Colón 925,01557C,Pedro Cocaña,13,2.6,260,13,1.2,1.45,0,3,5,0,0,0,0,0,0,415.58,002200007577,N,Factura de Venta
20170929,07003912,Masider SA,Isabel La Catolica 390,01557C,Meier,12,2.4,240,12,1.2,1.45,0,0,0,0,0,0,0,0,0,383.62,002200007584,N,Factura de Venta
20170929,25004422,Vega Alfredo Eduardo,Mendoza Nº1870 (ex Aristobulo del Valle),01568BC,Pedro Cocaña,2000,20,2000,100,113320.44,137117.74,0,3,0,21,0,0,0,0,0,50069.82,002200007603,S,Factura de Venta
20170929,05003080,Dominguez Martha Ofelia,Iturraspe 695,01654ONC,Levy,8,1.344,8,0,4341.08,5252.7,0,0,0,21,0,0,0,0,0,0,002200007581,S,Factura de Venta
20170929,05003080,Dominguez Martha Ofelia,Iturraspe 695,01655ONC,Levy,10,1.68,10,0,6569.64,7949.26,0,0,0,21,0,0,0,0,0,0,002200007581,S,Factura de Venta
20170929,24005795,Foam Plus SRL,Domingo Victor Cochet 496,01659TC,Diego Fani,800,24,800,0,43808,53007.68,0,0,0,0,0,0,0,0,0,0,002200007591,S,Factura de Venta
20170929,02005900,Prata Leonel Martin,,04C00898,Norberto Oppezzo,1,0,0,1,7.74,7.74,0,0,0,0,0,0,0,0,0,,000000011176,,Débito (Ajustes)
20170929,24002021,Masino Hnos. SRL,,01IN,Meier,-1,0,0,-1,-979,-1184.59,0,0,0,0,0,0,0,0,0,,001300000354,N,Crédito de Venta
20170929,24002021,Masino Hnos. SRL,,04C00898,Meier,1,0,0,1,6.09,6.09,0,0,0,0,0,0,0,0,0,,000000011177,,Débito (Ajustes)
20170929,07000012,Natali Plasticos SRL,,04C00205,Isolant SA,1,0,0,1,12,14.52,0,0,0,0,0,0,0,0,0,,001300001625,,Débito de Venta
20170929,01005292,Adamant SRL,Paysandu 923 (entre Crisologo Larralde y Lucena),01508CC,Isolant SI,5700,11.4,5700,5700,20748,25105.08,0,0,0,0,0,0,0,0,0,16530,002200007594,N,Factura de Venta
20170929,01005292,Adamant SRL,Paysandu 923 (entre Crisologo Larralde y Lucena),01507E,Isolant SI,4800,7.2,4800,0,32352,39145.92,0,0,0,0,0,0,0,0,0,22320,002200007595,N,Factura de Venta
20170929,30001022,Eusebio D. Bouciguez SA,,01IN,Esteban Bergamaschi,-1,0,0,-1,-267.65,-323.85,0,0,0,0,0,0,0,0,0,,001300000353,,Crédito de Venta
20170929,30001022,Eusebio D. Bouciguez SA,,04C00898,Esteban Bergamaschi,1,0,0,1,0.01,0.01,0,0,0,0,0,0,0,0,0,,000000011175,,Débito (Ajustes)
20170929,01003641,Malinauskas Guillermo Victor,Amador 3660 (a 1 cuadra de Ugarte p/Cap. 1 1/2 mano derecha),01514DB,Levy,900,4.5,900,900,17853.75,21603.04,0,0,0,25,0,0,0,0,0,4311,002200007583,N,Factura de Venta
20170929,02002357,Milin Nestor,,04C00205,Hector Collia,1,0,0,1,3.02,3.65,0,0,0,0,0,0,0,0,0,,001300001627,,Débito de Venta
20170929,07005677,Iron Pack SRL,Montecatini 3158,01508DB,Meier,800,1.6,800,0,2808.58,3398.38,0,5,5,0,0,0,0,0,0,2408,002200007585,S,Factura de Venta
20170929,24005795,Foam Plus SRL,,01IN,Diego Fani,-1,0,0,-1,-3732.35,-4516.14,0,0,0,0,0,0,0,0,0,,001300000348,N,Crédito de Venta
20170929,27004063,Giacosa Elio Enzo H,,04ANTICIPOS,Pedro Cocaña,1,0,0,1,48929.79,59205.05,0,0,0,0,0,0,0,0,0,,001400000796,N,Factura de Venta
20170929,11004428,Prades Sociedad Anonima,,01IN,Victor Casañas,-1,0,0,-1,-2779.2,-3362.84,0,0,0,0,0,0,0,0,0,,001300000350,,Crédito de Venta
20170929,20004067,Hierronort Salta SRL,,01IN,Pedro Cocaña,-1,0,0,-1,-1035.75,-1253.26,0,0,0,0,0,0,0,0,0,,001300000351,N,Crédito de Venta
20170929,11004428,Prades Sociedad Anonima,,01IN,Victor Casañas,-1,0,0,-1,-1106.75,-1339.17,0,0,0,0,0,0,0,0,0,,001300000349,,Crédito de Venta
20170929,02004723,Garcia Matias Emanuel,,01IN,Hector Collia,-1,0,0,-1,-374.87,-453.6,0,0,0,0,0,0,0,0,0,,001300000352,,Crédito de Venta
20170929,27004790,Luciano Pablo Nestor,,01IN,Pedro Cocaña,-1,0,0,-1,-444.63,-538.01,0,0,0,0,0,0,0,0,0,,001300000345,,Crédito de Venta
20170929,27004790,Luciano Pablo Nestor,,01IN,Pedro Cocaña,-1,0,0,-1,-124.72,-150.91,0,0,0,0,0,0,0,0,0,,001300000346,,Crédito de Venta
20170929,03005896,Cela Ricardo,Jose Hernández 6136,01658DC,Fernando Palmas,350,10.5,350,0,21360.5,25846.2,0,0,0,0,0,0,0,0,0,13713,002200007593,N,Factura de Venta
20170929,28002335,TUBACERO S.A.,Coronel Raiz 949,01957AD,Fernando Palmas,12,0,0,12,20.95,20.95,0,0,0,0,0,0,0,0,0,,001500000676,,Factura Exterior
20170929,01005292,Adamant SRL,Paysandu 923 (entre Crisologo Larralde y Lucena),01508DB,Isolant SI,5000,10,5000,0,16850,20388.5,0,0,0,0,0,0,0,0,0,15050,002200007596,N,Factura de Venta
20170929,07002231,Acerco SA,,01IN,Meier,-1,0,0,-1,-7495.01,-9068.96,0,0,0,0,0,0,0,0,0,,001300000347,,Crédito de Venta
20170929,01005292,Adamant SRL,Paysandu 923 (entre Crisologo Larralde y Lucena),01507E,Isolant SI,2700,4.05,2700,0,18198,22019.58,0,0,0,0,0,0,0,0,0,12555,002200007598,N,Factura de Venta
20170929,01005292,Adamant SRL,,04C00898,Isolant SI,1,0,0,1,0.5,0.5,0,0,0,0,0,0,0,0,0,,000000011173,,Débito (Ajustes)
20170929,03000023,Industrias Saladillo SA,,04C00205,Isolant SI,1,0,0,1,12,14.52,0,0,0,0,0,0,0,0,0,,001300001626,,Débito de Venta
20170929,30005449,Acconcia Sergio Hugo,,04C00898,Esteban Bergamaschi,1,0,0,1,2.23,2.23,0,0,0,0,0,0,0,0,0,,000000011174,,Débito (Ajustes)
20170929,20003188,Emprendimiento Metalurgico Industrial SRL,LOS VALLISTOS - Ruta 9 Km 128 - Acc Norte,06M002PA,Pedro Cocaña,1,0,0,1,0,0,0,3,10,25,0,0,0,0,0,,002200007600,N,Factura de Venta
20170929,06000934,Antonio Prevedello y Cia SRL,,01IN,Pedro Cocaña,-1,0,0,-1,-838.75,-1014.89,0,0,0,0,0,0,0,0,0,,001300000344,,Crédito de Venta

