﻿FechaTxt,Codigo_Cliente,Cliente,EntDir,Codigo_Articulo,Vendedor,cantidad,Mts3,Mts2,Rollos,Importe_Bruto,Importe_Neto,Dto_Contado,Dto_Flete,Dto_Especial,Bonificacion,Desc_Adicional,cantidad_elaborada,m2_ocupados,costo_unitario,costo_total_stock,Costo_de_venta,comp,C_Construccion,nomdoc
20171020,11005927,Viola Julian Andres,Entre Rios,06C001CO,Disapla,1,0,0,1,0.1,0.12,0,0,0,0,0,0,0,0,0,0,002200007975,N,Factura de Venta
20171020,11005927,Viola Julian Andres,Entre Rios,01557AR,Disapla,40,8,800,40,17732.02,21455.75,0,0,0,21,0,0,0,0,0,9482.4,002200007975,N,Factura de Venta
20171020,09002438,Suc De Gustavo Lagerheim SA,Ruta Nacional 11 Km.1005,01555AR,Victor Casañas,120,12,2400,120,22645.11,27400.58,0,3,0,32.5,21,0,0,0,0,16249.2,002200007976,N,Factura de Venta
20171020,03000023,Industrias Saladillo SA,IS.SA. Planta Pilar,01780B,Isolant SI,48,1.2456,0,48,6088.32,7366.87,0,0,0,0,0,0,0,0,0,3075.36,002200007978,N,Factura de Venta
20171020,03000023,Industrias Saladillo SA,IS.SA. Planta Pilar,01783BA,Isolant SI,25,0.74,0,25,3217.75,3893.48,0,0,0,0,0,0,0,0,0,1749.25,002200007979,N,Factura de Venta
20171020,03003300,Aserradero Vagol SRL,Av. San Martin 1188,01555M,Esteban Bergamaschi,20,3,400,20,22133.55,26781.6,0,0,0,25,0,0,0,0,0,11083.2,002200007982,N,Factura de Venta
20171020,07000012,Natali Plasticos SRL,Alvear 1475,01555AR,Isolant SA,150,15,3000,150,28062.58,33955.73,0,3,0,0,0,0,0,0,0,20311.5,002200007993,N,Factura de Venta
20171020,01005058,Galea S.R.L,Limite del Municipio 4515,01568B,Diego Fani,5220,52.2,5220,261,283935.7,343562.2,0,3,0,21,4,0,0,0,0,2918032.2,002200007994,N,Factura de Venta
20171020,24004815,Budassi German Federico,Av. Roque Saenz Peña 1030,01558EC,Diego Fani,100,20,2000,100,50948.74,61647.98,0,0,0,30,12,0,0,0,0,40786,002200007971,N,Factura de Venta
20171020,03000023,Industrias Saladillo SA,IS.SA. Planta Pilar,01767AS,Isolant SI,23,0.97543,0,23,2624.53,3175.68,0,0,0,0,0,0,0,0,0,1231.65,002200007980,N,Factura de Venta
20171020,24003494,Insumos y Masivos SRL,Cochabamba 455,01500CC,Victor Casañas,2250,1.125,2250,0,8555.63,10352.31,0,0,0,25,0,0,0,0,0,3172.5,002200007990,N,Factura de Venta
20171020,24003494,Insumos y Masivos SRL,Cochabamba 455,01900A,Victor Casañas,1,0.0754,0,1,2906.53,3516.91,0,0,0,25,0,0,0,0,0,1190.39,002200007990,N,Factura de Venta
20171020,07000012,Natali Plasticos SRL,Alvear 1475,01551I,Isolant SA,30,3,600,30,4068.76,4923.2,0,3,0,0,0,0,0,0,0,2430.6,002200007992,N,Factura de Venta
20171020,07000012,Natali Plasticos SRL,Alvear 1475,01555EC,Isolant SA,100,10,2000,100,21919.09,26522.1,0,3,0,0,0,0,0,0,0,15909,002200007993,N,Factura de Venta
20171020,04004334,Fapex SA,Rio Potrero 175 (Esq. Rio de Rey) Barrio CinaCina,01555ARF,Isolant SI,121,12.1,2420,121,20237.25,24487.07,0,0,0,0,0,0,0,0,0,16384.61,002200007970,N,Factura de Venta
20171020,04004334,Fapex SA,Rio Potrero 175 (Esq. Rio de Rey) Barrio CinaCina,01557ARF,Isolant SI,190,38,3800,190,54702.9,66190.51,0,0,0,0,0,0,0,0,0,45041.4,002200007970,N,Factura de Venta
20171020,04004334,Fapex SA,Rio Potrero 175 (Esq. Rio de Rey) Barrio CinaCina,01508AF,Isolant SI,3672,7.344,3672,3672,9290.16,11241.09,0,0,0,0,0,0,0,0,0,7527.6,002200007970,N,Factura de Venta
20171020,24004815,Budassi German Federico,Av. Roque Saenz Peña 1030,01558BRM,Diego Fani,1050,10.5,1050,52.5,69982.92,84679.33,0,0,0,25,4,0,0,0,0,644007,002200007971,N,Factura de Venta
20171020,24004815,Budassi German Federico,Av. Roque Saenz Peña 1030,01558BR,Diego Fani,50,10,1000,50,66650.4,80646.98,0,0,0,25,4,0,0,0,0,30667,002200007971,N,Factura de Venta
20171020,24004815,Budassi German Federico,Av. Roque Saenz Peña 1030,01558ET,Diego Fani,100,20,2000,100,39699.97,48036.96,0,0,0,30,12,0,0,0,0,25311,002200007971,N,Factura de Venta
20171020,18005730,Todo Hierro S.A.,J. J. Lastra 3900,01558EC,Isolant SA,100,20,2000,100,54587.94,66051.41,0,0,0,25,12,0,0,0,0,40786,002200007985,N,Factura de Venta
20171020,18005730,Todo Hierro S.A.,J. J. Lastra 3900,01558ES,Isolant SA,22,4.4,440,22,9357.85,11323,0,0,0,25,12,0,0,0,0,5719.12,002200007985,N,Factura de Venta
20171020,18005730,Todo Hierro S.A.,J. J. Lastra 3900,01960DA,Isolant SA,20,0,0,20,55916.4,67658.84,0,0,0,25,0,0,0,0,0,21700,002200007985,N,Factura de Venta
20171020,18005730,Todo Hierro S.A.,J. J. Lastra 3900,01558ET,Isolant SA,78,15.6,1560,78,33177.83,40145.17,0,0,0,25,12,0,0,0,0,19742.58,002200007985,N,Factura de Venta
20171020,29003289,Industrial Maderera Kopruch SA,Acceso Sur 3314,01555AR,Hector Collia,218,21.8,4360,218,47242.57,57163.51,0,0,10,25,12,0,0,0,0,29519.38,002200007988,N,Factura de Venta
20171020,01002821,Ferreteria Central SRL,Av. Monroe 3161,01555M,Hector Collia,55,8.25,1100,55,53563.19,64811.46,0,0,0,25,12,0,0,0,0,30478.8,002200007989,N,Factura de Venta
20171020,09002438,Suc De Gustavo Lagerheim SA,Ruta Nacional 11 Km.1005,01551I,Victor Casañas,50,5,1000,50,6840.66,8277.2,0,3,0,32.5,21,0,0,0,0,4051,002200007977,N,Factura de Venta
20171020,09002438,Suc De Gustavo Lagerheim SA,Ruta Nacional 11 Km.1005,01552I,Victor Casañas,20,4,800,20,5470.05,6618.76,0,3,0,32.5,21,0,0,0,0,3983.2,002200007977,N,Factura de Venta
20171020,09002438,Suc De Gustavo Lagerheim SA,Ruta Nacional 11 Km.1005,01558BC,Victor Casañas,30,6,600,30,25561.48,30929.39,0,3,0,32.5,12,0,0,0,0,16770.3,002200007977,N,Factura de Venta
20171020,09002438,Suc De Gustavo Lagerheim SA,Ruta Nacional 11 Km.1005,01555A,Victor Casañas,200,20,4000,200,71151.32,86093.09,0,3,0,32.5,12,0,0,0,0,33398,002200007977,N,Factura de Venta
20171020,18005730,Todo Hierro S.A.,J. J. Lastra 3900,06C001CO,Isolant SA,1,0,0,1,0.1,0.12,0,0,0,0,0,0,0,0,0,0,002200007985,N,Factura de Venta
20171020,18005730,Todo Hierro S.A.,J. J. Lastra 3900,01558BC,Isolant SA,50,10,1000,50,48800.07,59048.08,0,0,0,25,12,0,0,0,0,27950.5,002200007985,N,Factura de Venta
20171020,03003300,Aserradero Vagol SRL,Av. San Martin 1188,01557A,Esteban Bergamaschi,50,10,1000,50,35358.38,42783.63,0,0,0,25,0,0,0,0,0,13530.5,002200007982,N,Factura de Venta
20171020,01005292,Adamant SRL,Paysandu 923 (entre Crisologo Larralde y Lucena),01514DA,Isolant SI,1150,5.75,1150,1150,8958.5,10839.78,0,0,0,0,0,0,0,0,0,5612,002200007984,N,Factura de Venta
20171020,01005292,Adamant SRL,Paysandu 923 (entre Crisologo Larralde y Lucena),01500ASA,Isolant SI,11000,5.5,11000,0,18810,22760.1,0,0,0,0,0,0,0,0,0,13860,002200007984,N,Factura de Venta
20171020,01005292,Adamant SRL,Paysandu 923 (entre Crisologo Larralde y Lucena),01514DC,Isolant SI,2280,11.4,2280,2280,18285.6,22125.58,0,0,0,0,0,0,0,0,0,12038.4,002200007984,N,Factura de Venta
20171020,01005292,Adamant SRL,Paysandu 923 (entre Crisologo Larralde y Lucena),01511BE,Isolant SI,3000,9,3000,0,35250,42652.5,0,0,0,0,0,0,0,0,0,15054.84,002200007984,N,Factura de Venta
20171020,29002246,Ungaro Leonardo Roberto,Calle 20 nº 1178,01558BC,Hector Collia,27,5.4,540,27,29945.5,36234.05,0,0,0,25,0,0,0,0,0,15093.27,002200007987,N,Factura de Venta
20171020,03000023,Industrias Saladillo SA,IS.SA. Planta Pilar,01525AHC,Isolant SI,1000,10,1000,1000,16290,19710.9,0,0,0,0,0,0,0,0,0,1551.27,002200007973,N,Factura de Venta
20171020,03000023,Industrias Saladillo SA,IS.SA. Planta Pilar,01525AHC,Isolant SI,300,3,300,300,4887,5913.27,0,0,0,0,0,0,0,0,0,465.38,002200007986,N,Factura de Venta
20171020,01002303,Alcantara Jorge Damaso Hector,Zarraga 3561,01551IC,Levy,1000,5,1000,50,9190.54,11120.56,0,0,0,21,12,0,0,0,0,1876.18,002200007974,S,Factura de Venta
20171020,09002438,Suc De Gustavo Lagerheim SA,Ruta Nacional 11 Km.1005,01555C,Victor Casañas,6,0.6,120,6,0.58,0.7,0,3,0,0,0,0,0,0,0,135.79,002200007976,N,Factura de Venta
20171020,09002438,Suc De Gustavo Lagerheim SA,Ruta Nacional 11 Km.1005,01555C,Victor Casañas,24,2.4,480,24,2.33,2.82,0,3,0,0,0,0,0,0,0,543.16,002200007977,N,Factura de Venta
20171020,03003300,Aserradero Vagol SRL,Av. San Martin 1188,01555MA,Esteban Bergamaschi,2,0.3,40,2,0.2,0.24,0,0,0,0,0,0,0,0,0,1041.96,002200007982,N,Factura de Venta
20171020,01002821,Ferreteria Central SRL,Av. Monroe 3161,01555MA,Hector Collia,12,1.8,240,12,1.2,1.45,0,0,0,0,0,0,0,0,0,6251.73,002200007989,N,Factura de Venta
20171020,03003300,Aserradero Vagol SRL,Av. San Martin 1188,01557C,Esteban Bergamaschi,12,2.4,240,12,1.2,1.45,0,0,0,0,0,0,0,0,0,372.84,002200007982,N,Factura de Venta
20171020,07000012,Natali Plasticos SRL,Alvear 1475,01559AA,Isolant SA,2000,20,2000,100,54322.26,65729.92,0,3,0,32.5,12,0,0,0,0,3107.03,002200007991,S,Factura de Venta
20171020,07000012,Natali Plasticos SRL,Alvear 1475,01557C,Isolant SA,24,4.8,480,24,2.32,2.82,0,3,0,0,0,0,0,0,0,745.69,002200007991,S,Factura de Venta
20171020,04001988,Valentini Eduardo Hector,Bme. Mitre 1460,01557ARC,Hector Collia,2000,20,2000,100,42561.4,51499.3,0,0,0,21,4,0,0,0,0,2765.66,002200007983,S,Factura de Venta
20171020,28004412,INSULEX S.A.C.,,04C00624,Isolant SI,1,0,0,1,13154.24,13154.24,0,0,0,0,0,0,0,0,0,,000000000954,,Dif. Cambio (+)
20171020,03000023,Industrias Saladillo SA,IS.SA. Planta Pilar,01777BA,Isolant SI,254,6.7827144,0,254,44140.12,53409.55,0,0,0,0,0,0,0,0,0,26497.28,002200007972,N,Factura de Venta
20171020,03000023,Industrias Saladillo SA,IS.SA. Planta Pilar,01776B,Isolant SI,93,2.6295192,0,93,11572.92,14003.23,0,0,0,0,0,0,0,0,0,4858.32,002200007978,N,Factura de Venta
20171020,03000023,Industrias Saladillo SA,IS.SA. Planta Pilar,01778B,Isolant SI,3,0.0735135,0,3,353.07,427.21,0,0,0,0,0,0,0,0,0,144.24,002200007978,N,Factura de Venta
20171020,01005292,Adamant SRL,Paysandu 923 (entre Crisologo Larralde y Lucena),01514DB,Isolant SI,2250,11.25,2250,2250,18045,21834.45,0,0,0,0,0,0,0,0,0,11205,002200007984,N,Factura de Venta
20171020,27003927,Echazu Andres Alberto,,04C00898,Pedro Cocaña,1,0,0,1,3.27,3.27,0,0,0,0,0,0,0,0,0,,000000011250,,Débito (Ajustes)
20171020,01004027,Caffaro Toys SA,,04C00898,Isolant SI,1,0,0,1,0.11,0.11,0,0,0,0,0,0,0,0,0,,000000011251,,Débito (Ajustes)
20171020,03000023,Industrias Saladillo SA,IS.SA. Planta Pilar,01776BA,Isolant SI,80,2.261952,0,80,15640.8,18925.37,0,0,0,0,0,0,0,0,0,9048.8,002200007981,N,Factura de Venta
20171020,04005688,Longarte Gabriel Martin,,04C00898,Fernando Palmas,1,0,0,1,3.13,3.13,0,0,0,0,0,0,0,0,0,,000000011252,,Débito (Ajustes)

