﻿FechaTxt,Codigo_Cliente,Cliente,EntDir,Codigo_Articulo,Vendedor,cantidad,Mts3,Mts2,Rollos,Importe_Bruto,Importe_Neto,Dto_Contado,Dto_Flete,Dto_Especial,Bonificacion,Desc_Adicional,cantidad_elaborada,m2_ocupados,costo_unitario,costo_total_stock,Costo_de_venta,comp,C_Construccion,nomdoc
20170802,04005689,Polifoam SRL,Alte. Brown 3985,01761A,Isolant SI,30,1.9509,0,30,8211.6,9936.04,0,0,0,0,0,0,0,0,0,2788.11,002200006370,N,Factura de Venta
20170802,22002618,Rosso Alicia Ines,Caseros y Belgrano,01555M,Leandro Diaz,10,1.5,200,10,11657,14104.97,0,0,0,21,0,0,0,0,0,4759.23,002200006374,N,Factura de Venta
20170802,07001322,DGH SRL,Guardia Nacional 390,01656AC,Meier,50,1.25,50,0,6025.6,7290.98,0,0,0,30,0,0,0,0,0,1649.58,002200006376,N,Factura de Venta
20170802,04004334,Fapex SA,Rio Potrero 175 (Esq. Rio de Rey) Barrio CinaCina,01763CF,Isolant SI,1,0.06032,0,1,289.43,350.21,0,0,0,0,0,0,0,0,0,193.74,002200006377,N,Factura de Venta
20170802,04004334,Fapex SA,Rio Potrero 175 (Esq. Rio de Rey) Barrio CinaCina,01765CF,Isolant SI,50,2.9405,0,50,14497,17541.37,0,0,0,0,0,0,0,0,0,10308.57,002200006377,N,Factura de Venta
20170802,04004334,Fapex SA,Rio Potrero 175 (Esq. Rio de Rey) Barrio CinaCina,01766CF,Isolant SI,30,1.4928,0,30,7013.4,8486.21,0,0,0,0,0,0,0,0,0,5565.57,002200006377,N,Factura de Venta
20170802,01003118,Caputo Marcelo Claudio,Acevedo 65,01772AD,Luis Ramirez,1,0.18944,0,1,1575.76,1906.66,0,0,0,30,0,0,0,0,0,73.92,002200006383,S,Factura de Venta
20170802,29000227,Moreno Alfredo German,Av. 44 nº 2721 entre 149/150,01765A,Isolant SA,10,0.465,0,10,2070,2504.7,0,0,0,59,0,0,0,0,0,265.17,002200006366,S,Factura de Venta
20170802,29001247,Salazar Wilchelm Juan Carlos,Calle 5 Nº1998 (Esq. 512),01514DC,Fernando Palmas,480,2.4,480,480,4627.2,5598.91,0,0,0,0,0,0,0,0,0,2098.06,002200006364,N,Factura de Venta
20170802,04004334,Fapex SA,Rio Potrero 175 (Esq. Rio de Rey) Barrio CinaCina,01555ARF,Isolant SI,305,30.5,6100,305,51011.25,61723.61,0,0,0,0,0,0,0,0,0,7522.26,002200006367,N,Factura de Venta
20170802,04004334,Fapex SA,Rio Potrero 175 (Esq. Rio de Rey) Barrio CinaCina,01557ARF,Isolant SI,143,28.6,2860,143,41171.13,49817.07,0,0,0,0,0,0,0,0,0,5215.46,002200006367,N,Factura de Venta
20170802,16003025,Fopiani Ricardo Arturo,Libertad 534 Of. 6,01851A,Leandro Diaz,5,1.25,125,5,4181.54,5059.68,0,0,0,25,0,0,0,0,0,1305.17,002200006385,S,Factura de Venta
20170802,11004421,Campostrini Hnos SA,A. Palacios 202,01551I,Victor Casañas,50,5,1000,50,8170.14,9885.87,0,0,15,21,8,0,0,0,0,3881.51,002200006375,N,Factura de Venta
20170802,11004421,Campostrini Hnos SA,A. Palacios 202,01558ES,Victor Casañas,60,12,1200,60,23888.81,28905.46,0,0,15,21,8,0,0,0,0,1734.64,002200006375,N,Factura de Venta
20170802,27003324,Supermat S A,"Av. Chile 1450 - El Amigo, Salta",01557A,Pedro Cocaña,50,10,1000,50,28744.66,34781.04,0,3,0,25,12,0,0,0,0,1438.54,002200006382,N,Factura de Venta
20170802,03004746,Das Dach S.A.,,04C01203,Isolant SA,1,0,0,1,16500,18232.5,0,0,0,0,0,0,0,0,0,0,001400000757,N,Factura de Venta
20170802,09002438,Suc De Gustavo Lagerheim SA,Ruta Nacional 11 Km.1005,04VARIOS,Isolant SA,-1,0,0,-1,-28057.36,-33949.41,0,0,0,0,0,0,0,0,0,0,001400007969,N,Crédito de Venta
20170802,01005292,Adamant SRL,Paysandu 923 (entre Crisologo Larralde y Lucena),01508BA,Isolant SI,3600,7.2,3600,0,12132,14679.72,0,0,0,0,0,0,0,0,0,8099.87,002200006373,N,Factura de Venta
20170802,28004412,INSULEX S.A.C.,,07C01309,Isolant SI,-1,0,0,-1,-24992.73,-24992.73,0,0,0,0,0,0,0,0,0,0,001500000045,,Crédito de Venta Exterior
20170802,24000215,Emcisa SRL,Pte. Roca 3108,01905A,Meier,2,0.14236,0,2,1537.48,1860.35,0,0,0,21,0,0,0,0,0,461.92,002200006384,N,Factura de Venta
20170802,24000215,Emcisa SRL,Pte. Roca 3108,01903A,Meier,1,0.07599,0,1,1333.55,1613.6,0,0,0,21,0,0,0,0,0,407.99,002200006384,N,Factura de Venta
20170802,24000215,Emcisa SRL,Pte. Roca 3108,01901A,Meier,1,0.07854,0,1,2038.59,2466.69,0,0,0,21,0,0,0,0,0,507.55,002200006384,N,Factura de Venta
20170802,24000215,Emcisa SRL,Pte. Roca 3108,01769D,Meier,2,0.08294,0,2,1142.32,1382.2,0,0,0,30,0,0,0,0,0,318.05,002200006384,N,Factura de Venta
20170802,03001313,Prokrete Argentina SA,Austria Norte 2009,01900A,Esteban Bergamaschi,5,0.377,0,5,17439.21,21101.44,0,0,0,10,0,0,0,0,0,3045.18,002200006381,N,Factura de Venta
20170802,03004746,Das Dach S.A.,,04C01203,Isolant SA,1,0,0,1,16000,17680,0,0,0,0,0,0,0,0,0,0,001400000758,N,Factura de Venta
20170802,04005689,Polifoam SRL,Alte. Brown 3985,01666DAP,Isolant SI,210,10.5,210,0,37745.4,45671.94,0,0,0,45,0,0,0,0,0,24283.37,002200006368,S,Factura de Venta
20170802,04005689,Polifoam SRL,Alte. Brown 3985,01662DAP,Isolant SI,100,4,100,0,15361.5,18587.42,0,0,0,45,0,0,0,0,0,8061.38,002200006371,N,Factura de Venta
20170802,04003368,Degacor SA,Ranchos 2341,01654ON,Hector Collia,10,1.68,0,10,5151.6,6233.44,0,0,0,25,0,0,0,0,0,3468.76,002200006372,N,Factura de Venta
20170802,04003368,Degacor SA,Ranchos 2341,01555A,Hector Collia,5,0.5,100,5,2315.4,2801.63,0,0,0,25,0,0,0,0,0,128.54,002200006372,N,Factura de Venta
20170802,11001938,Bassi Gustavo Eduardo,H. Yrigoyen 58,01901A,Meier,1,0.07854,0,1,2038.59,2466.69,0,0,0,21,0,0,0,0,0,507.55,002200006379,N,Factura de Venta
20170802,11001938,Bassi Gustavo Eduardo,H. Yrigoyen 58,01904A,Meier,2,0.12566,0,2,1635.6,1979.08,0,0,0,21,0,0,0,0,0,543.15,002200006379,N,Factura de Venta
20170802,99005911,Onandia Antonela,Circunvalacion Norte 475,01557AR,Norberto Oppezzo,40,8,800,40,13467.36,16295.51,0,0,0,25,20,0,0,0,0,1100.45,002200006380,N,Factura de Venta
20170802,99005911,Onandia Antonela,Circunvalacion Norte 475,01555AR,Norberto Oppezzo,30,3,600,30,6566.94,7946,0,0,0,25,20,0,0,0,0,979.36,002200006380,N,Factura de Venta
20170802,03001313,Prokrete Argentina SA,Austria Norte 2009,01905A,Esteban Bergamaschi,30,2.1354,0,30,26273.43,31790.85,0,0,0,10,0,0,0,0,0,6928.74,002200006381,N,Factura de Venta
20170802,03001313,Prokrete Argentina SA,Austria Norte 2009,01903A,Esteban Bergamaschi,10,0.7599,0,10,15192.36,18382.76,0,0,0,10,0,0,0,0,0,4079.93,002200006381,N,Factura de Venta
20170802,04004334,Fapex SA,Rio Potrero 175 (Esq. Rio de Rey) Barrio CinaCina,01555ARF,Isolant SI,93,9.3,1860,93,15554.25,18820.64,0,0,0,0,0,0,0,0,0,2293.67,002200006377,N,Factura de Venta
20170802,04004334,Fapex SA,Rio Potrero 175 (Esq. Rio de Rey) Barrio CinaCina,01508AF,Isolant SI,1530,3.06,1530,1530,3870.9,4683.79,0,0,0,0,0,0,0,0,0,3027.89,002200006377,N,Factura de Venta
20170802,04004334,Fapex SA,Rio Potrero 175 (Esq. Rio de Rey) Barrio CinaCina,01508AF,Isolant SI,13770,27.54,13770,13770,34838.1,42154.1,0,0,0,0,0,0,0,0,0,27251.01,002200006377,N,Factura de Venta
20170802,03001501,Bautec SA,29 De Noviembre 2350,01524D,Hector Collia,200,2,200,0,5549.7,6715.14,0,0,0,35,0,0,0,0,0,1246.37,002200006378,N,Factura de Venta
20170802,11001938,Bassi Gustavo Eduardo,H. Yrigoyen 58,01766A,Meier,3,0.11874,0,3,1021.59,1236.12,0,0,0,21,0,0,0,0,0,198.85,002200006379,N,Factura de Venta
20170802,11001938,Bassi Gustavo Eduardo,H. Yrigoyen 58,01762A,Meier,2,0.10178,0,2,873.31,1056.71,0,0,0,21,0,0,0,0,0,0,002200006379,N,Factura de Venta
20170802,03000023,Industrias Saladillo SA,IS.SA. Planta Pilar,01525AHC,Isolant SI,1000,10,1000,1000,16290,19710.9,0,0,0,0,0,0,0,0,0,1657.61,002200006386,N,Factura de Venta
20170802,01003118,Caputo Marcelo Claudio,Acevedo 65,01551IC,Luis Ramirez,1000,5,1000,50,10443.8,12637,0,0,0,21,0,0,0,0,0,3881.51,002200006383,S,Factura de Venta
20170802,29005915,Polizul SRL,Cno.Gral. Belgrano 3781,01563DC,Ventas Buenos Aires,80,0.4,80,4,3573.32,4323.72,0,0,0,21,0,0,0,0,0,1177.58,002200006365,S,Factura de Venta
20170802,29000227,Moreno Alfredo German,Av. 44 nº 2721 entre 149/150,01555AA,Isolant SA,1000,5,1000,50,18455.84,22331.58,0,0,0,32.5,7,0,0,0,0,1285.38,002200006366,S,Factura de Venta
20170802,29000227,Moreno Alfredo German,Av. 44 nº 2721 entre 149/150,01555C,Isolant SA,6,0.6,120,6,0.6,0.72,0,0,0,0,0,0,0,0,0,154.25,002200006366,S,Factura de Venta
20170802,29000227,Moreno Alfredo German,Av. 44 nº 2721 entre 149/150,01555ARC,Isolant SA,700,3.5,700,35,6279.52,7598.22,0,0,0,32.5,25,0,0,0,0,1142.59,002200006366,S,Factura de Venta
20170802,22002618,Rosso Alicia Ines,Caseros y Belgrano,01555MA,Leandro Diaz,1,0.15,20,1,0.1,0.12,0,0,0,0,0,0,0,0,0,475.92,002200006374,N,Factura de Venta
20170802,16003025,Fopiani Ricardo Arturo,Libertad 534 Of. 6,01555MC,Leandro Diaz,200,1.5,200,10,11073,13398.32,0,0,0,25,0,0,0,0,0,4759.23,002200006385,S,Factura de Venta
20170802,16003025,Fopiani Ricardo Arturo,Libertad 534 Of. 6,01555MA,Leandro Diaz,1,0.15,20,1,0.1,0.12,0,0,0,0,0,0,0,0,0,475.92,002200006385,S,Factura de Venta
20170802,27003324,Supermat S A,"Av. Chile 1450 - El Amigo, Salta",01557C,Pedro Cocaña,9,1.8,180,9,0.87,1.06,0,3,0,0,0,0,0,0,0,258.94,002200006382,N,Factura de Venta
20170802,29005915,Polizul SRL,Cno.Gral. Belgrano 3781,01559AA,Ventas Buenos Aires,2000,20,2000,100,68522.7,82912.48,0,0,0,21,8,0,0,0,0,2877.07,002200006365,S,Factura de Venta
20170802,29005915,Polizul SRL,Cno.Gral. Belgrano 3781,01557C,Ventas Buenos Aires,12,2.4,240,12,1.2,1.46,0,0,0,0,0,0,0,0,0,345.25,002200006365,S,Factura de Venta
20170802,29000227,Moreno Alfredo German,Av. 44 nº 2721 entre 149/150,01568BC,Isolant SA,200,2,200,10,9302.68,11256.26,0,0,0,32.5,4,0,0,0,0,4137.89,002200006366,S,Factura de Venta
20170802,29005915,Polizul SRL,Cno.Gral. Belgrano 3781,01568BC,Ventas Buenos Aires,1000,10,1000,50,58412.6,70679.24,0,0,0,21,0,0,0,0,0,20689.44,002200006365,S,Factura de Venta
20170802,29000227,Moreno Alfredo German,Av. 44 nº 2721 entre 149/150,01558ECC,Isolant SA,1000,10,1000,50,20320.88,24588.26,0,0,0,32.5,25,0,0,0,0,19240.82,002200006366,S,Factura de Venta
20170802,07005677,Iron Pack SRL,Monseñor Marcon 3976 (Ex Pichincha),01558ESC,Meier,-860,-8.6,-860,-43,-14902.08,-18031.52,0,0,5,40,0,0,0,0,0,1243.16,001400007967,S,Crédito de Venta
20170802,24002195,Prado Hector Roque,,01558ESC,Diego Fani,-800,-8,-800,-40,-16051.2,-19421.96,0,0,0,25,12,0,0,0,0,1156.42,001400007968,S,Crédito de Venta
20170802,24003365,MC M S.A.,,01IN,Diego Fani,-1,0,0,-1,-167.3,-202.43,0,0,0,0,0,0,0,0,0,,001300000251,,Crédito de Venta
20170802,10002673,Moreira Juan Carlos,,04C00898,Norberto Oppezzo,1,0,0,1,0.83,0.83,0,0,0,0,0,0,0,0,0,,000000011007,,Débito (Ajustes)
20170802,03001501,Bautec SA,29 De Noviembre 2350,01654A,Hector Collia,200,4,200,0,18291,22132.11,0,0,0,35,0,0,0,0,0,9360.87,002200006378,N,Factura de Venta
20170802,11001938,Bassi Gustavo Eduardo,H. Yrigoyen 58,01764A,Meier,2,0.1036728,0,2,881.31,1066.38,0,0,0,21,0,0,0,0,0,163.55,002200006379,N,Factura de Venta
20170802,24003365,MC M S.A.,,04C00898,Diego Fani,1,0,0,1,8.93,8.93,0,0,0,0,0,0,0,0,0,,000000011005,,Débito (Ajustes)
20170802,01005121,Molysil Argentina S.A.,,04C00898,Levy,1,0,0,1,4,4,0,0,0,0,0,0,0,0,0,,000000011009,,Débito (Ajustes)
20170802,04005689,Polifoam SRL,Alte. Brown 3985,01510AB,Isolant SI,500,1.5,500,500,3595,4349.95,0,0,0,0,0,0,0,0,0,2649.76,002200006369,N,Factura de Venta
20170802,02002971,Expotap SRL,,04C00898,Hector Collia,1,0,0,1,1.11,1.11,0,0,0,0,0,0,0,0,0,,000000011006,,Débito (Ajustes)

