﻿Vendedor,Nom_Ven,Dias
53,Norberto Oppezzo,55
50,Disapla-Sur (Costa patagonia),180
55,Fernando Palmas,69
21,Latyn-Valle y Cordillera,2967482
056,Diego Fani,76
04,Levy,50
22,Ind Saladillo Chaco,74
26,Isolant SI,42
05,Ventas Buenos Aires,67
01,Isolant SA,74
24,Meier,52
03,Inactivos,707
058,Luis Ramirez,58
30,Disapla,79
11,NN (Ex MDT),34
25,Leandro Diaz,79
06,Pastore Pablo,125
16,Pedro Cocaña,71
17,Esteban Bergamaschi,48
23,Hector Collia,59
15,Natali Plasticos (Vta Directa),63
057,Victor Casañas,62

