﻿FechaTxt,Codigo_Cliente,Cliente,EntDir,Codigo_Articulo,Vendedor,cantidad,Mts3,Mts2,Rollos,Importe_Bruto,Importe_Neto,Dto_Contado,Dto_Flete,Dto_Especial,Bonificacion,Desc_Adicional,cantidad_elaborada,m2_ocupados,costo_unitario,costo_total_stock,Costo_de_venta,comp
20170418,11002006,Hercal Center SRL,G. Ramirez y Ruta 39,01960DA,Disapla,3,0,0,3,7937.82,9604.76,0,0,0,21,0,0,0,0,0,0,002200004248
20170418,27003927,Echazu Andres Alberto,San Martin 440,01555ARC,Pedro Cocaña,2000,10,2000,100,22703.82,27471.62,0,3,5,21,12,0,0,0,0,0,002200004249
20170418,27003927,Echazu Andres Alberto,San Martin 440,01557ARC,Pedro Cocaña,1200,12,1200,60,20940.8,25338.38,0,3,5,21,12,0,0,0,0,0,002200004249
20170418,27003927,Echazu Andres Alberto,San Martin 440,01559AA,Pedro Cocaña,100,1,100,5,2876.42,3480.46,0,3,5,21,12,0,0,0,0,0,002200004249
20170418,27003927,Echazu Andres Alberto,San Martin 440,01557C,Pedro Cocaña,20,4,400,20,1.84,2.24,0,3,5,0,0,0,0,0,0,0,002200004249
20170418,01004760,Alfa y Omega Interiores S.R.L.,Av. J. B. Alberdi 3746,01957AA,Pastore Pablo,1,0,0,1,0.1,0.12,0,0,0,0,0,0,0,0,0,0,002200004251
20170418,01004760,Alfa y Omega Interiores S.R.L.,Av. J. B. Alberdi 3746,01603AC,Pastore Pablo,16,0.8,400,16,4198.21,5079.83,0,0,0,30,0,0,0,0,0,0,002200004251
20170418,16003984,Cid Maderas SRL,Av. Ballofet 2100,01558ESC,Leandro Diaz,300,3,300,15,6628.42,8020.38,0,0,0,21,8,0,0,0,0,0,002200004255
20170418,16003984,Cid Maderas SRL,Av. Ballofet 2100,01960FC,Leandro Diaz,2,0,0,2,4277.46,5175.72,0,0,0,21,8,0,0,0,0,0,002200004255
20170418,19002241,Carlos Isla y Cia. SA,Teodoro Plan 5055,01557A,Latyn-Valle y Cordillera,105,21,2100,105,54610.5,66078.71,0,0,0,0,0,0,0,0,0,0,002200004256
20170418,19002241,Carlos Isla y Cia. SA,Teodoro Plan 5055,01555A,Latyn-Valle y Cordillera,85,8.5,1700,85,28950.15,35029.68,0,0,0,0,0,0,0,0,0,0,002200004256
20170418,29002237,Freixas Marcos Ignacio,General Guido 1277,01766A,Esteban Bergamaschi,17,0.67286,0,17,5789,7004.69,0,0,0,21,0,0,0,0,0,0,002200004257
20170418,29002237,Freixas Marcos Ignacio,General Guido 1277,01853B,Esteban Bergamaschi,10,1.25,250,10,10738.23,12993.26,0,0,0,21,0,0,0,0,0,0,002200004257
20170418,29002237,Freixas Marcos Ignacio,General Guido 1277,01851A,Esteban Bergamaschi,16,4,400,16,12909.48,15620.48,0,0,0,21,0,0,0,0,0,0,002200004257
20170418,29000227,Moreno Alfredo German,Av. 44 nº 2721 entre 149/150,01550AA,Isolant SA,400,0.8,400,20,3194,3864.74,0,0,0,32.5,7,0,0,0,0,0,002200004236
20170418,29000227,Moreno Alfredo German,Av. 44 nº 2721 entre 149/150,01557AKC,Isolant SA,1200,8.4,1200,80,21384,25874.64,0,0,0,0,0,0,0,0,0,0,002200004236
20170418,29000227,Moreno Alfredo German,Av. 44 nº 2721 entre 149/150,01555AKC,Isolant SA,2250,67.5,2250,150,26010,31472.1,0,0,0,0,0,0,0,0,0,0,002200004236
20170418,29000227,Moreno Alfredo German,Av. 44 nº 2721 entre 149/150,01555ARC,Isolant SA,3000,15,3000,150,27600,33396,0,0,0,0,0,0,0,0,0,0,002200004236
20170418,29000227,Moreno Alfredo German,Av. 44 nº 2721 entre 149/150,01557ARC,Isolant SA,2000,20,2000,100,24400,29524,0,0,0,0,0,0,0,0,0,0,002200004236
20170418,02005644,Gualtieri Eduardo,Av. Int. Rabanal 2066,01854B,Levy,5,1.25,125,5,6533.7,7905.77,0,0,0,21,0,0,0,0,0,0,002200004237
20170418,01004788,Tamyeze S.R.L,Nazca 1640,01603B,Levy,100,5,2500,100,19828.2,23992.12,0,0,0,30,0,0,0,0,0,0,002200004246
20170418,01004788,Tamyeze S.R.L,Nazca 1640,01957AA,Levy,1,0,0,1,0.1,0.12,0,0,0,0,0,0,0,0,0,0,002200004246
20170418,16002850,Mafra Distribuidora SA,Iaccarini 50,01558ES,Leandro Diaz,70,14,1400,70,22260,26934.6,0,0,0,0,0,0,0,0,0,0,002200004254
20170418,16002850,Mafra Distribuidora SA,Iaccarini 50,01558EC,Leandro Diaz,50,10,1000,50,21000,25410,0,0,0,0,0,0,0,0,0,0,002200004254
20170418,03000023,Industrias Saladillo SA,,04C00898,Isolant SI,1,0,0,1,1.31,1.31,0,0,0,0,0,0,0,0,0,0,000000010760
20170418,01002325,Centro Sec SRL,Avda Mitre 2320,01557ARC,Hector Collia,1000,10,1000,50,17978.4,21753.86,0,0,0,25,12,0,0,0,0,0,002200004243
20170418,23004122,Lopez Dimitri Alberto,Belgrano 618,01550A,Disapla-Sur (Costa patagonia),30,1.2,600,30,6030.47,7296.86,0,0,0,21,0,0,0,0,0,0,002200004244
20170418,23004122,Lopez Dimitri Alberto,Belgrano 618,01555A,Disapla-Sur (Costa patagonia),10,1,200,10,4645.52,5621.07,0,0,0,21,0,0,0,0,0,0,002200004244
20170418,01002018,Zanet SA,Erezcano 3021/35,01504BCC,Fernando Palmas,11520,11.52,11520,0,48499.2,58684.03,0,0,0,0,0,0,0,0,0,0,002200004250
20170418,01004760,Alfa y Omega Interiores S.R.L.,Diaz Velez 4201,01603AC,Pastore Pablo,16,0.8,400,16,4198.21,5079.83,0,0,0,30,0,0,0,0,0,0,002200004252
20170418,16005814,Lecon Srl En Formacion,Ruta nacional 7 km 1002,01555M,Leandro Diaz,10,1.5,200,10,10778.52,13042.01,0,0,0,21,0,0,0,0,0,0,002200004253
20170418,16005814,Lecon Srl En Formacion,Ruta nacional 7 km 1002,01555MA,Leandro Diaz,1,0.15,20,1,0.1,0.12,0,0,0,0,0,0,0,0,0,0,002200004253
20170418,10003551,Garcia Feliciano Isidro,,04C00898,Norberto Oppezzo,1,0,0,1,7.41,7.41,0,0,0,0,0,0,0,0,0,0,000000010759
20170418,29002289,Maria Cristina Chiapuzzi Y Elda Luisa Ciley S.H.,Calle 17 nº 76,01550AA,Hector Collia,100,0.2,100,5,1004.88,1215.9,0,0,0,21,0,0,0,0,0,0,002200004238
20170418,29002289,Maria Cristina Chiapuzzi Y Elda Luisa Ciley S.H.,Calle 17 nº 76,01603BD,Hector Collia,750,1.5,750,30,6707.1,8115.6,0,0,0,21,0,0,0,0,0,0,002200004238
20170418,29002289,Maria Cristina Chiapuzzi Y Elda Luisa Ciley S.H.,Calle 17 nº 76,01559AA,Hector Collia,500,5,500,25,17735.5,21459.96,0,0,0,21,0,0,0,0,0,0,002200004238
20170418,22003272,Placas y Macizas SRL,25 de Mayo 1121,01557A,Leandro Diaz,25,5,500,25,17735.3,21459.72,0,0,0,21,0,0,0,0,0,0,002200004239
20170418,22003272,Placas y Macizas SRL,25 de Mayo 1121,01557C,Leandro Diaz,6,1.2,120,6,0.6,0.73,0,0,0,0,0,0,0,0,0,0,002200004239
20170418,22003272,Placas y Macizas SRL,25 de Mayo 1121,01555M,Leandro Diaz,10,1.5,200,10,10778.52,13042.01,0,0,0,21,0,0,0,0,0,0,002200004239
20170418,22003272,Placas y Macizas SRL,25 de Mayo 1121,01555MA,Leandro Diaz,1,0.15,20,1,0.1,0.12,0,0,0,0,0,0,0,0,0,0,002200004239
20170418,31003010,Lago Sociedad Anonima,Gorriti 48,01900A,NN (Ex MDT),1,0.0754,0,1,2241.95,2712.76,0,0,0,30,0,0,0,0,0,0,002200004240
20170418,31003010,Lago Sociedad Anonima,Gorriti 48,01603AC,NN (Ex MDT),15,0.75,375,15,3463.52,4190.86,0,0,0,30,12,0,0,0,0,0,002200004240
20170418,31003010,Lago Sociedad Anonima,Gorriti 48,01957AA,NN (Ex MDT),3,0,0,3,0.3,0.36,0,0,0,0,0,0,0,0,0,0,002200004240
20170418,03002793,Chindamo Francisco Juan,Pte. Derqui 4993,01957AB,Esteban Bergamaschi,1,0,0,1,0.1,0.12,0,0,0,0,0,0,0,0,0,0,002200004241
20170418,03002793,Chindamo Francisco Juan,Pte. Derqui 4993,01850A,Esteban Bergamaschi,16,2,400,16,7630.67,9233.11,0,0,0,30,0,0,0,0,0,0,002200004241
20170418,03003975,Alfombras Martinez SRL,Colectora Panamericana 981,01603B,Ventas Buenos Aires,30,1.5,750,30,5948.46,7197.64,0,0,0,30,0,0,0,0,0,0,002200004242
20170418,23001202,Chuar SRL,Los Pioneros Nº539,01957AA,Norberto Oppezzo,1,0,0,1,0.1,0.12,0,0,0,0,0,0,0,0,0,0,002200004245
20170418,23001202,Chuar SRL,Los Pioneros Nº539,01555A,Norberto Oppezzo,20,2,400,20,8820.6,10672.93,0,0,0,25,0,0,0,0,0,0,002200004245
20170418,20004739,Nestor A Marozzi SA,Avda. Tavella 2242,01772AC,Pedro Cocaña,1,0.18944,0,1,1646.63,1992.42,0,0,0,21,0,0,0,0,0,0,002200004247
20170418,20004739,Nestor A Marozzi SA,Avda. Tavella 2242,01772AB,Pedro Cocaña,2,0.37888,0,2,3293.26,3984.84,0,0,0,21,0,0,0,0,0,0,002200004247
20170418,20004739,Nestor A Marozzi SA,Avda. Tavella 2242,01772AD,Pedro Cocaña,1,0.18944,0,1,1646.63,1992.42,0,0,0,21,0,0,0,0,0,0,002200004247

