﻿Vendedor,Nom_Ven,Dias
05,Ventas Buenos Aires,53
03,Inactivos,707
056,Diego Fani,66
16,Pedro Cocaña,73
25,Leandro Diaz,41
06,Pastore Pablo,102
55,Fernando Palmas,70
21,Latyn-Valle y Cordillera,2967482
01,Isolant SA,34
059,Mariano Martinez,160
24,Meier,47
17,Esteban Bergamaschi,60
23,Hector Collia,65
15,Natali Plasticos (Vta Directa),64
057,Victor Casañas,68
53,Norberto Oppezzo,47
30,Disapla,107
11,NN (Ex MDT),42
04,Levy,26
22,Ind Saladillo Chaco,3598
26,Isolant SI,59

