﻿FechaTxt,Codigo_Cliente,Cliente,EntDir,Codigo_Articulo,Vendedor,cantidad,Mts3,Mts2,Rollos,Importe_Bruto,Importe_Neto,Dto_Contado,Dto_Flete,Dto_Especial,Bonificacion,Desc_Adicional,cantidad_elaborada,m2_ocupados,costo_unitario,costo_total_stock,Costo_de_venta,comp,C_Construccion,nomdoc
20171002,20004067,Hierronort Salta SRL,Avda Paraguay 1450,04VARIOS,Pedro Cocaña,1,0,0,1,1092.3,1321.68,0,0,0,0,0,0,0,0,0,0,001400000141,,Débito de Venta
20171002,30000177,Guerra Alfredo Felix,Lavalle 20,01555M,Disapla,20,3,400,20,23314.01,28209.95,0,0,0,21,0,0,0,0,0,10891.6,002200007615,N,Factura de Venta
20171002,29005919,Morichetti y Gonzalez S.A,Av. Mitre 1023,06C001CO,Ventas Buenos Aires,1,0,0,1,0.1,0.12,0,3,0,0,0,0,0,0,0,0,002200007628,N,Factura de Venta
20171002,29005919,Morichetti y Gonzalez S.A,Av. Mitre 1023,01555AR,Ventas Buenos Aires,15,1.5,300,15,4193.54,5074.18,0,3,0,21,0,0,0,0,0,1942.05,002200007628,N,Factura de Venta
20171002,29005919,Morichetti y Gonzalez S.A,Av. Mitre 1023,01558BR,Ventas Buenos Aires,5,1,100,5,7093.64,8583.3,0,3,0,21,0,0,0,0,0,2754.8,002200007628,N,Factura de Venta
20171002,03000023,Industrias Saladillo SA,IS.SA. Planta Pilar,01783BB,Isolant SI,9,0.1998,0,9,1175.58,1422.45,0,0,0,0,0,0,0,0,0,593.91,002200007609,N,Factura de Venta
20171002,03003751,Indupoles Argentina SA,Parque Ind. Campana - Km70 de Panamericana - Lote 12,01901A,Isolant SI,1,0.07854,0,1,2784.97,3369.81,0,0,0,0,0,0,0,0,0,933.85,002200007606,N,Factura de Venta
20171002,03000023,Industrias Saladillo SA,IS.SA. Planta Pilar,01783BA,Isolant SI,25,0.74,0,25,3314.36,4010.38,0,0,0,0,0,0,0,0,0,1718.25,002200007610,N,Factura de Venta
20171002,03000023,Industrias Saladillo SA,IS.SA. Planta Pilar,01784B,Isolant SI,17,0.4488,0,17,1355.92,1640.66,0,0,0,0,0,0,0,0,0,842.35,002200007607,N,Factura de Venta
20171002,03003751,Indupoles Argentina SA,Parque Ind. Campana - Km70 de Panamericana - Lote 12,01506CIN,Isolant SI,1350,2.025,1350,1350,3874.5,4688.14,0,0,0,0,0,0,0,0,0,2430,002200007606,N,Factura de Venta
20171002,03003751,Indupoles Argentina SA,Parque Ind. Campana - Km70 de Panamericana - Lote 12,01500AIN,Isolant SI,9500,4.75,9500,9500,15010,18162.1,0,0,0,0,0,0,0,0,0,11590,002200007606,N,Factura de Venta
20171002,03003751,Indupoles Argentina SA,Parque Ind. Campana - Km70 de Panamericana - Lote 12,01666ACP,Isolant SI,340,17,340,0,28702.8,34730.39,0,0,0,0,0,0,0,0,0,18353.2,002200007606,N,Factura de Venta
20171002,03003751,Indupoles Argentina SA,Parque Ind. Campana - Km70 de Panamericana - Lote 12,01515BE,Isolant SI,1050,5.25,1050,0,10500,12705,0,0,0,0,0,0,0,0,0,9355.5,002200007606,N,Factura de Venta
20171002,03003751,Indupoles Argentina SA,Parque Ind. Campana - Km70 de Panamericana - Lote 12,01903A ,Isolant SI,1,0.07599,0,1,1821.81,2204.39,0,0,0,0,0,0,0,0,0,670.52,002200007606,N,Factura de Venta
20171002,09002438,Suc De Gustavo Lagerheim SA,Ruta Nacional 11 Km.1005,01558EC,Victor Casañas,30,6,600,30,12834.43,15529.66,0,3,0,32.5,21,0,0,0,0,11913,002200007623,N,Factura de Venta
20171002,09002438,Suc De Gustavo Lagerheim SA,Ruta Nacional 11 Km.1005,01555AR,Victor Casañas,35,3.5,700,35,6604.82,7991.84,0,3,0,32.5,21,0,0,0,0,4531.45,002200007624,N,Factura de Venta
20171002,09002438,Suc De Gustavo Lagerheim SA,Ruta Nacional 11 Km.1005,01557AR,Victor Casañas,100,20,2000,100,29025.11,35120.38,0,3,0,32.5,21,0,0,0,0,22466,002200007624,N,Factura de Venta
20171002,03000023,Industrias Saladillo SA,IS.SA. Planta Pilar,01780BA,Isolant SI,56,1.4532,0,56,12216.4,14781.84,0,0,0,0,0,0,0,0,0,6451.76,002200007627,N,Factura de Venta
20171002,30004285,A P Argentina SA,INDUPOLES - Parque Ind. Campana - Km70 de Panamericana - Lote 12,01515BE,Fernando Palmas,3750,18.75,3750,0,42937.5,51954.38,0,0,0,0,0,0,0,0,0,33412.5,002200007605,N,Factura de Venta
20171002,30004285,A P Argentina SA,INDUPOLES - Parque Ind. Campana - Km70 de Panamericana - Lote 12,01515BG,Fernando Palmas,400,2,400,0,4580,5541.8,0,0,0,0,0,0,0,0,0,2992,002200007605,N,Factura de Venta
20171002,24003271,Jose y Pedro Celotti S.A.C.I.F. E I.,Elisa Damiano 548,01552A,Natali Plasticos (Vta Directa),6,1.2,120,6,4128.35,4995.3,0,0,0,21,0,0,0,0,0,1270.44,002200007614,N,Factura de Venta
20171002,29004054,VAA SRL,Av. de Mayo 800,01603AC,Levy,10,0.5,250,10,2081.94,2519.14,0,0,0,30,0,0,0,0,0,1227.6,002200007616,S,Factura de Venta
20171002,03001409,Luis Giardili SA,Juan Ramón Gimenez 1105,01655ON,Esteban Bergamaschi,7,1.176,0,7,4460.79,5397.55,0,3,0,21,0,0,0,0,0,2381.4,002200007621,N,Factura de Venta
20171002,09002438,Suc De Gustavo Lagerheim SA,Ruta Nacional 11 Km.1005,01555AR,Victor Casañas,100,10,2000,100,18870.92,22833.82,0,3,0,32.5,21,0,0,0,0,12947,002200007622,N,Factura de Venta
20171002,09002438,Suc De Gustavo Lagerheim SA,Ruta Nacional 11 Km.1005,01557AR,Victor Casañas,60,12,1200,60,17415.06,21072.23,0,3,0,32.5,21,0,0,0,0,13479.6,002200007622,N,Factura de Venta
20171002,09002438,Suc De Gustavo Lagerheim SA,Ruta Nacional 11 Km.1005,01558EC,Victor Casañas,20,4,400,20,8556.29,10353.11,0,3,0,32.5,21,0,0,0,0,7942,002200007622,N,Factura de Venta
20171002,04005689,Polifoam SRL,Alte. Brown 3985,01658AP,Isolant SI,100,3,100,0,10855.9,13135.64,0,0,0,45,0,0,0,0,0,4051,002200007612,N,Factura de Venta
20171002,04005689,Polifoam SRL,Alte. Brown 3985,01524DC,Isolant SI,300,3,300,0,7425,8984.25,0,0,0,0,0,0,0,0,0,2904,002200007612,N,Factura de Venta
20171002,04005689,Polifoam SRL,Alte. Brown 3985,01650DC,Isolant SI,250,2.5,250,0,0,0,0,0,0,45,0,0,0,0,0,3882.5,002200007612,N,Factura de Venta
20171002,04005689,Polifoam SRL,Alte. Brown 3985,01772AB,Isolant SI,3,0.56832,0,3,3353.55,4057.8,0,0,0,0,0,0,0,0,0,922.41,002200007612,N,Factura de Venta
20171002,04005689,Polifoam SRL,Alte. Brown 3985,01772A,Isolant SI,2,0.37888,0,2,2235.7,2705.2,0,0,0,0,0,0,0,0,0,614.94,002200007612,N,Factura de Venta
20171002,24003271,Jose y Pedro Celotti S.A.C.I.F. E I.,Elisa Damiano 548,01603AC,Natali Plasticos (Vta Directa),5,0.25,125,5,1174.81,1421.52,0,0,0,21,0,0,0,0,0,613.8,002200007614,N,Factura de Venta
20171002,29004054,VAA SRL,Av. de Mayo 800,01550IC,Levy,400,0.8,400,20,1915.2,2317.4,0,0,0,30,0,0,0,0,0,535.36,002200007616,S,Factura de Venta
20171002,04000857,Aserradero Teco SA,Aquilino Colombo 1947,01555AA,Levy,60,0.3,60,3,1405.16,1700.24,0,0,0,21,4,0,0,0,0,71.57,002200007617,S,Factura de Venta
20171002,30000177,Guerra Alfredo Felix,Lavalle 20,01555MA,Disapla,2,0.3,40,2,0.2,0.24,0,0,0,0,0,0,0,0,0,994.68,002200007615,N,Factura de Venta
20171002,04000857,Aserradero Teco SA,Aquilino Colombo 1947,01555MC,Levy,400,3,400,20,22394.04,27096.78,0,0,0,21,4,0,0,0,0,9946.77,002200007617,S,Factura de Venta
20171002,04000857,Aserradero Teco SA,Aquilino Colombo 1947,01555MA,Levy,2,0.3,40,2,0.2,0.24,0,0,0,0,4,0,0,0,0,994.68,002200007617,S,Factura de Venta
20171002,04000857,Aserradero Teco SA,Aquilino Colombo 1947,01559AA,Levy,500,5,500,25,17875.48,21629.34,0,0,0,21,4,0,0,0,0,799.2,002200007617,S,Factura de Venta
20171002,04000857,Aserradero Teco SA,Aquilino Colombo 1947,01557C,Levy,6,1.2,120,6,0.58,0.7,0,0,0,0,4,0,0,0,0,191.81,002200007617,S,Factura de Venta
20171002,04000857,Aserradero Teco SA,Aquilino Colombo 1947,01557ARC,Levy,400,4,400,20,8512.28,10299.86,0,0,0,21,4,0,0,0,0,565.25,002200007613,S,Factura de Venta
20171002,04000857,Aserradero Teco SA,Aquilino Colombo 1947,01557ARC,Levy,200,2,200,10,4256.14,5149.94,0,0,0,21,4,0,0,0,0,282.63,002200007629,S,Factura de Venta
20171002,04000857,Aserradero Teco SA,Aquilino Colombo 1947,01558ESC,Levy,300,3,300,15,7330.7,8870.14,0,0,0,21,4,0,0,0,0,452.93,002200007617,S,Factura de Venta
20171002,29004054,VAA SRL,Av. de Mayo 800,01603AD,Levy,500,1,500,20,3311,4006.3,0,0,0,30,0,0,0,0,0,492.81,002200007616,S,Factura de Venta
20171002,99088888,Ventas Contado,,04C00898,Isolant SA,1,0,0,1,0.08,0.08,0,0,0,0,0,0,0,0,0,,000000000221,,Débito (Ajustes)
20171002,03000023,Industrias Saladillo SA,IS.SA. Planta Pilar,01778BA,Isolant SI,280,6.86126,0,280,50178.8,60716.35,0,0,0,0,0,0,0,0,0,25844,002200007611,N,Factura de Venta
20171002,20004067,Hierronort Salta SRL,,04C00898,Pedro Cocaña,1,0,0,1,40.59,40.59,0,0,0,0,0,0,0,0,0,,000000011181,,Débito (Ajustes)
20171002,03000023,Industrias Saladillo SA,IS.SA. Planta Pilar,01777BA,Isolant SI,129,3.4447644,0,129,21764.88,26335.5,0,0,0,0,0,0,0,0,0,13434.06,002200007618,N,Factura de Venta
20171002,16000158,Valerio Oliva SACIA,,04C00898,Leandro Diaz,1,0,0,1,1.76,1.76,0,0,0,0,0,0,0,0,0,,000000011179,,Débito (Ajustes)
20171002,03000023,Industrias Saladillo SA,IS.SA. Planta Pilar,01778BA,Isolant SI,116,2.842522,0,116,20788.36,25153.92,0,0,0,0,0,0,0,0,0,10706.8,002200007620,N,Factura de Venta
20171002,03000023,Industrias Saladillo SA,IS.SA. Planta Pilar,01777BA,Isolant SI,73,1.9493628,0,73,12316.56,14903.04,0,0,0,0,0,0,0,0,0,7602.22,002200007608,N,Factura de Venta
20171002,03000023,Industrias Saladillo SA,IS.SA. Planta Pilar,01776BA,Isolant SI,60,1.696464,0,60,11730.6,14194.03,0,0,0,0,0,0,0,0,0,6825.6,002200007610,N,Factura de Venta
20171002,11005927,Viola Julian Andres,,04C00898,Disapla,1,0,0,1,0.13,0.13,0,0,0,0,0,0,0,0,0,,000000011178,,Débito (Ajustes)
20171002,20004067,Hierronort Salta SRL,,04C00677,Pedro Cocaña,-1,0,0,-1,-157.57,-157.57,0,0,0,0,0,0,0,0,0,,000000011180,,Crédito (Ajustes)
20171002,03000023,Industrias Saladillo SA,IS.SA. Planta Pilar,01778BA,Isolant SI,65,1.5927925,0,65,11998.35,14518,0,0,0,0,0,0,0,0,0,5999.5,002200007619,N,Factura de Venta
20171002,16000158,Valerio Oliva SACIA,,01IN,Leandro Diaz,-1,0,0,-1,-1315.04,-1591.19,0,0,0,0,0,0,0,0,0,,001300000355,,Crédito de Venta
20171002,03000023,Industrias Saladillo SA,IS.SA. Planta Pilar,01778BB,Isolant SI,55,3.110184,0,55,19864.9,24036.53,0,0,0,0,0,0,0,0,0,10613.9,002200007626,N,Factura de Venta
20171002,03000023,Industrias Saladillo SA,IS.SA. Planta Pilar,01777BA,Isolant SI,128,3.4180608,0,128,21596.16,26131.35,0,0,0,0,0,0,0,0,0,13329.92,002200007627,N,Factura de Venta
20171002,03000023,Industrias Saladillo SA,IS.SA. Planta Pilar,01778BB,Isolant SI,19,1.0744272,0,19,6862.42,8303.53,0,0,0,0,0,0,0,0,0,3666.62,002200007625,N,Factura de Venta

