﻿FechaTxt,Codigo_Cliente,Cliente,EntDir,Codigo_Articulo,Vendedor,cantidad,Mts3,Mts2,Rollos,Importe_Bruto,Importe_Neto,Dto_Contado,Dto_Flete,Dto_Especial,Bonificacion,Desc_Adicional,cantidad_elaborada,m2_ocupados,costo_unitario,costo_total_stock,Costo_de_venta,comp
20170425,31003944,Athenea Construcciones SRL,Av Hipolito Irigoyen 13480,01555M,Ventas Buenos Aires,-30,-4.5,-600,-30,-32335.57,-39126.04,0,0,0,21,0,0,0,0,0,0,001400007661
20170425,31003944,Athenea Construcciones SRL,Av Hipolito Irigoyen 13480,01555MA,Ventas Buenos Aires,-3,-0.45,-60,-3,-0.3,-0.36,0,0,0,0,0,0,0,0,0,0,001400007661
20170425,31003944,Athenea Construcciones SRL,Av Hipolito Irigoyen 13480,01603B,Ventas Buenos Aires,-10,-0.5,-250,-10,-2237.75,-2707.68,0,0,0,21,0,0,0,0,0,0,001400007661
20170425,07003929,Daniel Hernandez e hijos SRL,Ruta A005 y Castelli 0,01957A,Meier,1,0,0,1,0.1,0.12,0,0,0,0,0,0,0,0,0,0,002200004361
20170425,07003929,Daniel Hernandez e hijos SRL,Ruta A005 y Castelli 0,01765C,Meier,10,0.5881,0,10,8108.73,9811.56,0,0,0,30,0,0,0,0,0,0,002200004361
20170425,07003929,Daniel Hernandez e hijos SRL,Ruta A005 y Castelli 0,01767C,Meier,7,0.37212,0,7,4831.06,5845.58,0,0,0,30,0,0,0,0,0,0,002200004361
20170425,01001242,Delmiro Mendez e Hijo SA,Dr. Mariano Moreno 4361,01666ACP,Ventas Buenos Aires,30,1.5,30,0,7716.48,9336.94,0,0,0,21,0,0,0,0,0,0,002200004362
20170425,01001242,Delmiro Mendez e Hijo SA,Dr. Mariano Moreno 4361,01662ACP,Ventas Buenos Aires,20,0.8,20,0,4145.76,5016.37,0,0,0,21,0,0,0,0,0,0,002200004362
20170425,01001242,Delmiro Mendez e Hijo SA,Dr. Mariano Moreno 4361,01658ACP,Ventas Buenos Aires,20,0.6,20,0,3150.36,3811.94,0,0,0,21,0,0,0,0,0,0,002200004362
20170425,01001242,Delmiro Mendez e Hijo SA,Dr. Mariano Moreno 4361,01654ACP,Ventas Buenos Aires,20,0.4,20,0,2158.28,2611.52,0,0,0,21,0,0,0,0,0,0,002200004362
20170425,01005483,Lideu SA,Zoilo Cantón 4343,01508CC,Ventas Buenos Aires,1500,3,1500,1500,12098.85,14639.61,0,0,0,21,0,0,0,0,0,0,002200004363
20170425,30005659,Tripodi Jorge Enrique,Av. Falucho 1140,01558ECC,Esteban Bergamaschi,2200,22,2200,110,52454.96,63470.5,0,0,10,25,12,0,0,0,0,0,002200004366
20170425,03000023,Industrias Saladillo SA,IS.SA. Planta Pilar,01525AH,Isolant SI,400,4,400,0,6684,8087.64,0,0,0,0,0,0,0,0,0,0,002200004356
20170425,16003379,Dry Wall SA,Ituzaingo 2240,01603B,Leandro Diaz,30,1.5,750,30,6713.26,8123.05,0,0,0,21,0,0,0,0,0,0,002200004358
20170425,16004335,Alvarez Victor Horacio,Domingo Mateu 1715,01658DC,Leandro Diaz,100,3,100,0,9969.5,12063.09,0,0,0,50,0,0,0,0,0,0,002200004359
20170425,04001630,J S Rattaro SRL,Jose Marti 3461,01557ARC,Hector Collia,400,4,400,20,8172,9888.12,0,0,0,25,0,0,0,0,0,0,002200004360
20170425,28000201,CASARINO S.R.L.,"Eusebio Ayala 4165 Km 4,5",01550A,Fernando Palmas,20,0.8,400,20,2947.57,2947.57,0,0,0,0,0,0,0,0,0,0,001500000651
20170425,28000201,CASARINO S.R.L.,"Eusebio Ayala 4165 Km 4,5",01557AR,Fernando Palmas,220,44,4400,220,72126.56,72126.56,0,0,0,0,0,0,0,0,0,0,001500000651
20170425,28000201,CASARINO S.R.L.,"Eusebio Ayala 4165 Km 4,5",01555AR,Fernando Palmas,90,9,1800,90,19027.44,19027.44,0,0,0,0,0,0,0,0,0,0,001500000651
20170425,28000201,CASARINO S.R.L.,"Eusebio Ayala 4165 Km 4,5",01558BC,Fernando Palmas,50,10,1000,50,45178.68,45178.68,0,0,0,0,0,0,0,0,0,0,001500000651
20170425,16002149,Samaco SA,Remedio de San Martin 2197,01957A,Leandro Diaz,1,0,0,1,0.1,0.12,0,0,0,0,0,0,0,0,0,0,002200004367
20170425,16002149,Samaco SA,Remedio de San Martin 2197,01550A,Leandro Diaz,100,4,2000,100,18493.43,22377.05,0,0,0,21,8,0,0,0,0,0,002200004367
20170425,16005687,Plafal SRL,Manuel A. Saenz y Acceso Norte,01558ECC,Leandro Diaz,4000,40,4000,200,98904.96,119675,0,0,0,30,12,0,0,0,0,0,002200004368
20170425,22003435,Sidermet San Luis SA,Ruta 3 Km 1 Extremo Sur,01957A,Leandro Diaz,2,0,0,2,0.2,0.24,0,0,0,0,0,0,0,0,0,0,002200004369
20170425,22003435,Sidermet San Luis SA,Ruta 3 Km 1 Extremo Sur,01555A,Leandro Diaz,100,10,2000,100,40880.54,49465.45,0,0,0,21,12,0,0,0,0,0,002200004369
20170425,22003435,Sidermet San Luis SA,Ruta 3 Km 1 Extremo Sur,01555C,Leandro Diaz,24,2.4,480,24,2.4,2.9,0,0,0,0,0,0,0,0,0,0,002200004369
20170425,01005292,Adamant SRL,,04C00291,Isolant SI,1,0,0,1,3229.5,3229.5,0,0,0,0,0,0,0,0,0,0,001300001540
20170425,01005292,Adamant SRL,,04C00291,Isolant SI,1,0,0,1,2025,2025,0,0,0,0,0,0,0,0,0,0,001300001540
20170425,01005292,Adamant SRL,,04C00205,Isolant SI,1,0,0,1,24,29.04,0,0,0,0,0,0,0,0,0,0,001300001540
20170425,24002195,Prado Hector Roque,,04C00291,Diego Fani,1,0,0,1,17148.78,17148.78,0,0,0,0,0,0,0,0,0,0,001300001541
20170425,04004333,Busnelli Esteban,Colectora Autop. Lujan Mercedes e/ Fleming y Pasteur,01340,Isolant SA,-6380,0,0,-6380,-15694.8,-18990.71,0,0,0,0,0,0,0,0,0,0,001400007649
20170425,04004333,Busnelli Esteban,Colectora Autop. Lujan Mercedes e/ Fleming y Pasteur,01341,Isolant SA,-3743,0,0,-3743,-9207.78,-11141.41,0,0,0,0,0,0,0,0,0,0,001400007649
20170425,04004333,Busnelli Esteban,Colectora Autop. Lujan Mercedes e/ Fleming y Pasteur,01341,Isolant SA,-1477,0,0,-1477,-3633.42,-4396.44,0,0,0,0,0,0,0,0,0,0,001400007650
20170425,04004333,Busnelli Esteban,Colectora Autop. Lujan Mercedes e/ Fleming y Pasteur,01340,Isolant SA,-5266,0,0,-5266,-12954.36,-15674.78,0,0,0,0,0,0,0,0,0,0,001400007650
20170425,04005689,Polifoam SRL,Alte. Brown 3985,01504D,Isolant SI,-480,-0.48,-480,0,-1526.4,-1846.94,0,0,0,0,0,0,0,0,0,0,001400007655
20170425,07003893,Torres Carlos Hector,"Osvaldo Cruz 4004, CABA (Planta de Quilmes)",01960DA,Meier,2,0,0,2,4398.06,5321.66,5,3,5,25,0,0,0,0,0,0,002200004347
20170425,07003893,Torres Carlos Hector,Juan B. Justo 3595,01568CBC,Meier,260,2.6,260,13,15145.2,18325.7,5,3,5,25,0,0,0,0,0,0,002200004348
20170425,01003347,Hormetal SA,Calle 2 de Abril 865 (E/J Hernandez y Eva Peron),01568B,Hector Collia,2704,27.04,2704,135.2,112648.64,136304.85,0,0,0,0,0,0,0,0,0,0,002200004349
20170425,01003347,Hormetal SA,Calle 2 de Abril 865 (E/J Hernandez y Eva Peron),01957AB,Hector Collia,1,0,0,1,0.1,0.12,0,0,0,0,0,0,0,0,0,0,002200004349
20170425,01003347,Hormetal SA,Calle 2 de Abril 865 (E/J Hernandez y Eva Peron),01568B,Hector Collia,2990,29.9,2990,149.5,124563.4,150721.71,0,0,0,0,0,0,0,0,0,0,002200004350
20170425,03004729,Teknobayres S.A.,Av. Santa Fe 1546,04FLETE,Levy,-1,0,0,-1,-1765.14,-2135.82,0,0,0,0,0,0,0,0,0,0,001400007648
20170425,04004333,Busnelli Esteban,Colectora Autop. Lujan Mercedes e/ Fleming y Pasteur,01340,Isolant SA,-4511,0,0,-4511,-11097.06,-13427.44,0,0,0,0,0,0,0,0,0,0,001400007651
20170425,04004333,Busnelli Esteban,Colectora Autop. Lujan Mercedes e/ Fleming y Pasteur,01341,Isolant SA,-2623,0,0,-2623,-6452.58,-7807.62,0,0,0,0,0,0,0,0,0,0,001400007651
20170425,24005520,Nocelli Ariel Jesus,Cerrityo 1114/1122,01555AR,Isolant SA,50,5,1000,50,10204.15,12347.02,0,3,0,32.5,12,0,0,0,0,0,002200004351
20170425,24005520,Nocelli Ariel Jesus,Cerrityo 1114/1122,01555EC,Isolant SA,20,2,400,20,4782.29,5786.58,0,3,0,32.5,12,0,0,0,0,0,002200004351
20170425,24005520,Nocelli Ariel Jesus,Cerrityo 1114/1122,01550I,Isolant SA,14,0.56,280,14,1072.85,1298.15,0,3,0,32.5,12,0,0,0,0,0,002200004352
20170425,04004333,Busnelli Esteban,Colectora Autop. Lujan Mercedes e/ Fleming y Pasteur,01340,Isolant SA,-3164,0,0,-3164,-7783.44,-9417.96,0,0,0,0,0,0,0,0,0,0,001400007652
20170425,04004333,Busnelli Esteban,Colectora Autop. Lujan Mercedes e/ Fleming y Pasteur,01341,Isolant SA,-1590,0,0,-1590,-3911.4,-4732.79,0,0,0,0,0,0,0,0,0,0,001400007652
20170425,04004333,Busnelli Esteban,Colectora Autop. Lujan Mercedes e/ Fleming y Pasteur,01340,Isolant SA,-3392,0,0,-3392,-8344.32,-10096.63,0,0,0,0,0,0,0,0,0,0,001400007653
20170425,04004333,Busnelli Esteban,Colectora Autop. Lujan Mercedes e/ Fleming y Pasteur,01341,Isolant SA,-2778,0,0,-2778,-6833.88,-8268.99,0,0,0,0,0,0,0,0,0,0,001400007653
20170425,16005658,Majul Ariel Horacio,Av. Sarmiento 856,01558ESC,Leandro Diaz,1600,16,1600,80,29962.24,36254.32,0,0,0,30,12,0,0,0,0,0,002200004355
20170425,29005567,Maderas Milanese S.A.,Colectora Panizza de Gomez y R. Hernández,01603B,Hector Collia,30,1.5,750,30,6713.26,8123.05,0,0,0,21,0,0,0,0,0,0,002200004357
20170425,28004997,PLUS STEEL LTDA.,Avenida Las Americas 428 - Santa Cruz - Bolivia,01555ED,Fernando Palmas,620,62,12400,620,252657.44,252657.44,0,0,0,0,0,0,0,0,0,0,001500000650
20170425,02003885,Isomad SA,,04C00898,Ventas Buenos Aires,1,0,0,1,0.49,0.49,0,0,0,0,0,0,0,0,0,0,000000010770
20170425,04004333,Busnelli Esteban,Colectora Autop. Lujan Mercedes e/ Fleming y Pasteur,01341,Isolant SA,-3430,0,0,-3430,-8437.8,-10209.74,0,0,0,0,0,0,0,0,0,0,001400007654
20170425,04004333,Busnelli Esteban,Colectora Autop. Lujan Mercedes e/ Fleming y Pasteur,01340,Isolant SA,-3917,0,0,-3917,-9635.82,-11659.34,0,0,0,0,0,0,0,0,0,0,001400007654
20170425,06000934,Antonio Prevedello y Cia SRL,Av. del Pino 1183,04VARIOS-NORMAL,Pedro Cocaña,-1,0,0,-1,-2236.28,-2705.9,0,0,0,0,0,0,0,0,0,0,001400007657
20170425,16005819,Materiales E Ingenieria S.r.l,Diamante 194,01905A,Leandro Diaz,3,0.21354,0,3,2096.57,2536.85,0,0,0,21,0,0,0,0,0,0,002200004354
20170425,16005819,Materiales E Ingenieria S.r.l,Diamante 194,01901A,Leandro Diaz,2,0.15708,0,2,3706.52,4484.89,0,0,0,21,0,0,0,0,0,0,002200004354
20170425,16005819,Materiales E Ingenieria S.r.l,Diamante 194,01903A,Leandro Diaz,2,0.15198,0,2,2424.64,2933.81,0,0,0,21,0,0,0,0,0,0,002200004354
20170425,16005819,Materiales E Ingenieria S.r.l,Diamante 194,01558ES,Leandro Diaz,6,1.2,120,6,2766.64,3347.64,0,0,0,21,4,0,0,0,0,0,002200004354
20170425,16005819,Materiales E Ingenieria S.r.l,Diamante 194,01555EC,Leandro Diaz,4,0.4,80,4,1258.94,1523.32,0,0,0,21,4,0,0,0,0,0,002200004354
20170425,16005819,Materiales E Ingenieria S.r.l,Diamante 194,01558EC,Leandro Diaz,6,1.2,120,6,3653.97,4421.31,0,0,0,21,4,0,0,0,0,0,002200004354
20170425,02003841,Ricardo Ospital SA,Av. Hipolito Irigoyen 13536,01603B,Ventas Buenos Aires,10,0.5,250,10,2237.75,2707.68,0,0,0,21,0,0,0,0,0,0,001400000682
20170425,02003841,Ricardo Ospital SA,Av. Hipolito Irigoyen 13536,01555M,Ventas Buenos Aires,30,4.5,600,30,32335.57,39126.04,0,0,0,21,0,0,0,0,0,0,001400000682
20170425,02003841,Ricardo Ospital SA,Av. Hipolito Irigoyen 13536,01555MA,Ventas Buenos Aires,3,0.45,60,3,0.3,0.36,0,0,0,0,0,0,0,0,0,0,001400000682
20170425,24005828,Pedro Bravin S.A,Moreno 4250,01568BC,Diego Fani,-300,-3,-300,-15,-14632.8,-17705.68,0,0,0,30,0,0,0,0,0,0,001400007659
20170425,24004815,Budassi German Federico,Av. Roque Saenz Peña 1030,01558BC,Luis Longo,-10,-2,-200,-10,-10588.29,-12811.83,0,0,0,21,0,0,0,0,0,0,001400007660
20170425,24003921,Bevilacqua Oscar Emilio,Santa Fe 1699,04IIBB,Diego Fani,-1,0,0,-1,0,0,0,0,0,0,0,0,0,0,0,0,001400007656
20170425,16003984,Cid Maderas SRL,Av. Ballofet 2100,01558ESC,Leandro Diaz,1600,16,1600,80,35351.56,42775.38,0,0,0,21,8,0,0,0,0,0,002200004353
20170425,24005795,Foam Plus SRL,,01568BC,Diego Fani,500,5,500,25,12194,14754.74,0,0,0,30,0,0,0,0,0,0,001400000683
20170425,09002438,Suc De Gustavo Lagerheim SA,Ruta Nacional 11 Km.1005,01551I,Isolant SA,50,5,1000,50,6641.52,8036.24,0,3,0,32.5,21,0,0,0,0,0,002200004364
20170425,09002438,Suc De Gustavo Lagerheim SA,Ruta Nacional 11 Km.1005,01555AR,Isolant SA,80,8,1600,80,14656.87,17734.81,0,3,0,32.5,21,0,0,0,0,0,002200004364
20170425,09002438,Suc De Gustavo Lagerheim SA,Ruta Nacional 11 Km.1005,01555EC,Isolant SA,30,3,600,30,7395.3,8948.31,0,0,0,32.5,12,0,0,0,0,0,002200004365
20170425,09002438,Suc De Gustavo Lagerheim SA,Ruta Nacional 11 Km.1005,01555AR,Isolant SA,120,12,2400,120,25247.38,30549.32,0,0,0,32.5,12,0,0,0,0,0,002200004365
20170425,09002438,Suc De Gustavo Lagerheim SA,Ruta Nacional 11 Km.1005,01555ED,Isolant SA,30,3,600,30,11030.58,13347,0,0,0,32.5,12,0,0,0,0,0,002200004365
20170425,24003194,Coco Mario,,04VARIOS,Diego Fani,0,0,0,0,0,0,0,0,0,0,0,0,0,0,0,0,000000000081
20170425,22005801,Vargas Maria Elena,Fraccionadora - Domingo Mateu 1715,04VARIOS,Leandro Diaz,-1,0,0,-1,-700,-847,0,0,0,0,0,0,0,0,0,0,001400007658

