﻿Vendedor,Nom_Ven,Dias
53,Norberto Oppezzo,58
056,Diego Fani,77
16,Pedro Cocaña,68
05,Ventas Buenos Aires,67
01,Isolant SA,65
24,Meier,38
04,Levy,42
22,Ind Saladillo Chaco,74
26,Isolant SI,43
03,Inactivos,707
058,Luis Ramirez,70
25,Leandro Diaz,76
06,Pastore Pablo,125
30,Disapla,82
11,NN (Ex MDT),36
17,Esteban Bergamaschi,49
23,Hector Collia,56
15,Natali Plasticos (Vta Directa),63
057,Victor Casañas,64
50,Disapla-Sur (Costa patagonia),180
55,Fernando Palmas,75
21,Latyn-Valle y Cordillera,2967482

