﻿FechaTxt,Codigo_Cliente,Cliente,EntDir,Codigo_Articulo,Vendedor,cantidad,Mts3,Mts2,Rollos,Importe_Bruto,Importe_Neto,Dto_Contado,Dto_Flete,Dto_Especial,Bonificacion,Desc_Adicional,cantidad_elaborada,m2_ocupados,costo_unitario,costo_total_stock,Costo_de_venta,comp
20170420,03002324,Taru Parq SRL,Sucursal : Av. Márquez 5765,01603BD,Levy,1250,2.5,1250,50,11178.5,13525.98,0,0,0,21,0,0,0,0,0,0,002200004294
20170420,29001247,Salazar Wilchelm Juan Carlos,Calle 5 Nº1998 (Esq. 512),01654ACP,Fernando Palmas,220,4.4,220,0,15026,18181.46,0,0,0,50,0,0,0,0,0,0,002200004295
20170420,02001697,Sealed Air Argentina SA,Deposito Katya: Primera Junta 695,01524DC,Isolant SI,1000,10,1000,0,18320,22167.2,0,0,0,0,0,0,0,0,0,0,002200004296
20170420,19002241,Carlos Isla y Cia. SA,Tucuman 225,01557A,Latyn-Valle y Cordillera,15,3,300,15,7801.5,9439.82,0,0,0,0,0,0,0,0,0,0,002200004298
20170420,19002241,Carlos Isla y Cia. SA,Tucuman 225,01555A,Latyn-Valle y Cordillera,50,5,1000,50,17029.5,20605.69,0,0,0,0,0,0,0,0,0,0,002200004298
20170420,19002241,Carlos Isla y Cia. SA,Tucuman 225,01551A,Latyn-Valle y Cordillera,20,2,400,20,4741.4,5737.09,0,0,0,0,0,0,0,0,0,0,002200004298
20170420,19002241,Carlos Isla y Cia. SA,San Juan 198,01557A,Latyn-Valle y Cordillera,80,16,1600,80,41608,50345.68,0,0,0,0,0,0,0,0,0,0,002200004299
20170420,10000785,Perren y Cia. SA,9 de Julio 975,01555A,Norberto Oppezzo,20,2,400,20,8555.98,10352.74,0,3,0,25,0,0,0,0,0,0,002200004279
20170420,10000785,Perren y Cia. SA,9 de Julio 975,01555C,Norberto Oppezzo,3,0.3,60,3,0.29,0.35,0,3,0,0,0,0,0,0,0,0,002200004279
20170420,24005653,LKL Servicios SRL,Rodriguez Peña 2556 (Calle 111) Esq. Pte. Peron,01666ACP,Fernando Palmas,200,10,200,0,41024.34,49639.45,0,0,0,37,0,0,0,0,0,0,002200004290
20170420,24005791,Castle SA,Av. Eva Peron 8853,01912A,Victor Casañas,2,0.72,0,2,2820.04,3412.25,0,0,0,0,0,0,0,0,0,0,002200004291
20170420,24005791,Castle SA,Av. Eva Peron 8853,01912B,Victor Casañas,7,1.47,0,7,8788.5,10634.08,0,0,0,0,0,0,0,0,0,0,002200004291
20170420,03000741,Maderera Newton Sociedad Anonima,Acceso Norte 3085 (ramal Campana) y Haití- Frente la Ford,01557C,Esteban Bergamaschi,9,1.8,180,9,0.9,1.08,0,0,0,0,0,0,0,0,0,0,002200004292
20170420,03000741,Maderera Newton Sociedad Anonima,Acceso Norte 3085 (ramal Campana) y Haití- Frente la Ford,01555MC,Esteban Bergamaschi,500,3.75,500,25,23727.18,28709.88,0,0,0,21,12,0,0,0,0,0,002200004292
20170420,03000741,Maderera Newton Sociedad Anonima,Acceso Norte 3085 (ramal Campana) y Haití- Frente la Ford,01555MA,Esteban Bergamaschi,1,0.15,20,1,0.1,0.12,0,0,0,0,0,0,0,0,0,0,002200004292
20170420,29002098,Cisilotto Hnos SACIFEI,Colectora Gaona y Ruta 5,01557A,Hector Collia,40,8,800,40,23706.94,28685.39,0,0,0,25,12,0,0,0,0,0,002200004293
20170420,29002098,Cisilotto Hnos SACIFEI,Colectora Gaona y Ruta 5,01557C,Hector Collia,21,4.2,420,21,2.1,2.54,0,0,0,0,0,0,0,0,0,0,002200004293
20170420,29001247,Salazar Wilchelm Juan Carlos,Calle 5 Nº1998 (Esq. 512),01514DA,Fernando Palmas,2000,10,2000,2000,19280,23328.8,0,0,0,0,0,0,0,0,0,0,002200004297
20170420,02003203,Maderera La Loma SA,Calle 161 y 40,01555M,Ventas Buenos Aires,100,15,2000,100,94851,114769.71,0,0,0,21,12,0,0,0,0,0,002200004276
20170420,02003203,Maderera La Loma SA,Calle 161 y 40,01555A,Ventas Buenos Aires,50,5,1000,50,20440.27,24732.73,0,0,0,21,12,0,0,0,0,0,002200004276
20170420,02003203,Maderera La Loma SA,Calle 161 y 40,01555MA,Ventas Buenos Aires,10,1.5,200,10,1,1.21,0,0,0,0,0,0,0,0,0,0,002200004276
20170420,02003203,Maderera La Loma SA,Calle 161 y 40,01555C,Ventas Buenos Aires,12,1.2,240,12,1.2,1.45,0,0,0,0,0,0,0,0,0,0,002200004276
20170420,29000227,Moreno Alfredo German,Av. 44 nº 2721 entre 149/150,01851A,Isolant SA,15,3.75,375,15,9617,11636.58,0,0,0,32.5,7,0,0,0,0,0,002200004277
20170420,03004075,Comercial CMP SA,Ruta Panamericana Km. 39.5 Nº1166,01557A,Hector Collia,15,3,300,15,8890.1,10757.02,0,0,0,25,12,0,0,0,0,0,002200004282
20170420,03004075,Comercial CMP SA,Ruta Panamericana Km. 39.5 Nº1166,01557C,Hector Collia,9,1.8,180,9,0.9,1.09,0,0,0,0,0,0,0,0,0,0,002200004282
20170420,29000227,Moreno Alfredo German,Av. 44 nº 2721 entre 149/150,01957A,Isolant SA,1,0,0,1,0.1,0.12,0,0,0,0,0,0,0,0,0,0,002200004278
20170420,29000227,Moreno Alfredo German,Av. 44 nº 2721 entre 149/150,01765A,Isolant SA,30,1.395,0,30,6210.02,7514.12,0,0,0,59,0,0,0,0,0,0,002200004278
20170420,29000227,Moreno Alfredo German,Av. 44 nº 2721 entre 149/150,01764A,Isolant SA,20,1.036728,0,20,4573.96,5534.5,0,0,0,59,0,0,0,0,0,0,002200004278
20170420,29000227,Moreno Alfredo German,Av. 44 nº 2721 entre 149/150,01766A,Isolant SA,10,0.3958,0,10,1767.26,2138.38,0,0,0,59,0,0,0,0,0,0,002200004278
20170420,29000227,Moreno Alfredo German,Av. 44 nº 2721 entre 149/150,01559AA,Isolant SA,1000,10,1000,50,28185.98,34105.02,0,0,0,32.5,7,0,0,0,0,0,002200004278
20170420,29000227,Moreno Alfredo German,Av. 44 nº 2721 entre 149/150,01557C,Isolant SA,12,2.4,240,12,1.2,1.46,0,0,0,0,0,0,0,0,0,0,002200004278
20170420,29000227,Moreno Alfredo German,Av. 44 nº 2721 entre 149/150,01555MC,Isolant SA,400,3,400,20,17140.08,20739.5,0,0,0,32.5,7,0,0,0,0,0,002200004278
20170420,29000227,Moreno Alfredo German,Av. 44 nº 2721 entre 149/150,01555MA,Isolant SA,2,0.3,40,2,0.2,0.24,0,0,0,0,0,0,0,0,0,0,002200004278
20170420,10000785,Perren y Cia. SA,9 de Julio 975,01551A,Norberto Oppezzo,20,2,400,20,6645.21,8040.71,0,3,0,25,8,0,0,0,0,0,002200004280
20170420,01002451,Lopez Amanda Lidia,Av. Santa Fe 4830,01651G,Luis Ramirez,600,6,600,0,44134.14,53402.31,0,0,0,21,0,0,0,0,0,0,002200004285
20170420,02003203,Maderera La Loma SA,Calle 161 y 40,01960DC,Ventas Buenos Aires,3,0,0,3,4085.6,4943.57,0,0,0,21,0,0,0,0,0,0,002200004275
20170420,03000023,Industrias Saladillo SA,IS.SA. Planta Pilar,01776B,Isolant SI,275,7.77546,0,275,32590.25,39434.2,0,0,0,0,0,0,0,0,0,0,002200004281
20170420,01002325,Centro Sec SRL,Av. Cordoba 5625,01557ARC,Hector Collia,2000,20,2000,100,35956.8,43507.72,0,0,0,25,12,0,0,0,0,0,002200004283
20170420,03000023,Industrias Saladillo SA,IS.SA. Planta Pilar,01776B,Isolant SI,135,3.817044,0,135,15998.85,19358.61,0,0,0,0,0,0,0,0,0,0,002200004284
20170420,03000023,Industrias Saladillo SA,IS.SA. Planta Pilar,01777B,Isolant SI,82,2.1894,0,82,8892.08,10759.42,0,0,0,0,0,0,0,0,0,0,002200004284
20170420,03000023,Industrias Saladillo SA,IS.SA. Planta Pilar,01778BA,Isolant SI,9,0.2205405,0,9,1536.12,1858.71,0,0,0,0,0,0,0,0,0,0,002200004284
20170420,07003935,Cordoba Goma SACI,,04C00898,Meier,1,0,0,1,0.53,0.53,0,0,0,0,0,0,0,0,0,0,000000010767
20170420,29003400,Belforti Hugo Osmar,Urquiza 115,01557A,Disapla,30,6,600,30,21282.36,25751.66,0,0,0,21,0,0,0,0,0,0,002200004286
20170420,29003400,Belforti Hugo Osmar,Urquiza 115,01557C,Disapla,3,0.6,60,3,0.3,0.36,0,0,0,0,0,0,0,0,0,0,002200004286
20170420,16004335,Alvarez Victor Horacio,Domingo Mateu 1715,01666ACP,Leandro Diaz,40,2,40,0,6511.8,7879.28,0,0,0,50,0,0,0,0,0,0,002200004287
20170420,16004335,Alvarez Victor Horacio,Domingo Mateu 1715,01658DC,Leandro Diaz,50,1.5,50,0,4984.75,6031.55,0,0,0,50,0,0,0,0,0,0,002200004287
20170420,03000440,Aquatic SRL,Dr. Luis Pasteur 2564,01514DB,Esteban Bergamaschi,1125,5.625,1125,1125,11823.75,14306.74,0,0,0,0,0,0,0,0,0,0,002200004288
20170420,99088888,Ventas Contado,,04C00898,Isolant SA,1,0,0,1,0.56,0.56,0,0,0,0,0,0,0,0,0,0,000000000211
20170420,03000741,Maderera Newton Sociedad Anonima,Acceso Norte 3085 (ramal Campana) y Haití- Frente la Ford,01957A,Esteban Bergamaschi,1,0,0,1,0.1,0.12,0,0,0,0,0,0,0,0,0,0,002200004289
20170420,03000741,Maderera Newton Sociedad Anonima,Acceso Norte 3085 (ramal Campana) y Haití- Frente la Ford,01559AA,Esteban Bergamaschi,2000,20,2000,100,62428.96,75539.04,0,0,0,21,12,0,0,0,0,0,002200004289
20170420,03000741,Maderera Newton Sociedad Anonima,Acceso Norte 3085 (ramal Campana) y Haití- Frente la Ford,01557C,Esteban Bergamaschi,15,3,300,15,1.5,1.82,0,0,0,0,0,0,0,0,0,0,002200004289
20170420,26000747,Importadora Comercial Fueguina,Gdor. Deloqui 1027,01764A,Norberto Oppezzo,8,0.4146912,0,8,3123.6,3123.6,0,0,0,0,0,0,0,0,0,0,002500000022
20170420,26000747,Importadora Comercial Fueguina,Gdor. Deloqui 1027,01765A,Norberto Oppezzo,10,0.465,0,10,3534.2,3534.2,0,0,0,0,0,0,0,0,0,0,002500000022
20170420,26000747,Importadora Comercial Fueguina,Gdor. Deloqui 1027,01766A,Norberto Oppezzo,13,0.51454,0,13,3922.62,3922.62,0,0,0,0,0,0,0,0,0,0,002500000022

