﻿FechaTxt,Codigo_Cliente,Cliente,EntDir,Codigo_Articulo,Vendedor,cantidad,Mts3,Mts2,Rollos,Importe_Bruto,Importe_Neto,Dto_Contado,Dto_Flete,Dto_Especial,Bonificacion,Desc_Adicional,cantidad_elaborada,m2_ocupados,costo_unitario,costo_total_stock,Costo_de_venta,comp,C_Construccion,nomdoc
20171023,03000023,Industrias Saladillo SA,IS.SA. Planta Pilar,01782BA,Isolant SI,31,0.961,0,31,4435.17,5366.56,0,0,0,0,0,0,0,0,0,2309.5,002200008011,N,Factura de Venta
20171023,03003300,Aserradero Vagol SRL,Av. San Martin 1188,01603A,Esteban Bergamaschi,200,10,5000,200,23310,28205.1,0,0,0,0,0,0,0,0,0,10812,002200008013,N,Factura de Venta
20171023,23003121,Francisco Jorge,Gobernador Moyano 158,01603A,Norberto Oppezzo,30,1.5,750,30,4967.97,6011.24,0,0,0,30,0,0,0,0,0,1621.8,002200008015,N,Factura de Venta
20171023,23003121,Francisco Jorge,Gobernador Moyano 158,01700A,Norberto Oppezzo,10,1.2,0,10,6252.47,7565.49,0,0,0,30,0,0,0,0,0,2671.4,002200008015,N,Factura de Venta
20171023,03003751,Indupoles Argentina SA,Parque Ind. Campana - Km70 de Panamericana - Lote 12,01500BIN,Isolant SI,10200,5.1,10200,10200,16728,20240.88,0,0,0,0,0,0,0,0,0,11730,002200008006,N,Factura de Venta
20171023,03000023,Industrias Saladillo SA,IS.SA. Planta Pilar,01781BA,Isolant SI,31,1.2152,0,31,5401.13,6535.37,0,0,0,0,0,0,0,0,0,3018.16,002200008007,N,Factura de Venta
20171023,20003188,Emprendimiento Metalurgico Industrial SRL,LOS VALLISTOS - Ruta 9 Km 128 - Acc Norte,01557AR,Pedro Cocaña,130,26,2600,130,33290.4,40281.38,0,3,0,0,0,0,0,0,0,30817.8,002200008034,N,Factura de Venta
20171023,01004176,Climatizacion Polar SA,Esquiu 996,01552I,Meier,10,2,400,10,4177.2,5054.42,0,0,0,21,0,0,0,0,0,1991.6,002200008021,N,Factura de Venta
20171023,01004176,Climatizacion Polar SA,Esquiu 996,01555EC,Meier,5,0.5,100,5,1688.43,2043,0,0,0,21,0,0,0,0,0,795.45,002200008021,N,Factura de Venta
20171023,16005966,Ecoclima S.A,Av. Mitre 177,01555A,Leandro Diaz,25,2.5,500,25,9924.73,12008.92,0,0,10.7,25,4,0,0,0,0,4174.75,002200008022,N,Factura de Venta
20171023,16005966,Ecoclima S.A,Av. Mitre 177,01557A,Leandro Diaz,25,5,500,25,15156.01,18338.78,0,0,10.7,25,4,0,0,0,0,6765.25,002200008022,N,Factura de Venta
20171023,20004395,Jose Jacobo Ahuerma y Jose Gustavo Ahuerma SRL,Jujuy 486,01524GC,Pedro Cocaña,125,1.25,125,0,4088.22,4946.74,0,3,0,21,0,0,0,0,0,1337.5,002200008032,S,Factura de Venta
20171023,20004395,Jose Jacobo Ahuerma y Jose Gustavo Ahuerma SRL,Jujuy 486,01524GC,Pedro Cocaña,500,5,500,0,16356.67,19791.57,0,3,0,21,0,0,0,0,0,5350,002200008033,N,Factura de Venta
20171023,11002056,Ormaechea Julio Alberto y Ormaechea Orlando Ramón,R.S Peña 388,06C001CO,Disapla,1,0,0,1,0.1,0.12,0,0,0,0,0,0,0,0,0,0,002200008019,N,Factura de Venta
20171023,11002056,Ormaechea Julio Alberto y Ormaechea Orlando Ramón,R.S Peña 388,01555AR,Disapla,25,2.5,500,25,7205.39,8718.52,0,0,0,21,0,0,0,0,0,3385.25,002200008019,N,Factura de Venta
20171023,13005636,Clauser Elvis Guillermo,Av. San Martin 375,06C001CO,Pedro Cocaña,1,0,0,1,0.1,0.12,0,3,0,0,0,0,0,0,0,0,002200008031,S,Factura de Venta
20171023,01003694,Anacon SA,Juan B. Justo 6502,01557AR,Hector Collia,50,10,1000,50,16665.86,20165.69,0,0,10,25,12,0,0,0,0,11853,002200008020,N,Factura de Venta
20171023,01003694,Anacon SA,Juan B. Justo 6502,01555AR,Hector Collia,20,2,400,20,4334.18,5244.36,0,0,10,25,12,0,0,0,0,2708.2,002200008020,N,Factura de Venta
20171023,01004176,Climatizacion Polar SA,Esquiu 996,01551I,Meier,10,1,200,10,2089.55,2528.36,0,0,0,21,0,0,0,0,0,810.2,002200008021,N,Factura de Venta
20171023,01003694,Anacon SA,Nicasio Oronio 2243,01555AR,Hector Collia,10,1,200,10,2167.09,2622.18,0,0,10,25,12,0,0,0,0,1354.1,002200008016,N,Factura de Venta
20171023,07003238,Cooperativa de Provision de Servicios para Comerciantes,Av. Savio nº736,01557A,Meier,20,4,400,20,10558.68,12776,0,0,5,0,0,0,0,0,0,5412.2,002200008014,N,Factura de Venta
20171023,07003238,Cooperativa de Provision de Servicios para Comerciantes,Av. Savio nº736,01555A,Meier,30,3,600,30,10371.43,12549.44,0,0,5,0,0,0,0,0,0,5009.7,002200008014,N,Factura de Venta
20171023,24002037,Gilli Faudin Luis Vicente,9 De Julio 3537,01557A,Meier,25,5,500,25,18622.08,22532.71,0,0,0,21,0,0,0,0,0,6765.25,002200008017,N,Factura de Venta
20171023,24002037,Gilli Faudin Luis Vicente,9 De Julio 3537,01555M,Meier,10,1.5,200,10,11657,14104.97,0,0,0,21,0,0,0,0,0,5541.6,002200008017,N,Factura de Venta
20171023,29003023,Fiol S R L,Ruta 205 Km 182 N°2144,01558BR,Hector Collia,4,0.8,80,4,5850.42,7079.01,0,0,0,21,0,0,0,0,0,2453.36,002200008018,N,Factura de Venta
20171023,24003402,Tecno Part S.A.,,04C00291,Victor Casañas,1,0,0,1,1907.5,1907.5,0,0,0,0,0,0,0,0,0,0,001300001639,,Débito de Venta
20171023,24005795,Foam Plus SRL,Domingo Victor Cochet 496,06C001CO,Diego Fani,1,0,0,1,0.1,0.12,0,0,0,0,0,0,0,0,0,0,002200007999,S,Factura de Venta
20171023,24005795,Foam Plus SRL,Domingo Victor Cochet 496,01568CRM,Diego Fani,390,3.9,390,19.5,15375.36,18604.18,0,0,0,30,0,0,0,0,0,211415.1,002200007999,S,Factura de Venta
20171023,24005795,Foam Plus SRL,Domingo Victor Cochet 496,01568CRM,Diego Fani,648,6.48,648,32.4,25546.76,30911.56,0,0,0,30,0,0,0,0,0,351274.32,002200008000,S,Factura de Venta
20171023,01003694,Anacon SA,Nicasio Oronio 2243,01557AR,Hector Collia,40,8,800,40,13332.69,16132.55,0,0,10,25,12,0,0,0,0,9482.4,002200008016,N,Factura de Venta
20171023,01003694,Anacon SA,Nicasio Oronio 2243,06C001CS,Hector Collia,1,0,0,1,0.09,0.11,0,0,10,0,0,0,0,0,0,0,002200008016,N,Factura de Venta
20171023,03003751,Indupoles Argentina SA,Parque Ind. Campana - Km70 de Panamericana - Lote 12,01662ACP,Isolant SI,500,20,500,0,35370,42797.7,0,0,0,0,0,0,0,0,0,23545,002200008005,N,Factura de Venta
20171023,03003751,Indupoles Argentina SA,Parque Ind. Campana - Km70 de Panamericana - Lote 12,01658ACP,Isolant SI,480,14.4,480,0,26630.4,32222.78,0,0,0,0,0,0,0,0,0,18024,002200008005,N,Factura de Venta
20171023,03003751,Indupoles Argentina SA,Parque Ind. Campana - Km70 de Panamericana - Lote 12,01515BG,Isolant SI,600,3,600,0,6000,7260,0,0,0,0,0,0,0,0,0,5580,002200008005,N,Factura de Venta
20171023,03000023,Industrias Saladillo SA,IS.SA. Planta Pilar,01777B,Isolant SI,123,3.2841,0,123,14004.78,16945.78,0,0,0,0,0,0,0,0,0,5646.93,002200008009,N,Factura de Venta
20171023,03000023,Industrias Saladillo SA,IS.SA. Planta Pilar,01783B,Isolant SI,25,0.74,0,25,1483.75,1795.34,0,0,0,0,0,0,0,0,0,1481.75,002200008009,N,Factura de Venta
20171023,31003228,Giliberto Hnos. SA,,04C00291,Ventas Buenos Aires,1,0,0,1,38670,38670,0,0,0,0,0,0,0,0,0,0,001300001638,,Débito de Venta
20171023,04005689,Polifoam SRL,Alte. Brown 3985,01771A,Isolant SI,15,0.57495,0,15,2439,2951.19,0,0,0,0,0,0,0,0,0,596.7,002200008027,N,Factura de Venta
20171023,29002098,Cisilotto Hnos SACIFEI,Sucursal : Acceso Oeste y Ruta 5,01557A,Hector Collia,75,15,1500,75,46673.06,56474.4,0,0,0,25,12,0,0,0,0,20295.75,002200007995,N,Factura de Venta
20171023,29002098,Cisilotto Hnos SACIFEI,Sucursal : Acceso Oeste y Ruta 5,01558BC,Hector Collia,30,6,600,30,33272.77,40260.06,0,0,0,25,0,0,0,0,0,16770.3,002200007995,N,Factura de Venta
20171023,29002098,Cisilotto Hnos SACIFEI,Sucursal : Acceso Oeste y Ruta 5,06C001CO,Hector Collia,1,0,0,1,0.1,0.12,0,0,0,0,0,0,0,0,0,0,002200007995,N,Factura de Venta
20171023,29002098,Cisilotto Hnos SACIFEI,Sucursal : Acceso Oeste y Ruta 5,06C001CS,Hector Collia,1,0,0,1,0.1,0.12,0,0,0,0,0,0,0,0,0,0,002200007995,N,Factura de Venta
20171023,24005795,Foam Plus SRL,Domingo Victor Cochet 496,01659T,Diego Fani,30,0.9,30,0,1050,1270.5,0,0,0,0,0,0,0,0,0,1659.99,002200007996,S,Factura de Venta
20171023,30004285,A P Argentina SA,INDUPOLES - Parque Ind. Campana - Km70 de Panamericana - Lote 12,01515BG,Fernando Palmas,700,3.5,700,0,8015,9698.15,0,0,0,0,0,0,0,0,0,6510,002200008008,N,Factura de Venta
20171023,03000023,Industrias Saladillo SA,IS.SA. Planta Pilar,01781BB,Isolant SI,21,0.8232,0,21,6454.56,7810.02,0,0,0,0,0,0,0,0,0,2700.18,002200008010,N,Factura de Venta
20171023,03000023,Industrias Saladillo SA,IS.SA. Planta Pilar,01783B,Isolant SI,24,0.7104,0,24,1424.4,1723.52,0,0,0,0,0,0,0,0,0,1422.48,002200008012,N,Factura de Venta
20171023,05001164,Sika Argentina SAIC,Juan B. Alberdi 5250,01903A,Fernando Palmas,14,1.06386,0,14,12340.44,14931.93,0,0,0,0,0,0,0,0,0,9023.56,002200008025,N,Factura de Venta
20171023,04001187,Muresco SA,J. M. Rosas 7020,06C001PI,Ventas Buenos Aires,1,0,0,1,0.1,0.12,0,0,0,0,0,0,0,0,0,0,002200008026,N,Factura de Venta
20171023,04001187,Muresco SA,J. M. Rosas 7020,01700A,Ventas Buenos Aires,25,3,0,25,15631.17,18913.72,0,0,0,30,0,0,0,0,0,6678.5,002200008026,N,Factura de Venta
20171023,03005896,Cela Ricardo,Jose Hernández 6136,01658DCP,Fernando Palmas,20,0.6,20,0,1220.6,1476.93,0,0,0,0,0,0,0,0,0,887.64,002200008024,N,Factura de Venta
20171023,03005896,Cela Ricardo,Jose Hernández 6136,01654DCP,Fernando Palmas,10,0.2,10,0,399.3,483.15,0,0,0,0,0,0,0,0,0,266.1,002200008024,N,Factura de Venta
20171023,05001164,Sika Argentina SAIC,Juan B. Alberdi 5250,01905A,Fernando Palmas,16,1.13888,0,16,8653.92,10471.24,0,0,0,0,0,0,0,0,0,6468.48,002200008028,N,Factura de Venta
20171023,04005689,Polifoam SRL,Alte. Brown 3985,01500AC,Isolant SI,6000,3,6000,0,13980,16915.8,0,0,0,0,0,0,0,0,0,8220,002200008029,N,Factura de Venta
20171023,30004285,A P Argentina SA,INDUPOLES - Parque Ind. Campana - Km70 de Panamericana - Lote 12,01511BE,Fernando Palmas,450,1.35,450,0,4635,5608.35,0,0,0,0,0,0,0,0,0,2258.23,002200008008,N,Factura de Venta
20171023,30004285,A P Argentina SA,INDUPOLES - Parque Ind. Campana - Km70 de Panamericana - Lote 12,01510CC,Fernando Palmas,3300,9.9,3300,3300,18810,22760.1,0,0,0,0,0,0,0,0,0,12639,002200008008,N,Factura de Venta
20171023,24005520,Nocelli Ariel Jesus,,04C00291,Isolant SA,1,0,0,1,28191,28191,0,0,0,0,0,0,0,0,0,0,001300001637,,Débito de Venta
20171023,24005795,Foam Plus SRL,Domingo Victor Cochet 496,01659T,Diego Fani,50,1.5,50,0,1750,2117.5,0,0,0,0,0,0,0,0,0,2766.66,002200007998,S,Factura de Venta
20171023,24005795,Foam Plus SRL,Domingo Victor Cochet 496,01851A,Diego Fani,35,8.75,875,35,12566.96,15206.02,0,0,0,30,8,0,0,0,0,12025.3,002200008001,S,Factura de Venta
20171023,24002684,Centro De Chapas Rosario SA,Bv. Oroño 4190,01568CBM,Diego Fani,1920,19.2,1920,96,121334.17,146814.35,0,0,4,30,0,0,0,0,0,1040812.8,002200008004,N,Factura de Venta
20171023,24005795,Foam Plus SRL,Domingo Victor Cochet 496,01659T,Diego Fani,40,1.2,40,0,1400,1694,0,0,0,0,0,0,0,0,0,2213.33,002200007997,S,Factura de Venta
20171023,29002098,Cisilotto Hnos SACIFEI,Sucursal : Acceso Oeste y Ruta 5,01557A,Hector Collia,75,15,1500,75,46673.06,56474.4,0,0,0,25,12,0,0,0,0,20295.75,002200008023,N,Factura de Venta
20171023,24005924,Nuñez S.A,Larrea 835,01550IC,Diego Fani,5000,10,5000,250,22572,27312.12,0,0,0,25,12,0,0,0,0,6675.91,002200008002,S,Factura de Venta
20171023,13005636,Clauser Elvis Guillermo,Av. San Martin 375,01555AA,Pedro Cocaña,500,2.5,500,25,10411.88,12598.36,0,3,0,21,12,0,0,0,0,565.79,002200008031,S,Factura de Venta
20171023,13005636,Clauser Elvis Guillermo,Av. San Martin 375,01555C,Pedro Cocaña,3,0.3,60,3,0.3,0.36,0,3,0,0,0,0,0,0,0,67.9,002200008031,S,Factura de Venta
20171023,13005636,Clauser Elvis Guillermo,Av. San Martin 375,01555ARC,Pedro Cocaña,2000,10,2000,100,20932.98,25328.92,0,3,15,21,12,0,0,0,0,2178.15,002200008030,S,Factura de Venta
20171023,24002752,Rusma SRL,Av. Eva Perón 8730,01555MC,Diego Fani,1000,7.5,1000,50,48721.2,58952.66,0,0,0,25,12,0,0,0,0,26048.89,002200008003,S,Factura de Venta
20171023,24002752,Rusma SRL,Av. Eva Perón 8730,01555MA,Diego Fani,5,0.75,100,5,0.5,0.6,0,0,0,0,0,0,0,0,0,2604.89,002200008003,S,Factura de Venta
20171023,24002037,Gilli Faudin Luis Vicente,9 De Julio 3537,01555MA,Meier,1,0.15,20,1,0.1,0.12,0,0,0,0,0,0,0,0,0,520.98,002200008017,N,Factura de Venta
20171023,29002098,Cisilotto Hnos SACIFEI,Sucursal : Acceso Oeste y Ruta 5,01557C,Hector Collia,34,6.8,680,34,3.4,4.11,0,0,0,0,0,0,0,0,0,1056.39,002200008023,N,Factura de Venta
20171023,29002098,Cisilotto Hnos SACIFEI,Sucursal : Acceso Oeste y Ruta 5,01557C,Hector Collia,2,0.4,40,2,0.2,0.24,0,0,0,0,0,0,0,0,0,62.14,002200007995,N,Factura de Venta
20171023,24002037,Gilli Faudin Luis Vicente,9 De Julio 3537,01557C,Meier,3,0.6,60,3,0.3,0.36,0,0,0,0,0,0,0,0,0,93.21,002200008017,N,Factura de Venta
20171023,13005636,Clauser Elvis Guillermo,Av. San Martin 375,01557ARC,Pedro Cocaña,1600,16,1600,80,25734.04,31138.2,0,3,15,21,12,0,0,0,0,2212.53,002200008030,S,Factura de Venta
20171023,03000023,Industrias Saladillo SA,IS.SA. Planta Pilar,01776BA,Isolant SI,35,0.989604,0,35,6842.85,8279.85,0,0,0,0,0,0,0,0,0,3958.85,002200008011,N,Factura de Venta
20171023,03000023,Industrias Saladillo SA,IS.SA. Planta Pilar,01778BA,Isolant SI,160,3.92072,0,160,29534.4,35736.62,0,0,0,0,0,0,0,0,0,14824,002200008011,N,Factura de Venta
20171023,24005520,Nocelli Ariel Jesus,,04C00205,Isolant SA,1,0,0,1,12,14.52,0,0,0,0,0,0,0,0,0,,001300001637,,Débito de Venta
20171023,03005896,Cela Ricardo,Jose Hernández 6136,01662DCP,Fernando Palmas,20,0.8,20,0,1556.2,1883,0,0,0,0,0,0,0,0,0,1020.4,002200008024,N,Factura de Venta
20171023,03005896,Cela Ricardo,Jose Hernández 6136,01654DC,Fernando Palmas,300,6,300,0,11979,14494.59,0,0,0,0,0,0,0,0,0,7983,002200008024,N,Factura de Venta
20171023,29000227,Moreno Alfredo German,,04C00898,Isolant SA,-1,0,0,-1,-0.52,-0.52,0,0,0,0,0,0,0,0,0,,000000011254,,Crédito (Ajustes)
20171023,29000227,Moreno Alfredo German,,04C00898,Isolant SA,1,0,0,1,168.88,168.88,0,0,0,0,0,0,0,0,0,,000000011257,,Débito (Ajustes)
20171023,29000227,Moreno Alfredo German,,04C00898,Isolant SA,-1,0,0,-1,-168.88,-168.88,0,0,0,0,0,0,0,0,0,,000000011257,,Crédito (Ajustes)
20171023,20004395,Jose Jacobo Ahuerma y Jose Gustavo Ahuerma SRL,Jujuy 486,01654DC,Pedro Cocaña,50,1,50,0,5390.92,6523.01,0,3,0,21,0,0,0,0,0,1330.5,002200008033,N,Factura de Venta
20171023,29000227,Moreno Alfredo German,,04C00898,Isolant SA,1,0,0,1,168.88,168.88,0,0,0,0,0,0,0,0,0,,000000011256,,Débito (Ajustes)
20171023,29000227,Moreno Alfredo German,,04C00898,Isolant SA,-1,0,0,-1,-168.88,-168.88,0,0,0,0,0,0,0,0,0,,000000011255,,Crédito (Ajustes)
20171023,03000023,Industrias Saladillo SA,IS.SA. Planta Pilar,01776B,Isolant SI,32,0.9047808,0,32,3982.08,4818.32,0,0,0,0,0,0,0,0,0,1671.68,002200008012,N,Factura de Venta
20171023,25005937,Barraza Walter Mauricio,,01IN,Pedro Cocaña,-1,0,0,-1,-547.92,-662.98,0,0,0,0,0,0,0,0,0,,001300000394,N,Crédito de Venta
20171023,03000023,Industrias Saladillo SA,IS.SA. Planta Pilar,01776B,Isolant SI,71,2.0074824,0,71,8835.24,10690.64,0,0,0,0,0,0,0,0,0,3709.04,002200008009,N,Factura de Venta
20171023,29000227,Moreno Alfredo German,,04C00898,Isolant SA,-1,0,0,-1,-168.88,-168.88,0,0,0,0,0,0,0,0,0,,000000011256,,Crédito (Ajustes)
20171023,31003228,Giliberto Hnos. SA,,04C00205,Ventas Buenos Aires,1,0,0,1,12,14.52,0,0,0,0,0,0,0,0,0,,001300001638,,Débito de Venta

